baseline_HV_unit,baseline_IGD,baseline_normalized_HV,baseline_raw_HV,baseline_status,category,config_hash,delta_HV_unit,delta_normalized_HV,family,function_evaluations_equal,intervention_HV_unit,intervention_IGD,intervention_id,intervention_normalized_HV,intervention_raw_HV,intervention_status,problem,seed,source_matrix,task_id
0.6973412200173806,0.018147046903729497,0.8437828762210307,0.8437828762210307,ok,mutation,5f20bc8a4bf15392,-0.005025010644605956,-0.006080262879973208,ZDT,True,0.6923162093727746,0.028502973657787874,mutation_prob_01,0.8377026133410574,0.8377026133410574,ok,ZDT1,0,phase1_5B_10seed,ZDT1_n10_m2
0.7044421669398637,0.013974908870728806,0.8523750219972352,0.8523750219972352,ok,mutation,5f20bc8a4bf15392,-0.012435040878962461,-0.01504639946354458,ZDT,True,0.6920071260609013,0.0336314569181754,mutation_prob_01,0.8373286225336907,0.8373286225336907,ok,ZDT1,1,phase1_5B_10seed,ZDT1_n10_m2
0.7025973192106282,0.01495878461039073,0.8501427562448602,0.8501427562448602,ok,mutation,5f20bc8a4bf15392,-0.006286596791086771,-0.007606782117214994,ZDT,True,0.6963107224195414,0.018584186955344948,mutation_prob_01,0.8425359741276452,0.8425359741276452,ok,ZDT1,2,phase1_5B_10seed,ZDT1_n10_m2
0.6367085590283216,0.13399661689502987,0.7704173564242692,0.7704173564242692,ok,mutation,5f20bc8a4bf15392,0.06407148873850566,0.07752650137359185,ZDT,True,0.7007800477668272,0.01649310188239608,mutation_prob_01,0.8479438577978611,0.8479438577978611,ok,ZDT1,3,phase1_5B_10seed,ZDT1_n10_m2
0.6951283769768659,0.020465105518142006,0.8411053361420079,0.8411053361420079,ok,mutation,5f20bc8a4bf15392,-0.022788753004798396,-0.027574391135806064,ZDT,True,0.6723396239720675,0.036292394052829045,mutation_prob_01,0.8135309450062018,0.8135309450062018,ok,ZDT1,4,phase1_5B_10seed,ZDT1_n10_m2
0.6502922430361348,0.10944548604773369,0.7868536140737232,0.7868536140737232,ok,mutation,5f20bc8a4bf15392,0.029209885528571324,0.03534396148957131,ZDT,True,0.6795021285647062,0.038137946664602636,mutation_prob_01,0.8221975755632945,0.8221975755632945,ok,ZDT1,5,phase1_5B_10seed,ZDT1_n10_m2
0.6997539770108653,0.016317894498908726,0.8467023121831471,0.8467023121831471,ok,mutation,5f20bc8a4bf15392,-0.026029530337330204,-0.03149573170816955,ZDT,True,0.673724446673535,0.04549514644940587,mutation_prob_01,0.8152065804749775,0.8152065804749775,ok,ZDT1,6,phase1_5B_10seed,ZDT1_n10_m2
0.6420136533185172,0.12573389856211456,0.776836520515406,0.776836520515406,ok,mutation,5f20bc8a4bf15392,0.033407948260510044,0.04042361739521716,ZDT,True,0.6754216015790273,0.050255901981817126,mutation_prob_01,0.8172601379106231,0.8172601379106231,ok,ZDT1,7,phase1_5B_10seed,ZDT1_n10_m2
0.6975342849875682,0.019367026410246967,0.8440164848349576,0.8440164848349576,ok,mutation,5f20bc8a4bf15392,-0.019025524009412414,-0.023020884051389023,ZDT,True,0.6785087609781557,0.05785428406169204,mutation_prob_01,0.8209956007835686,0.8209956007835686,ok,ZDT1,8,phase1_5B_10seed,ZDT1_n10_m2
0.690059504230738,0.023031252498993897,0.8349720001191931,0.8349720001191931,ok,mutation,5f20bc8a4bf15392,0.004610226192562225,0.005578373693000294,ZDT,True,0.6946697304233003,0.020664013928545857,mutation_prob_01,0.8405503738121934,0.8405503738121934,ok,ZDT1,9,phase1_5B_10seed,ZDT1_n10_m2
0.6973412200173806,0.018147046903729497,0.8437828762210307,0.8437828762210307,ok,mutation,25df4ba55691c996,-0.0021052437420562863,-0.0025473449278881066,ZDT,True,0.6952359762753243,0.024164040363051077,mutation_prob_03,0.8412355312931425,0.8412355312931425,ok,ZDT1,0,phase1_5B_10seed,ZDT1_n10_m2
0.7044421669398637,0.013974908870728806,0.8523750219972352,0.8523750219972352,ok,mutation,25df4ba55691c996,0.0009805201883309896,0.0011864294278804977,ZDT,True,0.7054226871281947,0.013024925072011986,mutation_prob_03,0.8535614514251157,0.8535614514251157,ok,ZDT1,1,phase1_5B_10seed,ZDT1_n10_m2
0.7025973192106282,0.01495878461039073,0.8501427562448602,0.8501427562448602,ok,mutation,25df4ba55691c996,-0.001674368099508627,-0.002025985400405439,ZDT,True,0.7009229511111196,0.016636427224567537,mutation_prob_03,0.8481167708444548,0.8481167708444548,ok,ZDT1,2,phase1_5B_10seed,ZDT1_n10_m2
0.6367085590283216,0.13399661689502987,0.7704173564242692,0.7704173564242692,ok,mutation,25df4ba55691c996,0.05444045735143371,0.0658729533952348,ZDT,True,0.6911490163797553,0.026139001528288294,mutation_prob_03,0.836290309819504,0.836290309819504,ok,ZDT1,3,phase1_5B_10seed,ZDT1_n10_m2
0.6951283769768659,0.020465105518142006,0.8411053361420079,0.8411053361420079,ok,mutation,25df4ba55691c996,-0.005205780320324562,-0.006298994187592721,ZDT,True,0.6899225966565413,0.024135894427163254,mutation_prob_03,0.8348063419544152,0.8348063419544152,ok,ZDT1,4,phase1_5B_10seed,ZDT1_n10_m2
0.6502922430361348,0.10944548604773369,0.7868536140737232,0.7868536140737232,ok,mutation,25df4ba55691c996,0.051292905863766204,0.062064416095157116,ZDT,True,0.701585148899901,0.015162446210461668,mutation_prob_03,0.8489180301688803,0.8489180301688803,ok,ZDT1,5,phase1_5B_10seed,ZDT1_n10_m2
0.6997539770108653,0.016317894498908726,0.8467023121831471,0.8467023121831471,ok,mutation,25df4ba55691c996,-0.01761416637376238,-0.02131314131225248,ZDT,True,0.6821398106371028,0.04914874391102745,mutation_prob_03,0.8253891708708946,0.8253891708708946,ok,ZDT1,6,phase1_5B_10seed,ZDT1_n10_m2
0.6420136533185172,0.12573389856211456,0.776836520515406,0.776836520515406,ok,mutation,25df4ba55691c996,0.027261406819448008,0.032986302251532096,ZDT,True,0.6692750601379652,0.07427046650602839,mutation_prob_03,0.8098228227669381,0.8098228227669381,ok,ZDT1,7,phase1_5B_10seed,ZDT1_n10_m2
0.6975342849875682,0.019367026410246967,0.8440164848349576,0.8440164848349576,ok,mutation,25df4ba55691c996,0.005431882426761323,0.006572577736381202,ZDT,True,0.7029661674143295,0.015147758431769333,mutation_prob_03,0.8505890625713388,0.8505890625713388,ok,ZDT1,8,phase1_5B_10seed,ZDT1_n10_m2
0.690059504230738,0.023031252498993897,0.8349720001191931,0.8349720001191931,ok,mutation,25df4ba55691c996,0.011145284604553522,0.013485794371509763,ZDT,True,0.7012047888352916,0.015406303268632111,mutation_prob_03,0.8484577944907029,0.8484577944907029,ok,ZDT1,9,phase1_5B_10seed,ZDT1_n10_m2
0.6973412200173806,0.018147046903729497,0.8437828762210307,0.8437828762210307,ok,mutation,e975cec92cdd56f3,0.005131277366887034,0.0062088456139333115,ZDT,True,0.7024724973842676,0.016236500347933582,mutation_prob_04,0.849991721834964,0.849991721834964,ok,ZDT1,0,phase1_5B_10seed,ZDT1_n10_m2
0.7044421669398637,0.013974908870728806,0.8523750219972352,0.8523750219972352,ok,mutation,e975cec92cdd56f3,-0.0031670261746601144,-0.003832101671338739,ZDT,True,0.7012751407652036,0.01575364024630583,mutation_prob_04,0.8485429203258965,0.8485429203258965,ok,ZDT1,1,phase1_5B_10seed,ZDT1_n10_m2
0.7025973192106282,0.01495878461039073,0.8501427562448602,0.8501427562448602,ok,mutation,e975cec92cdd56f3,-0.0032708078703182378,-0.003957677523085068,ZDT,True,0.69932651134031,0.021104701836784708,mutation_prob_04,0.8461850787217752,0.8461850787217752,ok,ZDT1,2,phase1_5B_10seed,ZDT1_n10_m2
0.6367085590283216,0.13399661689502987,0.7704173564242692,0.7704173564242692,ok,mutation,e975cec92cdd56f3,0.06383023740598365,0.07723458726124022,ZDT,True,0.7005387964343052,0.016117936221706496,mutation_prob_04,0.8476519436855094,0.8476519436855094,ok,ZDT1,3,phase1_5B_10seed,ZDT1_n10_m2
0.6951283769768659,0.020465105518142006,0.8411053361420079,0.8411053361420079,ok,mutation,e975cec92cdd56f3,-0.005198527718729426,-0.0062902185396626065,ZDT,True,0.6899298492581365,0.023386077159927375,mutation_prob_04,0.8348151176023453,0.8348151176023453,ok,ZDT1,4,phase1_5B_10seed,ZDT1_n10_m2
0.6502922430361348,0.10944548604773369,0.7868536140737232,0.7868536140737232,ok,mutation,e975cec92cdd56f3,0.047270708842550205,0.05719755769948576,ZDT,True,0.697562951878685,0.017841142306426507,mutation_prob_04,0.844051171773209,0.844051171773209,ok,ZDT1,5,phase1_5B_10seed,ZDT1_n10_m2
0.6997539770108653,0.016317894498908726,0.8467023121831471,0.8467023121831471,ok,mutation,e975cec92cdd56f3,-0.00013020581502702687,-0.00015754903618270255,ZDT,True,0.6996237711958382,0.018037944168402292,mutation_prob_04,0.8465447631469644,0.8465447631469644,ok,ZDT1,6,phase1_5B_10seed,ZDT1_n10_m2
0.6420136533185172,0.12573389856211456,0.776836520515406,0.776836520515406,ok,mutation,e975cec92cdd56f3,0.05796569382668521,0.07013848953028912,ZDT,True,0.6999793471452025,0.018698807655297793,mutation_prob_04,0.8469750100456951,0.8469750100456951,ok,ZDT1,7,phase1_5B_10seed,ZDT1_n10_m2
0.6975342849875682,0.019367026410246967,0.8440164848349576,0.8440164848349576,ok,mutation,e975cec92cdd56f3,0.0018926431017886585,0.0022900981531642772,ZDT,True,0.6994269280893568,0.018248758171685645,mutation_prob_04,0.8463065829881219,0.8463065829881219,ok,ZDT1,8,phase1_5B_10seed,ZDT1_n10_m2
0.690059504230738,0.023031252498993897,0.8349720001191931,0.8349720001191931,ok,mutation,e975cec92cdd56f3,0.013795214904253077,0.016692210034146227,ZDT,True,0.7038547191349911,0.014066212781546178,mutation_prob_04,0.8516642101533394,0.8516642101533394,ok,ZDT1,9,phase1_5B_10seed,ZDT1_n10_m2
0.6973412200173806,0.018147046903729497,0.8437828762210307,0.8437828762210307,ok,mutation,3b9917d0b61158a5,-0.009509389857662788,-0.011506361727771974,ZDT,True,0.6878318301597178,0.02718169604812544,mutation_prob_05,0.8322765144932587,0.8322765144932587,ok,ZDT1,0,phase1_5B_10seed,ZDT1_n10_m2
0.7044421669398637,0.013974908870728806,0.8523750219972352,0.8523750219972352,ok,mutation,3b9917d0b61158a5,-0.010136295597638543,-0.012264917673142639,ZDT,True,0.6943058713422252,0.021994143424732694,mutation_prob_05,0.8401101043240926,0.8401101043240926,ok,ZDT1,1,phase1_5B_10seed,ZDT1_n10_m2
0.7025973192106282,0.01495878461039073,0.8501427562448602,0.8501427562448602,ok,mutation,3b9917d0b61158a5,-0.00664475598401561,-0.008040154740658889,ZDT,True,0.6959525632266126,0.019656484846210687,mutation_prob_05,0.8421026015042014,0.8421026015042014,ok,ZDT1,2,phase1_5B_10seed,ZDT1_n10_m2
0.6367085590283216,0.13399661689502987,0.7704173564242692,0.7704173564242692,ok,mutation,3b9917d0b61158a5,0.0550028082668255,0.06655339800285887,ZDT,True,0.691711367295147,0.02252384067269687,mutation_prob_05,0.8369707544271281,0.8369707544271281,ok,ZDT1,3,phase1_5B_10seed,ZDT1_n10_m2
0.6951283769768659,0.020465105518142006,0.8411053361420079,0.8411053361420079,ok,mutation,3b9917d0b61158a5,-0.01016363712500807,-0.012298000921259766,ZDT,True,0.6849647398518578,0.028287123397597515,mutation_prob_05,0.8288073352207481,0.8288073352207481,ok,ZDT1,4,phase1_5B_10seed,ZDT1_n10_m2
0.6502922430361348,0.10944548604773369,0.7868536140737232,0.7868536140737232,ok,mutation,3b9917d0b61158a5,0.03950903055381541,0.04780592697011665,ZDT,True,0.6898012735899502,0.024653033738000783,mutation_prob_05,0.8346595410438399,0.8346595410438399,ok,ZDT1,5,phase1_5B_10seed,ZDT1_n10_m2
0.6997539770108653,0.016317894498908726,0.8467023121831471,0.8467023121831471,ok,mutation,3b9917d0b61158a5,-0.022046264564381777,-0.026675980122901954,ZDT,True,0.6777077124464834,0.03844248169173818,mutation_prob_05,0.8200263320602451,0.8200263320602451,ok,ZDT1,6,phase1_5B_10seed,ZDT1_n10_m2
0.6420136533185172,0.12573389856211456,0.776836520515406,0.776836520515406,ok,mutation,3b9917d0b61158a5,0.05036286769606589,0.06093906991223974,ZDT,True,0.6923765210145831,0.021033971769665292,mutation_prob_05,0.8377755904276457,0.8377755904276457,ok,ZDT1,7,phase1_5B_10seed,ZDT1_n10_m2
0.6975342849875682,0.019367026410246967,0.8440164848349576,0.8440164848349576,ok,mutation,3b9917d0b61158a5,-0.001250165347396954,-0.0015127000703503146,ZDT,True,0.6962841196401712,0.020245335516414643,mutation_prob_05,0.8425037847646073,0.8425037847646073,ok,ZDT1,8,phase1_5B_10seed,ZDT1_n10_m2
0.690059504230738,0.023031252498993897,0.8349720001191931,0.8349720001191931,ok,mutation,3b9917d0b61158a5,0.005838986526997532,0.007065173697667015,ZDT,True,0.6958984907577356,0.01947495985955817,mutation_prob_05,0.8420371738168602,0.8420371738168602,ok,ZDT1,9,phase1_5B_10seed,ZDT1_n10_m2
0.6973412200173806,0.018147046903729497,0.8437828762210307,0.8437828762210307,ok,mutation,cc116fdf0d996a17,0.007903236240386219,0.009562915850867326,ZDT,True,0.7052444562577668,0.013475350575334829,mutation_eta_01,0.853345792071898,0.853345792071898,ok,ZDT1,0,phase1_5B_10seed,ZDT1_n10_m2
0.7044421669398637,0.013974908870728806,0.8523750219972352,0.8523750219972352,ok,mutation,cc116fdf0d996a17,0.0010539430204587698,0.0012752710547551116,ZDT,True,0.7054961099603225,0.013047602346952117,mutation_eta_01,0.8536502930519904,0.8536502930519904,ok,ZDT1,1,phase1_5B_10seed,ZDT1_n10_m2
0.7025973192106282,0.01495878461039073,0.8501427562448602,0.8501427562448602,ok,mutation,cc116fdf0d996a17,0.0024048871033210315,0.0029099133950184486,ZDT,True,0.7050022063139493,0.01392309382869385,mutation_eta_01,0.8530526696398787,0.8530526696398787,ok,ZDT1,2,phase1_5B_10seed,ZDT1_n10_m2
0.6367085590283216,0.13399661689502987,0.7704173564242692,0.7704173564242692,ok,mutation,cc116fdf0d996a17,0.07190381030276442,0.08700361046634497,ZDT,True,0.708612369331086,0.011541631590535407,mutation_eta_01,0.8574209668906142,0.8574209668906142,ok,ZDT1,3,phase1_5B_10seed,ZDT1_n10_m2
0.6951283769768659,0.020465105518142006,0.8411053361420079,0.8411053361420079,ok,mutation,cc116fdf0d996a17,0.01293858960743935,0.015655693425001616,ZDT,True,0.7080669665843052,0.012497763566337455,mutation_eta_01,0.8567610295670095,0.8567610295670095,ok,ZDT1,4,phase1_5B_10seed,ZDT1_n10_m2
0.6502922430361348,0.10944548604773369,0.7868536140737232,0.7868536140737232,ok,mutation,cc116fdf0d996a17,0.05671790468040925,0.0686286646632952,ZDT,True,0.707010147716544,0.012421905754203943,mutation_eta_01,0.8554822787370184,0.8554822787370184,ok,ZDT1,5,phase1_5B_10seed,ZDT1_n10_m2
0.6997539770108653,0.016317894498908726,0.8467023121831471,0.8467023121831471,ok,mutation,cc116fdf0d996a17,-0.0009938666525365172,-0.001202578649569186,ZDT,True,0.6987601103583287,0.017542090926839126,mutation_eta_01,0.8454997335335779,0.8454997335335779,ok,ZDT1,6,phase1_5B_10seed,ZDT1_n10_m2
0.6420136533185172,0.12573389856211456,0.776836520515406,0.776836520515406,ok,mutation,cc116fdf0d996a17,0.06470381148730307,0.07829161189963674,ZDT,True,0.7067174648058203,0.012687829111500232,mutation_eta_01,0.8551281324150427,0.8551281324150427,ok,ZDT1,7,phase1_5B_10seed,ZDT1_n10_m2
0.6975342849875682,0.019367026410246967,0.8440164848349576,0.8440164848349576,ok,mutation,cc116fdf0d996a17,0.004690038785232908,0.005674946930131819,ZDT,True,0.7022243237728011,0.014868476515695296,mutation_eta_01,0.8496914317650894,0.8496914317650894,ok,ZDT1,8,phase1_5B_10seed,ZDT1_n10_m2
0.690059504230738,0.023031252498993897,0.8349720001191931,0.8349720001191931,ok,mutation,cc116fdf0d996a17,0.016835412542908632,0.020370849176919448,ZDT,True,0.7068949167736467,0.01202862318759559,mutation_eta_01,0.8553428492961126,0.8553428492961126,ok,ZDT1,9,phase1_5B_10seed,ZDT1_n10_m2
0.6973412200173806,0.018147046903729497,0.8437828762210307,0.8437828762210307,ok,mutation,63d3be0475e9845d,0.0025139967979632178,0.0030419361255354938,ZDT,True,0.6998552168153438,0.01799034548500817,mutation_eta_02,0.8468248123465661,0.8468248123465661,ok,ZDT1,0,phase1_5B_10seed,ZDT1_n10_m2
0.7044421669398637,0.013974908870728806,0.8523750219972352,0.8523750219972352,ok,mutation,63d3be0475e9845d,-0.004099902407531177,-0.004960881913112725,ZDT,True,0.7003422645323325,0.016858517097201334,mutation_eta_02,0.8474141400841225,0.8474141400841225,ok,ZDT1,1,phase1_5B_10seed,ZDT1_n10_m2
0.7025973192106282,0.01495878461039073,0.8501427562448602,0.8501427562448602,ok,mutation,63d3be0475e9845d,0.0010107806866637109,0.0012230446308630905,ZDT,True,0.7036080998972919,0.014981100094092922,mutation_eta_02,0.8513658008757233,0.8513658008757233,ok,ZDT1,2,phase1_5B_10seed,ZDT1_n10_m2
0.6367085590283216,0.13399661689502987,0.7704173564242692,0.7704173564242692,ok,mutation,63d3be0475e9845d,0.07072428982295091,0.08557639068577061,ZDT,True,0.7074328488512724,0.013542035225099665,mutation_eta_02,0.8559937471100398,0.8559937471100398,ok,ZDT1,3,phase1_5B_10seed,ZDT1_n10_m2
0.6951283769768659,0.020465105518142006,0.8411053361420079,0.8411053361420079,ok,mutation,63d3be0475e9845d,0.00706133780387774,0.008544218742692067,ZDT,True,0.7021897147807437,0.015382185360255178,mutation_eta_02,0.8496495548847,0.8496495548847,ok,ZDT1,4,phase1_5B_10seed,ZDT1_n10_m2
0.6502922430361348,0.10944548604773369,0.7868536140737232,0.7868536140737232,ok,mutation,63d3be0475e9845d,0.05596983985574552,0.06772350622545209,ZDT,True,0.7062620828918803,0.013120475410543413,mutation_eta_02,0.8545771202991753,0.8545771202991753,ok,ZDT1,5,phase1_5B_10seed,ZDT1_n10_m2
0.6997539770108653,0.016317894498908726,0.8467023121831471,0.8467023121831471,ok,mutation,63d3be0475e9845d,0.00698779337486313,0.00845522998358439,ZDT,True,0.7067417703857284,0.012517285901852743,mutation_eta_02,0.8551575421667315,0.8551575421667315,ok,ZDT1,6,phase1_5B_10seed,ZDT1_n10_m2
0.6420136533185172,0.12573389856211456,0.776836520515406,0.776836520515406,ok,mutation,63d3be0475e9845d,0.0652688386805558,0.07897529480347254,ZDT,True,0.707282491999073,0.012586734767874022,mutation_eta_02,0.8558118153188785,0.8558118153188785,ok,ZDT1,7,phase1_5B_10seed,ZDT1_n10_m2
0.6975342849875682,0.019367026410246967,0.8440164848349576,0.8440164848349576,ok,mutation,63d3be0475e9845d,0.008838321220970752,0.01069436867737461,ZDT,True,0.7063726062085389,0.012613056539301082,mutation_eta_02,0.8547108535123322,0.8547108535123322,ok,ZDT1,8,phase1_5B_10seed,ZDT1_n10_m2
0.690059504230738,0.023031252498993897,0.8349720001191931,0.8349720001191931,ok,mutation,63d3be0475e9845d,0.019439654906334827,0.023521982436665145,ZDT,True,0.7094991591370728,0.010650899429356929,mutation_eta_02,0.8584939825558583,0.8584939825558583,ok,ZDT1,9,phase1_5B_10seed,ZDT1_n10_m2
0.6973412200173806,0.018147046903729497,0.8437828762210307,0.8437828762210307,ok,mutation,635d1e13e520fdf7,-0.0021313581228596316,-0.002578943328660155,ZDT,True,0.6952098618945209,0.022080360745909425,mutation_eta_03,0.8412039328923705,0.8412039328923705,ok,ZDT1,0,phase1_5B_10seed,ZDT1_n10_m2
0.7044421669398637,0.013974908870728806,0.8523750219972352,0.8523750219972352,ok,mutation,635d1e13e520fdf7,-0.004570582007897499,-0.005530404229555974,ZDT,True,0.6998715849319662,0.01688340641728266,mutation_eta_03,0.8468446177676793,0.8468446177676793,ok,ZDT1,1,phase1_5B_10seed,ZDT1_n10_m2
0.7025973192106282,0.01495878461039073,0.8501427562448602,0.8501427562448602,ok,mutation,635d1e13e520fdf7,0.004270288314718996,0.005167048860809986,ZDT,True,0.7068676075253472,0.012284056163009316,mutation_eta_03,0.8553098051056702,0.8553098051056702,ok,ZDT1,2,phase1_5B_10seed,ZDT1_n10_m2
0.6367085590283216,0.13399661689502987,0.7704173564242692,0.7704173564242692,ok,mutation,635d1e13e520fdf7,0.0546320597506452,0.0661047922982807,ZDT,True,0.6913406187789668,0.028467349336698002,mutation_eta_03,0.8365221487225499,0.8365221487225499,ok,ZDT1,3,phase1_5B_10seed,ZDT1_n10_m2
0.6951283769768659,0.020465105518142006,0.8411053361420079,0.8411053361420079,ok,mutation,635d1e13e520fdf7,0.001490962993367735,0.0018040652219749598,ZDT,True,0.6966193399702336,0.019488807125434326,mutation_eta_03,0.8429094013639828,0.8429094013639828,ok,ZDT1,4,phase1_5B_10seed,ZDT1_n10_m2
0.6502922430361348,0.10944548604773369,0.7868536140737232,0.7868536140737232,ok,mutation,635d1e13e520fdf7,0.052810661056399616,0.06390089987824354,ZDT,True,0.7031029040925344,0.015809652483142204,mutation_eta_03,0.8507545139519668,0.8507545139519668,ok,ZDT1,5,phase1_5B_10seed,ZDT1_n10_m2
0.6997539770108653,0.016317894498908726,0.8467023121831471,0.8467023121831471,ok,mutation,635d1e13e520fdf7,0.0028739544922355936,0.0034774849356050686,ZDT,True,0.7026279315031009,0.015021006477743763,mutation_eta_03,0.8501797971187521,0.8501797971187521,ok,ZDT1,6,phase1_5B_10seed,ZDT1_n10_m2
0.6420136533185172,0.12573389856211456,0.776836520515406,0.776836520515406,ok,mutation,635d1e13e520fdf7,0.06010444814630806,0.07272638225703276,ZDT,True,0.7021181014648253,0.014939499268665083,mutation_eta_03,0.8495629027724387,0.8495629027724387,ok,ZDT1,7,phase1_5B_10seed,ZDT1_n10_m2
0.6975342849875682,0.019367026410246967,0.8440164848349576,0.8440164848349576,ok,mutation,635d1e13e520fdf7,0.00535031501822447,0.00647388117205161,ZDT,True,0.7028846000057927,0.01641084189046911,mutation_eta_03,0.8504903660070092,0.8504903660070092,ok,ZDT1,8,phase1_5B_10seed,ZDT1_n10_m2
0.690059504230738,0.023031252498993897,0.8349720001191931,0.8349720001191931,ok,mutation,635d1e13e520fdf7,0.010939507243862598,0.013236803765073746,ZDT,True,0.7009990114746006,0.01650538716672114,mutation_eta_03,0.8482088038842669,0.8482088038842669,ok,ZDT1,9,phase1_5B_10seed,ZDT1_n10_m2
0.6973412200173806,0.018147046903729497,0.8437828762210307,0.8437828762210307,ok,mutation,8071d793dcc39e68,-0.012046635368649236,-0.014576428796065577,ZDT,True,0.6852945846487314,0.026511738600213795,mutation_eta_04,0.8292064474249651,0.8292064474249651,ok,ZDT1,0,phase1_5B_10seed,ZDT1_n10_m2
0.7044421669398637,0.013974908870728806,0.8523750219972352,0.8523750219972352,ok,mutation,8071d793dcc39e68,-0.013017180586685472,-0.015750788509889424,ZDT,True,0.6914249863531783,0.023830910767253743,mutation_eta_04,0.8366242334873458,0.8366242334873458,ok,ZDT1,1,phase1_5B_10seed,ZDT1_n10_m2
0.7025973192106282,0.01495878461039073,0.8501427562448602,0.8501427562448602,ok,mutation,8071d793dcc39e68,-0.0037016889393590357,-0.004479043616624434,ZDT,True,0.6988956302712691,0.018045791546313358,mutation_eta_04,0.8456637126282358,0.8456637126282358,ok,ZDT1,2,phase1_5B_10seed,ZDT1_n10_m2
0.6367085590283216,0.13399661689502987,0.7704173564242692,0.7704173564242692,ok,mutation,8071d793dcc39e68,0.048511417430983,0.05869881509148944,ZDT,True,0.6852199764593045,0.03065601561604848,mutation_eta_04,0.8291161715157587,0.8291161715157587,ok,ZDT1,3,phase1_5B_10seed,ZDT1_n10_m2
0.6951283769768659,0.020465105518142006,0.8411053361420079,0.8411053361420079,ok,mutation,8071d793dcc39e68,-0.037424577778991906,-0.04528373911258021,ZDT,True,0.657703799197874,0.04660083430449762,mutation_eta_04,0.7958215970294277,0.7958215970294277,ok,ZDT1,4,phase1_5B_10seed,ZDT1_n10_m2
0.6502922430361348,0.10944548604773369,0.7868536140737232,0.7868536140737232,ok,mutation,8071d793dcc39e68,0.03516747352411454,0.0425526429641786,ZDT,True,0.6854597165602493,0.03813464641864835,mutation_eta_04,0.8294062570379018,0.8294062570379018,ok,ZDT1,5,phase1_5B_10seed,ZDT1_n10_m2
0.6997539770108653,0.016317894498908726,0.8467023121831471,0.8467023121831471,ok,mutation,8071d793dcc39e68,-0.03790976716545097,-0.04587081827019568,ZDT,True,0.6618442098454143,0.08454229674302924,mutation_eta_04,0.8008314939129514,0.8008314939129514,ok,ZDT1,6,phase1_5B_10seed,ZDT1_n10_m2
0.6420136533185172,0.12573389856211456,0.776836520515406,0.776836520515406,ok,mutation,8071d793dcc39e68,0.061273036835175466,0.07414037457056233,ZDT,True,0.7032866901536927,0.015101143372775993,mutation_eta_04,0.8509768950859683,0.8509768950859683,ok,ZDT1,7,phase1_5B_10seed,ZDT1_n10_m2
0.6975342849875682,0.019367026410246967,0.8440164848349576,0.8440164848349576,ok,mutation,8071d793dcc39e68,0.0019761804533545983,0.0023911783485590643,ZDT,True,0.6995104654409228,0.016903408796199518,mutation_eta_04,0.8464076631835167,0.8464076631835167,ok,ZDT1,8,phase1_5B_10seed,ZDT1_n10_m2
0.690059504230738,0.023031252498993897,0.8349720001191931,0.8349720001191931,ok,mutation,8071d793dcc39e68,-0.009782427584396132,-0.011836737377119322,ZDT,True,0.6802770766463418,0.03779994318714099,mutation_eta_04,0.8231352627420738,0.8231352627420738,ok,ZDT1,9,phase1_5B_10seed,ZDT1_n10_m2
0.6973412200173806,0.018147046903729497,0.8437828762210307,0.8437828762210307,ok,mutation,49a60040f4ff5669,-0.03354549325373677,-0.0405900468370215,ZDT,True,0.6637957267636438,0.042213712733647005,mutation_eta_05,0.8031928293840092,0.8031928293840092,ok,ZDT1,0,phase1_5B_10seed,ZDT1_n10_m2
0.7044421669398637,0.013974908870728806,0.8523750219972352,0.8523750219972352,ok,mutation,49a60040f4ff5669,-0.10084794380282903,-0.12202601200142316,ZDT,True,0.6035942231370347,0.1170468593908379,mutation_eta_05,0.7303490099958121,0.7303490099958121,ok,ZDT1,1,phase1_5B_10seed,ZDT1_n10_m2
0.7025973192106282,0.01495878461039073,0.8501427562448602,0.8501427562448602,ok,mutation,49a60040f4ff5669,-0.013670841816009248,-0.01654171859737119,ZDT,True,0.688926477394619,0.027191293691008363,mutation_eta_05,0.833601037647489,0.833601037647489,ok,ZDT1,2,phase1_5B_10seed,ZDT1_n10_m2
0.6367085590283216,0.13399661689502987,0.7704173564242692,0.7704173564242692,ok,mutation,49a60040f4ff5669,-0.19214053321358598,-0.23249004518843908,ZDT,True,0.4445680258147356,0.44134991367339105,mutation_eta_05,0.5379273112358302,0.5379273112358302,ok,ZDT1,3,phase1_5B_10seed,ZDT1_n10_m2
0.6951283769768659,0.020465105518142006,0.8411053361420079,0.8411053361420079,ok,mutation,49a60040f4ff5669,-0.043584371885057364,-0.052737089980919416,ZDT,True,0.6515440050918085,0.06410509879476815,mutation_eta_05,0.7883682461610885,0.7883682461610885,ok,ZDT1,4,phase1_5B_10seed,ZDT1_n10_m2
0.6502922430361348,0.10944548604773369,0.7868536140737232,0.7868536140737232,ok,mutation,49a60040f4ff5669,-0.12801747510472625,-0.1549011448767188,ZDT,True,0.5222747679314086,0.32447418724336674,mutation_eta_05,0.6319524691970044,0.6319524691970044,ok,ZDT1,5,phase1_5B_10seed,ZDT1_n10_m2
0.6997539770108653,0.016317894498908726,0.8467023121831471,0.8467023121831471,ok,mutation,49a60040f4ff5669,-0.011280588090448802,-0.013649511589443053,ZDT,True,0.6884733889204164,0.02512471415959525,mutation_eta_05,0.833052800593704,0.833052800593704,ok,ZDT1,6,phase1_5B_10seed,ZDT1_n10_m2
0.6420136533185172,0.12573389856211456,0.776836520515406,0.776836520515406,ok,mutation,49a60040f4ff5669,0.037131061600799,0.0449285845369668,ZDT,True,0.6791447149193163,0.030923782333487335,mutation_eta_05,0.8217651050523728,0.8217651050523728,ok,ZDT1,7,phase1_5B_10seed,ZDT1_n10_m2
0.6975342849875682,0.019367026410246967,0.8440164848349576,0.8440164848349576,ok,mutation,49a60040f4ff5669,-0.041276227943675504,-0.04994423581184737,ZDT,True,0.6562580570438926,0.04902904720646582,mutation_eta_05,0.7940722490231102,0.7940722490231102,ok,ZDT1,8,phase1_5B_10seed,ZDT1_n10_m2
0.690059504230738,0.023031252498993897,0.8349720001191931,0.8349720001191931,ok,mutation,49a60040f4ff5669,-0.05520182835447733,-0.06679421230891758,ZDT,True,0.6348576758762607,0.06736939350544273,mutation_eta_05,0.7681777878102756,0.7681777878102756,ok,ZDT1,9,phase1_5B_10seed,ZDT1_n10_m2
0.6973412200173806,0.018147046903729497,0.8437828762210307,0.8437828762210307,ok,crossover,8e5d827896deca87,-0.02483320730328982,-0.030048180836980687,ZDT,True,0.6725080127140908,0.0356768157735754,crossover_prob_01,0.81373469538405,0.81373469538405,ok,ZDT1,0,phase1_5B_10seed,ZDT1_n10_m2
0.7044421669398637,0.013974908870728806,0.8523750219972352,0.8523750219972352,ok,crossover,8e5d827896deca87,-0.012136035666284857,-0.014684603156204679,ZDT,True,0.6923061312735789,0.02477874569735566,crossover_prob_01,0.8376904188410306,0.8376904188410306,ok,ZDT1,1,phase1_5B_10seed,ZDT1_n10_m2
0.7025973192106282,0.01495878461039073,0.8501427562448602,0.8501427562448602,ok,crossover,8e5d827896deca87,-0.018863849899706717,-0.02282525837864513,ZDT,True,0.6837334693109215,0.02888735438118391,crossover_prob_01,0.8273174978662151,0.8273174978662151,ok,ZDT1,2,phase1_5B_10seed,ZDT1_n10_m2
0.6367085590283216,0.13399661689502987,0.7704173564242692,0.7704173564242692,ok,crossover,8e5d827896deca87,-0.04855893997346005,-0.05875631736788667,ZDT,True,0.5881496190548615,0.20194504177381123,crossover_prob_01,0.7116610390563826,0.7116610390563826,ok,ZDT1,3,phase1_5B_10seed,ZDT1_n10_m2
0.6951283769768659,0.020465105518142006,0.8411053361420079,0.8411053361420079,ok,crossover,8e5d827896deca87,-0.030797153941006256,-0.03726455626861758,ZDT,True,0.6643312230358597,0.04364016093264158,crossover_prob_01,0.8038407798733903,0.8038407798733903,ok,ZDT1,4,phase1_5B_10seed,ZDT1_n10_m2
0.6502922430361348,0.10944548604773369,0.7868536140737232,0.7868536140737232,ok,crossover,8e5d827896deca87,-0.012132754182344174,-0.014680632560636453,ZDT,True,0.6381594888537906,0.11638306996732972,crossover_prob_01,0.7721729815130868,0.7721729815130868,ok,ZDT1,5,phase1_5B_10seed,ZDT1_n10_m2
0.6997539770108653,0.016317894498908726,0.8467023121831471,0.8467023121831471,ok,crossover,8e5d827896deca87,-0.0444583515792636,-0.05379460541090897,ZDT,True,0.6552956254316016,0.07135330187350415,crossover_prob_01,0.7929077067722381,0.7929077067722381,ok,ZDT1,6,phase1_5B_10seed,ZDT1_n10_m2
0.6420136533185172,0.12573389856211456,0.776836520515406,0.776836520515406,ok,crossover,8e5d827896deca87,0.0016321217937380762,0.0019748673704230724,ZDT,True,0.6436457751122553,0.08107928682809169,crossover_prob_01,0.778811387885829,0.778811387885829,ok,ZDT1,7,phase1_5B_10seed,ZDT1_n10_m2
0.6975342849875682,0.019367026410246967,0.8440164848349576,0.8440164848349576,ok,crossover,8e5d827896deca87,-0.05575159505392259,-0.06745943001524635,ZDT,True,0.6417826899336456,0.0708642720883757,crossover_prob_01,0.7765570548197113,0.7765570548197113,ok,ZDT1,8,phase1_5B_10seed,ZDT1_n10_m2
0.690059504230738,0.023031252498993897,0.8349720001191931,0.8349720001191931,ok,crossover,8e5d827896deca87,-0.020209882066709067,-0.024453957300717977,ZDT,True,0.669849622164029,0.038714468038627166,crossover_prob_01,0.8105180428184752,0.8105180428184752,ok,ZDT1,9,phase1_5B_10seed,ZDT1_n10_m2
0.6973412200173806,0.018147046903729497,0.8437828762210307,0.8437828762210307,ok,crossover,b098af475e7ddd49,-0.010779705536852693,-0.013043443699591761,ZDT,True,0.6865615144805279,0.026836543180617303,crossover_prob_02,0.8307394325214389,0.8307394325214389,ok,ZDT1,0,phase1_5B_10seed,ZDT1_n10_m2
0.7044421669398637,0.013974908870728806,0.8523750219972352,0.8523750219972352,ok,crossover,b098af475e7ddd49,-0.0035992139797301212,-0.004355048915473447,ZDT,True,0.7008429529601337,0.01571921747401145,crossover_prob_02,0.8480199730817618,0.8480199730817618,ok,ZDT1,1,phase1_5B_10seed,ZDT1_n10_m2
0.7025973192106282,0.01495878461039073,0.8501427562448602,0.8501427562448602,ok,crossover,b098af475e7ddd49,-0.0020372659773636452,-0.0024650918326100113,ZDT,True,0.7005600532332645,0.01785591568723545,crossover_prob_02,0.8476776644122502,0.8476776644122502,ok,ZDT1,2,phase1_5B_10seed,ZDT1_n10_m2
0.6367085590283216,0.13399661689502987,0.7704173564242692,0.7704173564242692,ok,crossover,b098af475e7ddd49,-0.0004117769537516346,-0.0004982501140394779,ZDT,True,0.63629678207457,0.13342508065235906,crossover_prob_02,0.7699191063102298,0.7699191063102298,ok,ZDT1,3,phase1_5B_10seed,ZDT1_n10_m2
0.6951283769768659,0.020465105518142006,0.8411053361420079,0.8411053361420079,ok,crossover,b098af475e7ddd49,-0.0018183836160577313,-0.002200244175429855,ZDT,True,0.6933099933608082,0.021709794218029488,crossover_prob_02,0.838905091966578,0.838905091966578,ok,ZDT1,4,phase1_5B_10seed,ZDT1_n10_m2
0.6502922430361348,0.10944548604773369,0.7868536140737232,0.7868536140737232,ok,crossover,b098af475e7ddd49,0.057544080411831094,0.06962833729831563,ZDT,True,0.7078363234479659,0.011612836296693026,crossover_prob_02,0.8564819513720389,0.8564819513720389,ok,ZDT1,5,phase1_5B_10seed,ZDT1_n10_m2
0.6997539770108653,0.016317894498908726,0.8467023121831471,0.8467023121831471,ok,crossover,b098af475e7ddd49,0.002577902584659471,0.0031192621274379606,ZDT,True,0.7023318795955247,0.018288890243106534,crossover_prob_02,0.849821574310585,0.849821574310585,ok,ZDT1,6,phase1_5B_10seed,ZDT1_n10_m2
0.6420136533185172,0.12573389856211456,0.776836520515406,0.776836520515406,ok,crossover,b098af475e7ddd49,-0.06320172792588619,-0.0764740907903223,ZDT,True,0.578811925392631,0.23349358639429757,crossover_prob_02,0.7003624297250837,0.7003624297250837,ok,ZDT1,7,phase1_5B_10seed,ZDT1_n10_m2
0.6975342849875682,0.019367026410246967,0.8440164848349576,0.8440164848349576,ok,crossover,b098af475e7ddd49,-0.0005001622503699529,-0.0006051963229476431,ZDT,True,0.6970341227371982,0.019677507734352163,crossover_prob_02,0.84341128851201,0.84341128851201,ok,ZDT1,8,phase1_5B_10seed,ZDT1_n10_m2
0.690059504230738,0.023031252498993897,0.8349720001191931,0.8349720001191931,ok,crossover,b098af475e7ddd49,-0.0011327432799267867,-0.001370619368711412,ZDT,True,0.6889267609508113,0.02602575145406601,crossover_prob_02,0.8336013807504817,0.8336013807504817,ok,ZDT1,9,phase1_5B_10seed,ZDT1_n10_m2
0.6973412200173806,0.018147046903729497,0.8437828762210307,0.8437828762210307,ok,crossover,558590fd27d2f280,0.0012352990619012118,0.0014947118649004665,ZDT,True,0.6985765190792818,0.01770058997481669,crossover_prob_03,0.8452775880859311,0.8452775880859311,ok,ZDT1,0,phase1_5B_10seed,ZDT1_n10_m2
0.7044421669398637,0.013974908870728806,0.8523750219972352,0.8523750219972352,ok,crossover,558590fd27d2f280,0.000562842146119509,0.000681038996804606,ZDT,True,0.7050050090859833,0.013271877246098202,crossover_prob_03,0.8530560609940399,0.8530560609940399,ok,ZDT1,1,phase1_5B_10seed,ZDT1_n10_m2
0.7025973192106282,0.01495878461039073,0.8501427562448602,0.8501427562448602,ok,crossover,558590fd27d2f280,0.00516279603491986,0.006246983202253031,ZDT,True,0.707760115245548,0.011511205044720127,crossover_prob_03,0.8563897394471133,0.8563897394471133,ok,ZDT1,2,phase1_5B_10seed,ZDT1_n10_m2
0.6367085590283216,0.13399661689502987,0.7704173564242692,0.7704173564242692,ok,crossover,558590fd27d2f280,0.013325595052585468,0.01612397001362842,ZDT,True,0.650034154080907,0.1093820777236081,crossover_prob_03,0.7865413264378976,0.7865413264378976,ok,ZDT1,3,phase1_5B_10seed,ZDT1_n10_m2
0.6951283769768659,0.020465105518142006,0.8411053361420079,0.8411053361420079,ok,crossover,558590fd27d2f280,-0.003892119253062443,-0.004709464296205557,ZDT,True,0.6912362577238035,0.030414838862070828,crossover_prob_03,0.8363958718458023,0.8363958718458023,ok,ZDT1,4,phase1_5B_10seed,ZDT1_n10_m2
0.6502922430361348,0.10944548604773369,0.7868536140737232,0.7868536140737232,ok,crossover,558590fd27d2f280,0.043467184599454055,0.05259529336533941,ZDT,True,0.6937594276355888,0.025770944044176118,crossover_prob_03,0.8394489074390626,0.8394489074390626,ok,ZDT1,5,phase1_5B_10seed,ZDT1_n10_m2
0.6997539770108653,0.016317894498908726,0.8467023121831471,0.8467023121831471,ok,crossover,558590fd27d2f280,0.006939058402323677,0.00839626066681165,ZDT,True,0.706693035413189,0.012516017510719252,crossover_prob_03,0.8550985728499587,0.8550985728499587,ok,ZDT1,6,phase1_5B_10seed,ZDT1_n10_m2
0.6420136533185172,0.12573389856211456,0.776836520515406,0.776836520515406,ok,crossover,558590fd27d2f280,0.009659160507683881,0.011687584214297497,ZDT,True,0.6516728138262011,0.09731893986507269,crossover_prob_03,0.7885241047297035,0.7885241047297035,ok,ZDT1,7,phase1_5B_10seed,ZDT1_n10_m2
0.6975342849875682,0.019367026410246967,0.8440164848349576,0.8440164848349576,ok,crossover,558590fd27d2f280,0.006802273928267547,0.008230751453203733,ZDT,True,0.7043365589158357,0.013595307248337397,crossover_prob_03,0.8522472362881613,0.8522472362881613,ok,ZDT1,8,phase1_5B_10seed,ZDT1_n10_m2
0.690059504230738,0.023031252498993897,0.8349720001191931,0.8349720001191931,ok,crossover,558590fd27d2f280,0.009063081660040866,0.01096632880864945,ZDT,True,0.6991225858907789,0.016580448621414074,crossover_prob_03,0.8459383289278426,0.8459383289278426,ok,ZDT1,9,phase1_5B_10seed,ZDT1_n10_m2
0.6973412200173806,0.018147046903729497,0.8437828762210307,0.8437828762210307,ok,crossover,cfb1abeb7db770cd,0.006673526251734215,0.008074966764598401,ZDT,True,0.7040147462691149,0.014028065872021428,crossover_eta_01,0.851857842985629,0.851857842985629,ok,ZDT1,0,phase1_5B_10seed,ZDT1_n10_m2
0.7044421669398637,0.013974908870728806,0.8523750219972352,0.8523750219972352,ok,crossover,cfb1abeb7db770cd,-0.005205822758901182,-0.006299045538270431,ZDT,True,0.6992363441809626,0.017404587806482446,crossover_eta_01,0.8460759764589648,0.8460759764589648,ok,ZDT1,1,phase1_5B_10seed,ZDT1_n10_m2
0.7025973192106282,0.01495878461039073,0.8501427562448602,0.8501427562448602,ok,crossover,cfb1abeb7db770cd,0.002589264440217881,0.0031330099726636362,ZDT,True,0.7051865836508461,0.01332644847538988,crossover_eta_01,0.8532757662175239,0.8532757662175239,ok,ZDT1,2,phase1_5B_10seed,ZDT1_n10_m2
0.6367085590283216,0.13399661689502987,0.7704173564242692,0.7704173564242692,ok,crossover,cfb1abeb7db770cd,0.06336129026732668,0.07666716122346529,ZDT,True,0.7000698492956483,0.018649503730065523,crossover_eta_01,0.8470845176477345,0.8470845176477345,ok,ZDT1,3,phase1_5B_10seed,ZDT1_n10_m2
0.6951283769768659,0.020465105518142006,0.8411053361420079,0.8411053361420079,ok,crossover,cfb1abeb7db770cd,0.0027789225079235605,0.0033624962345875087,ZDT,True,0.6979072994847895,0.018756790460111285,crossover_eta_01,0.8444678323765954,0.8444678323765954,ok,ZDT1,4,phase1_5B_10seed,ZDT1_n10_m2
0.6502922430361348,0.10944548604773369,0.7868536140737232,0.7868536140737232,ok,crossover,cfb1abeb7db770cd,0.05590241573922078,0.06764192304445715,ZDT,True,0.7061946587753556,0.013135611967440713,crossover_eta_01,0.8544955371181804,0.8544955371181804,ok,ZDT1,5,phase1_5B_10seed,ZDT1_n10_m2
0.6997539770108653,0.016317894498908726,0.8467023121831471,0.8467023121831471,ok,crossover,cfb1abeb7db770cd,0.0058483182614755165,0.007076465096385376,ZDT,True,0.7056022952723408,0.013901603689116512,crossover_eta_01,0.8537787772795324,0.8537787772795324,ok,ZDT1,6,phase1_5B_10seed,ZDT1_n10_m2
0.6420136533185172,0.12573389856211456,0.776836520515406,0.776836520515406,ok,crossover,cfb1abeb7db770cd,0.06648767322722787,0.08045008460494574,ZDT,True,0.7085013265457452,0.010965346571010684,crossover_eta_01,0.8572866051203517,0.8572866051203517,ok,ZDT1,7,phase1_5B_10seed,ZDT1_n10_m2
0.6975342849875682,0.019367026410246967,0.8440164848349576,0.8440164848349576,ok,crossover,cfb1abeb7db770cd,0.011614709089103422,0.014053797997815143,ZDT,True,0.7091489940766716,0.01086261640056707,crossover_eta_01,0.8580702828327728,0.8580702828327728,ok,ZDT1,8,phase1_5B_10seed,ZDT1_n10_m2
0.690059504230738,0.023031252498993897,0.8349720001191931,0.8349720001191931,ok,crossover,cfb1abeb7db770cd,0.016480663140752028,0.019941602400309955,ZDT,True,0.7065401673714901,0.011708050796896687,crossover_eta_01,0.8549136025195031,0.8549136025195031,ok,ZDT1,9,phase1_5B_10seed,ZDT1_n10_m2
0.6973412200173806,0.018147046903729497,0.8437828762210307,0.8437828762210307,ok,crossover,0659d068ee0d2946,-0.1128331774260024,-0.13652814468546293,ZDT,True,0.5845080425913782,0.22240844335034102,crossover_eta_02,0.7072547315355677,0.7072547315355677,ok,ZDT1,0,phase1_5B_10seed,ZDT1_n10_m2
0.7044421669398637,0.013974908870728806,0.8523750219972352,0.8523750219972352,ok,crossover,0659d068ee0d2946,-0.009502798276494293,-0.011498385914558096,ZDT,True,0.6949393686633695,0.025580831852336925,crossover_eta_02,0.8408766360826772,0.8408766360826772,ok,ZDT1,1,phase1_5B_10seed,ZDT1_n10_m2
0.7025973192106282,0.01495878461039073,0.8501427562448602,0.8501427562448602,ok,crossover,0659d068ee0d2946,0.0035002061255013225,0.004235249411856601,ZDT,True,0.7060975253361295,0.01279007862790952,crossover_eta_02,0.8543780056567168,0.8543780056567168,ok,ZDT1,2,phase1_5B_10seed,ZDT1_n10_m2
0.6367085590283216,0.13399661689502987,0.7704173564242692,0.7704173564242692,ok,crossover,0659d068ee0d2946,0.06353029366508671,0.07687165533475493,ZDT,True,0.7002388526934082,0.019029238859472847,crossover_eta_02,0.8472890117590242,0.8472890117590242,ok,ZDT1,3,phase1_5B_10seed,ZDT1_n10_m2
0.6951283769768659,0.020465105518142006,0.8411053361420079,0.8411053361420079,ok,crossover,0659d068ee0d2946,0.0005675663948850654,0.0006867553378109292,ZDT,True,0.695695943371751,0.02002456340996496,crossover_eta_02,0.8417920914798188,0.8417920914798188,ok,ZDT1,4,phase1_5B_10seed,ZDT1_n10_m2
0.6502922430361348,0.10944548604773369,0.7868536140737232,0.7868536140737232,ok,crossover,0659d068ee0d2946,-0.015705184820917997,-0.01900327363331078,ZDT,True,0.6345870582152168,0.13516555464465563,crossover_eta_02,0.7678503404404124,0.7678503404404124,ok,ZDT1,5,phase1_5B_10seed,ZDT1_n10_m2
0.6997539770108653,0.016317894498908726,0.8467023121831471,0.8467023121831471,ok,crossover,0659d068ee0d2946,0.004022720124598922,0.004867491350764697,ZDT,True,0.7037766971354642,0.01424238798914994,crossover_eta_02,0.8515698035339118,0.8515698035339118,ok,ZDT1,6,phase1_5B_10seed,ZDT1_n10_m2
0.6420136533185172,0.12573389856211456,0.776836520515406,0.776836520515406,ok,crossover,0659d068ee0d2946,0.06564967315513891,0.0794361045177181,ZDT,True,0.7076633264736562,0.011939538454951455,crossover_eta_02,0.8562726250331241,0.8562726250331241,ok,ZDT1,7,phase1_5B_10seed,ZDT1_n10_m2
0.6975342849875682,0.019367026410246967,0.8440164848349576,0.8440164848349576,ok,crossover,0659d068ee0d2946,0.0048334318797963426,0.005848452574553575,ZDT,True,0.7023677168673645,0.015700312742504604,crossover_eta_02,0.8498649374095112,0.8498649374095112,ok,ZDT1,8,phase1_5B_10seed,ZDT1_n10_m2
0.690059504230738,0.023031252498993897,0.8349720001191931,0.8349720001191931,ok,crossover,0659d068ee0d2946,0.01456354500419837,0.01762188945508003,ZDT,True,0.7046230492349363,0.013342336338866617,crossover_eta_02,0.8525938895742732,0.8525938895742732,ok,ZDT1,9,phase1_5B_10seed,ZDT1_n10_m2
0.6973412200173806,0.018147046903729497,0.8437828762210307,0.8437828762210307,ok,crossover,c029821d4c2471d9,0.00357568191775093,0.004326575120478626,ZDT,True,0.7009169019351316,0.015859381050334253,crossover_eta_03,0.8481094513415093,0.8481094513415093,ok,ZDT1,0,phase1_5B_10seed,ZDT1_n10_m2
0.7044421669398637,0.013974908870728806,0.8523750219972352,0.8523750219972352,ok,crossover,c029821d4c2471d9,-0.010489695546107788,-0.012692531610790425,ZDT,True,0.6939524713937559,0.020853246656950424,crossover_eta_03,0.8396824903864448,0.8396824903864448,ok,ZDT1,1,phase1_5B_10seed,ZDT1_n10_m2
0.7025973192106282,0.01495878461039073,0.8501427562448602,0.8501427562448602,ok,crossover,c029821d4c2471d9,-0.01525932819119366,-0.018463787111344332,ZDT,True,0.6873379910194345,0.044848995493818766,crossover_eta_03,0.8316789691335159,0.8316789691335159,ok,ZDT1,2,phase1_5B_10seed,ZDT1_n10_m2
0.6367085590283216,0.13399661689502987,0.7704173564242692,0.7704173564242692,ok,crossover,c029821d4c2471d9,-0.053163358653908366,-0.06432766397122913,ZDT,True,0.5835452003744133,0.22497030338289326,crossover_eta_03,0.7060896924530401,0.7060896924530401,ok,ZDT1,3,phase1_5B_10seed,ZDT1_n10_m2
0.6951283769768659,0.020465105518142006,0.8411053361420079,0.8411053361420079,ok,crossover,c029821d4c2471d9,0.008151083849546081,0.00986281145795076,ZDT,True,0.703279460826412,0.015239949360251167,crossover_eta_03,0.8509681475999586,0.8509681475999586,ok,ZDT1,4,phase1_5B_10seed,ZDT1_n10_m2
0.6502922430361348,0.10944548604773369,0.7868536140737232,0.7868536140737232,ok,crossover,c029821d4c2471d9,0.05848922747562873,0.07077196524551077,ZDT,True,0.7087814705117635,0.01133456431058522,crossover_eta_03,0.857625579319234,0.857625579319234,ok,ZDT1,5,phase1_5B_10seed,ZDT1_n10_m2
0.6997539770108653,0.016317894498908726,0.8467023121831471,0.8467023121831471,ok,crossover,c029821d4c2471d9,-0.004399746637143313,-0.00532369343094341,ZDT,True,0.6953542303737219,0.022646663436067856,crossover_eta_03,0.8413786187522037,0.8413786187522037,ok,ZDT1,6,phase1_5B_10seed,ZDT1_n10_m2
0.6420136533185172,0.12573389856211456,0.776836520515406,0.776836520515406,ok,crossover,c029821d4c2471d9,0.057058875452950714,0.06904123929807038,ZDT,True,0.699072528771468,0.020027699549384385,crossover_eta_03,0.8458777598134763,0.8458777598134763,ok,ZDT1,7,phase1_5B_10seed,ZDT1_n10_m2
0.6975342849875682,0.019367026410246967,0.8440164848349576,0.8440164848349576,ok,crossover,c029821d4c2471d9,-0.006132840778392652,-0.00742073734185511,ZDT,True,0.6914014442091755,0.03376804195342924,crossover_eta_03,0.8365957474931025,0.8365957474931025,ok,ZDT1,8,phase1_5B_10seed,ZDT1_n10_m2
0.690059504230738,0.023031252498993897,0.8349720001191931,0.8349720001191931,ok,crossover,c029821d4c2471d9,-0.006379682469380982,-0.0077194157879509895,ZDT,True,0.683679821761357,0.035435158143759304,crossover_eta_03,0.8272525843312422,0.8272525843312422,ok,ZDT1,9,phase1_5B_10seed,ZDT1_n10_m2
0.6973412200173806,0.018147046903729497,0.8437828762210307,0.8437828762210307,ok,crossover,13ec22ea08fe356d,0.003736885394259475,0.004521631327053965,ZDT,True,0.7010781054116401,0.01655326517360763,crossover_eta_04,0.8483045075480846,0.8483045075480846,ok,ZDT1,0,phase1_5B_10seed,ZDT1_n10_m2
0.7044421669398637,0.013974908870728806,0.8523750219972352,0.8523750219972352,ok,crossover,13ec22ea08fe356d,-0.018782427978242942,-0.02272673785367396,ZDT,True,0.6856597389616208,0.04396919492090489,crossover_eta_04,0.8296482841435613,0.8296482841435613,ok,ZDT1,1,phase1_5B_10seed,ZDT1_n10_m2
0.7025973192106282,0.01495878461039073,0.8501427562448602,0.8501427562448602,ok,crossover,13ec22ea08fe356d,-0.005489601486702987,-0.006642417798910616,ZDT,True,0.6971077177239252,0.026543428993722973,crossover_eta_04,0.8435003384459496,0.8435003384459496,ok,ZDT1,2,phase1_5B_10seed,ZDT1_n10_m2
0.6367085590283216,0.13399661689502987,0.7704173564242692,0.7704173564242692,ok,crossover,13ec22ea08fe356d,-0.0012235733185953195,-0.001480523715500337,ZDT,True,0.6354849857097262,0.14080120624503212,crossover_eta_04,0.7689368327087689,0.7689368327087689,ok,ZDT1,3,phase1_5B_10seed,ZDT1_n10_m2
0.6951283769768659,0.020465105518142006,0.8411053361420079,0.8411053361420079,ok,crossover,13ec22ea08fe356d,-0.017048431913488576,-0.02062860261532118,ZDT,True,0.6780799450633773,0.04492575996004186,crossover_eta_04,0.8204767335266867,0.8204767335266867,ok,ZDT1,4,phase1_5B_10seed,ZDT1_n10_m2
0.6502922430361348,0.10944548604773369,0.7868536140737232,0.7868536140737232,ok,crossover,13ec22ea08fe356d,0.052937919942319014,0.06405488313020602,ZDT,True,0.7032301629784539,0.015840378168550592,crossover_eta_04,0.8509084972039292,0.8509084972039292,ok,ZDT1,5,phase1_5B_10seed,ZDT1_n10_m2
0.6997539770108653,0.016317894498908726,0.8467023121831471,0.8467023121831471,ok,crossover,13ec22ea08fe356d,-0.044036931862396614,-0.05328468755349991,ZDT,True,0.6557170451484686,0.09505243748337323,crossover_eta_04,0.7934176246296472,0.7934176246296472,ok,ZDT1,6,phase1_5B_10seed,ZDT1_n10_m2
0.6420136533185172,0.12573389856211456,0.776836520515406,0.776836520515406,ok,crossover,13ec22ea08fe356d,0.0007975582733763273,0.0009650455107853562,ZDT,True,0.6428112115918936,0.12229172531958561,crossover_eta_04,0.7778015660261913,0.7778015660261913,ok,ZDT1,7,phase1_5B_10seed,ZDT1_n10_m2
0.6975342849875682,0.019367026410246967,0.8440164848349576,0.8440164848349576,ok,crossover,13ec22ea08fe356d,0.010598798084373563,0.012824545682092015,ZDT,True,0.7081330830719418,0.011512090230264498,crossover_eta_04,0.8568410305170496,0.8568410305170496,ok,ZDT1,8,phase1_5B_10seed,ZDT1_n10_m2
0.690059504230738,0.023031252498993897,0.8349720001191931,0.8349720001191931,ok,crossover,13ec22ea08fe356d,0.0008851250918734627,0.00107100136116689,ZDT,True,0.6909446293226115,0.02562020249885909,crossover_eta_04,0.83604300148036,0.83604300148036,ok,ZDT1,9,phase1_5B_10seed,ZDT1_n10_m2
0.6973412200173806,0.018147046903729497,0.8437828762210307,0.8437828762210307,ok,selection,8c2cb099152b01ef,0.009717669354112536,0.01175837991847617,ZDT,True,0.7070588893714931,0.012532953843131774,selection_tournament_01,0.8555412561395068,0.8555412561395068,ok,ZDT1,0,phase1_5B_10seed,ZDT1_n10_m2
0.7044421669398637,0.013974908870728806,0.8523750219972352,0.8523750219972352,ok,selection,8c2cb099152b01ef,-0.012194229834459534,-0.014755018099696038,ZDT,True,0.6922479371054042,0.03020648886889455,selection_tournament_01,0.8376200038975392,0.8376200038975392,ok,ZDT1,1,phase1_5B_10seed,ZDT1_n10_m2
0.7025973192106282,0.01495878461039073,0.8501427562448602,0.8501427562448602,ok,selection,8c2cb099152b01ef,-0.04097876133150808,-0.04958430121112478,ZDT,True,0.6616185578791202,0.09141313633989978,selection_tournament_01,0.8005584550337355,0.8005584550337355,ok,ZDT1,2,phase1_5B_10seed,ZDT1_n10_m2
0.6367085590283216,0.13399661689502987,0.7704173564242692,0.7704173564242692,ok,selection,8c2cb099152b01ef,0.06973471126974262,0.08437900063638859,ZDT,True,0.7064432702980642,0.012667727548806348,selection_tournament_01,0.8547963570606578,0.8547963570606578,ok,ZDT1,3,phase1_5B_10seed,ZDT1_n10_m2
0.6951283769768659,0.020465105518142006,0.8411053361420079,0.8411053361420079,ok,selection,8c2cb099152b01ef,-0.012644008889399538,-0.015299250756173444,ZDT,True,0.6824843680874664,0.02771049189956225,selection_tournament_01,0.8258060853858344,0.8258060853858344,ok,ZDT1,4,phase1_5B_10seed,ZDT1_n10_m2
0.6502922430361348,0.10944548604773369,0.7868536140737232,0.7868536140737232,ok,selection,8c2cb099152b01ef,-0.0159425276936593,-0.019290458509327757,ZDT,True,0.6343497153424755,0.13355247846303353,selection_tournament_01,0.7675631555643955,0.7675631555643955,ok,ZDT1,5,phase1_5B_10seed,ZDT1_n10_m2
0.6997539770108653,0.016317894498908726,0.8467023121831471,0.8467023121831471,ok,selection,8c2cb099152b01ef,-0.0012184606836719097,-0.001474337427243011,ZDT,True,0.6985355163271934,0.021904715600548255,selection_tournament_01,0.845227974755904,0.845227974755904,ok,ZDT1,6,phase1_5B_10seed,ZDT1_n10_m2
0.6420136533185172,0.12573389856211456,0.776836520515406,0.776836520515406,ok,selection,8c2cb099152b01ef,0.002831402181186167,0.0034259966392352625,ZDT,True,0.6448450554997034,0.11777522545037689,selection_tournament_01,0.7802625171546412,0.7802625171546412,ok,ZDT1,7,phase1_5B_10seed,ZDT1_n10_m2
0.6975342849875682,0.019367026410246967,0.8440164848349576,0.8440164848349576,ok,selection,8c2cb099152b01ef,0.008310648745726363,0.0100558849823289,ZDT,True,0.7058449337332945,0.012973897207115073,selection_tournament_01,0.8540723698172865,0.8540723698172865,ok,ZDT1,8,phase1_5B_10seed,ZDT1_n10_m2
0.690059504230738,0.023031252498993897,0.8349720001191931,0.8349720001191931,ok,selection,8c2cb099152b01ef,0.0187124649564855,0.022642082597347457,ZDT,True,0.7087719691872235,0.011766041767654818,selection_tournament_01,0.8576140827165406,0.8576140827165406,ok,ZDT1,9,phase1_5B_10seed,ZDT1_n10_m2
0.6973412200173806,0.018147046903729497,0.8437828762210307,0.8437828762210307,ok,selection,5b1978066176501c,-0.004667297122064581,-0.005647429517698144,ZDT,True,0.692673922895316,0.028528613140657112,selection_tournament_02,0.8381354467033325,0.8381354467033325,ok,ZDT1,0,phase1_5B_10seed,ZDT1_n10_m2
0.7044421669398637,0.013974908870728806,0.8523750219972352,0.8523750219972352,ok,selection,5b1978066176501c,-0.05518843256273113,-0.06677800340090467,ZDT,True,0.6492537343771326,0.11275693175250515,selection_tournament_02,0.7855970185963306,0.7855970185963306,ok,ZDT1,1,phase1_5B_10seed,ZDT1_n10_m2
0.7025973192106282,0.01495878461039073,0.8501427562448602,0.8501427562448602,ok,selection,5b1978066176501c,0.005610041357634366,0.006788150042737584,ZDT,True,0.7082073605682626,0.011766244390645789,selection_tournament_02,0.8569309062875978,0.8569309062875978,ok,ZDT1,2,phase1_5B_10seed,ZDT1_n10_m2
0.6367085590283216,0.13399661689502987,0.7704173564242692,0.7704173564242692,ok,selection,5b1978066176501c,0.07294690866396811,0.08826575948340143,ZDT,True,0.7096554676922897,0.011092587165579537,selection_tournament_02,0.8586831159076707,0.8586831159076707,ok,ZDT1,3,phase1_5B_10seed,ZDT1_n10_m2
0.6951283769768659,0.020465105518142006,0.8411053361420079,0.8411053361420079,ok,selection,5b1978066176501c,0.008732226605843364,0.010565994193070471,ZDT,True,0.7038606035827093,0.013558979081091216,selection_tournament_02,0.8516713303350784,0.8516713303350784,ok,ZDT1,4,phase1_5B_10seed,ZDT1_n10_m2
0.6502922430361348,0.10944548604773369,0.7868536140737232,0.7868536140737232,ok,selection,5b1978066176501c,0.051076032008785736,0.06180199873063075,ZDT,True,0.7013682750449205,0.016643535767038833,selection_tournament_02,0.848655612804354,0.848655612804354,ok,ZDT1,5,phase1_5B_10seed,ZDT1_n10_m2
0.6997539770108653,0.016317894498908726,0.8467023121831471,0.8467023121831471,ok,selection,5b1978066176501c,0.004163674881357779,0.005038046606442914,ZDT,True,0.703917651892223,0.017350963406195997,selection_tournament_02,0.85174035878959,0.85174035878959,ok,ZDT1,6,phase1_5B_10seed,ZDT1_n10_m2
0.6420136533185172,0.12573389856211456,0.776836520515406,0.776836520515406,ok,selection,5b1978066176501c,0.04627928960309314,0.05599794041974271,ZDT,True,0.6882929429216104,0.03793100757576266,selection_tournament_02,0.8328344609351487,0.8328344609351487,ok,ZDT1,7,phase1_5B_10seed,ZDT1_n10_m2
0.6975342849875682,0.019367026410246967,0.8440164848349576,0.8440164848349576,ok,selection,5b1978066176501c,0.011184353569321556,0.013533067818879085,ZDT,True,0.7087186385568898,0.011684570517359145,selection_tournament_02,0.8575495526538367,0.8575495526538367,ok,ZDT1,8,phase1_5B_10seed,ZDT1_n10_m2
0.690059504230738,0.023031252498993897,0.8349720001191931,0.8349720001191931,ok,selection,5b1978066176501c,0.01151287220007307,0.013930575362088415,ZDT,True,0.701572376430811,0.019466428471994732,selection_tournament_02,0.8489025754812816,0.8489025754812816,ok,ZDT1,9,phase1_5B_10seed,ZDT1_n10_m2
0.6973412200173806,0.018147046903729497,0.8437828762210307,0.8437828762210307,ok,selection,2983d505a37bd8e9,-0.0019140014244230354,-0.002315941723551873,ZDT,True,0.6954272185929575,0.02066287382258233,selection_tournament_03,0.8414669344974788,0.8414669344974788,ok,ZDT1,0,phase1_5B_10seed,ZDT1_n10_m2
0.7044421669398637,0.013974908870728806,0.8523750219972352,0.8523750219972352,ok,selection,2983d505a37bd8e9,-0.008128106120900121,-0.009835008406289147,ZDT,True,0.6963140608189636,0.02879114868450517,selection_tournament_03,0.8425400135909461,0.8425400135909461,ok,ZDT1,1,phase1_5B_10seed,ZDT1_n10_m2
0.7025973192106282,0.01495878461039073,0.8501427562448602,0.8501427562448602,ok,selection,2983d505a37bd8e9,0.002420470218656613,0.002928768964574502,ZDT,True,0.7050177894292848,0.013395868389462317,selection_tournament_03,0.8530715252094347,0.8530715252094347,ok,ZDT1,2,phase1_5B_10seed,ZDT1_n10_m2
0.6367085590283216,0.13399661689502987,0.7704173564242692,0.7704173564242692,ok,selection,2983d505a37bd8e9,0.05825512907256868,0.07048870617780811,ZDT,True,0.6949636881008903,0.02383096498974269,selection_tournament_03,0.8409060626020773,0.8409060626020773,ok,ZDT1,3,phase1_5B_10seed,ZDT1_n10_m2
0.6951283769768659,0.020465105518142006,0.8411053361420079,0.8411053361420079,ok,selection,2983d505a37bd8e9,-0.0017795198253388882,-0.002153218988660055,ZDT,True,0.693348857151527,0.021377240779359437,selection_tournament_03,0.8389521171533478,0.8389521171533478,ok,ZDT1,4,phase1_5B_10seed,ZDT1_n10_m2
0.6502922430361348,0.10944548604773369,0.7868536140737232,0.7868536140737232,ok,selection,2983d505a37bd8e9,0.05894336797215495,0.0713214752463075,ZDT,True,0.7092356110082898,0.010658710396425427,selection_tournament_03,0.8581750893200307,0.8581750893200307,ok,ZDT1,5,phase1_5B_10seed,ZDT1_n10_m2
0.6997539770108653,0.016317894498908726,0.8467023121831471,0.8467023121831471,ok,selection,2983d505a37bd8e9,0.004338510068330146,0.005249597182679477,ZDT,True,0.7040924870791954,0.015760575702561553,selection_tournament_03,0.8519519093658265,0.8519519093658265,ok,ZDT1,6,phase1_5B_10seed,ZDT1_n10_m2
0.6420136533185172,0.12573389856211456,0.776836520515406,0.776836520515406,ok,selection,2983d505a37bd8e9,0.06003941697342086,0.07264769453783926,ZDT,True,0.7020530702919381,0.018586499076856177,selection_tournament_03,0.8494842150532452,0.8494842150532452,ok,ZDT1,7,phase1_5B_10seed,ZDT1_n10_m2
0.6975342849875682,0.019367026410246967,0.8440164848349576,0.8440164848349576,ok,selection,2983d505a37bd8e9,0.011641123829913606,0.014085759834195466,ZDT,True,0.7091754088174818,0.01139673249205161,selection_tournament_03,0.8581022446691531,0.8581022446691531,ok,ZDT1,8,phase1_5B_10seed,ZDT1_n10_m2
0.690059504230738,0.023031252498993897,0.8349720001191931,0.8349720001191931,ok,selection,2983d505a37bd8e9,0.014955802336789442,0.018096520827515228,ZDT,True,0.7050153065675274,0.013855506032863693,selection_tournament_03,0.8530685209467084,0.8530685209467084,ok,ZDT1,9,phase1_5B_10seed,ZDT1_n10_m2
0.6736395811858711,0.034050280925050136,0.8151038932349042,0.8151038932349042,ok,mutation,63b0b23eead2885c,0.00807801462341531,0.009774397694332526,ZDT,True,0.6817175958092864,0.03408981276681506,mutation_prob_02,0.8248782909292367,0.8248782909292367,ok,ZDT1,0,phase1_5B_10seed,ZDT1_n20_m2
0.6553246281853146,0.05883086716812038,0.7929428001042307,0.7929428001042307,ok,mutation,63b0b23eead2885c,0.027693999602054736,0.03350973951848624,ZDT,True,0.6830186277873692,0.029002610776685842,mutation_prob_02,0.8264525396227169,0.8264525396227169,ok,ZDT1,1,phase1_5B_10seed,ZDT1_n20_m2
0.6604018572825636,0.04496659386496944,0.7990862473119021,0.7990862473119021,ok,mutation,63b0b23eead2885c,-0.008993869292123705,-0.010882581843469685,ZDT,True,0.65140798799044,0.0764074328320949,mutation_prob_02,0.7882036654684325,0.7882036654684325,ok,ZDT1,2,phase1_5B_10seed,ZDT1_n20_m2
0.6523837627566677,0.05019005398358491,0.789384352935568,0.789384352935568,ok,mutation,63b0b23eead2885c,0.029923632877204377,0.0362075957814173,ZDT,True,0.682307395633872,0.028762869734057433,mutation_prob_02,0.8255919487169853,0.8255919487169853,ok,ZDT1,3,phase1_5B_10seed,ZDT1_n20_m2
0.6096823538171158,0.14690922518492813,0.7377156481187103,0.7377156481187103,ok,mutation,63b0b23eead2885c,0.07675042975303534,0.09286802000117278,ZDT,True,0.6864327835701511,0.0258639974290629,mutation_prob_02,0.830583668119883,0.830583668119883,ok,ZDT1,4,phase1_5B_10seed,ZDT1_n20_m2
0.6690814953886873,0.051599248220205854,0.8095886094203119,0.8095886094203119,ok,mutation,63b0b23eead2885c,0.02017723693379775,0.02441445668989528,ZDT,True,0.6892587323224851,0.02398647818732839,mutation_prob_02,0.8340030661102071,0.8340030661102071,ok,ZDT1,5,phase1_5B_10seed,ZDT1_n20_m2
0.6278555674362539,0.12355746293235836,0.7597052365978674,0.7597052365978674,ok,mutation,63b0b23eead2885c,0.061183401102805145,0.07403191533439424,ZDT,True,0.6890389685390591,0.024234762471287804,mutation_prob_02,0.8337371519322616,0.8337371519322616,ok,ZDT1,6,phase1_5B_10seed,ZDT1_n20_m2
0.6384287018465439,0.08242059977530582,0.7724987292343182,0.7724987292343182,ok,mutation,63b0b23eead2885c,0.04683531240883808,0.05667072801469408,ZDT,True,0.685264014255382,0.027479498462256852,mutation_prob_02,0.8291694572490123,0.8291694572490123,ok,ZDT1,7,phase1_5B_10seed,ZDT1_n20_m2
0.6673949359883573,0.03990406116105203,0.8075478725459124,0.8075478725459124,ok,mutation,63b0b23eead2885c,-0.028392165251150816,-0.03435451995389249,ZDT,True,0.6390027707372065,0.12243836220626308,mutation_prob_02,0.7731933525920199,0.7731933525920199,ok,ZDT1,8,phase1_5B_10seed,ZDT1_n20_m2
0.6489660995486688,0.060718008859475606,0.7852489804538894,0.7852489804538894,ok,mutation,63b0b23eead2885c,0.026488103272013702,0.032050604959136586,ZDT,True,0.6754542028206825,0.04248921845781553,mutation_prob_02,0.8172995854130259,0.8172995854130259,ok,ZDT1,9,phase1_5B_10seed,ZDT1_n20_m2
0.6736395811858711,0.034050280925050136,0.8151038932349042,0.8151038932349042,ok,mutation,3064b9579071b709,0.00824203043367238,0.009972856824743581,ZDT,True,0.6818816116195435,0.02929965372544988,mutation_prob_03,0.8250767500596478,0.8250767500596478,ok,ZDT1,0,phase1_5B_10seed,ZDT1_n20_m2
0.6553246281853146,0.05883086716812038,0.7929428001042307,0.7929428001042307,ok,mutation,3064b9579071b709,0.027605334540200463,0.033402454793642566,ZDT,True,0.682929962725515,0.028049487420664782,mutation_prob_03,0.8263452548978732,0.8263452548978732,ok,ZDT1,1,phase1_5B_10seed,ZDT1_n20_m2
0.6604018572825636,0.04496659386496944,0.7990862473119021,0.7990862473119021,ok,mutation,3064b9579071b709,0.026866761843590273,0.03250878183074424,ZDT,True,0.6872686191261539,0.025913680073588317,mutation_prob_03,0.8315950291426464,0.8315950291426464,ok,ZDT1,2,phase1_5B_10seed,ZDT1_n20_m2
0.6523837627566677,0.05019005398358491,0.789384352935568,0.789384352935568,ok,mutation,3064b9579071b709,0.03768802145335121,0.04560250595855497,ZDT,True,0.6900717842100188,0.024086444525325743,mutation_prob_03,0.8349868588941229,0.8349868588941229,ok,ZDT1,3,phase1_5B_10seed,ZDT1_n20_m2
0.6096823538171158,0.14690922518492813,0.7377156481187103,0.7377156481187103,ok,mutation,3064b9579071b709,0.07135211944612654,0.08633606452981313,ZDT,True,0.6810344732632424,0.03128995518837778,mutation_prob_03,0.8240517126485234,0.8240517126485234,ok,ZDT1,4,phase1_5B_10seed,ZDT1_n20_m2
0.6690814953886873,0.051599248220205854,0.8095886094203119,0.8095886094203119,ok,mutation,3064b9579071b709,0.014112690980108492,0.017076356085931277,ZDT,True,0.6831941863687959,0.029595475062850145,mutation_prob_03,0.8266649655062431,0.8266649655062431,ok,ZDT1,5,phase1_5B_10seed,ZDT1_n20_m2
0.6278555674362539,0.12355746293235836,0.7597052365978674,0.7597052365978674,ok,mutation,3064b9579071b709,0.06594658261304129,0.07979536496177997,ZDT,True,0.6938021500492952,0.02098463492710312,mutation_prob_03,0.8395006015596473,0.8395006015596473,ok,ZDT1,6,phase1_5B_10seed,ZDT1_n20_m2
0.6384287018465439,0.08242059977530582,0.7724987292343182,0.7724987292343182,ok,mutation,3064b9579071b709,0.050710698019206524,0.0613599446032399,ZDT,True,0.6891393998657503,0.023717346502751743,mutation_prob_03,0.8338586738375581,0.8338586738375581,ok,ZDT1,7,phase1_5B_10seed,ZDT1_n20_m2
0.6673949359883573,0.03990406116105203,0.8075478725459124,0.8075478725459124,ok,mutation,3064b9579071b709,0.023070344887540527,0.027915117313924043,ZDT,True,0.6904652808758978,0.02391054146616197,mutation_prob_03,0.8354629898598365,0.8354629898598365,ok,ZDT1,8,phase1_5B_10seed,ZDT1_n20_m2
0.6489660995486688,0.060718008859475606,0.7852489804538894,0.7852489804538894,ok,mutation,3064b9579071b709,0.02533557998671987,0.03065605178393105,ZDT,True,0.6743016795353887,0.04281976857593641,mutation_prob_03,0.8159050322378204,0.8159050322378204,ok,ZDT1,9,phase1_5B_10seed,ZDT1_n20_m2
0.6736395811858711,0.034050280925050136,0.8151038932349042,0.8151038932349042,ok,mutation,e94bbdb5b5fbb3c4,0.004475940978597815,0.005415888584103357,ZDT,True,0.6781155221644689,0.032200427093287146,mutation_prob_04,0.8205197818190075,0.8205197818190075,ok,ZDT1,0,phase1_5B_10seed,ZDT1_n20_m2
0.6553246281853146,0.05883086716812038,0.7929428001042307,0.7929428001042307,ok,mutation,e94bbdb5b5fbb3c4,0.019976721909280532,0.024171833510229446,ZDT,True,0.675301350094595,0.03437647827392479,mutation_prob_04,0.8171146336144601,0.8171146336144601,ok,ZDT1,1,phase1_5B_10seed,ZDT1_n20_m2
0.6604018572825636,0.04496659386496944,0.7990862473119021,0.7990862473119021,ok,mutation,e94bbdb5b5fbb3c4,0.01349328057019449,0.016326869489935336,ZDT,True,0.6738951378527581,0.03631967155393098,mutation_prob_04,0.8154131168018375,0.8154131168018375,ok,ZDT1,2,phase1_5B_10seed,ZDT1_n20_m2
0.6523837627566677,0.05019005398358491,0.789384352935568,0.789384352935568,ok,mutation,e94bbdb5b5fbb3c4,-0.022085215593742644,-0.0267231108684286,ZDT,True,0.630298547162925,0.09584157493644642,mutation_prob_04,0.7626612420671394,0.7626612420671394,ok,ZDT1,3,phase1_5B_10seed,ZDT1_n20_m2
0.6096823538171158,0.14690922518492813,0.7377156481187103,0.7377156481187103,ok,mutation,e94bbdb5b5fbb3c4,0.051105703260107764,0.061837900944730406,ZDT,True,0.6607880570772235,0.05446497036994721,mutation_prob_04,0.7995535490634407,0.7995535490634407,ok,ZDT1,4,phase1_5B_10seed,ZDT1_n20_m2
0.6690814953886873,0.051599248220205854,0.8095886094203119,0.8095886094203119,ok,mutation,e94bbdb5b5fbb3c4,0.019417198769448182,0.023494810511032305,ZDT,True,0.6884986941581356,0.02542430217894131,mutation_prob_04,0.8330834199313442,0.8330834199313442,ok,ZDT1,5,phase1_5B_10seed,ZDT1_n20_m2
0.6278555674362539,0.12355746293235836,0.7597052365978674,0.7597052365978674,ok,mutation,e94bbdb5b5fbb3c4,0.05263918227161346,0.0636934105486523,ZDT,True,0.6804947497078674,0.030388660012949906,mutation_prob_04,0.8233986471465197,0.8233986471465197,ok,ZDT1,6,phase1_5B_10seed,ZDT1_n20_m2
0.6384287018465439,0.08242059977530582,0.7724987292343182,0.7724987292343182,ok,mutation,e94bbdb5b5fbb3c4,0.046443928770313135,0.056197153812078904,ZDT,True,0.684872630616857,0.027196590804234724,mutation_prob_04,0.8286958830463971,0.8286958830463971,ok,ZDT1,7,phase1_5B_10seed,ZDT1_n20_m2
0.6673949359883573,0.03990406116105203,0.8075478725459124,0.8075478725459124,ok,mutation,e94bbdb5b5fbb3c4,0.01733822281004386,0.02097924960015307,ZDT,True,0.6847331587984011,0.02722263340662887,mutation_prob_04,0.8285271221460655,0.8285271221460655,ok,ZDT1,8,phase1_5B_10seed,ZDT1_n20_m2
0.6489660995486688,0.060718008859475606,0.7852489804538894,0.7852489804538894,ok,mutation,e94bbdb5b5fbb3c4,0.02418557737515859,0.0292645486239419,ZDT,True,0.6731516769238274,0.03599429317088929,mutation_prob_04,0.8145135290778313,0.8145135290778313,ok,ZDT1,9,phase1_5B_10seed,ZDT1_n20_m2
0.6736395811858711,0.034050280925050136,0.8151038932349042,0.8151038932349042,ok,mutation,fe5554470026d965,-0.019984544345840648,-0.024181298658467187,ZDT,True,0.6536550368400305,0.05069945734296547,mutation_prob_05,0.790922594576437,0.790922594576437,ok,ZDT1,0,phase1_5B_10seed,ZDT1_n20_m2
0.6553246281853146,0.05883086716812038,0.7929428001042307,0.7929428001042307,ok,mutation,fe5554470026d965,-0.004527150687830799,-0.005477852332275268,ZDT,True,0.6507974774974837,0.050938495405841666,mutation_prob_05,0.7874649477719554,0.7874649477719554,ok,ZDT1,1,phase1_5B_10seed,ZDT1_n20_m2
0.6604018572825636,0.04496659386496944,0.7990862473119021,0.7990862473119021,ok,mutation,fe5554470026d965,-0.035975935521653464,-0.0435308819812007,ZDT,True,0.6244259217609102,0.10880814984554753,mutation_prob_05,0.7555553653307014,0.7555553653307014,ok,ZDT1,2,phase1_5B_10seed,ZDT1_n20_m2
0.6523837627566677,0.05019005398358491,0.789384352935568,0.789384352935568,ok,mutation,fe5554470026d965,0.002173708578051134,0.002630187379441873,ZDT,True,0.6545574713347188,0.04852235325777144,mutation_prob_05,0.7920145403150098,0.7920145403150098,ok,ZDT1,3,phase1_5B_10seed,ZDT1_n20_m2
0.6096823538171158,0.14690922518492813,0.7377156481187103,0.7377156481187103,ok,mutation,fe5554470026d965,0.03767313583384587,0.04558449435895351,ZDT,True,0.6473554896509617,0.05557138082883055,mutation_prob_05,0.7833001424776638,0.7833001424776638,ok,ZDT1,4,phase1_5B_10seed,ZDT1_n20_m2
0.6690814953886873,0.051599248220205854,0.8095886094203119,0.8095886094203119,ok,mutation,fe5554470026d965,-0.029929373636147432,-0.0362145420997384,ZDT,True,0.63915212175254,0.059837168071541026,mutation_prob_05,0.7733740673205735,0.7733740673205735,ok,ZDT1,5,phase1_5B_10seed,ZDT1_n20_m2
0.6278555674362539,0.12355746293235836,0.7597052365978674,0.7597052365978674,ok,mutation,fe5554470026d965,0.008657314447034043,0.010475350480911194,ZDT,True,0.636512881883288,0.07057080723377668,mutation_prob_05,0.7701805870787786,0.7701805870787786,ok,ZDT1,6,phase1_5B_10seed,ZDT1_n20_m2
0.6384287018465439,0.08242059977530582,0.7724987292343182,0.7724987292343182,ok,mutation,fe5554470026d965,0.015255799207792015,0.01845951704142834,ZDT,True,0.6536845010543358,0.04772820500011021,mutation_prob_05,0.7909582462757465,0.7909582462757465,ok,ZDT1,7,phase1_5B_10seed,ZDT1_n20_m2
0.6673949359883573,0.03990406116105203,0.8075478725459124,0.8075478725459124,ok,mutation,fe5554470026d965,-0.018024494540769355,-0.02180963839433092,ZDT,True,0.6493704414475879,0.05639222018698533,mutation_prob_05,0.7857382341515815,0.7857382341515815,ok,ZDT1,8,phase1_5B_10seed,ZDT1_n20_m2
0.6489660995486688,0.060718008859475606,0.7852489804538894,0.7852489804538894,ok,mutation,fe5554470026d965,-0.057783165381652304,-0.0699176301117993,ZDT,True,0.5911829341670165,0.11710439320423721,mutation_prob_05,0.71533135034209,0.71533135034209,ok,ZDT1,9,phase1_5B_10seed,ZDT1_n20_m2
0.6736395811858711,0.034050280925050136,0.8151038932349042,0.8151038932349042,ok,mutation,78d3ed4debbbbe97,0.013218721491637747,0.015994653004881676,ZDT,True,0.6868583026775089,0.025003233402163157,mutation_eta_01,0.8310985462397859,0.8310985462397859,ok,ZDT1,0,phase1_5B_10seed,ZDT1_n20_m2
0.6553246281853146,0.05883086716812038,0.7929428001042307,0.7929428001042307,ok,mutation,78d3ed4debbbbe97,0.01510754136013566,0.01828012504576415,ZDT,True,0.6704321695454502,0.03646862894265092,mutation_eta_01,0.8112229251499948,0.8112229251499948,ok,ZDT1,1,phase1_5B_10seed,ZDT1_n20_m2
0.6604018572825636,0.04496659386496944,0.7990862473119021,0.7990862473119021,ok,mutation,78d3ed4debbbbe97,0.012013878909086805,0.014536793479995036,ZDT,True,0.6724157361916504,0.03708545450197617,mutation_eta_01,0.8136230407918972,0.8136230407918972,ok,ZDT1,2,phase1_5B_10seed,ZDT1_n20_m2
0.6523837627566677,0.05019005398358491,0.789384352935568,0.789384352935568,ok,mutation,78d3ed4debbbbe97,0.034983139226177414,0.04232959846367468,ZDT,True,0.687366901982845,0.025457460069766326,mutation_eta_01,0.8317139513992426,0.8317139513992426,ok,ZDT1,3,phase1_5B_10seed,ZDT1_n20_m2
0.6096823538171158,0.14690922518492813,0.7377156481187103,0.7377156481187103,ok,mutation,78d3ed4debbbbe97,0.07050673595182218,0.08531315050170485,ZDT,True,0.680189089768938,0.02995791872158928,mutation_eta_01,0.8230287986204151,0.8230287986204151,ok,ZDT1,4,phase1_5B_10seed,ZDT1_n20_m2
0.6690814953886873,0.051599248220205854,0.8095886094203119,0.8095886094203119,ok,mutation,78d3ed4debbbbe97,0.013858075883650067,0.016768271819216585,ZDT,True,0.6829395712723374,0.030441994194242473,mutation_eta_01,0.8263568812395284,0.8263568812395284,ok,ZDT1,5,phase1_5B_10seed,ZDT1_n20_m2
0.6278555674362539,0.12355746293235836,0.7597052365978674,0.7597052365978674,ok,mutation,78d3ed4debbbbe97,0.042887722762855705,0.05189414454305541,ZDT,True,0.6707432901991096,0.03733946969521942,mutation_eta_01,0.8115993811409228,0.8115993811409228,ok,ZDT1,6,phase1_5B_10seed,ZDT1_n20_m2
0.6384287018465439,0.08242059977530582,0.7724987292343182,0.7724987292343182,ok,mutation,78d3ed4debbbbe97,0.04807552544144163,0.05817138578414438,ZDT,True,0.6865042272879854,0.025174681647294247,mutation_eta_01,0.8306701150184626,0.8306701150184626,ok,ZDT1,7,phase1_5B_10seed,ZDT1_n20_m2
0.6673949359883573,0.03990406116105203,0.8075478725459124,0.8075478725459124,ok,mutation,78d3ed4debbbbe97,0.021669810428827728,0.026220470618881553,ZDT,True,0.689064746417185,0.024247893133858243,mutation_eta_01,0.833768343164794,0.833768343164794,ok,ZDT1,8,phase1_5B_10seed,ZDT1_n20_m2
0.6489660995486688,0.060718008859475606,0.7852489804538894,0.7852489804538894,ok,mutation,78d3ed4debbbbe97,0.002500604501009625,0.0030257314462216467,ZDT,True,0.6514667040496784,0.06019008910811687,mutation_eta_01,0.788274711900111,0.788274711900111,ok,ZDT1,9,phase1_5B_10seed,ZDT1_n20_m2
0.6736395811858711,0.034050280925050136,0.8151038932349042,0.8151038932349042,ok,mutation,7970bd1b81a26e03,0.01372379852079073,0.016605796210156787,ZDT,True,0.6873633797066618,0.025805520234437888,mutation_eta_02,0.831709689445061,0.831709689445061,ok,ZDT1,0,phase1_5B_10seed,ZDT1_n20_m2
0.6553246281853146,0.05883086716812038,0.7929428001042307,0.7929428001042307,ok,mutation,7970bd1b81a26e03,0.0075171399915592504,0.009095739389786694,ZDT,True,0.6628417681768738,0.04766519868145542,mutation_eta_02,0.8020385394940174,0.8020385394940174,ok,ZDT1,1,phase1_5B_10seed,ZDT1_n20_m2
0.6604018572825636,0.04496659386496944,0.7990862473119021,0.7990862473119021,ok,mutation,7970bd1b81a26e03,-0.006840544006037613,-0.008277058247305513,ZDT,True,0.653561313276526,0.05013845018073097,mutation_eta_02,0.7908091890645966,0.7908091890645966,ok,ZDT1,2,phase1_5B_10seed,ZDT1_n20_m2
0.6523837627566677,0.05019005398358491,0.789384352935568,0.789384352935568,ok,mutation,7970bd1b81a26e03,0.039290632248645804,0.047541665020861434,ZDT,True,0.6916743950053135,0.022024629071735437,mutation_eta_02,0.8369260179564294,0.8369260179564294,ok,ZDT1,3,phase1_5B_10seed,ZDT1_n20_m2
0.6096823538171158,0.14690922518492813,0.7377156481187103,0.7377156481187103,ok,mutation,7970bd1b81a26e03,0.07488755174772056,0.0906139376147419,ZDT,True,0.6845699055648364,0.027363253334031286,mutation_eta_02,0.8283295857334522,0.8283295857334522,ok,ZDT1,4,phase1_5B_10seed,ZDT1_n20_m2
0.6690814953886873,0.051599248220205854,0.8095886094203119,0.8095886094203119,ok,mutation,7970bd1b81a26e03,0.005195617333654522,0.0062866969737219724,ZDT,True,0.6742771127223419,0.03749124378086775,mutation_eta_02,0.8158753063940338,0.8158753063940338,ok,ZDT1,5,phase1_5B_10seed,ZDT1_n20_m2
0.6278555674362539,0.12355746293235836,0.7597052365978674,0.7597052365978674,ok,mutation,7970bd1b81a26e03,0.0545065443728654,0.06595291869116715,ZDT,True,0.6823621118091193,0.028757021956182006,mutation_eta_02,0.8256581552890345,0.8256581552890345,ok,ZDT1,6,phase1_5B_10seed,ZDT1_n20_m2
0.6384287018465439,0.08242059977530582,0.7724987292343182,0.7724987292343182,ok,mutation,7970bd1b81a26e03,0.04912806893443082,0.0594449634106613,ZDT,True,0.6875567707809747,0.02481255200005386,mutation_eta_02,0.8319436926449795,0.8319436926449795,ok,ZDT1,7,phase1_5B_10seed,ZDT1_n20_m2
0.6673949359883573,0.03990406116105203,0.8075478725459124,0.8075478725459124,ok,mutation,7970bd1b81a26e03,0.029724119176383478,0.03596618420342401,ZDT,True,0.6971190551647407,0.018516992756201323,mutation_eta_02,0.8435140567493364,0.8435140567493364,ok,ZDT1,8,phase1_5B_10seed,ZDT1_n20_m2
0.6489660995486688,0.060718008859475606,0.7852489804538894,0.7852489804538894,ok,mutation,7970bd1b81a26e03,0.039425412255453096,0.047704748829098254,ZDT,True,0.6883915118041218,0.02426609870331043,mutation_eta_02,0.8329537292829876,0.8329537292829876,ok,ZDT1,9,phase1_5B_10seed,ZDT1_n20_m2
0.6736395811858711,0.034050280925050136,0.8151038932349042,0.8151038932349042,ok,mutation,553818b022d6bcd1,0.002885341603128374,0.003491263339785333,ZDT,True,0.6765249227889994,0.03810191665775579,mutation_eta_03,0.8185951565746895,0.8185951565746895,ok,ZDT1,0,phase1_5B_10seed,ZDT1_n20_m2
0.6553246281853146,0.05883086716812038,0.7929428001042307,0.7929428001042307,ok,mutation,553818b022d6bcd1,0.006908503482148402,0.008359289213399568,ZDT,True,0.6622331316674629,0.04377478414393849,mutation_eta_03,0.8013020893176303,0.8013020893176303,ok,ZDT1,1,phase1_5B_10seed,ZDT1_n20_m2
0.6604018572825636,0.04496659386496944,0.7990862473119021,0.7990862473119021,ok,mutation,553818b022d6bcd1,0.003023092431031126,0.0036579418415476628,ZDT,True,0.6634249497135948,0.047727281429045226,mutation_eta_03,0.8027441891534498,0.8027441891534498,ok,ZDT1,2,phase1_5B_10seed,ZDT1_n20_m2
0.6523837627566677,0.05019005398358491,0.789384352935568,0.789384352935568,ok,mutation,553818b022d6bcd1,0.016740401502043575,0.02025588581747273,ZDT,True,0.6691241642587112,0.039721114448126586,mutation_eta_03,0.8096402387530407,0.8096402387530407,ok,ZDT1,3,phase1_5B_10seed,ZDT1_n20_m2
0.6096823538171158,0.14690922518492813,0.7377156481187103,0.7377156481187103,ok,mutation,553818b022d6bcd1,0.08372293543310859,0.1013047518740614,ZDT,True,0.6934052892502244,0.02090075682139797,mutation_eta_03,0.8390203999927717,0.8390203999927717,ok,ZDT1,4,phase1_5B_10seed,ZDT1_n20_m2
0.6690814953886873,0.051599248220205854,0.8095886094203119,0.8095886094203119,ok,mutation,553818b022d6bcd1,0.022113763470094583,0.02675765379881445,ZDT,True,0.691195258858782,0.023690895684343224,mutation_eta_03,0.8363462632191263,0.8363462632191263,ok,ZDT1,5,phase1_5B_10seed,ZDT1_n20_m2
0.6278555674362539,0.12355746293235836,0.7597052365978674,0.7597052365978674,ok,mutation,553818b022d6bcd1,0.030354162401192236,0.03672853650544261,ZDT,True,0.6582097298374462,0.06031058515952964,mutation_eta_03,0.79643377310331,0.79643377310331,ok,ZDT1,6,phase1_5B_10seed,ZDT1_n20_m2
0.6384287018465439,0.08242059977530582,0.7724987292343182,0.7724987292343182,ok,mutation,553818b022d6bcd1,0.04355822940806216,0.05270545758375522,ZDT,True,0.681986931254606,0.03312387852882266,mutation_eta_03,0.8252041868180734,0.8252041868180734,ok,ZDT1,7,phase1_5B_10seed,ZDT1_n20_m2
0.6673949359883573,0.03990406116105203,0.8075478725459124,0.8075478725459124,ok,mutation,553818b022d6bcd1,0.008763008043488433,0.010603239732621006,ZDT,True,0.6761579440318457,0.04215195395402154,mutation_eta_03,0.8181511122785334,0.8181511122785334,ok,ZDT1,8,phase1_5B_10seed,ZDT1_n20_m2
0.6489660995486688,0.060718008859475606,0.7852489804538894,0.7852489804538894,ok,mutation,553818b022d6bcd1,0.009639240800973779,0.011663481369178275,ZDT,True,0.6586053403496426,0.06694217819754093,mutation_eta_03,0.7969124618230676,0.7969124618230676,ok,ZDT1,9,phase1_5B_10seed,ZDT1_n20_m2
0.6736395811858711,0.034050280925050136,0.8151038932349042,0.8151038932349042,ok,mutation,6f9c13e459e5ea52,-0.007791863374213411,-0.009428154682798229,ZDT,True,0.6658477178116577,0.041317561356822345,mutation_eta_04,0.805675738552106,0.805675738552106,ok,ZDT1,0,phase1_5B_10seed,ZDT1_n20_m2
0.6553246281853146,0.05883086716812038,0.7929428001042307,0.7929428001042307,ok,mutation,6f9c13e459e5ea52,-0.09359970931720243,-0.11325564827381496,ZDT,True,0.561724918868112,0.13369811188394695,mutation_eta_04,0.6796871518304157,0.6796871518304157,ok,ZDT1,1,phase1_5B_10seed,ZDT1_n20_m2
0.6604018572825636,0.04496659386496944,0.7990862473119021,0.7990862473119021,ok,mutation,6f9c13e459e5ea52,-0.17553624781123406,-0.21239885985159324,ZDT,True,0.4848656094713296,0.27996815156729005,mutation_eta_04,0.5866873874603089,0.5866873874603089,ok,ZDT1,2,phase1_5B_10seed,ZDT1_n20_m2
0.6523837627566677,0.05019005398358491,0.789384352935568,0.789384352935568,ok,mutation,6f9c13e459e5ea52,-0.09572154651102727,-0.11582307127834301,ZDT,True,0.5566622162456404,0.12346002332999419,mutation_eta_04,0.673561281657225,0.673561281657225,ok,ZDT1,3,phase1_5B_10seed,ZDT1_n20_m2
0.6096823538171158,0.14690922518492813,0.7377156481187103,0.7377156481187103,ok,mutation,6f9c13e459e5ea52,-0.03567452803496391,-0.04316617892230634,ZDT,True,0.5740078257821519,0.20262101621335715,mutation_eta_04,0.6945494691964039,0.6945494691964039,ok,ZDT1,4,phase1_5B_10seed,ZDT1_n20_m2
0.6690814953886873,0.051599248220205854,0.8095886094203119,0.8095886094203119,ok,mutation,6f9c13e459e5ea52,-0.008583650435195442,-0.010386217026586486,ZDT,True,0.660497844953492,0.04446641793387132,mutation_eta_04,0.7992023923937254,0.7992023923937254,ok,ZDT1,5,phase1_5B_10seed,ZDT1_n20_m2
0.6278555674362539,0.12355746293235836,0.7597052365978674,0.7597052365978674,ok,mutation,6f9c13e459e5ea52,0.029381185534967866,0.035551234497311124,ZDT,True,0.6572367529712217,0.05162732875547932,mutation_eta_04,0.7952564710951785,0.7952564710951785,ok,ZDT1,6,phase1_5B_10seed,ZDT1_n20_m2
0.6384287018465439,0.08242059977530582,0.7724987292343182,0.7724987292343182,ok,mutation,6f9c13e459e5ea52,-0.09530473390411681,-0.11531872802398135,ZDT,True,0.543123967942427,0.20634997206636657,mutation_eta_04,0.6571800012103368,0.6571800012103368,ok,ZDT1,7,phase1_5B_10seed,ZDT1_n20_m2
0.6673949359883573,0.03990406116105203,0.8075478725459124,0.8075478725459124,ok,mutation,6f9c13e459e5ea52,-0.03063619744844946,-0.03706979891262385,ZDT,True,0.6367587385399078,0.1114810342226356,mutation_eta_04,0.7704780736332886,0.7704780736332886,ok,ZDT1,8,phase1_5B_10seed,ZDT1_n20_m2
0.6489660995486688,0.060718008859475606,0.7852489804538894,0.7852489804538894,ok,mutation,6f9c13e459e5ea52,0.0028478478215367034,0.0034458958640594117,ZDT,True,0.6518139473702055,0.05276301018547087,mutation_eta_04,0.7886948763179488,0.7886948763179488,ok,ZDT1,9,phase1_5B_10seed,ZDT1_n20_m2
0.6736395811858711,0.034050280925050136,0.8151038932349042,0.8151038932349042,ok,mutation,49162d6a26947520,-0.04237229951968598,-0.05127048241882004,ZDT,True,0.6312672816661852,0.06626561409523256,mutation_eta_05,0.7638334108160841,0.7638334108160841,ok,ZDT1,0,phase1_5B_10seed,ZDT1_n20_m2
0.6553246281853146,0.05883086716812038,0.7929428001042307,0.7929428001042307,ok,mutation,49162d6a26947520,-0.08271257338431406,-0.10008221379502003,ZDT,True,0.5726120548010004,0.12124060060964142,mutation_eta_05,0.6928605863092107,0.6928605863092107,ok,ZDT1,1,phase1_5B_10seed,ZDT1_n20_m2
0.6604018572825636,0.04496659386496944,0.7990862473119021,0.7990862473119021,ok,mutation,49162d6a26947520,-0.11421242083049397,-0.13819702920489774,ZDT,True,0.5461894364520696,0.15239566889268943,mutation_eta_05,0.6608892181070044,0.6608892181070044,ok,ZDT1,2,phase1_5B_10seed,ZDT1_n20_m2
0.6523837627566677,0.05019005398358491,0.789384352935568,0.789384352935568,ok,mutation,49162d6a26947520,-0.023790368230797117,-0.028786345559264515,ZDT,True,0.6285933945258705,0.06826663666954305,mutation_eta_05,0.7605980073763035,0.7605980073763035,ok,ZDT1,3,phase1_5B_10seed,ZDT1_n20_m2
0.6096823538171158,0.14690922518492813,0.7377156481187103,0.7377156481187103,ok,mutation,49162d6a26947520,0.0019067600189187853,0.0023071796228917307,ZDT,True,0.6115891138360346,0.10210192628834737,mutation_eta_05,0.740022827741602,0.740022827741602,ok,ZDT1,4,phase1_5B_10seed,ZDT1_n20_m2
0.6690814953886873,0.051599248220205854,0.8095886094203119,0.8095886094203119,ok,mutation,49162d6a26947520,-0.09603371676489522,-0.11620079728552324,ZDT,True,0.5730477786237922,0.11345011233429268,mutation_eta_05,0.6933878121347886,0.6933878121347886,ok,ZDT1,5,phase1_5B_10seed,ZDT1_n20_m2
0.6278555674362539,0.12355746293235836,0.7597052365978674,0.7597052365978674,ok,mutation,49162d6a26947520,0.04360233055977897,0.05275881997733256,ZDT,True,0.671457897996033,0.04072993125487581,mutation_eta_05,0.8124640565751999,0.8124640565751999,ok,ZDT1,6,phase1_5B_10seed,ZDT1_n20_m2
0.6384287018465439,0.08242059977530582,0.7724987292343182,0.7724987292343182,ok,mutation,49162d6a26947520,-0.03309402926860966,-0.04004377541501769,ZDT,True,0.6053346725779342,0.08725443227402532,mutation_eta_05,0.7324549538193005,0.7324549538193005,ok,ZDT1,7,phase1_5B_10seed,ZDT1_n20_m2
0.6673949359883573,0.03990406116105203,0.8075478725459124,0.8075478725459124,ok,mutation,49162d6a26947520,0.012863894075828487,0.01556531183175247,ZDT,True,0.6802588300641857,0.033602838699475134,mutation_eta_05,0.8231131843776649,0.8231131843776649,ok,ZDT1,8,phase1_5B_10seed,ZDT1_n20_m2
0.6489660995486688,0.060718008859475606,0.7852489804538894,0.7852489804538894,ok,mutation,49162d6a26947520,-0.08910177800910447,-0.10781315139101644,ZDT,True,0.5598643215395643,0.1263133484299902,mutation_eta_05,0.6774358290628729,0.6774358290628729,ok,ZDT1,9,phase1_5B_10seed,ZDT1_n20_m2
0.6736395811858711,0.034050280925050136,0.8151038932349042,0.8151038932349042,ok,crossover,c074a8f3de126e34,-0.1486467197196234,-0.17986253086074433,ZDT,True,0.5249928614662477,0.23826779630533687,crossover_prob_01,0.6352413623741598,0.6352413623741598,ok,ZDT1,0,phase1_5B_10seed,ZDT1_n20_m2
0.6553246281853146,0.05883086716812038,0.7929428001042307,0.7929428001042307,ok,crossover,c074a8f3de126e34,-0.1674740516738754,-0.20264360252538927,ZDT,True,0.4878505765114391,0.21651558056338624,crossover_prob_01,0.5902991975788414,0.5902991975788414,ok,ZDT1,1,phase1_5B_10seed,ZDT1_n20_m2
0.6604018572825636,0.04496659386496944,0.7990862473119021,0.7990862473119021,ok,crossover,c074a8f3de126e34,-0.08002300018303948,-0.09682783022147778,ZDT,True,0.5803788570995242,0.14633044972438147,crossover_prob_01,0.7022584170904244,0.7022584170904244,ok,ZDT1,2,phase1_5B_10seed,ZDT1_n20_m2
0.6523837627566677,0.05019005398358491,0.789384352935568,0.789384352935568,ok,crossover,c074a8f3de126e34,-0.06830050727699846,-0.08264361380516816,ZDT,True,0.5840832554796692,0.1318924785562671,crossover_prob_01,0.7067407391303998,0.7067407391303998,ok,ZDT1,3,phase1_5B_10seed,ZDT1_n20_m2
0.6096823538171158,0.14690922518492813,0.7377156481187103,0.7377156481187103,ok,crossover,c074a8f3de126e34,-0.05843958104461703,-0.07071189306398662,ZDT,True,0.5512427727724988,0.16452240790371994,crossover_prob_01,0.6670037550547236,0.6670037550547236,ok,ZDT1,4,phase1_5B_10seed,ZDT1_n20_m2
0.6690814953886873,0.051599248220205854,0.8095886094203119,0.8095886094203119,ok,crossover,c074a8f3de126e34,-0.09977208453246356,-0.12072422228428092,ZDT,True,0.5693094108562238,0.14392736274949003,crossover_prob_01,0.6888643871360309,0.6888643871360309,ok,ZDT1,5,phase1_5B_10seed,ZDT1_n20_m2
0.6278555674362539,0.12355746293235836,0.7597052365978674,0.7597052365978674,ok,crossover,c074a8f3de126e34,-0.13971486135586555,-0.16905498224059734,ZDT,True,0.4881407060803884,0.3220851876769238,crossover_prob_01,0.59065025435727,0.59065025435727,ok,ZDT1,6,phase1_5B_10seed,ZDT1_n20_m2
0.6384287018465439,0.08242059977530582,0.7724987292343182,0.7724987292343182,ok,crossover,c074a8f3de126e34,-0.03317249573238411,-0.04013871983618478,ZDT,True,0.6052562061141598,0.10383622078750884,crossover_prob_01,0.7323600093981334,0.7323600093981334,ok,ZDT1,7,phase1_5B_10seed,ZDT1_n20_m2
0.6673949359883573,0.03990406116105203,0.8075478725459124,0.8075478725459124,ok,crossover,c074a8f3de126e34,-0.048982171030249995,-0.059268426946602504,ZDT,True,0.6184127649581073,0.11732692610479868,crossover_prob_01,0.7482794455993099,0.7482794455993099,ok,ZDT1,8,phase1_5B_10seed,ZDT1_n20_m2
0.6489660995486688,0.060718008859475606,0.7852489804538894,0.7852489804538894,ok,crossover,c074a8f3de126e34,-0.10912207982634999,-0.1320377165898835,ZDT,True,0.5398440197223188,0.22084088611043276,crossover_prob_01,0.6532112638640059,0.6532112638640059,ok,ZDT1,9,phase1_5B_10seed,ZDT1_n20_m2
0.6736395811858711,0.034050280925050136,0.8151038932349042,0.8151038932349042,ok,crossover,ed1e67efb44ffac5,-0.06997211586113597,-0.08466626019197454,ZDT,True,0.6036674653247351,0.10599909621779335,crossover_prob_02,0.7304376330429296,0.7304376330429296,ok,ZDT1,0,phase1_5B_10seed,ZDT1_n20_m2
0.6553246281853146,0.05883086716812038,0.7929428001042307,0.7929428001042307,ok,crossover,ed1e67efb44ffac5,-0.02523184608082086,-0.030530533757793243,ZDT,True,0.6300927821044937,0.08021100123174844,crossover_prob_02,0.7624122663464374,0.7624122663464374,ok,ZDT1,1,phase1_5B_10seed,ZDT1_n20_m2
0.6604018572825636,0.04496659386496944,0.7990862473119021,0.7990862473119021,ok,crossover,ed1e67efb44ffac5,-0.02296679068113399,-0.027789816724172134,ZDT,True,0.6374350666014297,0.08113418571820631,crossover_prob_02,0.77129643058773,0.77129643058773,ok,ZDT1,2,phase1_5B_10seed,ZDT1_n20_m2
0.6523837627566677,0.05019005398358491,0.789384352935568,0.789384352935568,ok,crossover,ed1e67efb44ffac5,0.02323824287425522,0.02811827387784882,ZDT,True,0.6756220056309229,0.03349065082979963,crossover_prob_02,0.8175026268134168,0.8175026268134168,ok,ZDT1,3,phase1_5B_10seed,ZDT1_n20_m2
0.6096823538171158,0.14690922518492813,0.7377156481187103,0.7377156481187103,ok,crossover,ed1e67efb44ffac5,0.0366803649642105,0.04438324160669471,ZDT,True,0.6463627187813263,0.055477146409918125,crossover_prob_02,0.782098889725405,0.782098889725405,ok,ZDT1,4,phase1_5B_10seed,ZDT1_n20_m2
0.6690814953886873,0.051599248220205854,0.8095886094203119,0.8095886094203119,ok,crossover,ed1e67efb44ffac5,-0.07831045540172366,-0.09475565103608563,ZDT,True,0.5907710399869638,0.17551097693027654,crossover_prob_02,0.7148329583842262,0.7148329583842262,ok,ZDT1,5,phase1_5B_10seed,ZDT1_n20_m2
0.6278555674362539,0.12355746293235836,0.7597052365978674,0.7597052365978674,ok,crossover,ed1e67efb44ffac5,0.021802611575467368,0.02638116000631552,ZDT,True,0.6496581790117213,0.05248166540490905,crossover_prob_02,0.7860863966041829,0.7860863966041829,ok,ZDT1,6,phase1_5B_10seed,ZDT1_n20_m2
0.6384287018465439,0.08242059977530582,0.7724987292343182,0.7724987292343182,ok,crossover,ed1e67efb44ffac5,0.03483536776200037,0.04215079499202046,ZDT,True,0.6732640696085442,0.03612550048507343,crossover_prob_02,0.8146495242263386,0.8146495242263386,ok,ZDT1,7,phase1_5B_10seed,ZDT1_n20_m2
0.6673949359883573,0.03990406116105203,0.8075478725459124,0.8075478725459124,ok,crossover,ed1e67efb44ffac5,-0.07375454794220067,-0.08924300301006283,ZDT,True,0.5936403880461566,0.1253756975912744,crossover_prob_02,0.7183048695358496,0.7183048695358496,ok,ZDT1,8,phase1_5B_10seed,ZDT1_n20_m2
0.6489660995486688,0.060718008859475606,0.7852489804538894,0.7852489804538894,ok,crossover,ed1e67efb44ffac5,0.0021192000576321355,0.002564232069734884,ZDT,True,0.6510852996063009,0.050394776000270695,crossover_prob_02,0.7878132125236242,0.7878132125236242,ok,ZDT1,9,phase1_5B_10seed,ZDT1_n20_m2
0.6736395811858711,0.034050280925050136,0.8151038932349042,0.8151038932349042,ok,crossover,70b60f15d63e88f2,0.0004653589011946204,0.0005630842704454908,ZDT,True,0.6741049400870658,0.03685637475415164,crossover_prob_03,0.8156669775053497,0.8156669775053497,ok,ZDT1,0,phase1_5B_10seed,ZDT1_n20_m2
0.6553246281853146,0.05883086716812038,0.7929428001042307,0.7929428001042307,ok,crossover,70b60f15d63e88f2,0.015943985294093133,0.019292222205852694,ZDT,True,0.6712686134794077,0.0353699753495576,crossover_prob_03,0.8122350223100834,0.8122350223100834,ok,ZDT1,1,phase1_5B_10seed,ZDT1_n20_m2
0.6604018572825636,0.04496659386496944,0.7990862473119021,0.7990862473119021,ok,crossover,70b60f15d63e88f2,-0.023450321078500213,-0.028374888504985263,ZDT,True,0.6369515362040634,0.07723906547267866,crossover_prob_03,0.7707113588069169,0.7707113588069169,ok,ZDT1,2,phase1_5B_10seed,ZDT1_n20_m2
0.6523837627566677,0.05019005398358491,0.789384352935568,0.789384352935568,ok,crossover,70b60f15d63e88f2,-0.03529937727563371,-0.04271224650351679,ZDT,True,0.617084385481034,0.08791827799258506,crossover_prob_03,0.7466721064320512,0.7466721064320512,ok,ZDT1,3,phase1_5B_10seed,ZDT1_n20_m2
0.6096823538171158,0.14690922518492813,0.7377156481187103,0.7377156481187103,ok,crossover,70b60f15d63e88f2,0.07766239799892115,0.0939715015786946,ZDT,True,0.6873447518160369,0.025219526302921402,crossover_prob_03,0.8316871496974049,0.8316871496974049,ok,ZDT1,4,phase1_5B_10seed,ZDT1_n20_m2
0.6690814953886873,0.051599248220205854,0.8095886094203119,0.8095886094203119,ok,crossover,70b60f15d63e88f2,0.0036315493603289355,0.004394174725998012,ZDT,True,0.6727130447490163,0.04190893937113536,crossover_prob_03,0.8139827841463099,0.8139827841463099,ok,ZDT1,5,phase1_5B_10seed,ZDT1_n20_m2
0.6278555674362539,0.12355746293235836,0.7597052365978674,0.7597052365978674,ok,crossover,70b60f15d63e88f2,0.0012534037945058705,0.0015166185913521035,ZDT,True,0.6291089712307598,0.11691735899488594,crossover_prob_03,0.7612218551892195,0.7612218551892195,ok,ZDT1,6,phase1_5B_10seed,ZDT1_n20_m2
0.6384287018465439,0.08242059977530582,0.7724987292343182,0.7724987292343182,ok,crossover,70b60f15d63e88f2,0.004579204612281902,0.005540837580861102,ZDT,True,0.6430079064588258,0.0570518719116555,crossover_prob_03,0.7780395668151793,0.7780395668151793,ok,ZDT1,7,phase1_5B_10seed,ZDT1_n20_m2
0.6673949359883573,0.03990406116105203,0.8075478725459124,0.8075478725459124,ok,crossover,70b60f15d63e88f2,-0.014031838322169005,-0.0169785243698245,ZDT,True,0.6533630976661883,0.08823656891147294,crossover_prob_03,0.7905693481760879,0.7905693481760879,ok,ZDT1,8,phase1_5B_10seed,ZDT1_n20_m2
0.6489660995486688,0.060718008859475606,0.7852489804538894,0.7852489804538894,ok,crossover,70b60f15d63e88f2,-0.1269500100101426,-0.15360951211227258,ZDT,True,0.5220160895385262,0.3004801258025613,crossover_prob_03,0.6316394683416168,0.6316394683416168,ok,ZDT1,9,phase1_5B_10seed,ZDT1_n20_m2
0.6736395811858711,0.034050280925050136,0.8151038932349042,0.8151038932349042,ok,crossover,58a6736b23c93664,0.01484486748092262,0.017962289651916374,ZDT,True,0.6884844486667937,0.02376770641818435,crossover_eta_01,0.8330661828868205,0.8330661828868205,ok,ZDT1,0,phase1_5B_10seed,ZDT1_n20_m2
0.6553246281853146,0.05883086716812038,0.7929428001042307,0.7929428001042307,ok,crossover,58a6736b23c93664,0.0076266545103370826,0.009228251957507871,ZDT,True,0.6629512826956516,0.042849400643999655,crossover_eta_01,0.8021710520617386,0.8021710520617386,ok,ZDT1,1,phase1_5B_10seed,ZDT1_n20_m2
0.6604018572825636,0.04496659386496944,0.7990862473119021,0.7990862473119021,ok,crossover,58a6736b23c93664,0.017115236247006674,0.020709435858878078,ZDT,True,0.6775170935295703,0.03287103865016436,crossover_eta_01,0.8197956831707802,0.8197956831707802,ok,ZDT1,2,phase1_5B_10seed,ZDT1_n20_m2
0.6523837627566677,0.05019005398358491,0.789384352935568,0.789384352935568,ok,crossover,58a6736b23c93664,0.02784692922580948,0.03369478436322948,ZDT,True,0.6802306919824771,0.030361024359646886,crossover_eta_01,0.8230791372987974,0.8230791372987974,ok,ZDT1,3,phase1_5B_10seed,ZDT1_n20_m2
0.6096823538171158,0.14690922518492813,0.7377156481187103,0.7377156481187103,ok,crossover,58a6736b23c93664,-0.010635544184530655,-0.012869008463282094,ZDT,True,0.5990468096325852,0.18544997602588176,crossover_eta_01,0.7248466396554282,0.7248466396554282,ok,ZDT1,4,phase1_5B_10seed,ZDT1_n20_m2
0.6690814953886873,0.051599248220205854,0.8095886094203119,0.8095886094203119,ok,crossover,58a6736b23c93664,0.022685765278603637,0.027449775987110403,ZDT,True,0.691767260667291,0.02167999309870913,crossover_eta_01,0.8370383854074223,0.8370383854074223,ok,ZDT1,5,phase1_5B_10seed,ZDT1_n20_m2
0.6278555674362539,0.12355746293235836,0.7597052365978674,0.7597052365978674,ok,crossover,58a6736b23c93664,0.04388105363705914,0.05309607490084156,ZDT,True,0.6717366210733131,0.0369989936835171,crossover_eta_01,0.8128013114987089,0.8128013114987089,ok,ZDT1,6,phase1_5B_10seed,ZDT1_n20_m2
0.6384287018465439,0.08242059977530582,0.7724987292343182,0.7724987292343182,ok,crossover,58a6736b23c93664,0.020067382596710245,0.0242815329420194,ZDT,True,0.6584960844432541,0.04636324891402732,crossover_eta_01,0.7967802621763376,0.7967802621763376,ok,ZDT1,7,phase1_5B_10seed,ZDT1_n20_m2
0.6673949359883573,0.03990406116105203,0.8075478725459124,0.8075478725459124,ok,crossover,58a6736b23c93664,0.016808307914972415,0.020338052577116628,ZDT,True,0.6842032439033296,0.034239103154149034,crossover_eta_01,0.827885925123029,0.827885925123029,ok,ZDT1,8,phase1_5B_10seed,ZDT1_n20_m2
0.6489660995486688,0.060718008859475606,0.7852489804538894,0.7852489804538894,ok,crossover,58a6736b23c93664,0.035449451965967285,0.042893836878820424,ZDT,True,0.6844155515146361,0.027090058294133617,crossover_eta_01,0.8281428173327098,0.8281428173327098,ok,ZDT1,9,phase1_5B_10seed,ZDT1_n20_m2
0.6736395811858711,0.034050280925050136,0.8151038932349042,0.8151038932349042,ok,crossover,649095c6dcf9abb6,0.006538056578426342,0.007911048459895875,ZDT,True,0.6801776377642974,0.030048362200351376,crossover_eta_02,0.8230149416948,0.8230149416948,ok,ZDT1,0,phase1_5B_10seed,ZDT1_n20_m2
0.6553246281853146,0.05883086716812038,0.7929428001042307,0.7929428001042307,ok,crossover,649095c6dcf9abb6,-0.008556412325348579,-0.010353258913671781,ZDT,True,0.6467682158599659,0.05466477900075888,crossover_eta_02,0.7825895411905589,0.7825895411905589,ok,ZDT1,1,phase1_5B_10seed,ZDT1_n20_m2
0.6604018572825636,0.04496659386496944,0.7990862473119021,0.7990862473119021,ok,crossover,649095c6dcf9abb6,0.027427448271208833,0.03318721240816269,ZDT,True,0.6878293055537725,0.027133583887577833,crossover_eta_02,0.8322734597200648,0.8322734597200648,ok,ZDT1,2,phase1_5B_10seed,ZDT1_n20_m2
0.6523837627566677,0.05019005398358491,0.789384352935568,0.789384352935568,ok,crossover,649095c6dcf9abb6,0.00923696020441935,0.011176721847347415,ZDT,True,0.661620722961087,0.04420035296074544,crossover_eta_02,0.8005610747829154,0.8005610747829154,ok,ZDT1,3,phase1_5B_10seed,ZDT1_n20_m2
0.6096823538171158,0.14690922518492813,0.7377156481187103,0.7377156481187103,ok,crossover,649095c6dcf9abb6,0.05977650912250759,0.0723295760382342,ZDT,True,0.6694588629396234,0.041011535151973366,crossover_eta_02,0.8100452241569445,0.8100452241569445,ok,ZDT1,4,phase1_5B_10seed,ZDT1_n20_m2
0.6690814953886873,0.051599248220205854,0.8095886094203119,0.8095886094203119,ok,crossover,649095c6dcf9abb6,0.005057775700749501,0.006119908597906898,ZDT,True,0.6741392710894368,0.05549805185066518,crossover_eta_02,0.8157085180182188,0.8157085180182188,ok,ZDT1,5,phase1_5B_10seed,ZDT1_n20_m2
0.6278555674362539,0.12355746293235836,0.7597052365978674,0.7597052365978674,ok,crossover,649095c6dcf9abb6,0.05299252838020451,0.06412095934004747,ZDT,True,0.6808480958164584,0.02978770030067718,crossover_eta_02,0.8238261959379148,0.8238261959379148,ok,ZDT1,6,phase1_5B_10seed,ZDT1_n20_m2
0.6384287018465439,0.08242059977530582,0.7724987292343182,0.7724987292343182,ok,crossover,649095c6dcf9abb6,0.05272037480269552,0.06379165351126159,ZDT,True,0.6911490766492394,0.022126794108697286,crossover_eta_02,0.8362903827455798,0.8362903827455798,ok,ZDT1,7,phase1_5B_10seed,ZDT1_n20_m2
0.6673949359883573,0.03990406116105203,0.8075478725459124,0.8075478725459124,ok,crossover,649095c6dcf9abb6,0.031155588288373906,0.03769826182893243,ZDT,True,0.6985505242767311,0.01761272217734046,crossover_eta_02,0.8452461343748449,0.8452461343748449,ok,ZDT1,8,phase1_5B_10seed,ZDT1_n20_m2
0.6489660995486688,0.060718008859475606,0.7852489804538894,0.7852489804538894,ok,crossover,649095c6dcf9abb6,-0.009464935373179719,-0.011452571801547462,ZDT,True,0.6395011641754891,0.08591606859158199,crossover_eta_02,0.7737964086523419,0.7737964086523419,ok,ZDT1,9,phase1_5B_10seed,ZDT1_n20_m2
0.6736395811858711,0.034050280925050136,0.8151038932349042,0.8151038932349042,ok,crossover,84c61b40458c7d53,-0.01210488559100018,-0.014646911565110221,ZDT,True,0.6615346955948709,0.04510088895245989,crossover_eta_03,0.800456981669794,0.800456981669794,ok,ZDT1,0,phase1_5B_10seed,ZDT1_n20_m2
0.6553246281853146,0.05883086716812038,0.7929428001042307,0.7929428001042307,ok,crossover,84c61b40458c7d53,-0.031052043876961113,-0.03757297309112295,ZDT,True,0.6242725843083534,0.11109566796505434,crossover_eta_03,0.7553698270131077,0.7553698270131077,ok,ZDT1,1,phase1_5B_10seed,ZDT1_n20_m2
0.6604018572825636,0.04496659386496944,0.7990862473119021,0.7990862473119021,ok,crossover,84c61b40458c7d53,0.01075299978539323,0.01301112974032581,ZDT,True,0.6711548570679569,0.03643986838284265,crossover_eta_03,0.812097377052228,0.812097377052228,ok,ZDT1,2,phase1_5B_10seed,ZDT1_n20_m2
0.6523837627566677,0.05019005398358491,0.789384352935568,0.789384352935568,ok,crossover,84c61b40458c7d53,-0.01870034323305736,-0.02262741531199941,ZDT,True,0.6336834195236103,0.06275005086780922,crossover_eta_03,0.7667569376235686,0.7667569376235686,ok,ZDT1,3,phase1_5B_10seed,ZDT1_n20_m2
0.6096823538171158,0.14690922518492813,0.7377156481187103,0.7377156481187103,ok,crossover,84c61b40458c7d53,0.06012893232901396,0.0727560081181069,ZDT,True,0.6698112861461298,0.05183333338877285,crossover_eta_03,0.8104716562368172,0.8104716562368172,ok,ZDT1,4,phase1_5B_10seed,ZDT1_n20_m2
0.6690814953886873,0.051599248220205854,0.8095886094203119,0.8095886094203119,ok,crossover,84c61b40458c7d53,-0.01006693700008738,-0.01218099377010573,ZDT,True,0.6590145583886,0.0683260331181697,crossover_eta_03,0.7974076156502061,0.7974076156502061,ok,ZDT1,5,phase1_5B_10seed,ZDT1_n20_m2
0.6278555674362539,0.12355746293235836,0.7597052365978674,0.7597052365978674,ok,crossover,84c61b40458c7d53,0.059151238446267115,0.07157299851998322,ZDT,True,0.687006805882521,0.02551525986241987,crossover_eta_03,0.8312782351178506,0.8312782351178506,ok,ZDT1,6,phase1_5B_10seed,ZDT1_n20_m2
0.6384287018465439,0.08242059977530582,0.7724987292343182,0.7724987292343182,ok,crossover,84c61b40458c7d53,0.03457022074073521,0.04182996709628961,ZDT,True,0.672998922587279,0.041249415798861065,crossover_eta_03,0.8143286963306078,0.8143286963306078,ok,ZDT1,7,phase1_5B_10seed,ZDT1_n20_m2
0.6673949359883573,0.03990406116105203,0.8075478725459124,0.8075478725459124,ok,crossover,84c61b40458c7d53,-0.009288615420641761,-0.011239224658976532,ZDT,True,0.6581063205677156,0.06797607390924676,crossover_eta_03,0.7963086478869359,0.7963086478869359,ok,ZDT1,8,phase1_5B_10seed,ZDT1_n20_m2
0.6489660995486688,0.060718008859475606,0.7852489804538894,0.7852489804538894,ok,crossover,84c61b40458c7d53,0.0014762508762228973,0.0017862635602297061,ZDT,True,0.6504423504248917,0.05153129007969803,crossover_eta_03,0.7870352440141191,0.7870352440141191,ok,ZDT1,9,phase1_5B_10seed,ZDT1_n20_m2
0.6736395811858711,0.034050280925050136,0.8151038932349042,0.8151038932349042,ok,crossover,b5b3febed946f3a4,-0.0183814167946059,-0.022241514321473144,ZDT,True,0.6552581643912652,0.049089336344497025,crossover_eta_04,0.792862378913431,0.792862378913431,ok,ZDT1,0,phase1_5B_10seed,ZDT1_n20_m2
0.6553246281853146,0.05883086716812038,0.7929428001042307,0.7929428001042307,ok,crossover,b5b3febed946f3a4,-0.025040943697676798,-0.03029954187418893,ZDT,True,0.6302836844876377,0.07616672146135357,crossover_eta_04,0.7626432582300418,0.7626432582300418,ok,ZDT1,1,phase1_5B_10seed,ZDT1_n20_m2
0.6604018572825636,0.04496659386496944,0.7990862473119021,0.7990862473119021,ok,crossover,b5b3febed946f3a4,-0.023227124300785957,-0.028104820403951014,ZDT,True,0.6371747329817777,0.07865904245971746,crossover_eta_04,0.7709814269079511,0.7709814269079511,ok,ZDT1,2,phase1_5B_10seed,ZDT1_n20_m2
0.6523837627566677,0.05019005398358491,0.789384352935568,0.789384352935568,ok,crossover,b5b3febed946f3a4,0.01679152987645045,0.020317751150505048,ZDT,True,0.6691752926331181,0.04188011225864455,crossover_eta_04,0.809702104086073,0.809702104086073,ok,ZDT1,3,phase1_5B_10seed,ZDT1_n20_m2
0.6096823538171158,0.14690922518492813,0.7377156481187103,0.7377156481187103,ok,crossover,b5b3febed946f3a4,0.04517809616657625,0.054665496361557264,ZDT,True,0.6548604499836921,0.05432313142478651,crossover_eta_04,0.7923811444802675,0.7923811444802675,ok,ZDT1,4,phase1_5B_10seed,ZDT1_n20_m2
0.6690814953886873,0.051599248220205854,0.8095886094203119,0.8095886094203119,ok,crossover,b5b3febed946f3a4,-0.024727400563324706,-0.0299201546816229,ZDT,True,0.6443540948253627,0.062365471220624365,crossover_eta_04,0.779668454738689,0.779668454738689,ok,ZDT1,5,phase1_5B_10seed,ZDT1_n20_m2
0.6278555674362539,0.12355746293235836,0.7597052365978674,0.7597052365978674,ok,crossover,b5b3febed946f3a4,0.03888166313748025,0.04704681239635111,ZDT,True,0.6667372305737341,0.04081457390589334,crossover_eta_04,0.8067520489942185,0.8067520489942185,ok,ZDT1,6,phase1_5B_10seed,ZDT1_n20_m2
0.6384287018465439,0.08242059977530582,0.7724987292343182,0.7724987292343182,ok,crossover,b5b3febed946f3a4,0.02649102567246261,0.032054141063679764,ZDT,True,0.6649197275190064,0.041478053157873104,crossover_eta_04,0.8045528702979979,0.8045528702979979,ok,ZDT1,7,phase1_5B_10seed,ZDT1_n20_m2
0.6673949359883573,0.03990406116105203,0.8075478725459124,0.8075478725459124,ok,crossover,b5b3febed946f3a4,-0.008254114931699886,-0.009987479067356864,ZDT,True,0.6591408210566574,0.06075099860825034,crossover_eta_04,0.7975603934785556,0.7975603934785556,ok,ZDT1,8,phase1_5B_10seed,ZDT1_n20_m2
0.6489660995486688,0.060718008859475606,0.7852489804538894,0.7852489804538894,ok,crossover,b5b3febed946f3a4,-0.057413310745227895,-0.06947010600172576,ZDT,True,0.5915527888034409,0.1490248719957742,crossover_eta_04,0.7157788744521636,0.7157788744521636,ok,ZDT1,9,phase1_5B_10seed,ZDT1_n20_m2
0.6736395811858711,0.034050280925050136,0.8151038932349042,0.8151038932349042,ok,selection,4eff8081853248b5,0.011883274704307828,0.014378762392212474,ZDT,True,0.6855228558901789,0.02966116503187917,selection_tournament_01,0.8294826556271166,0.8294826556271166,ok,ZDT1,0,phase1_5B_10seed,ZDT1_n20_m2
0.6553246281853146,0.05883086716812038,0.7929428001042307,0.7929428001042307,ok,selection,4eff8081853248b5,0.01298422164701864,0.01571090819289256,ZDT,True,0.6683088498323332,0.03877132662543911,selection_tournament_01,0.8086537082971232,0.8086537082971232,ok,ZDT1,1,phase1_5B_10seed,ZDT1_n20_m2
0.6604018572825636,0.04496659386496944,0.7990862473119021,0.7990862473119021,ok,selection,4eff8081853248b5,0.005097546450810501,0.006168031205480706,ZDT,True,0.6654994037333741,0.04317518620449822,selection_tournament_01,0.8052542785173828,0.8052542785173828,ok,ZDT1,2,phase1_5B_10seed,ZDT1_n20_m2
0.6523837627566677,0.05019005398358491,0.789384352935568,0.789384352935568,ok,selection,4eff8081853248b5,-0.01027472659924644,-0.012432419185088195,ZDT,True,0.6421090361574212,0.058570674603342934,selection_tournament_01,0.7769519337504798,0.7769519337504798,ok,ZDT1,3,phase1_5B_10seed,ZDT1_n20_m2
0.6096823538171158,0.14690922518492813,0.7377156481187103,0.7377156481187103,ok,selection,4eff8081853248b5,-0.011588391749205918,-0.014021954016539162,ZDT,True,0.5980939620679099,0.16571620482693553,selection_tournament_01,0.7236936941021711,0.7236936941021711,ok,ZDT1,4,phase1_5B_10seed,ZDT1_n20_m2
0.6690814953886873,0.051599248220205854,0.8095886094203119,0.8095886094203119,ok,selection,4eff8081853248b5,-0.007448285484862728,-0.009012425436683902,ZDT,True,0.6616332099038247,0.042770066901071845,selection_tournament_01,0.800576183983628,0.800576183983628,ok,ZDT1,5,phase1_5B_10seed,ZDT1_n20_m2
0.6278555674362539,0.12355746293235836,0.7597052365978674,0.7597052365978674,ok,selection,4eff8081853248b5,0.06338314427415566,0.07669360457172836,ZDT,True,0.6912387117104096,0.02256664668269779,selection_tournament_01,0.8363988411695957,0.8363988411695957,ok,ZDT1,6,phase1_5B_10seed,ZDT1_n20_m2
0.6384287018465439,0.08242059977530582,0.7724987292343182,0.7724987292343182,ok,selection,4eff8081853248b5,0.051206050302289106,0.06195932086576983,ZDT,True,0.689634752148833,0.023563328414427542,selection_tournament_01,0.834458050100088,0.834458050100088,ok,ZDT1,7,phase1_5B_10seed,ZDT1_n20_m2
0.6673949359883573,0.03990406116105203,0.8075478725459124,0.8075478725459124,ok,selection,4eff8081853248b5,0.00285284221854442,0.0034519390844387488,ZDT,True,0.6702477782069017,0.03775557553565457,selection_tournament_01,0.8109998116303512,0.8109998116303512,ok,ZDT1,8,phase1_5B_10seed,ZDT1_n20_m2
0.6489660995486688,0.060718008859475606,0.7852489804538894,0.7852489804538894,ok,selection,4eff8081853248b5,-0.006931251716892244,-0.008386814577439616,ZDT,True,0.6420348478317766,0.07843950623271707,selection_tournament_01,0.7768621658764497,0.7768621658764497,ok,ZDT1,9,phase1_5B_10seed,ZDT1_n20_m2
0.6736395811858711,0.034050280925050136,0.8151038932349042,0.8151038932349042,ok,selection,82b9e8db7d16541c,-0.07518811481274246,-0.09097761892341838,ZDT,True,0.5984514663731286,0.18114990162744612,selection_tournament_02,0.7241262743114858,0.7241262743114858,ok,ZDT1,0,phase1_5B_10seed,ZDT1_n20_m2
0.6553246281853146,0.05883086716812038,0.7929428001042307,0.7929428001042307,ok,selection,82b9e8db7d16541c,0.015372043360648126,0.018600172466384235,ZDT,True,0.6706966715459627,0.03702128106119747,selection_tournament_02,0.8115429725706149,0.8115429725706149,ok,ZDT1,1,phase1_5B_10seed,ZDT1_n20_m2
0.6604018572825636,0.04496659386496944,0.7990862473119021,0.7990862473119021,ok,selection,82b9e8db7d16541c,-0.037034385348751225,-0.04481160627198899,ZDT,True,0.6233674719338125,0.0870209120759867,selection_tournament_02,0.7542746410399132,0.7542746410399132,ok,ZDT1,2,phase1_5B_10seed,ZDT1_n20_m2
0.6523837627566677,0.05019005398358491,0.789384352935568,0.789384352935568,ok,selection,82b9e8db7d16541c,0.03594245976704868,0.04349037631812891,ZDT,True,0.6883262225237163,0.024340963022541063,selection_tournament_02,0.8328747292536969,0.8328747292536969,ok,ZDT1,3,phase1_5B_10seed,ZDT1_n20_m2
0.6096823538171158,0.14690922518492813,0.7377156481187103,0.7377156481187103,ok,selection,82b9e8db7d16541c,0.0046539318173646,0.005631257499011166,ZDT,True,0.6143362856344804,0.11919681990067126,selection_tournament_02,0.7433469056177214,0.7433469056177214,ok,ZDT1,4,phase1_5B_10seed,ZDT1_n20_m2
0.6690814953886873,0.051599248220205854,0.8095886094203119,0.8095886094203119,ok,selection,82b9e8db7d16541c,-0.004070568144028245,-0.004925387454274177,ZDT,True,0.6650109272446592,0.044541000013437776,selection_tournament_02,0.8046632219660377,0.8046632219660377,ok,ZDT1,5,phase1_5B_10seed,ZDT1_n20_m2
0.6278555674362539,0.12355746293235836,0.7597052365978674,0.7597052365978674,ok,selection,82b9e8db7d16541c,0.03181146555012246,0.038491873315648184,ZDT,True,0.6596670329863764,0.05010664916449885,selection_tournament_02,0.7981971099135156,0.7981971099135156,ok,ZDT1,6,phase1_5B_10seed,ZDT1_n20_m2
0.6384287018465439,0.08242059977530582,0.7724987292343182,0.7724987292343182,ok,selection,82b9e8db7d16541c,0.028997116658384812,0.03508651115664563,ZDT,True,0.6674258185049287,0.040381739969571756,selection_tournament_02,0.8075852403909638,0.8075852403909638,ok,ZDT1,7,phase1_5B_10seed,ZDT1_n20_m2
0.6673949359883573,0.03990406116105203,0.8075478725459124,0.8075478725459124,ok,selection,82b9e8db7d16541c,0.025027387668002433,0.03028313907828295,ZDT,True,0.6924223236563597,0.02170619068330816,selection_tournament_02,0.8378310116241954,0.8378310116241954,ok,ZDT1,8,phase1_5B_10seed,ZDT1_n20_m2
0.6489660995486688,0.060718008859475606,0.7852489804538894,0.7852489804538894,ok,selection,82b9e8db7d16541c,-0.04039971296448805,-0.04888365268703054,ZDT,True,0.6085663865841807,0.08252180262798495,selection_tournament_02,0.7363653277668588,0.7363653277668588,ok,ZDT1,9,phase1_5B_10seed,ZDT1_n20_m2
0.6736395811858711,0.034050280925050136,0.8151038932349042,0.8151038932349042,ok,selection,baef3e925c65a3a3,-0.002568142108110899,-0.0031074519508141885,ZDT,True,0.6710714390777602,0.037012657181373004,selection_tournament_03,0.81199644128409,0.81199644128409,ok,ZDT1,0,phase1_5B_10seed,ZDT1_n20_m2
0.6553246281853146,0.05883086716812038,0.7929428001042307,0.7929428001042307,ok,selection,baef3e925c65a3a3,0.028328563998985305,0.034277562438772224,ZDT,True,0.6836531921842998,0.02926102825448737,selection_tournament_03,0.8272203625430029,0.8272203625430029,ok,ZDT1,1,phase1_5B_10seed,ZDT1_n20_m2
0.6604018572825636,0.04496659386496944,0.7990862473119021,0.7990862473119021,ok,selection,baef3e925c65a3a3,-0.012414644051806912,-0.015021719302686365,ZDT,True,0.6479872132307567,0.05070761882369323,selection_tournament_03,0.7840645280092158,0.7840645280092158,ok,ZDT1,2,phase1_5B_10seed,ZDT1_n20_m2
0.6523837627566677,0.05019005398358491,0.789384352935568,0.789384352935568,ok,selection,baef3e925c65a3a3,0.02526880151517898,0.03057524983336657,ZDT,True,0.6776525642718466,0.03236268971326264,selection_tournament_03,0.8199596027689345,0.8199596027689345,ok,ZDT1,3,phase1_5B_10seed,ZDT1_n20_m2
0.6096823538171158,0.14690922518492813,0.7377156481187103,0.7377156481187103,ok,selection,baef3e925c65a3a3,0.04722762225454064,0.05714542292799418,ZDT,True,0.6569099760716565,0.0818487098781236,selection_tournament_03,0.7948610710467044,0.7948610710467044,ok,ZDT1,4,phase1_5B_10seed,ZDT1_n20_m2
0.6690814953886873,0.051599248220205854,0.8095886094203119,0.8095886094203119,ok,selection,baef3e925c65a3a3,0.011262253617234045,0.013627326876853196,ZDT,True,0.6803437490059214,0.030367738549654993,selection_tournament_03,0.823215936297165,0.823215936297165,ok,ZDT1,5,phase1_5B_10seed,ZDT1_n20_m2
0.6278555674362539,0.12355746293235836,0.7597052365978674,0.7597052365978674,ok,selection,baef3e925c65a3a3,0.04874818923216209,0.05898530897091614,ZDT,True,0.676603756668416,0.03616685605026599,selection_tournament_03,0.8186905455687835,0.8186905455687835,ok,ZDT1,6,phase1_5B_10seed,ZDT1_n20_m2
0.6384287018465439,0.08242059977530582,0.7724987292343182,0.7724987292343182,ok,selection,baef3e925c65a3a3,0.03780143857439537,0.0457397406750184,ZDT,True,0.6762301404209392,0.033536394305643355,selection_tournament_03,0.8182384699093366,0.8182384699093366,ok,ZDT1,7,phase1_5B_10seed,ZDT1_n20_m2
0.6673949359883573,0.03990406116105203,0.8075478725459124,0.8075478725459124,ok,selection,baef3e925c65a3a3,-0.051767436383751246,-0.06263859802433902,ZDT,True,0.615627499604606,0.16378461477365078,selection_tournament_03,0.7449092745215734,0.7449092745215734,ok,ZDT1,8,phase1_5B_10seed,ZDT1_n20_m2
0.6489660995486688,0.060718008859475606,0.7852489804538894,0.7852489804538894,ok,selection,baef3e925c65a3a3,0.004432711457612876,0.005363580863711581,ZDT,True,0.6533988110062816,0.05066747952694399,selection_tournament_03,0.7906125613176009,0.7906125613176009,ok,ZDT1,9,phase1_5B_10seed,ZDT1_n20_m2
0.11317778931452276,0.45945239254592307,0.13694512507057255,0.13694512507057255,ok,mutation,a13a1cdcfba08ee2,-0.016627758744266224,-0.020119588080562134,ZDT,True,0.09655003057025653,0.5050971577253229,mutation_prob_01,0.11682553699001041,0.11682553699001041,ok,ZDT2,0,phase1_5B_10seed,ZDT2_n10_m2
0.4022310395220621,0.02867522668887942,0.48669955782169516,0.48669955782169516,ok,mutation,a13a1cdcfba08ee2,-0.1816292275676461,-0.21977136535685182,ZDT,True,0.22060181195441594,0.23574293261253446,mutation_prob_01,0.26692819246484334,0.26692819246484334,ok,ZDT2,1,phase1_5B_10seed,ZDT2_n10_m2
0.1509407920603122,0.3663081414469268,0.1826383583929778,0.1826383583929778,ok,mutation,a13a1cdcfba08ee2,0.22751549533295623,0.2752937493528771,ZDT,True,0.3784562873932684,0.07976467925924993,mutation_prob_01,0.45793210774585486,0.45793210774585486,ok,ZDT2,2,phase1_5B_10seed,ZDT2_n10_m2
0.13257289180873189,0.40099751746362083,0.1604131990885656,0.1604131990885656,ok,mutation,a13a1cdcfba08ee2,-0.06792696344475516,-0.08219162576815375,ZDT,True,0.06464592836397673,0.6028554212578023,mutation_prob_01,0.07822157332041185,0.07822157332041185,ok,ZDT2,3,phase1_5B_10seed,ZDT2_n10_m2
0.18693720697184746,0.2936500556151754,0.22619402043593545,0.22619402043593545,ok,mutation,a13a1cdcfba08ee2,-0.11336023993664274,-0.13716589032333773,ZDT,True,0.07357696703520472,0.49811583559223926,mutation_prob_01,0.08902813011259772,0.08902813011259772,ok,ZDT2,4,phase1_5B_10seed,ZDT2_n10_m2
0.14640572697631704,0.3799016982856663,0.17715092964134366,0.17715092964134366,ok,mutation,a13a1cdcfba08ee2,-0.04019795683529261,-0.04863952777070407,ZDT,True,0.10620777014102444,0.470271061459063,mutation_prob_01,0.12851140187063959,0.12851140187063959,ok,ZDT2,5,phase1_5B_10seed,ZDT2_n10_m2
0.3511991342949439,0.07363302359316594,0.4249509524968822,0.4249509524968822,ok,mutation,a13a1cdcfba08ee2,-0.24184046192971315,-0.29262695893495294,ZDT,True,0.1093586723652308,0.4497923769970461,mutation_prob_01,0.13232399356192928,0.13232399356192928,ok,ZDT2,6,phase1_5B_10seed,ZDT2_n10_m2
0.2287131394862641,0.23789728099073704,0.2767428987783796,0.2767428987783796,ok,mutation,a13a1cdcfba08ee2,-0.14037421000749947,-0.1698527941090744,ZDT,True,0.08833892947876462,0.6110044516572413,mutation_prob_01,0.10689010466930521,0.10689010466930521,ok,ZDT2,7,phase1_5B_10seed,ZDT2_n10_m2
0.321897731113583,0.10730367784039613,0.3894962546474355,0.3894962546474355,ok,mutation,a13a1cdcfba08ee2,0.09740695191065067,0.11786241181188734,ZDT,True,0.4193046830242337,0.02590305420763869,mutation_prob_01,0.5073586664593228,0.5073586664593228,ok,ZDT2,8,phase1_5B_10seed,ZDT2_n10_m2
0.2214069494025134,0.24471794204127453,0.26790240877704125,0.26790240877704125,ok,mutation,a13a1cdcfba08ee2,-0.11251158377847079,-0.13613901637194967,ZDT,True,0.1088953656240426,0.47969714234734434,mutation_prob_01,0.13176339240509158,0.13176339240509158,ok,ZDT2,9,phase1_5B_10seed,ZDT2_n10_m2
0.11317778931452276,0.45945239254592307,0.13694512507057255,0.13694512507057255,ok,mutation,bedf27f58d78e4b0,0.3107004004580331,0.3759474845542201,ZDT,True,0.42387818977255587,0.017539885201178555,mutation_prob_03,0.5128926096247927,0.5128926096247927,ok,ZDT2,0,phase1_5B_10seed,ZDT2_n10_m2
0.4022310395220621,0.02867522668887942,0.48669955782169516,0.48669955782169516,ok,mutation,bedf27f58d78e4b0,-0.28379981767115986,-0.3433977793821035,ZDT,True,0.11843122185090219,0.44480337769941514,mutation_prob_03,0.14330177843959166,0.14330177843959166,ok,ZDT2,1,phase1_5B_10seed,ZDT2_n10_m2
0.1509407920603122,0.3663081414469268,0.1826383583929778,0.1826383583929778,ok,mutation,bedf27f58d78e4b0,-0.0011446904734088506,-0.0013850754728247094,ZDT,True,0.14979610158690335,0.37179287548536893,mutation_prob_03,0.18125328292015308,0.18125328292015308,ok,ZDT2,2,phase1_5B_10seed,ZDT2_n10_m2
0.13257289180873189,0.40099751746362083,0.1604131990885656,0.1604131990885656,ok,mutation,bedf27f58d78e4b0,0.15895054934575562,0.19233016470836434,ZDT,True,0.29152344115448753,0.13724123877963462,mutation_prob_03,0.35274336379692994,0.35274336379692994,ok,ZDT2,3,phase1_5B_10seed,ZDT2_n10_m2
0.18693720697184746,0.2936500556151754,0.22619402043593545,0.22619402043593545,ok,mutation,bedf27f58d78e4b0,0.21100481956322165,0.25531583167149824,ZDT,True,0.3979420265350691,0.03492388305775413,mutation_prob_03,0.4815098521074337,0.4815098521074337,ok,ZDT2,4,phase1_5B_10seed,ZDT2_n10_m2
0.14640572697631704,0.3799016982856663,0.17715092964134366,0.17715092964134366,ok,mutation,bedf27f58d78e4b0,0.016310205954159652,0.01973534920453318,ZDT,True,0.1627159329304767,0.34261996962761065,mutation_prob_03,0.19688627884587684,0.19688627884587684,ok,ZDT2,5,phase1_5B_10seed,ZDT2_n10_m2
0.3511991342949439,0.07363302359316594,0.4249509524968822,0.4249509524968822,ok,mutation,bedf27f58d78e4b0,-0.2002103178950908,-0.2422544846530599,ZDT,True,0.15098881639985312,0.36516275470270776,mutation_prob_03,0.1826964678438223,0.1826964678438223,ok,ZDT2,6,phase1_5B_10seed,ZDT2_n10_m2
0.2287131394862641,0.23789728099073704,0.2767428987783796,0.2767428987783796,ok,mutation,bedf27f58d78e4b0,0.0037057181621304885,0.004483918976177892,ZDT,True,0.2324188576483946,0.22161571677675415,mutation_prob_03,0.2812268177545575,0.2812268177545575,ok,ZDT2,7,phase1_5B_10seed,ZDT2_n10_m2
0.321897731113583,0.10730367784039613,0.3894962546474355,0.3894962546474355,ok,mutation,bedf27f58d78e4b0,-0.13484924336592732,-0.16316758447277208,ZDT,True,0.18704848774765567,0.2633583862553935,mutation_prob_03,0.2263286701746634,0.2263286701746634,ok,ZDT2,8,phase1_5B_10seed,ZDT2_n10_m2
0.2214069494025134,0.24471794204127453,0.26790240877704125,0.26790240877704125,ok,mutation,bedf27f58d78e4b0,0.07769139441736807,0.09400658724501537,ZDT,True,0.29909834381988143,0.1342016333282273,mutation_prob_03,0.3619089960220566,0.3619089960220566,ok,ZDT2,9,phase1_5B_10seed,ZDT2_n10_m2
0.11317778931452276,0.45945239254592307,0.13694512507057255,0.13694512507057255,ok,mutation,aa4b885462011d33,0.06327006783219473,0.07655678207695563,ZDT,True,0.17644785714671748,0.3221888220878453,mutation_prob_04,0.21350190714752817,0.21350190714752817,ok,ZDT2,0,phase1_5B_10seed,ZDT2_n10_m2
0.4022310395220621,0.02867522668887942,0.48669955782169516,0.48669955782169516,ok,mutation,aa4b885462011d33,-0.14608537667893964,-0.176763305781517,ZDT,True,0.2561456628431224,0.18956968452076775,mutation_prob_04,0.30993625204017816,0.30993625204017816,ok,ZDT2,1,phase1_5B_10seed,ZDT2_n10_m2
0.1509407920603122,0.3663081414469268,0.1826383583929778,0.1826383583929778,ok,mutation,aa4b885462011d33,0.27081369215104,0.32768456750275843,ZDT,True,0.4217544842113522,0.02257198803100336,mutation_prob_04,0.5103229258957362,0.5103229258957362,ok,ZDT2,2,phase1_5B_10seed,ZDT2_n10_m2
0.13257289180873189,0.40099751746362083,0.1604131990885656,0.1604131990885656,ok,mutation,aa4b885462011d33,-0.019849813977062078,-0.02401827491224512,ZDT,True,0.11272307783166981,0.41623229713835047,mutation_prob_04,0.1363949241763205,0.1363949241763205,ok,ZDT2,3,phase1_5B_10seed,ZDT2_n10_m2
0.18693720697184746,0.2936500556151754,0.22619402043593545,0.22619402043593545,ok,mutation,aa4b885462011d33,0.21491842145377482,0.26005128995906757,ZDT,True,0.4018556284256223,0.029244588873397818,mutation_prob_04,0.486245310395003,0.486245310395003,ok,ZDT2,4,phase1_5B_10seed,ZDT2_n10_m2
0.14640572697631704,0.3799016982856663,0.17715092964134366,0.17715092964134366,ok,mutation,aa4b885462011d33,0.010334490791909725,0.01250473385821077,ZDT,True,0.15674021776822677,0.33620716553716934,mutation_prob_04,0.18965566349955443,0.18965566349955443,ok,ZDT2,5,phase1_5B_10seed,ZDT2_n10_m2
0.3511991342949439,0.07363302359316594,0.4249509524968822,0.4249509524968822,ok,mutation,aa4b885462011d33,-0.2204625588579008,-0.26675969621806,ZDT,True,0.13073657543704312,0.4132540254697493,mutation_prob_04,0.1581912562788222,0.1581912562788222,ok,ZDT2,6,phase1_5B_10seed,ZDT2_n10_m2
0.2287131394862641,0.23789728099073704,0.2767428987783796,0.2767428987783796,ok,mutation,aa4b885462011d33,-0.10429532585349786,-0.12619734428273244,ZDT,True,0.12441781363276623,0.4282721225028059,mutation_prob_04,0.15054555449564716,0.15054555449564716,ok,ZDT2,7,phase1_5B_10seed,ZDT2_n10_m2
0.321897731113583,0.10730367784039613,0.3894962546474355,0.3894962546474355,ok,mutation,aa4b885462011d33,-0.17246982970626973,-0.2086884939445864,ZDT,True,0.14942790140731327,0.3577218007272063,mutation_prob_04,0.18080776070284907,0.18080776070284907,ok,ZDT2,8,phase1_5B_10seed,ZDT2_n10_m2
0.2214069494025134,0.24471794204127453,0.26790240877704125,0.26790240877704125,ok,mutation,aa4b885462011d33,-0.09068046126065707,-0.10972335812539508,ZDT,True,0.1307264881418563,0.39796335517866716,mutation_prob_04,0.15817905065164617,0.15817905065164617,ok,ZDT2,9,phase1_5B_10seed,ZDT2_n10_m2
0.11317778931452276,0.45945239254592307,0.13694512507057255,0.13694512507057255,ok,mutation,d9b0721e0597659a,0.06505853843449831,0.07872083150574297,ZDT,True,0.17823632774902107,0.3050527658908151,mutation_prob_05,0.21566595657631552,0.21566595657631552,ok,ZDT2,0,phase1_5B_10seed,ZDT2_n10_m2
0.4022310395220621,0.02867522668887942,0.48669955782169516,0.48669955782169516,ok,mutation,d9b0721e0597659a,-0.3019055795620946,-0.3653057512701345,ZDT,True,0.10032545995996749,0.47793222955889975,mutation_prob_05,0.12139380655156068,0.12139380655156068,ok,ZDT2,1,phase1_5B_10seed,ZDT2_n10_m2
0.1509407920603122,0.3663081414469268,0.1826383583929778,0.1826383583929778,ok,mutation,d9b0721e0597659a,-0.008508205189633878,-0.010294928279456994,ZDT,True,0.14243258687067833,0.3659034802516783,mutation_prob_05,0.1723434301135208,0.1723434301135208,ok,ZDT2,2,phase1_5B_10seed,ZDT2_n10_m2
0.13257289180873189,0.40099751746362083,0.1604131990885656,0.1604131990885656,ok,mutation,d9b0721e0597659a,0.06638333369719542,0.08032383377360647,ZDT,True,0.19895622550592731,0.2429213741551506,mutation_prob_05,0.24073703286217207,0.24073703286217207,ok,ZDT2,3,phase1_5B_10seed,ZDT2_n10_m2
0.18693720697184746,0.2936500556151754,0.22619402043593545,0.22619402043593545,ok,mutation,d9b0721e0597659a,-0.09405966892149785,-0.11381219939501241,ZDT,True,0.0928775380503496,0.46995715405605554,mutation_prob_05,0.11238182104092304,0.11238182104092304,ok,ZDT2,4,phase1_5B_10seed,ZDT2_n10_m2
0.14640572697631704,0.3799016982856663,0.17715092964134366,0.17715092964134366,ok,mutation,d9b0721e0597659a,-0.04934031129099779,-0.05970177666210734,ZDT,True,0.09706541568531926,0.5146921688395129,mutation_prob_05,0.11744915297923632,0.11744915297923632,ok,ZDT2,5,phase1_5B_10seed,ZDT2_n10_m2
0.3511991342949439,0.07363302359316594,0.4249509524968822,0.4249509524968822,ok,mutation,d9b0721e0597659a,-0.11659477679005162,-0.14107967991596249,ZDT,True,0.23460435750489228,0.22352997381824394,mutation_prob_05,0.2838712725809197,0.2838712725809197,ok,ZDT2,6,phase1_5B_10seed,ZDT2_n10_m2
0.2287131394862641,0.23789728099073704,0.2767428987783796,0.2767428987783796,ok,mutation,d9b0721e0597659a,-0.1361159874148498,-0.16470034477196827,ZDT,True,0.09259715207141432,0.5522621239935294,mutation_prob_05,0.11204255400641135,0.11204255400641135,ok,ZDT2,7,phase1_5B_10seed,ZDT2_n10_m2
0.321897731113583,0.10730367784039613,0.3894962546474355,0.3894962546474355,ok,mutation,d9b0721e0597659a,0.08159189214148566,0.09872618949119766,ZDT,True,0.40348962325506865,0.02784359853889868,mutation_prob_05,0.48822244413863314,0.48822244413863314,ok,ZDT2,8,phase1_5B_10seed,ZDT2_n10_m2
0.2214069494025134,0.24471794204127453,0.26790240877704125,0.26790240877704125,ok,mutation,d9b0721e0597659a,-0.1326817346128446,-0.160544898881542,ZDT,True,0.0887252147896688,0.5073699902024142,mutation_prob_05,0.10735750989549926,0.10735750989549926,ok,ZDT2,9,phase1_5B_10seed,ZDT2_n10_m2
0.11317778931452276,0.45945239254592307,0.13694512507057255,0.13694512507057255,ok,mutation,9192be92effca056,0.30796155761377764,0.372633484712671,ZDT,True,0.4211393469283004,0.017095527121969236,mutation_eta_01,0.5095786097832435,0.5095786097832435,ok,ZDT2,0,phase1_5B_10seed,ZDT2_n10_m2
0.4022310395220621,0.02867522668887942,0.48669955782169516,0.48669955782169516,ok,mutation,9192be92effca056,0.01859658736061085,0.022501870706339133,ZDT,True,0.4208276268826729,0.020691393073404837,mutation_eta_01,0.5092014285280343,0.5092014285280343,ok,ZDT2,1,phase1_5B_10seed,ZDT2_n10_m2
0.1509407920603122,0.3663081414469268,0.1826383583929778,0.1826383583929778,ok,mutation,9192be92effca056,0.26291826799871176,0.31813110427844127,ZDT,True,0.41385906005902395,0.019239765628454135,mutation_eta_01,0.5007694626714191,0.5007694626714191,ok,ZDT2,2,phase1_5B_10seed,ZDT2_n10_m2
0.13257289180873189,0.40099751746362083,0.1604131990885656,0.1604131990885656,ok,mutation,9192be92effca056,0.294810605481254,0.3567208326323174,ZDT,True,0.42738349728998587,0.013349861750148812,mutation_eta_01,0.517134031720883,0.517134031720883,ok,ZDT2,3,phase1_5B_10seed,ZDT2_n10_m2
0.18693720697184746,0.2936500556151754,0.22619402043593545,0.22619402043593545,ok,mutation,9192be92effca056,0.2425831932259546,0.2935256638034051,ZDT,True,0.4295204001978021,0.014652001116197143,mutation_eta_01,0.5197196842393406,0.5197196842393406,ok,ZDT2,4,phase1_5B_10seed,ZDT2_n10_m2
0.14640572697631704,0.3799016982856663,0.17715092964134366,0.17715092964134366,ok,mutation,9192be92effca056,0.27266339159366254,0.3299227038283317,ZDT,True,0.4190691185699796,0.019146064836703794,mutation_eta_01,0.5070736334696754,0.5070736334696754,ok,ZDT2,5,phase1_5B_10seed,ZDT2_n10_m2
0.3511991342949439,0.07363302359316594,0.4249509524968822,0.4249509524968822,ok,mutation,9192be92effca056,0.0723021370051683,0.08748558577625365,ZDT,True,0.4235012713001122,0.015225981719657292,mutation_eta_01,0.5124365382731358,0.5124365382731358,ok,ZDT2,6,phase1_5B_10seed,ZDT2_n10_m2
0.2287131394862641,0.23789728099073704,0.2767428987783796,0.2767428987783796,ok,mutation,9192be92effca056,0.19749756867461396,0.2389720580962829,ZDT,True,0.426210708160878,0.01295062099260671,mutation_eta_01,0.5157149568746625,0.5157149568746625,ok,ZDT2,7,phase1_5B_10seed,ZDT2_n10_m2
0.321897731113583,0.10730367784039613,0.3894962546474355,0.3894962546474355,ok,mutation,9192be92effca056,0.10750775277943733,0.1300843808631192,ZDT,True,0.4294054838930203,0.011990274213929857,mutation_eta_01,0.5195806355105547,0.5195806355105547,ok,ZDT2,8,phase1_5B_10seed,ZDT2_n10_m2
0.2214069494025134,0.24471794204127453,0.26790240877704125,0.26790240877704125,ok,mutation,9192be92effca056,0.20409167009579687,0.24695092081591424,ZDT,True,0.42549861949831025,0.014871113830366788,mutation_eta_01,0.5148533295929555,0.5148533295929555,ok,ZDT2,9,phase1_5B_10seed,ZDT2_n10_m2
0.11317778931452276,0.45945239254592307,0.13694512507057255,0.13694512507057255,ok,mutation,1c697649e2ad0dad,0.30445064731369353,0.3683852832495692,ZDT,True,0.41762843662821625,0.01755402821468903,mutation_eta_02,0.5053304083201418,0.5053304083201418,ok,ZDT2,0,phase1_5B_10seed,ZDT2_n10_m2
0.4022310395220621,0.02867522668887942,0.48669955782169516,0.48669955782169516,ok,mutation,1c697649e2ad0dad,0.010149415973121028,0.012280793327476447,ZDT,True,0.4123804554951831,0.02323018050525367,mutation_eta_02,0.4989803511491716,0.4989803511491716,ok,ZDT2,1,phase1_5B_10seed,ZDT2_n10_m2
0.1509407920603122,0.3663081414469268,0.1826383583929778,0.1826383583929778,ok,mutation,1c697649e2ad0dad,0.2606907970516916,0.3154358644325469,ZDT,True,0.4116315891120038,0.02320957346875451,mutation_eta_02,0.4980742228255247,0.4980742228255247,ok,ZDT2,2,phase1_5B_10seed,ZDT2_n10_m2
0.13257289180873189,0.40099751746362083,0.1604131990885656,0.1604131990885656,ok,mutation,1c697649e2ad0dad,0.2912665925937604,0.35243257703845016,ZDT,True,0.4238394844024923,0.019083805527263017,mutation_eta_02,0.5128457761270158,0.5128457761270158,ok,ZDT2,3,phase1_5B_10seed,ZDT2_n10_m2
0.18693720697184746,0.2936500556151754,0.22619402043593545,0.22619402043593545,ok,mutation,1c697649e2ad0dad,0.23946941631005225,0.28975799373516326,ZDT,True,0.4264066232818997,0.01568667659504851,mutation_eta_02,0.5159520141710987,0.5159520141710987,ok,ZDT2,4,phase1_5B_10seed,ZDT2_n10_m2
0.14640572697631704,0.3799016982856663,0.17715092964134366,0.17715092964134366,ok,mutation,1c697649e2ad0dad,0.2689408534069137,0.32541843262236564,ZDT,True,0.41534658038323075,0.020917976851375735,mutation_eta_02,0.5025693622637093,0.5025693622637093,ok,ZDT2,5,phase1_5B_10seed,ZDT2_n10_m2
0.3511991342949439,0.07363302359316594,0.4249509524968822,0.4249509524968822,ok,mutation,1c697649e2ad0dad,0.06954929096879475,0.08415464207224166,ZDT,True,0.4207484252637387,0.01744650307674689,mutation_eta_02,0.5091055945691239,0.5091055945691239,ok,ZDT2,6,phase1_5B_10seed,ZDT2_n10_m2
0.2287131394862641,0.23789728099073704,0.2767428987783796,0.2767428987783796,ok,mutation,1c697649e2ad0dad,0.17819709155829752,0.21561848078554002,ZDT,True,0.4069102310445616,0.024924213562038302,mutation_eta_02,0.4923613795639196,0.4923613795639196,ok,ZDT2,7,phase1_5B_10seed,ZDT2_n10_m2
0.321897731113583,0.10730367784039613,0.3894962546474355,0.3894962546474355,ok,mutation,1c697649e2ad0dad,0.08105738986959338,0.098079441742208,ZDT,True,0.4029551209831764,0.029494197871316363,mutation_eta_02,0.4875756963896435,0.4875756963896435,ok,ZDT2,8,phase1_5B_10seed,ZDT2_n10_m2
0.2214069494025134,0.24471794204127453,0.26790240877704125,0.26790240877704125,ok,mutation,1c697649e2ad0dad,0.20014861836884337,0.24217982822630052,ZDT,True,0.4215555677713568,0.015833575403319994,mutation_eta_02,0.5100822370033418,0.5100822370033418,ok,ZDT2,9,phase1_5B_10seed,ZDT2_n10_m2
0.11317778931452276,0.45945239254592307,0.13694512507057255,0.13694512507057255,ok,mutation,755deabab1d31550,0.04849229058720471,0.058675671610517705,ZDT,True,0.16167007990172746,0.34706574651558714,mutation_eta_03,0.19562079668109025,0.19562079668109025,ok,ZDT2,0,phase1_5B_10seed,ZDT2_n10_m2
0.4022310395220621,0.02867522668887942,0.48669955782169516,0.48669955782169516,ok,mutation,755deabab1d31550,-0.05804436041995927,-0.07023367610815073,ZDT,True,0.34418667910210277,0.08175303055979419,mutation_eta_03,0.41646588171354443,0.41646588171354443,ok,ZDT2,1,phase1_5B_10seed,ZDT2_n10_m2
0.1509407920603122,0.3663081414469268,0.1826383583929778,0.1826383583929778,ok,mutation,755deabab1d31550,0.16423114697693889,0.19871968784209607,ZDT,True,0.31517193903725105,0.11724293674821136,mutation_eta_03,0.38135804623507386,0.38135804623507386,ok,ZDT2,2,phase1_5B_10seed,ZDT2_n10_m2
0.13257289180873189,0.40099751746362083,0.1604131990885656,0.1604131990885656,ok,mutation,755deabab1d31550,0.22140795970631325,0.26790363124463906,ZDT,True,0.3539808515150451,0.07443105905036528,mutation_eta_03,0.42831683033320467,0.42831683033320467,ok,ZDT2,3,phase1_5B_10seed,ZDT2_n10_m2
0.18693720697184746,0.2936500556151754,0.22619402043593545,0.22619402043593545,ok,mutation,755deabab1d31550,0.22653829768132286,0.2741113401944007,ZDT,True,0.4134755046531703,0.022965931092441317,mutation_eta_03,0.5003053606303361,0.5003053606303361,ok,ZDT2,4,phase1_5B_10seed,ZDT2_n10_m2
0.14640572697631704,0.3799016982856663,0.17715092964134366,0.17715092964134366,ok,mutation,755deabab1d31550,0.07861531268663274,0.09512452835082563,ZDT,True,0.22502103966294978,0.23666181876885967,mutation_eta_03,0.2722754579921693,0.2722754579921693,ok,ZDT2,5,phase1_5B_10seed,ZDT2_n10_m2
0.3511991342949439,0.07363302359316594,0.4249509524968822,0.4249509524968822,ok,mutation,755deabab1d31550,0.07034754207779842,0.0851205259141361,ZDT,True,0.42154667637274235,0.01909880918487188,mutation_eta_03,0.5100714784110183,0.5100714784110183,ok,ZDT2,6,phase1_5B_10seed,ZDT2_n10_m2
0.2287131394862641,0.23789728099073704,0.2767428987783796,0.2767428987783796,ok,mutation,755deabab1d31550,0.1709682964926892,0.20687163875615394,ZDT,True,0.3996814359789533,0.027989354727263775,mutation_eta_03,0.48361453753453354,0.48361453753453354,ok,ZDT2,7,phase1_5B_10seed,ZDT2_n10_m2
0.321897731113583,0.10730367784039613,0.3894962546474355,0.3894962546474355,ok,mutation,755deabab1d31550,0.11001556176922946,0.13311882974076766,ZDT,True,0.43191329288281244,0.012768993703924737,mutation_eta_03,0.5226150843882031,0.5226150843882031,ok,ZDT2,8,phase1_5B_10seed,ZDT2_n10_m2
0.2214069494025134,0.24471794204127453,0.26790240877704125,0.26790240877704125,ok,mutation,755deabab1d31550,0.1036401629721802,0.12540459719633806,ZDT,True,0.3250471123746936,0.1056060821827149,mutation_eta_03,0.3933070059733793,0.3933070059733793,ok,ZDT2,9,phase1_5B_10seed,ZDT2_n10_m2
0.11317778931452276,0.45945239254592307,0.13694512507057255,0.13694512507057255,ok,mutation,c98c041851d9217b,-0.025834393257776835,-0.03125961584190998,ZDT,True,0.08734339605674592,0.6114813081908121,mutation_eta_04,0.10568550922866257,0.10568550922866257,ok,ZDT2,0,phase1_5B_10seed,ZDT2_n10_m2
0.4022310395220621,0.02867522668887942,0.48669955782169516,0.48669955782169516,ok,mutation,c98c041851d9217b,-0.3246600195643997,-0.3928386236729237,ZDT,True,0.07757101995766234,0.6164255232571146,mutation_eta_04,0.09386093414877145,0.09386093414877145,ok,ZDT2,1,phase1_5B_10seed,ZDT2_n10_m2
0.1509407920603122,0.3663081414469268,0.1826383583929778,0.1826383583929778,ok,mutation,c98c041851d9217b,0.25722262133787216,0.31123937181882533,ZDT,True,0.4081634133981843,0.03166222631033159,mutation_eta_04,0.4938777302118031,0.4938777302118031,ok,ZDT2,2,phase1_5B_10seed,ZDT2_n10_m2
0.13257289180873189,0.40099751746362083,0.1604131990885656,0.1604131990885656,ok,mutation,c98c041851d9217b,-0.03321108801133786,-0.04018541649371882,ZDT,True,0.09936180379739402,0.5189051649407742,mutation_eta_04,0.12022778259484679,0.12022778259484679,ok,ZDT2,3,phase1_5B_10seed,ZDT2_n10_m2
0.18693720697184746,0.2936500556151754,0.22619402043593545,0.22619402043593545,ok,mutation,c98c041851d9217b,-0.10732396714459927,-0.12986200024496514,ZDT,True,0.07961323982724819,0.6153568994552859,mutation_eta_04,0.09633202019097033,0.09633202019097033,ok,ZDT2,4,phase1_5B_10seed,ZDT2_n10_m2
0.14640572697631704,0.3799016982856663,0.17715092964134366,0.17715092964134366,ok,mutation,c98c041851d9217b,-0.05750057880163056,-0.06957570034997299,ZDT,True,0.08890514817468649,0.6107358942635973,mutation_eta_04,0.10757522929137067,0.10757522929137067,ok,ZDT2,5,phase1_5B_10seed,ZDT2_n10_m2
0.3511991342949439,0.07363302359316594,0.4249509524968822,0.4249509524968822,ok,mutation,c98c041851d9217b,-0.25914385052980893,-0.31356405914106883,ZDT,True,0.09205528376513501,0.5593595258802986,mutation_eta_04,0.11138689335581338,0.11138689335581338,ok,ZDT2,6,phase1_5B_10seed,ZDT2_n10_m2
0.2287131394862641,0.23789728099073704,0.2767428987783796,0.2767428987783796,ok,mutation,c98c041851d9217b,-0.1407826581695662,-0.17034701638517513,ZDT,True,0.08793048131669791,0.6111993958595651,mutation_eta_04,0.10639588239320448,0.10639588239320448,ok,ZDT2,7,phase1_5B_10seed,ZDT2_n10_m2
0.321897731113583,0.10730367784039613,0.3894962546474355,0.3894962546474355,ok,mutation,c98c041851d9217b,-0.2278315799073435,-0.2756762116878857,ZDT,True,0.09406615120623946,0.5478297443187923,mutation_eta_04,0.11382004295954976,0.11382004295954976,ok,ZDT2,8,phase1_5B_10seed,ZDT2_n10_m2
0.2214069494025134,0.24471794204127453,0.26790240877704125,0.26790240877704125,ok,mutation,c98c041851d9217b,-0.1329676509463456,-0.1608908576450782,ZDT,True,0.08843929845616777,0.6109566280944515,mutation_eta_04,0.10701155113196302,0.10701155113196302,ok,ZDT2,9,phase1_5B_10seed,ZDT2_n10_m2
0.11317778931452276,0.45945239254592307,0.13694512507057255,0.13694512507057255,ok,mutation,6a66b1df3d345953,-0.08890699912282059,-0.10757746893861292,ZDT,True,0.024270790191702165,0.6488073576932536,mutation_eta_05,0.029367656131959626,0.029367656131959626,ok,ZDT2,0,phase1_5B_10seed,ZDT2_n10_m2
0.4022310395220621,0.02867522668887942,0.48669955782169516,0.48669955782169516,ok,mutation,6a66b1df3d345953,-0.31738326055415944,-0.38403374527053297,ZDT,True,0.08484777896790263,0.6127007556740779,mutation_eta_05,0.1026658125511622,0.1026658125511622,ok,ZDT2,1,phase1_5B_10seed,ZDT2_n10_m2
0.1509407920603122,0.3663081414469268,0.1826383583929778,0.1826383583929778,ok,mutation,6a66b1df3d345953,-0.0609135621404653,-0.07370541018996302,ZDT,True,0.09002722991984691,0.610209731083865,mutation_eta_05,0.10893294820301477,0.10893294820301477,ok,ZDT2,2,phase1_5B_10seed,ZDT2_n10_m2
0.13257289180873189,0.40099751746362083,0.1604131990885656,0.1604131990885656,ok,mutation,6a66b1df3d345953,-0.04220015867018106,-0.05106219199091909,ZDT,True,0.09037273313855082,0.6100494206506142,mutation_eta_05,0.10935100709764652,0.10935100709764652,ok,ZDT2,3,phase1_5B_10seed,ZDT2_n10_m2
0.18693720697184746,0.2936500556151754,0.22619402043593545,0.22619402043593545,ok,mutation,6a66b1df3d345953,-0.09721329426555839,-0.11762808606132567,ZDT,True,0.08972391270628906,0.5601409332006643,mutation_eta_05,0.10856593437460978,0.10856593437460978,ok,ZDT2,4,phase1_5B_10seed,ZDT2_n10_m2
0.14640572697631704,0.3799016982856663,0.17715092964134366,0.17715092964134366,ok,mutation,6a66b1df3d345953,-0.13120997435528342,-0.15876406896989295,ZDT,True,0.01519575262103364,0.6549722620386479,mutation_eta_05,0.018386860671450705,0.018386860671450705,ok,ZDT2,5,phase1_5B_10seed,ZDT2_n10_m2
0.3511991342949439,0.07363302359316594,0.4249509524968822,0.4249509524968822,ok,mutation,6a66b1df3d345953,-0.26613962317420886,-0.32202894404079274,ZDT,True,0.08505951112073507,0.6125960345462409,mutation_eta_05,0.10292200845608944,0.10292200845608944,ok,ZDT2,6,phase1_5B_10seed,ZDT2_n10_m2
0.2287131394862641,0.23789728099073704,0.2767428987783796,0.2767428987783796,ok,mutation,6a66b1df3d345953,-0.1406633204100831,-0.17020261769620057,ZDT,True,0.08804981907618101,0.6111423378194007,mutation_eta_05,0.10654028108217903,0.10654028108217903,ok,ZDT2,7,phase1_5B_10seed,ZDT2_n10_m2
0.321897731113583,0.10730367784039613,0.3894962546474355,0.3894962546474355,ok,mutation,6a66b1df3d345953,0.016820622764618282,0.020352953545188124,ZDT,True,0.33871835387820126,0.0729899365628767,mutation_eta_05,0.4098492081926236,0.4098492081926236,ok,ZDT2,8,phase1_5B_10seed,ZDT2_n10_m2
0.2214069494025134,0.24471794204127453,0.26790240877704125,0.26790240877704125,ok,mutation,6a66b1df3d345953,-0.21681645626803378,-0.2623479120843209,ZDT,True,0.004590493134479645,0.6623620582816853,mutation_eta_05,0.0055544966927203706,0.0055544966927203706,ok,ZDT2,9,phase1_5B_10seed,ZDT2_n10_m2
0.11317778931452276,0.45945239254592307,0.13694512507057255,0.13694512507057255,ok,crossover,89c8d84355680c85,0.26843980512276716,0.3248121641985483,ZDT,True,0.3816175944372899,0.04117534349767099,crossover_prob_01,0.46175728926912085,0.46175728926912085,ok,ZDT2,0,phase1_5B_10seed,ZDT2_n10_m2
0.4022310395220621,0.02867522668887942,0.48669955782169516,0.48669955782169516,ok,crossover,89c8d84355680c85,-0.20372404024526516,-0.24650608869677088,ZDT,True,0.1985069992767969,0.25935712384561277,crossover_prob_01,0.24019346912492429,0.24019346912492429,ok,ZDT2,1,phase1_5B_10seed,ZDT2_n10_m2
0.1509407920603122,0.3663081414469268,0.1826383583929778,0.1826383583929778,ok,crossover,89c8d84355680c85,0.212806479693288,0.2574958404288785,ZDT,True,0.3637472717536002,0.06515928500135648,crossover_prob_01,0.44013419882185634,0.44013419882185634,ok,ZDT2,2,phase1_5B_10seed,ZDT2_n10_m2
0.13257289180873189,0.40099751746362083,0.1604131990885656,0.1604131990885656,ok,crossover,89c8d84355680c85,-0.04820740615822869,-0.05833096145145672,ZDT,True,0.0843654856505032,0.6129401290711759,crossover_prob_01,0.10208223763710889,0.10208223763710889,ok,ZDT2,3,phase1_5B_10seed,ZDT2_n10_m2
0.18693720697184746,0.2936500556151754,0.22619402043593545,0.22619402043593545,ok,crossover,89c8d84355680c85,-0.0551873177163938,-0.0667766544368365,ZDT,True,0.13174988925545367,0.37688393205532333,crossover_prob_01,0.15941736599909895,0.15941736599909895,ok,ZDT2,4,phase1_5B_10seed,ZDT2_n10_m2
0.14640572697631704,0.3799016982856663,0.17715092964134366,0.17715092964134366,ok,crossover,89c8d84355680c85,0.17292791435726856,0.209242776372295,ZDT,True,0.3193336413335856,0.10772736834402191,crossover_prob_01,0.38639370601363865,0.38639370601363865,ok,ZDT2,5,phase1_5B_10seed,ZDT2_n10_m2
0.3511991342949439,0.07363302359316594,0.4249509524968822,0.4249509524968822,ok,crossover,89c8d84355680c85,-0.25046446162543123,-0.30306199856677185,ZDT,True,0.10073467266951264,0.46135705068658334,crossover_prob_01,0.12188895393011032,0.12188895393011032,ok,ZDT2,6,phase1_5B_10seed,ZDT2_n10_m2
0.2287131394862641,0.23789728099073704,0.2767428987783796,0.2767428987783796,ok,crossover,89c8d84355680c85,-0.08682361812339152,-0.10505657792930376,ZDT,True,0.14188952136287258,0.3615153452946161,crossover_prob_01,0.17168632084907584,0.17168632084907584,ok,ZDT2,7,phase1_5B_10seed,ZDT2_n10_m2
0.321897731113583,0.10730367784039613,0.3894962546474355,0.3894962546474355,ok,crossover,89c8d84355680c85,-0.24982372916494994,-0.3022867122895895,ZDT,True,0.07207400194863303,0.612721358894116,crossover_prob_01,0.08720954235784598,0.08720954235784598,ok,ZDT2,8,phase1_5B_10seed,ZDT2_n10_m2
0.2214069494025134,0.24471794204127453,0.26790240877704125,0.26790240877704125,ok,crossover,89c8d84355680c85,-0.1351458556069039,-0.16352648528435373,ZDT,True,0.0862610937956095,0.5651825487987093,crossover_prob_01,0.10437592349268751,0.10437592349268751,ok,ZDT2,9,phase1_5B_10seed,ZDT2_n10_m2
0.11317778931452276,0.45945239254592307,0.13694512507057255,0.13694512507057255,ok,crossover,7427b8849a7b79d1,-0.024878542649966487,-0.030103036606459452,ZDT,True,0.08829924666455627,0.6055615010538168,crossover_prob_02,0.1068420884641131,0.1068420884641131,ok,ZDT2,0,phase1_5B_10seed,ZDT2_n10_m2
0.4022310395220621,0.02867522668887942,0.48669955782169516,0.48669955782169516,ok,crossover,7427b8849a7b79d1,-0.31730522608063244,-0.3839393235575653,ZDT,True,0.0849258134414296,0.6126621344219746,crossover_prob_02,0.10276023426412983,0.10276023426412983,ok,ZDT2,1,phase1_5B_10seed,ZDT2_n10_m2
0.1509407920603122,0.3663081414469268,0.1826383583929778,0.1826383583929778,ok,crossover,7427b8849a7b79d1,-0.04094948220906734,-0.04954887347297149,ZDT,True,0.10999130985124486,0.4733514719161862,crossover_prob_02,0.1330894849200063,0.1330894849200063,ok,ZDT2,2,phase1_5B_10seed,ZDT2_n10_m2
0.13257289180873189,0.40099751746362083,0.1604131990885656,0.1604131990885656,ok,crossover,7427b8849a7b79d1,-0.027508023513563552,-0.033284708451411904,ZDT,True,0.10506486829516833,0.4636401189757388,crossover_prob_02,0.1271284906371537,0.1271284906371537,ok,ZDT2,3,phase1_5B_10seed,ZDT2_n10_m2
0.18693720697184746,0.2936500556151754,0.22619402043593545,0.22619402043593545,ok,crossover,7427b8849a7b79d1,0.21510644767190965,0.2602788016830107,ZDT,True,0.4020436546437571,0.039335708064405735,crossover_prob_02,0.48647282211894616,0.48647282211894616,ok,ZDT2,4,phase1_5B_10seed,ZDT2_n10_m2
0.14640572697631704,0.3799016982856663,0.17715092964134366,0.17715092964134366,ok,crossover,7427b8849a7b79d1,-0.04690035318771889,-0.056749427357139864,ZDT,True,0.09950537378859817,0.5161862882190201,crossover_prob_02,0.12040150228420379,0.12040150228420379,ok,ZDT2,5,phase1_5B_10seed,ZDT2_n10_m2
0.3511991342949439,0.07363302359316594,0.4249509524968822,0.4249509524968822,ok,crossover,7427b8849a7b79d1,-0.24572092896975278,-0.2973223240534009,ZDT,True,0.10547820532519112,0.4849168062486897,crossover_prob_02,0.12762862844348127,0.12762862844348127,ok,ZDT2,6,phase1_5B_10seed,ZDT2_n10_m2
0.2287131394862641,0.23789728099073704,0.2767428987783796,0.2767428987783796,ok,crossover,7427b8849a7b79d1,-0.14161025314330528,-0.17134840630339943,ZDT,True,0.08710288634295882,0.6115973658328774,crossover_prob_02,0.10539449247498019,0.10539449247498019,ok,ZDT2,7,phase1_5B_10seed,ZDT2_n10_m2
0.321897731113583,0.10730367784039613,0.3894962546474355,0.3894962546474355,ok,crossover,7427b8849a7b79d1,-0.16804462121807298,-0.20333399167386834,ZDT,True,0.15385310989551002,0.3485259762879649,crossover_prob_02,0.18616226297356714,0.18616226297356714,ok,ZDT2,8,phase1_5B_10seed,ZDT2_n10_m2
0.2214069494025134,0.24471794204127453,0.26790240877704125,0.26790240877704125,ok,crossover,7427b8849a7b79d1,-0.10723505145997962,-0.12975441226657536,ZDT,True,0.11417189794253377,0.4399997889795378,crossover_prob_02,0.1381479965104659,0.1381479965104659,ok,ZDT2,9,phase1_5B_10seed,ZDT2_n10_m2
0.11317778931452276,0.45945239254592307,0.13694512507057255,0.13694512507057255,ok,crossover,29a7e70db29fb1aa,0.0018607750803280112,0.002251537847196894,ZDT,True,0.11503856439485076,0.4472195824461799,crossover_prob_03,0.13919666291776944,0.13919666291776944,ok,ZDT2,0,phase1_5B_10seed,ZDT2_n10_m2
0.4022310395220621,0.02867522668887942,0.48669955782169516,0.48669955782169516,ok,crossover,29a7e70db29fb1aa,0.008659888293379648,0.010478464834989376,ZDT,True,0.4108909278154417,0.023019711550630373,crossover_prob_03,0.49717802265668454,0.49717802265668454,ok,ZDT2,1,phase1_5B_10seed,ZDT2_n10_m2
0.1509407920603122,0.3663081414469268,0.1826383583929778,0.1826383583929778,ok,crossover,29a7e70db29fb1aa,0.15788006112461303,0.1910348739607818,ZDT,True,0.30882085318492525,0.13142741452499818,crossover_prob_03,0.3736732323537596,0.3736732323537596,ok,ZDT2,2,phase1_5B_10seed,ZDT2_n10_m2
0.13257289180873189,0.40099751746362083,0.1604131990885656,0.1604131990885656,ok,crossover,29a7e70db29fb1aa,0.060577242229059115,0.07329846309716154,ZDT,True,0.193150134037791,0.28635651374073057,crossover_prob_03,0.23371166218572714,0.23371166218572714,ok,ZDT2,3,phase1_5B_10seed,ZDT2_n10_m2
0.18693720697184746,0.2936500556151754,0.22619402043593545,0.22619402043593545,ok,crossover,29a7e70db29fb1aa,0.0272423205373752,0.032963207850224,ZDT,True,0.21417952750922264,0.25542140578111333,crossover_prob_03,0.25915722828615945,0.25915722828615945,ok,ZDT2,4,phase1_5B_10seed,ZDT2_n10_m2
0.14640572697631704,0.3799016982856663,0.17715092964134366,0.17715092964134366,ok,crossover,29a7e70db29fb1aa,0.06693352911127623,0.08098957022464426,ZDT,True,0.2133392560875933,0.2604752598449847,crossover_prob_03,0.2581404998659879,0.2581404998659879,ok,ZDT2,5,phase1_5B_10seed,ZDT2_n10_m2
0.3511991342949439,0.07363302359316594,0.4249509524968822,0.4249509524968822,ok,crossover,29a7e70db29fb1aa,0.0759720130802923,0.0919261358271537,ZDT,True,0.4271711473752362,0.01470659402245295,crossover_prob_03,0.5168770883240359,0.5168770883240359,ok,ZDT2,6,phase1_5B_10seed,ZDT2_n10_m2
0.2287131394862641,0.23789728099073704,0.2767428987783796,0.2767428987783796,ok,crossover,29a7e70db29fb1aa,0.1908392886511438,0.23091553926788405,ZDT,True,0.4195524281374079,0.017799522442861506,crossover_prob_03,0.5076584380462636,0.5076584380462636,ok,ZDT2,7,phase1_5B_10seed,ZDT2_n10_m2
0.321897731113583,0.10730367784039613,0.3894962546474355,0.3894962546474355,ok,crossover,29a7e70db29fb1aa,-0.20011700001990065,-0.24214157002407982,ZDT,True,0.12178073109368234,0.42974377596334656,crossover_prob_03,0.14735468462335566,0.14735468462335566,ok,ZDT2,8,phase1_5B_10seed,ZDT2_n10_m2
0.2214069494025134,0.24471794204127453,0.26790240877704125,0.26790240877704125,ok,crossover,29a7e70db29fb1aa,-0.07743229559287948,-0.09369307766738419,ZDT,True,0.1439746538096339,0.37025273328865294,crossover_prob_03,0.17420933110965706,0.17420933110965706,ok,ZDT2,9,phase1_5B_10seed,ZDT2_n10_m2
0.11317778931452276,0.45945239254592307,0.13694512507057255,0.13694512507057255,ok,crossover,5a69d4d15b7b45e2,-0.025753168442448435,-0.03116133381536261,ZDT,True,0.08742462087207431,0.6114421869295832,crossover_eta_01,0.10578379125520994,0.10578379125520994,ok,ZDT2,0,phase1_5B_10seed,ZDT2_n10_m2
0.4022310395220621,0.02867522668887942,0.48669955782169516,0.48669955782169516,ok,crossover,5a69d4d15b7b45e2,-0.29976394749092283,-0.36271437646401666,ZDT,True,0.10246709203113923,0.48560602956963256,crossover_eta_01,0.12398518135767848,0.12398518135767848,ok,ZDT2,1,phase1_5B_10seed,ZDT2_n10_m2
0.1509407920603122,0.3663081414469268,0.1826383583929778,0.1826383583929778,ok,crossover,5a69d4d15b7b45e2,-0.04306824390347026,-0.05211257512319903,ZDT,True,0.10787254815684194,0.4839009244958876,crossover_eta_01,0.13052578326977876,0.13052578326977876,ok,ZDT2,2,phase1_5B_10seed,ZDT2_n10_m2
0.13257289180873189,0.40099751746362083,0.1604131990885656,0.1604131990885656,ok,crossover,5a69d4d15b7b45e2,0.0344396115599337,0.041671929987519785,ZDT,True,0.16701250336866558,0.3319590411811234,crossover_eta_01,0.2020851290760854,0.2020851290760854,ok,ZDT2,3,phase1_5B_10seed,ZDT2_n10_m2
0.18693720697184746,0.2936500556151754,0.22619402043593545,0.22619402043593545,ok,crossover,5a69d4d15b7b45e2,-0.07814624188043563,-0.09455695267532713,ZDT,True,0.10879096509141183,0.46835554096367416,crossover_eta_01,0.13163706776060832,0.13163706776060832,ok,ZDT2,4,phase1_5B_10seed,ZDT2_n10_m2
0.14640572697631704,0.3799016982856663,0.17715092964134366,0.17715092964134366,ok,crossover,5a69d4d15b7b45e2,-0.03610080646191696,-0.04368197581891953,ZDT,True,0.11030492051440009,0.4714099286889342,crossover_eta_01,0.13346895382242413,0.13346895382242413,ok,ZDT2,5,phase1_5B_10seed,ZDT2_n10_m2
0.3511991342949439,0.07363302359316594,0.4249509524968822,0.4249509524968822,ok,crossover,5a69d4d15b7b45e2,0.07607878758376688,0.09205533297635793,ZDT,True,0.4272779218787108,0.013780946566318706,crossover_eta_01,0.5170062854732401,0.5170062854732401,ok,ZDT2,6,phase1_5B_10seed,ZDT2_n10_m2
0.2287131394862641,0.23789728099073704,0.2767428987783796,0.2767428987783796,ok,crossover,5a69d4d15b7b45e2,-0.13039629849147985,-0.15777952117469066,ZDT,True,0.09831684099478423,0.5190127961725334,crossover_eta_01,0.11896337760368894,0.11896337760368894,ok,ZDT2,7,phase1_5B_10seed,ZDT2_n10_m2
0.321897731113583,0.10730367784039613,0.3894962546474355,0.3894962546474355,ok,crossover,5a69d4d15b7b45e2,0.1074052023678284,0.12996029486507238,ZDT,True,0.4293029334814114,0.012583308851833808,crossover_eta_01,0.5194565495125079,0.5194565495125079,ok,ZDT2,8,phase1_5B_10seed,ZDT2_n10_m2
0.2214069494025134,0.24471794204127453,0.26790240877704125,0.26790240877704125,ok,crossover,5a69d4d15b7b45e2,-0.10532200568474535,-0.1274396268785419,ZDT,True,0.11608494371776804,0.4298816929929289,crossover_eta_01,0.14046278189849934,0.14046278189849934,ok,ZDT2,9,phase1_5B_10seed,ZDT2_n10_m2
0.11317778931452276,0.45945239254592307,0.13694512507057255,0.13694512507057255,ok,crossover,29d8c62df1a2dfb9,-0.007661943920320707,-0.009270952143588057,ZDT,True,0.10551584539420204,0.46841499092261113,crossover_eta_02,0.1276741729269845,0.1276741729269845,ok,ZDT2,0,phase1_5B_10seed,ZDT2_n10_m2
0.4022310395220621,0.02867522668887942,0.48669955782169516,0.48669955782169516,ok,crossover,29d8c62df1a2dfb9,0.015380232817219779,0.018610081708835935,ZDT,True,0.41761127233928186,0.018778157775445118,crossover_eta_02,0.5053096395305311,0.5053096395305311,ok,ZDT2,1,phase1_5B_10seed,ZDT2_n10_m2
0.1509407920603122,0.3663081414469268,0.1826383583929778,0.1826383583929778,ok,crossover,29d8c62df1a2dfb9,-0.05157486967919651,-0.06240559231182778,ZDT,True,0.09936592238111569,0.5161242555225704,crossover_eta_02,0.12023276608115001,0.12023276608115001,ok,ZDT2,2,phase1_5B_10seed,ZDT2_n10_m2
0.13257289180873189,0.40099751746362083,0.1604131990885656,0.1604131990885656,ok,crossover,29d8c62df1a2dfb9,0.14971362038047867,0.18115348066037923,ZDT,True,0.2822865121892106,0.16249957904416662,crossover_eta_02,0.34156667974894483,0.34156667974894483,ok,ZDT2,3,phase1_5B_10seed,ZDT2_n10_m2
0.18693720697184746,0.2936500556151754,0.22619402043593545,0.22619402043593545,ok,crossover,29d8c62df1a2dfb9,-0.0678658545871974,-0.08211768405050887,ZDT,True,0.11907135238465005,0.4403281943047092,crossover_eta_02,0.14407633638542658,0.14407633638542658,ok,ZDT2,4,phase1_5B_10seed,ZDT2_n10_m2
0.14640572697631704,0.3799016982856663,0.17715092964134366,0.17715092964134366,ok,crossover,29d8c62df1a2dfb9,-0.03822772413126477,-0.04625554619883038,ZDT,True,0.10817800284505229,0.4704643834438214,crossover_eta_02,0.13089538344251328,0.13089538344251328,ok,ZDT2,5,phase1_5B_10seed,ZDT2_n10_m2
0.3511991342949439,0.07363302359316594,0.4249509524968822,0.4249509524968822,ok,crossover,29d8c62df1a2dfb9,-0.0588161694709839,-0.07116756505989053,ZDT,True,0.29238296482396003,0.14398196410340422,crossover_eta_02,0.35378338743699167,0.35378338743699167,ok,ZDT2,6,phase1_5B_10seed,ZDT2_n10_m2
0.2287131394862641,0.23789728099073704,0.2767428987783796,0.2767428987783796,ok,crossover,29d8c62df1a2dfb9,0.0017034903828040667,0.002061223363192921,ZDT,True,0.23041662986906816,0.23075418275783208,crossover_eta_02,0.2788041221415725,0.2788041221415725,ok,ZDT2,7,phase1_5B_10seed,ZDT2_n10_m2
0.321897731113583,0.10730367784039613,0.3894962546474355,0.3894962546474355,ok,crossover,29d8c62df1a2dfb9,0.10438107483060863,0.12630110054503646,ZDT,True,0.4262788059441916,0.014548866957714311,crossover_eta_02,0.5157973551924719,0.5157973551924719,ok,ZDT2,8,phase1_5B_10seed,ZDT2_n10_m2
0.2214069494025134,0.24471794204127453,0.26790240877704125,0.26790240877704125,ok,crossover,29d8c62df1a2dfb9,-0.007712910941482698,-0.009332622239194066,ZDT,True,0.2136940384610307,0.2557261560621174,crossover_eta_02,0.2585697865378472,0.2585697865378472,ok,ZDT2,9,phase1_5B_10seed,ZDT2_n10_m2
0.11317778931452276,0.45945239254592307,0.13694512507057255,0.13694512507057255,ok,crossover,73e8830cf37f2c32,-0.01875229495035474,-0.022690276889929237,ZDT,True,0.09442549436416801,0.522448608864213,crossover_eta_03,0.11425484818064331,0.11425484818064331,ok,ZDT2,0,phase1_5B_10seed,ZDT2_n10_m2
0.4022310395220621,0.02867522668887942,0.48669955782169516,0.48669955782169516,ok,crossover,73e8830cf37f2c32,-0.245407687565995,-0.29694330195485397,ZDT,True,0.15682335195606706,0.336450799116975,crossover_eta_03,0.18975625586684117,0.18975625586684117,ok,ZDT2,1,phase1_5B_10seed,ZDT2_n10_m2
0.1509407920603122,0.3663081414469268,0.1826383583929778,0.1826383583929778,ok,crossover,73e8830cf37f2c32,0.027710690749163814,0.03352993580648822,ZDT,True,0.17865148280947601,0.3140785563651207,crossover_eta_03,0.216168294199466,0.216168294199466,ok,ZDT2,2,phase1_5B_10seed,ZDT2_n10_m2
0.13257289180873189,0.40099751746362083,0.1604131990885656,0.1604131990885656,ok,crossover,73e8830cf37f2c32,-0.022517430328762814,-0.02724609069780301,ZDT,True,0.11005546147996907,0.47682400032251215,crossover_eta_03,0.1331671083907626,0.1331671083907626,ok,ZDT2,3,phase1_5B_10seed,ZDT2_n10_m2
0.18693720697184746,0.2936500556151754,0.22619402043593545,0.22619402043593545,ok,crossover,73e8830cf37f2c32,0.03338738893960491,0.040398740616921947,ZDT,True,0.22032459591145237,0.24276263787780095,crossover_eta_03,0.2665927610528574,0.2665927610528574,ok,ZDT2,4,phase1_5B_10seed,ZDT2_n10_m2
0.14640572697631704,0.3799016982856663,0.17715092964134366,0.17715092964134366,ok,crossover,73e8830cf37f2c32,-0.0042820282615955085,-0.005181254196530566,ZDT,True,0.14212369871472155,0.382929452633285,crossover_eta_03,0.1719696754448131,0.1719696754448131,ok,ZDT2,5,phase1_5B_10seed,ZDT2_n10_m2
0.3511991342949439,0.07363302359316594,0.4249509524968822,0.4249509524968822,ok,crossover,73e8830cf37f2c32,-0.1682199641982264,-0.20354615667985398,ZDT,True,0.1829791700967175,0.29760710202230894,crossover_eta_03,0.2214047958170282,0.2214047958170282,ok,ZDT2,6,phase1_5B_10seed,ZDT2_n10_m2
0.2287131394862641,0.23789728099073704,0.2767428987783796,0.2767428987783796,ok,crossover,73e8830cf37f2c32,-0.04879752484543103,-0.059045005062971556,ZDT,True,0.17991561464083305,0.313684640664345,crossover_eta_03,0.21769789371540804,0.21769789371540804,ok,ZDT2,7,phase1_5B_10seed,ZDT2_n10_m2
0.321897731113583,0.10730367784039613,0.3894962546474355,0.3894962546474355,ok,crossover,73e8830cf37f2c32,-0.23135146828893022,-0.2799352766296056,ZDT,True,0.09054626282465278,0.5400332481873231,crossover_eta_03,0.10956097801782988,0.10956097801782988,ok,ZDT2,8,phase1_5B_10seed,ZDT2_n10_m2
0.2214069494025134,0.24471794204127453,0.26790240877704125,0.26790240877704125,ok,crossover,73e8830cf37f2c32,-0.11846249551602041,-0.1433396195743847,ZDT,True,0.102944453886493,0.49301913504651346,crossover_eta_03,0.12456278920265654,0.12456278920265654,ok,ZDT2,9,phase1_5B_10seed,ZDT2_n10_m2
0.11317778931452276,0.45945239254592307,0.13694512507057255,0.13694512507057255,ok,crossover,5749b04c6367f3d6,0.014240692550431812,0.017231237986022496,ZDT,True,0.12741848186495455,0.399312680538085,crossover_eta_04,0.15417636305659504,0.15417636305659504,ok,ZDT2,0,phase1_5B_10seed,ZDT2_n10_m2
0.4022310395220621,0.02867522668887942,0.48669955782169516,0.48669955782169516,ok,crossover,5749b04c6367f3d6,-0.29512545214372665,-0.3571017970939093,ZDT,True,0.10710558737833539,0.477693565381884,crossover_eta_04,0.12959776072778584,0.12959776072778584,ok,ZDT2,1,phase1_5B_10seed,ZDT2_n10_m2
0.1509407920603122,0.3663081414469268,0.1826383583929778,0.1826383583929778,ok,crossover,5749b04c6367f3d6,6.135542875051015e-05,7.424006878811729e-05,ZDT,True,0.1510021474890627,0.3506747773607365,crossover_eta_04,0.1827125984617659,0.1827125984617659,ok,ZDT2,2,phase1_5B_10seed,ZDT2_n10_m2
0.13257289180873189,0.40099751746362083,0.1604131990885656,0.1604131990885656,ok,crossover,5749b04c6367f3d6,0.02137511113488861,0.02586388447321522,ZDT,True,0.1539480029436205,0.36503177411426735,crossover_eta_04,0.18627708356178083,0.18627708356178083,ok,ZDT2,3,phase1_5B_10seed,ZDT2_n10_m2
0.18693720697184746,0.2936500556151754,0.22619402043593545,0.22619402043593545,ok,crossover,5749b04c6367f3d6,-0.04795304141155231,-0.0580231801079783,ZDT,True,0.13898416556029514,0.3906043705022373,crossover_eta_04,0.16817084032795715,0.16817084032795715,ok,ZDT2,4,phase1_5B_10seed,ZDT2_n10_m2
0.14640572697631704,0.3799016982856663,0.17715092964134366,0.17715092964134366,ok,crossover,5749b04c6367f3d6,-0.0441570899563438,-0.053430078847176,ZDT,True,0.10224863701997325,0.5007873374245041,crossover_eta_04,0.12372085079416766,0.12372085079416766,ok,ZDT2,5,phase1_5B_10seed,ZDT2_n10_m2
0.3511991342949439,0.07363302359316594,0.4249509524968822,0.4249509524968822,ok,crossover,5749b04c6367f3d6,-0.005299864743544791,-0.0064128363396891985,ZDT,True,0.3458992695513991,0.09041992093624958,crossover_eta_04,0.418538116157193,0.418538116157193,ok,ZDT2,6,phase1_5B_10seed,ZDT2_n10_m2
0.2287131394862641,0.23789728099073704,0.2767428987783796,0.2767428987783796,ok,crossover,5749b04c6367f3d6,-0.1160772773019531,-0.14045350553536326,ZDT,True,0.112635862184311,0.4469673060952911,crossover_eta_04,0.13628939324301634,0.13628939324301634,ok,ZDT2,7,phase1_5B_10seed,ZDT2_n10_m2
0.321897731113583,0.10730367784039613,0.3894962546474355,0.3894962546474355,ok,crossover,5749b04c6367f3d6,-0.15649022791249337,-0.189353175774117,ZDT,True,0.16540750320108963,0.341629506453307,crossover_eta_04,0.20014307887331848,0.20014307887331848,ok,ZDT2,8,phase1_5B_10seed,ZDT2_n10_m2
0.2214069494025134,0.24471794204127453,0.26790240877704125,0.26790240877704125,ok,crossover,5749b04c6367f3d6,-0.12558641820109487,-0.1519595660233248,ZDT,True,0.09582053120141854,0.4776668162688687,crossover_eta_04,0.11594284275371644,0.11594284275371644,ok,ZDT2,9,phase1_5B_10seed,ZDT2_n10_m2
0.11317778931452276,0.45945239254592307,0.13694512507057255,0.13694512507057255,ok,selection,63758274fca5e53d,0.11746081913746022,0.1421275911563269,ZDT,True,0.23063860845198297,0.22464803517009618,selection_tournament_01,0.27907271622689944,0.27907271622689944,ok,ZDT2,0,phase1_5B_10seed,ZDT2_n10_m2
0.4022310395220621,0.02867522668887942,0.48669955782169516,0.48669955782169516,ok,selection,63758274fca5e53d,-0.12063480067738608,-0.14596810881963718,ZDT,True,0.281596238844676,0.14448742964027095,selection_tournament_01,0.340731449002058,0.340731449002058,ok,ZDT2,1,phase1_5B_10seed,ZDT2_n10_m2
0.1509407920603122,0.3663081414469268,0.1826383583929778,0.1826383583929778,ok,selection,63758274fca5e53d,-0.0037319859324881064,-0.0045157029783106095,ZDT,True,0.14720880612782408,0.3755271866715506,selection_tournament_01,0.17812265541466718,0.17812265541466718,ok,ZDT2,2,phase1_5B_10seed,ZDT2_n10_m2
0.13257289180873189,0.40099751746362083,0.1604131990885656,0.1604131990885656,ok,selection,63758274fca5e53d,0.012328777266119457,0.014917820492004547,ZDT,True,0.14490166907485133,0.3813206966149986,selection_tournament_01,0.17533101958057015,0.17533101958057015,ok,ZDT2,3,phase1_5B_10seed,ZDT2_n10_m2
0.18693720697184746,0.2936500556151754,0.22619402043593545,0.22619402043593545,ok,selection,63758274fca5e53d,-0.08811977925698598,-0.10662493290095305,ZDT,True,0.09881742771486147,0.5053081259942384,selection_tournament_01,0.1195690875349824,0.1195690875349824,ok,ZDT2,4,phase1_5B_10seed,ZDT2_n10_m2
0.14640572697631704,0.3799016982856663,0.17715092964134366,0.17715092964134366,ok,selection,63758274fca5e53d,0.009229198547080856,0.011167330241967838,ZDT,True,0.15563492552339792,0.35694939669526776,selection_tournament_01,0.1883182598833115,0.1883182598833115,ok,ZDT2,5,phase1_5B_10seed,ZDT2_n10_m2
0.3511991342949439,0.07363302359316594,0.4249509524968822,0.4249509524968822,ok,selection,63758274fca5e53d,0.0018815908244336336,0.002276724897564697,ZDT,True,0.35308072511937755,0.07082852029556751,selection_tournament_01,0.4272276773944469,0.4272276773944469,ok,ZDT2,6,phase1_5B_10seed,ZDT2_n10_m2
0.2287131394862641,0.23789728099073704,0.2767428987783796,0.2767428987783796,ok,selection,63758274fca5e53d,-0.11201664478131292,-0.13554014018538865,ZDT,True,0.11669649470495118,0.45471868582942593,selection_tournament_01,0.14120275859299095,0.14120275859299095,ok,ZDT2,7,phase1_5B_10seed,ZDT2_n10_m2
0.321897731113583,0.10730367784039613,0.3894962546474355,0.3894962546474355,ok,selection,63758274fca5e53d,-0.16193976959896156,-0.19594712121474353,ZDT,True,0.1599579615146214,0.352680103857368,selection_tournament_01,0.19354913343269195,0.19354913343269195,ok,ZDT2,8,phase1_5B_10seed,ZDT2_n10_m2
0.2214069494025134,0.24471794204127453,0.26790240877704125,0.26790240877704125,ok,selection,63758274fca5e53d,0.025291175629726794,0.030602322511969426,ZDT,True,0.24669812503224017,0.20967874498803257,selection_tournament_01,0.29850473128901067,0.29850473128901067,ok,ZDT2,9,phase1_5B_10seed,ZDT2_n10_m2
0.11317778931452276,0.45945239254592307,0.13694512507057255,0.13694512507057255,ok,selection,f4b31b2f58d82c3f,0.31003257459137135,0.3751394152555594,ZDT,True,0.4232103639058941,0.015453648425065391,selection_tournament_02,0.5120845403261319,0.5120845403261319,ok,ZDT2,0,phase1_5B_10seed,ZDT2_n10_m2
0.4022310395220621,0.02867522668887942,0.48669955782169516,0.48669955782169516,ok,selection,f4b31b2f58d82c3f,-0.1910443937220538,-0.23116371640368516,ZDT,True,0.21118664580000823,0.25954653566898134,selection_tournament_02,0.25553584141801,0.25553584141801,ok,ZDT2,1,phase1_5B_10seed,ZDT2_n10_m2
0.1509407920603122,0.3663081414469268,0.1826383583929778,0.1826383583929778,ok,selection,f4b31b2f58d82c3f,0.2800093768311031,0.3388113459656348,ZDT,True,0.4309501688914153,0.012542760379093023,selection_tournament_02,0.5214497043586126,0.5214497043586126,ok,ZDT2,2,phase1_5B_10seed,ZDT2_n10_m2
0.13257289180873189,0.40099751746362083,0.1604131990885656,0.1604131990885656,ok,selection,f4b31b2f58d82c3f,0.17323560740544813,0.20961508496059228,ZDT,True,0.30580849921418,0.133433656425473,selection_tournament_02,0.3700282840491579,0.3700282840491579,ok,ZDT2,3,phase1_5B_10seed,ZDT2_n10_m2
0.18693720697184746,0.2936500556151754,0.22619402043593545,0.22619402043593545,ok,selection,f4b31b2f58d82c3f,0.07806443635865094,0.09445796799396766,ZDT,True,0.2650016433304984,0.18509417860989635,selection_tournament_02,0.3206519884299031,0.3206519884299031,ok,ZDT2,4,phase1_5B_10seed,ZDT2_n10_m2
0.14640572697631704,0.3799016982856663,0.17715092964134366,0.17715092964134366,ok,selection,f4b31b2f58d82c3f,0.06860228953339874,0.08300877033541249,ZDT,True,0.2150080165097158,0.25749828602963004,selection_tournament_02,0.26015969997675614,0.26015969997675614,ok,ZDT2,5,phase1_5B_10seed,ZDT2_n10_m2
0.3511991342949439,0.07363302359316594,0.4249509524968822,0.4249509524968822,ok,selection,f4b31b2f58d82c3f,-0.017694062437549445,-0.02140981554943483,ZDT,True,0.3335050718573945,0.09791245065314894,selection_tournament_02,0.40354113694744737,0.40354113694744737,ok,ZDT2,6,phase1_5B_10seed,ZDT2_n10_m2
0.2287131394862641,0.23789728099073704,0.2767428987783796,0.2767428987783796,ok,selection,f4b31b2f58d82c3f,0.17880348911720856,0.2163522218318224,ZDT,True,0.40751662860347265,0.025741089575632967,selection_tournament_02,0.493095120610202,0.493095120610202,ok,ZDT2,7,phase1_5B_10seed,ZDT2_n10_m2
0.321897731113583,0.10730367784039613,0.3894962546474355,0.3894962546474355,ok,selection,f4b31b2f58d82c3f,0.10211750802170821,0.12356218470626695,ZDT,True,0.4240152391352912,0.02087528445098009,selection_tournament_02,0.5130584393537024,0.5130584393537024,ok,ZDT2,8,phase1_5B_10seed,ZDT2_n10_m2
0.2214069494025134,0.24471794204127453,0.26790240877704125,0.26790240877704125,ok,selection,f4b31b2f58d82c3f,-0.07004294619777965,-0.08475196489931339,ZDT,True,0.15136400320473375,0.36769732332592553,selection_tournament_02,0.18315044387772786,0.18315044387772786,ok,ZDT2,9,phase1_5B_10seed,ZDT2_n10_m2
0.11317778931452276,0.45945239254592307,0.13694512507057255,0.13694512507057255,ok,selection,c3d12c431b0ebfcb,0.11058143385661247,0.1338035349665011,ZDT,True,0.22375922317113522,0.24748995660882586,selection_tournament_03,0.27074866003707365,0.27074866003707365,ok,ZDT2,0,phase1_5B_10seed,ZDT2_n10_m2
0.4022310395220621,0.02867522668887942,0.48669955782169516,0.48669955782169516,ok,selection,c3d12c431b0ebfcb,-0.23694661310063836,-0.28670540185177246,ZDT,True,0.16528442642142369,0.3439375877530317,selection_tournament_03,0.1999941559699227,0.1999941559699227,ok,ZDT2,1,phase1_5B_10seed,ZDT2_n10_m2
0.1509407920603122,0.3663081414469268,0.1826383583929778,0.1826383583929778,ok,selection,c3d12c431b0ebfcb,0.20605210678164515,0.24932304920579065,ZDT,True,0.35699289884195734,0.07144775821368453,selection_tournament_03,0.43196140759876844,0.43196140759876844,ok,ZDT2,2,phase1_5B_10seed,ZDT2_n10_m2
0.13257289180873189,0.40099751746362083,0.1604131990885656,0.1604131990885656,ok,selection,c3d12c431b0ebfcb,-0.022853441157572336,-0.02765266380066253,ZDT,True,0.10971945065115955,0.47742658257072834,selection_tournament_03,0.13276053528790308,0.13276053528790308,ok,ZDT2,3,phase1_5B_10seed,ZDT2_n10_m2
0.18693720697184746,0.2936500556151754,0.22619402043593545,0.22619402043593545,ok,selection,c3d12c431b0ebfcb,0.2244499447045675,0.2715844330925267,ZDT,True,0.41138715167641493,0.029039737880768433,selection_tournament_03,0.4977784535284622,0.4977784535284622,ok,ZDT2,4,phase1_5B_10seed,ZDT2_n10_m2
0.14640572697631704,0.3799016982856663,0.17715092964134366,0.17715092964134366,ok,selection,c3d12c431b0ebfcb,0.05755525304079159,0.06964185617935784,ZDT,True,0.20396098001710863,0.27725828745600384,selection_tournament_03,0.2467927858207015,0.2467927858207015,ok,ZDT2,5,phase1_5B_10seed,ZDT2_n10_m2
0.3511991342949439,0.07363302359316594,0.4249509524968822,0.4249509524968822,ok,selection,c3d12c431b0ebfcb,0.03935765999650878,0.04762276859577563,ZDT,True,0.3905567942914527,0.03934992171505828,selection_tournament_03,0.47257372109265783,0.47257372109265783,ok,ZDT2,6,phase1_5B_10seed,ZDT2_n10_m2
0.2287131394862641,0.23789728099073704,0.2767428987783796,0.2767428987783796,ok,selection,c3d12c431b0ebfcb,0.011045214607732202,0.013364709675355968,ZDT,True,0.2397583540939963,0.21662772489550775,selection_tournament_03,0.29010760845373557,0.29010760845373557,ok,ZDT2,7,phase1_5B_10seed,ZDT2_n10_m2
0.321897731113583,0.10730367784039613,0.3894962546474355,0.3894962546474355,ok,selection,c3d12c431b0ebfcb,-0.2096488440588774,-0.2536751013112417,ZDT,True,0.11224888705470559,0.4692360182759699,selection_tournament_03,0.1358211533361938,0.1358211533361938,ok,ZDT2,8,phase1_5B_10seed,ZDT2_n10_m2
0.2214069494025134,0.24471794204127453,0.26790240877704125,0.26790240877704125,ok,selection,c3d12c431b0ebfcb,-0.10586812590524884,-0.12810043234535112,ZDT,True,0.11553882349726455,0.45654954815031135,selection_tournament_03,0.13980197643169012,0.13980197643169012,ok,ZDT2,9,phase1_5B_10seed,ZDT2_n10_m2
0.565811637609516,0.02952284581881564,0.6846320815075145,1.034214812091263,ok,mutation,6650155df71160ac,-0.0055895986674039545,-0.006763414387558786,ZDT,True,0.5602220389421121,0.07681022853459715,mutation_prob_02,0.6778686671199557,1.023997903581041,ok,ZDT3,0,phase1_5B_10seed,ZDT3_n20_m2
0.5456979095381613,0.04710164824119334,0.6602944705411753,0.9974500760641695,ok,mutation,6650155df71160ac,0.03581933778434532,0.043341398719057844,ZDT,True,0.5815172473225066,0.017117380938325447,mutation_prob_02,0.7036358692602331,1.0629222000600291,ok,ZDT3,1,phase1_5B_10seed,ZDT3_n20_m2
0.502792894515833,0.21430688311464166,0.608379402364158,0.9190264468921711,ok,mutation,6650155df71160ac,0.06257842332377823,0.07571989222177167,ZDT,True,0.5653713178396113,0.07442194772894775,mutation_prob_02,0.6840992945859297,1.0334099767046734,ok,ZDT3,2,phase1_5B_10seed,ZDT3_n20_m2
0.5179260859554846,0.11204581978510793,0.6266905640061365,0.9466875441563134,ok,mutation,6650155df71160ac,0.05702657975033594,0.0690021614979065,ZDT,True,0.5749526657058206,0.021186128828251882,mutation_prob_02,0.695692725504043,1.0509231758408704,ok,ZDT3,3,phase1_5B_10seed,ZDT3_n20_m2
0.5089077706911798,0.07695923512963124,0.6157784025363275,0.9302034801913904,ok,mutation,6650155df71160ac,-0.00279497726151881,-0.0033819224864377606,ZDT,True,0.5061127934296609,0.21335471134331593,mutation_prob_02,0.6123964800498898,0.925094700712175,ok,ZDT3,4,phase1_5B_10seed,ZDT3_n20_m2
0.5254846684309806,0.06170487674308788,0.6358364488014867,0.9605034458362401,ok,mutation,6650155df71160ac,0.05806528943538133,0.07025900021681142,ZDT,True,0.583549957866362,0.015803490469994456,mutation_prob_02,0.7060954490182981,1.0666376756943428,ok,ZDT3,5,phase1_5B_10seed,ZDT3_n20_m2
0.5533050897284085,0.044240336975455416,0.6694991585713744,1.0113548067343279,ok,mutation,6650155df71160ac,0.0013179875069602622,0.0015947648834219175,ZDT,True,0.5546230772353687,0.08214418710982857,mutation_prob_02,0.6710939234547963,1.0137638809053862,ok,ZDT3,6,phase1_5B_10seed,ZDT3_n20_m2
0.5701952094541346,0.026668485162966972,0.689936203439503,1.0422272929775245,ok,mutation,6650155df71160ac,-0.034660578418409436,-0.04193929988627543,ZDT,True,0.5355346310357252,0.05722965076367785,mutation_prob_02,0.6479969035532276,0.9788731991179197,ok,ZDT3,7,phase1_5B_10seed,ZDT3_n20_m2
0.5400541111891011,0.10140938848791754,0.6534654745388124,0.987134099048012,ok,mutation,6650155df71160ac,0.014734233322350687,0.017828422320044335,ZDT,True,0.5547883445114518,0.08018256766347938,mutation_prob_02,0.6712938968588568,1.014065963530623,ok,ZDT3,8,phase1_5B_10seed,ZDT3_n20_m2
0.5508416895270909,0.03988525954686413,0.6665184443277801,1.0068520980465476,ok,mutation,6650155df71160ac,0.02323755795138042,0.028117445121170315,ZDT,True,0.5740792474784713,0.021503255145237266,mutation_prob_02,0.6946358894489504,1.0493267044927526,ok,ZDT3,9,phase1_5B_10seed,ZDT3_n20_m2
0.565811637609516,0.02952284581881564,0.6846320815075145,1.034214812091263,ok,mutation,29f7a865e086b60b,0.008585199390468302,0.010388091262466648,ZDT,True,0.5743968369999843,0.02894153376548869,mutation_prob_03,0.6950201727699812,1.0499072082602268,ok,ZDT3,0,phase1_5B_10seed,ZDT3_n20_m2
0.5456979095381613,0.04710164824119334,0.6602944705411753,0.9974500760641695,ok,mutation,29f7a865e086b60b,0.01675270829508057,0.020270777037047494,ZDT,True,0.5624506178332419,0.03016882628025103,mutation_prob_03,0.6805652475782228,1.0280713957927927,ok,ZDT3,1,phase1_5B_10seed,ZDT3_n20_m2
0.502792894515833,0.21430688311464166,0.608379402364158,0.9190264468921711,ok,mutation,29f7a865e086b60b,0.05747688304432729,0.06954702848363603,ZDT,True,0.5602697775601603,0.07598551336745604,mutation_prob_03,0.677926430847794,1.0240851622774214,ok,ZDT3,2,phase1_5B_10seed,ZDT3_n20_m2
0.5179260859554846,0.11204581978510793,0.6266905640061365,0.9466875441563134,ok,mutation,29f7a865e086b60b,0.036300627473225565,0.043923759242602944,ZDT,True,0.5542267134287102,0.08118977468262943,mutation_prob_03,0.6706143232487395,1.0130393901162686,ok,ZDT3,3,phase1_5B_10seed,ZDT3_n20_m2
0.5089077706911798,0.07695923512963124,0.6157784025363275,0.9302034801913904,ok,mutation,29f7a865e086b60b,0.06250081405916859,0.07562598501159401,ZDT,True,0.5714085847503483,0.02286409323350922,mutation_prob_03,0.6914043875479216,1.0444451524568232,ok,ZDT3,4,phase1_5B_10seed,ZDT3_n20_m2
0.5254846684309806,0.06170487674308788,0.6358364488014867,0.9605034458362401,ok,mutation,29f7a865e086b60b,0.051499515573485304,0.06231441384391723,ZDT,True,0.5769841840044659,0.022476544648783913,mutation_prob_03,0.6981508626454039,1.0546364722381836,ok,ZDT3,5,phase1_5B_10seed,ZDT3_n20_m2
0.5533050897284085,0.044240336975455416,0.6694991585713744,1.0113548067343279,ok,mutation,29f7a865e086b60b,0.0017224535249348312,0.002084168765171146,ZDT,True,0.5550275432533434,0.08253386423436805,mutation_prob_03,0.6715833273365456,1.0145031812643253,ok,ZDT3,6,phase1_5B_10seed,ZDT3_n20_m2
0.5701952094541346,0.026668485162966972,0.689936203439503,1.0422272929775245,ok,mutation,29f7a865e086b60b,0.005435388684868686,0.0065768203086911114,ZDT,True,0.5756305981390033,0.033532015611751585,mutation_prob_03,0.6965130237481941,1.0521623298585512,ok,ZDT3,7,phase1_5B_10seed,ZDT3_n20_m2
0.5400541111891011,0.10140938848791754,0.6534654745388124,0.987134099048012,ok,mutation,29f7a865e086b60b,0.03900282023354207,0.047193412482585906,ZDT,True,0.5790569314226431,0.0173955852377654,mutation_prob_03,0.7006588870213983,1.0584251289909143,ok,ZDT3,8,phase1_5B_10seed,ZDT3_n20_m2
0.5508416895270909,0.03988525954686413,0.6665184443277801,1.0068520980465476,ok,mutation,29f7a865e086b60b,-0.009176109064373321,-0.01110309196789172,ZDT,True,0.5416655804627175,0.05522661612890047,mutation_prob_03,0.6554153523598883,0.9900796117968228,ok,ZDT3,9,phase1_5B_10seed,ZDT3_n20_m2
0.565811637609516,0.02952284581881564,0.6846320815075145,1.034214812091263,ok,mutation,f396d175bba84edf,-0.0043593614775209785,-0.005274827387800385,ZDT,True,0.5614522761319951,0.03243785995316732,mutation_prob_04,0.6793572541197141,1.0262465839537853,ok,ZDT3,0,phase1_5B_10seed,ZDT3_n20_m2
0.5456979095381613,0.04710164824119334,0.6602944705411753,0.9974500760641695,ok,mutation,f396d175bba84edf,0.023798760120221526,0.02879649974546805,ZDT,True,0.5694966696583829,0.026067900283668226,mutation_prob_04,0.6890909702866433,1.04095047193748,ok,ZDT3,1,phase1_5B_10seed,ZDT3_n20_m2
0.502792894515833,0.21430688311464166,0.608379402364158,0.9190264468921711,ok,mutation,f396d175bba84edf,0.06446092883139606,0.07799772388598925,ZDT,True,0.5672538233472291,0.03069506104622671,mutation_prob_04,0.6863771262501472,1.0368509011226428,ok,ZDT3,2,phase1_5B_10seed,ZDT3_n20_m2
0.5179260859554846,0.11204581978510793,0.6266905640061365,0.9466875441563134,ok,mutation,f396d175bba84edf,0.0317953652168254,0.03847239191235874,ZDT,True,0.5497214511723101,0.08564485037203072,mutation_prob_04,0.6651629559184953,1.004804478268909,ok,ZDT3,3,phase1_5B_10seed,ZDT3_n20_m2
0.5089077706911798,0.07695923512963124,0.6157784025363275,0.9302034801913904,ok,mutation,f396d175bba84edf,0.05398439908527514,0.06532112289318293,ZDT,True,0.5628921697764548,0.029068242518715835,mutation_prob_04,0.6810995254295105,1.0288784833986742,ok,ZDT3,4,phase1_5B_10seed,ZDT3_n20_m2
0.5254846684309806,0.06170487674308788,0.6358364488014867,0.9605034458362401,ok,mutation,f396d175bba84edf,0.048732959774519725,0.058966881327168874,ZDT,True,0.5742176282055004,0.023558835084728103,mutation_prob_04,0.6948033301286556,1.0495796427288862,ok,ZDT3,5,phase1_5B_10seed,ZDT3_n20_m2
0.5533050897284085,0.044240336975455416,0.6694991585713744,1.0113548067343279,ok,mutation,f396d175bba84edf,0.0019061855250945559,0.002306484485364413,ZDT,True,0.5552112752535031,0.08260310976900315,mutation_prob_04,0.6718056430567388,1.0148390145052664,ok,ZDT3,6,phase1_5B_10seed,ZDT3_n20_m2
0.5701952094541346,0.026668485162966972,0.689936203439503,1.0422272929775245,ok,mutation,f396d175bba84edf,-0.006488456856712233,-0.007851032796621804,ZDT,True,0.5637067525974224,0.029430541838009597,mutation_prob_04,0.6820851706428812,1.0303674128641038,ok,ZDT3,7,phase1_5B_10seed,ZDT3_n20_m2
0.5400541111891011,0.10140938848791754,0.6534654745388124,0.987134099048012,ok,mutation,f396d175bba84edf,0.027255430518119537,0.03297907092692465,ZDT,True,0.5673095417072206,0.0377483112824827,mutation_prob_04,0.6864445454657371,1.0369527455340657,ok,ZDT3,8,phase1_5B_10seed,ZDT3_n20_m2
0.5508416895270909,0.03988525954686413,0.6665184443277801,1.0068520980465476,ok,mutation,f396d175bba84edf,0.007760263074406976,0.009389918320032442,ZDT,True,0.5586019526014978,0.03565226608465886,mutation_prob_04,0.6759083626478125,1.021036640187081,ok,ZDT3,9,phase1_5B_10seed,ZDT3_n20_m2
0.565811637609516,0.02952284581881564,0.6846320815075145,1.034214812091263,ok,mutation,02c7cd9d9bfd44c8,-0.02406327484951905,-0.02911656256791806,ZDT,True,0.541748362759997,0.09616665614033593,mutation_prob_05,0.6555155189395965,0.9902309248351807,ok,ZDT3,0,phase1_5B_10seed,ZDT3_n20_m2
0.5456979095381613,0.04710164824119334,0.6602944705411753,0.9974500760641695,ok,mutation,02c7cd9d9bfd44c8,0.007271064195020618,0.00879798767597495,ZDT,True,0.5529689737331819,0.03684303940150373,mutation_prob_05,0.6690924582171502,1.0107404394825101,ok,ZDT3,1,phase1_5B_10seed,ZDT3_n20_m2
0.502792894515833,0.21430688311464166,0.608379402364158,0.9190264468921711,ok,mutation,02c7cd9d9bfd44c8,0.060018019503346835,0.07262180359904968,ZDT,True,0.5628109140191798,0.03276681353936315,mutation_prob_05,0.6810012059632077,1.0287299606356988,ok,ZDT3,2,phase1_5B_10seed,ZDT3_n20_m2
0.5179260859554846,0.11204581978510793,0.6266905640061365,0.9466875441563134,ok,mutation,02c7cd9d9bfd44c8,-0.02486606928007953,-0.030087943828896235,ZDT,True,0.4930600166754051,0.22710694733863826,mutation_prob_05,0.5966026201772403,0.9012362747610847,ok,ZDT3,3,phase1_5B_10seed,ZDT3_n20_m2
0.5089077706911798,0.07695923512963124,0.6157784025363275,0.9302034801913904,ok,mutation,02c7cd9d9bfd44c8,0.0215783661141019,0.026109822998063303,ZDT,True,0.5304861368052816,0.06076564962626108,mutation_prob_05,0.6418882255343908,0.9696453445373014,ok,ZDT3,4,phase1_5B_10seed,ZDT3_n20_m2
0.5254846684309806,0.06170487674308788,0.6358364488014867,0.9605034458362401,ok,mutation,02c7cd9d9bfd44c8,0.022310630398572315,0.026995862782272506,ZDT,True,0.547795298829553,0.04419076582182837,mutation_prob_05,0.6628323115837592,1.0012837742910983,ok,ZDT3,5,phase1_5B_10seed,ZDT3_n20_m2
0.5533050897284085,0.044240336975455416,0.6694991585713744,1.0113548067343279,ok,mutation,02c7cd9d9bfd44c8,-0.0060454595339576945,-0.007315006036088811,ZDT,True,0.5472596301944508,0.04880517125755047,mutation_prob_05,0.6621841525352856,1.000304656153592,ok,ZDT3,6,phase1_5B_10seed,ZDT3_n20_m2
0.5701952094541346,0.026668485162966972,0.689936203439503,1.0422272929775245,ok,mutation,02c7cd9d9bfd44c8,-0.020768106077864237,-0.025129408354215732,ZDT,True,0.5494271033762704,0.04218767051466467,mutation_prob_05,0.6648067950852873,1.0042664567254553,ok,ZDT3,7,phase1_5B_10seed,ZDT3_n20_m2
0.5400541111891011,0.10140938848791754,0.6534654745388124,0.987134099048012,ok,mutation,02c7cd9d9bfd44c8,0.004054554430492684,0.004906010860896148,ZDT,True,0.5441086656195938,0.09488906551340097,mutation_prob_05,0.6583714853997086,0.9945451877738681,ok,ZDT3,8,phase1_5B_10seed,ZDT3_n20_m2
0.5508416895270909,0.03988525954686413,0.6665184443277801,1.0068520980465476,ok,mutation,02c7cd9d9bfd44c8,-0.01570804386030487,-0.019006733070968895,ZDT,True,0.535133645666786,0.09886677189135118,mutation_prob_05,0.6475117112568112,0.9781402608387761,ok,ZDT3,9,phase1_5B_10seed,ZDT3_n20_m2
0.565811637609516,0.02952284581881564,0.6846320815075145,1.034214812091263,ok,mutation,f6055dba02dedab2,0.004275056597102076,0.005172818482493513,ZDT,True,0.5700866942066182,0.025140733660455262,mutation_eta_01,0.689804899990008,1.0420289441475254,ok,ZDT3,0,phase1_5B_10seed,ZDT3_n20_m2
0.5456979095381613,0.04710164824119334,0.6602944705411753,0.9974500760641695,ok,mutation,f6055dba02dedab2,0.025791627471049114,0.031207869239969432,ZDT,True,0.5714895370092105,0.02309239510919635,mutation_eta_01,0.6915023397811447,1.0445931204723646,ok,ZDT3,1,phase1_5B_10seed,ZDT3_n20_m2
0.502792894515833,0.21430688311464166,0.608379402364158,0.9190264468921711,ok,mutation,f6055dba02dedab2,0.06583698989638131,0.0796627577746214,ZDT,True,0.5686298844122143,0.025197275241158366,mutation_eta_01,0.6880421601387794,1.0393661246372428,ok,ZDT3,2,phase1_5B_10seed,ZDT3_n20_m2
0.5179260859554846,0.11204581978510793,0.6266905640061365,0.9466875441563134,ok,mutation,f6055dba02dedab2,0.06084597765413625,0.07362363296150487,ZDT,True,0.5787720636096209,0.021538498050713208,mutation_eta_01,0.7003141969676414,1.0579044353675722,ok,ZDT3,3,phase1_5B_10seed,ZDT3_n20_m2
0.5089077706911798,0.07695923512963124,0.6157784025363275,0.9302034801913904,ok,mutation,f6055dba02dedab2,0.05139421289689296,0.06218699760524049,ZDT,True,0.5603019835880727,0.03388197430895632,mutation_eta_01,0.677965400141568,1.024144029838446,ok,ZDT3,4,phase1_5B_10seed,ZDT3_n20_m2
0.5254846684309806,0.06170487674308788,0.6358364488014867,0.9605034458362401,ok,mutation,f6055dba02dedab2,0.05406396734661581,0.06541740048940514,ZDT,True,0.5795486357775965,0.017944991534821278,mutation_eta_01,0.7012538492908919,1.0593238873289554,ok,ZDT3,5,phase1_5B_10seed,ZDT3_n20_m2
0.5533050897284085,0.044240336975455416,0.6694991585713744,1.0113548067343279,ok,mutation,f6055dba02dedab2,-0.010496682407520264,-0.012700985713099522,ZDT,True,0.5428084073208883,0.04847534605819089,mutation_eta_01,0.6567981728582749,0.9921685198111031,ok,ZDT3,6,phase1_5B_10seed,ZDT3_n20_m2
0.5701952094541346,0.026668485162966972,0.689936203439503,1.0422272929775245,ok,mutation,f6055dba02dedab2,0.005243928231723486,0.006345153160385419,ZDT,True,0.5754391376858581,0.02162906969433352,mutation_eta_01,0.6962813565998884,1.051812370219317,ok,ZDT3,7,phase1_5B_10seed,ZDT3_n20_m2
0.5400541111891011,0.10140938848791754,0.6534654745388124,0.987134099048012,ok,mutation,f6055dba02dedab2,0.04277165159475513,0.051753698429653716,ZDT,True,0.5828257627838562,0.016518696805213846,mutation_eta_01,0.7052191729684661,1.0653139608193083,ok,ZDT3,8,phase1_5B_10seed,ZDT3_n20_m2
0.5508416895270909,0.03988525954686413,0.6665184443277801,1.0068520980465476,ok,mutation,f6055dba02dedab2,-0.010671208732622207,-0.012912162566472873,ZDT,True,0.5401704807944687,0.054355816491858465,mutation_eta_01,0.6536062817613072,0.9873468044106255,ok,ZDT3,9,phase1_5B_10seed,ZDT3_n20_m2
0.565811637609516,0.02952284581881564,0.6846320815075145,1.034214812091263,ok,mutation,4ee066b40028afee,-0.01523534240327207,-0.018434764307959206,ZDT,True,0.550576295206244,0.05246108875169845,mutation_eta_02,0.6661973171995553,1.0063669989085648,ok,ZDT3,0,phase1_5B_10seed,ZDT3_n20_m2
0.5456979095381613,0.04710164824119334,0.6602944705411753,0.9974500760641695,ok,mutation,4ee066b40028afee,0.03125410609144382,0.037817468370647034,ZDT,True,0.5769520156296052,0.020530998142011526,mutation_eta_02,0.6981119389118223,1.0545776735010228,ok,ZDT3,1,phase1_5B_10seed,ZDT3_n20_m2
0.502792894515833,0.21430688311464166,0.608379402364158,0.9190264468921711,ok,mutation,4ee066b40028afee,0.07021192973683316,0.08495643498156813,ZDT,True,0.5730048242526661,0.02252124633757222,mutation_eta_02,0.6933358373457261,1.0473628275755553,ok,ZDT3,2,phase1_5B_10seed,ZDT3_n20_m2
0.5179260859554846,0.11204581978510793,0.6266905640061365,0.9466875441563134,ok,mutation,4ee066b40028afee,0.04702596814597136,0.056901421456625356,ZDT,True,0.564952054101456,0.07401567466993299,mutation_eta_02,0.6835919854627619,1.0326436284372453,ok,ZDT3,3,phase1_5B_10seed,ZDT3_n20_m2
0.5089077706911798,0.07695923512963124,0.6157784025363275,0.9302034801913904,ok,mutation,4ee066b40028afee,0.059648869265943816,0.07217513181179203,ZDT,True,0.5685566399571235,0.026502656664266187,mutation_eta_02,0.6879535343481196,1.0392322452764744,ok,ZDT3,4,phase1_5B_10seed,ZDT3_n20_m2
0.5254846684309806,0.06170487674308788,0.6358364488014867,0.9605034458362401,ok,mutation,4ee066b40028afee,0.04054746850219604,0.04906243688765721,ZDT,True,0.5660321369331767,0.027026339854092824,mutation_eta_02,0.6848988856891439,1.0346178502252068,ok,ZDT3,5,phase1_5B_10seed,ZDT3_n20_m2
0.5533050897284085,0.044240336975455416,0.6694991585713744,1.0113548067343279,ok,mutation,4ee066b40028afee,0.016233714217463797,0.019642794203131198,ZDT,True,0.5695388039458723,0.023392905681804858,mutation_eta_02,0.6891419527745056,1.0410274867977662,ok,ZDT3,6,phase1_5B_10seed,ZDT3_n20_m2
0.5701952094541346,0.026668485162966972,0.689936203439503,1.0422272929775245,ok,mutation,4ee066b40028afee,0.013384470363631728,0.016195209139994393,ZDT,True,0.5835796798177664,0.017645096076633855,mutation_eta_02,0.7061314125794974,1.0666920027536377,ok,ZDT3,7,phase1_5B_10seed,ZDT3_n20_m2
0.5400541111891011,0.10140938848791754,0.6534654745388124,0.987134099048012,ok,mutation,4ee066b40028afee,0.019913400173285835,0.024095214209675864,ZDT,True,0.559967511362387,0.078134179841755,mutation_eta_02,0.6775606887484883,1.0235326671391938,ok,ZDT3,8,phase1_5B_10seed,ZDT3_n20_m2
0.5508416895270909,0.03988525954686413,0.6665184443277801,1.0068520980465476,ok,mutation,4ee066b40028afee,0.031570812959374334,0.03820068368084295,ZDT,True,0.5824125024864653,0.017354330642721242,mutation_eta_02,0.704719128008623,1.0645585858987485,ok,ZDT3,9,phase1_5B_10seed,ZDT3_n20_m2
0.565811637609516,0.02952284581881564,0.6846320815075145,1.034214812091263,ok,mutation,001a9cbb487032ac,-0.06366831044972746,-0.07703865564417023,ZDT,True,0.5021433271597886,0.2138388756406627,mutation_eta_03,0.6075934258633443,0.9178391397807262,ok,ZDT3,0,phase1_5B_10seed,ZDT3_n20_m2
0.5456979095381613,0.04710164824119334,0.6602944705411753,0.9974500760641695,ok,mutation,001a9cbb487032ac,0.03218199881445419,0.03894021856548957,ZDT,True,0.5778799083526155,0.01952603725488673,mutation_eta_03,0.6992346891066649,1.056273715671918,ok,ZDT3,1,phase1_5B_10seed,ZDT3_n20_m2
0.502792894515833,0.21430688311464166,0.608379402364158,0.9190264468921711,ok,mutation,001a9cbb487032ac,0.04344528221661746,0.052568791482107136,ZDT,True,0.5462381767324505,0.08927550978955223,mutation_eta_03,0.6609481938462651,0.9984375996456593,ok,ZDT3,2,phase1_5B_10seed,ZDT3_n20_m2
0.5179260859554846,0.11204581978510793,0.6266905640061365,0.9466875441563134,ok,mutation,001a9cbb487032ac,0.0636270303065266,0.07698870667089719,ZDT,True,0.5815531162620112,0.017168046661593054,mutation_eta_03,0.7036792706770337,1.0629877628481794,ok,ZDT3,3,phase1_5B_10seed,ZDT3_n20_m2
0.5089077706911798,0.07695923512963124,0.6157784025363275,0.9302034801913904,ok,mutation,001a9cbb487032ac,0.04831712198374515,0.058463717600331644,ZDT,True,0.5572248926749248,0.033782442155255166,mutation_eta_03,0.6742421201366592,1.0185195909103713,ok,ZDT3,4,phase1_5B_10seed,ZDT3_n20_m2
0.5254846684309806,0.06170487674308788,0.6358364488014867,0.9605034458362401,ok,mutation,001a9cbb487032ac,0.010896295517749113,0.013184517576476429,ZDT,True,0.5363809639487298,0.055526894118119494,mutation_eta_03,0.6490209663779631,0.9804201627652,ok,ZDT3,5,phase1_5B_10seed,ZDT3_n20_m2
0.5533050897284085,0.044240336975455416,0.6694991585713744,1.0113548067343279,ok,mutation,001a9cbb487032ac,0.01180228871292369,0.014280769342637667,ZDT,True,0.5651073784413322,0.027398198715132303,mutation_eta_03,0.6837799279140121,1.0329275369366473,ok,ZDT3,6,phase1_5B_10seed,ZDT3_n20_m2
0.5701952094541346,0.026668485162966972,0.689936203439503,1.0422272929775245,ok,mutation,001a9cbb487032ac,0.00693925015158771,0.00839649268342113,ZDT,True,0.5771344596057223,0.020043092257951502,mutation_eta_03,0.6983326961229241,1.0549111524362997,ok,ZDT3,7,phase1_5B_10seed,ZDT3_n20_m2
0.5400541111891011,0.10140938848791754,0.6534654745388124,0.987134099048012,ok,mutation,001a9cbb487032ac,0.025866713441752603,0.031298723264520656,ZDT,True,0.5659208246308537,0.07162616270016539,mutation_eta_03,0.6847641978033331,1.0344143888183033,ok,ZDT3,8,phase1_5B_10seed,ZDT3_n20_m2
0.5508416895270909,0.03988525954686413,0.6665184443277801,1.0068520980465476,ok,mutation,001a9cbb487032ac,0.008202921907113128,0.009925535507606886,ZDT,True,0.559044611434204,0.03346978531677118,mutation_eta_03,0.676443979835387,1.021845751013118,ok,ZDT3,9,phase1_5B_10seed,ZDT3_n20_m2
0.565811637609516,0.02952284581881564,0.6846320815075145,1.034214812091263,ok,mutation,4fe25fba0bc3a4fb,-0.09149177374895243,-0.11070504623623245,ZDT,True,0.47431986386056363,0.101491284731174,mutation_eta_04,0.5739270352712821,0.8669822185811046,ok,ZDT3,0,phase1_5B_10seed,ZDT3_n20_m2
0.5456979095381613,0.04710164824119334,0.6602944705411753,0.9974500760641695,ok,mutation,4fe25fba0bc3a4fb,-0.0566050102473255,-0.06849206239926386,ZDT,True,0.4890928992908358,0.08723534298400094,mutation_eta_04,0.5918024081419114,0.8939850072230743,ok,ZDT3,1,phase1_5B_10seed,ZDT3_n20_m2
0.502792894515833,0.21430688311464166,0.608379402364158,0.9190264468921711,ok,mutation,4fe25fba0bc3a4fb,-0.029276740964679165,-0.0354248565672618,ZDT,True,0.4735161535511538,0.2537367082509685,mutation_eta_04,0.5729545457968962,0.8655131623592598,ok,ZDT3,2,phase1_5B_10seed,ZDT3_n20_m2
0.5179260859554846,0.11204581978510793,0.6266905640061365,0.9466875441563134,ok,mutation,4fe25fba0bc3a4fb,-0.035530680026616884,-0.042992122832206436,ZDT,True,0.48239540592886776,0.13909080345116423,mutation_eta_04,0.5836984411739301,0.8817430412075038,ok,ZDT3,3,phase1_5B_10seed,ZDT3_n20_m2
0.5089077706911798,0.07695923512963124,0.6157784025363275,0.9302034801913904,ok,mutation,4fe25fba0bc3a4fb,-0.003444680237269097,-0.004168063087095608,ZDT,True,0.5054630904539106,0.0734333130510081,mutation_eta_04,0.6116103394492319,0.9239071457092067,ok,ZDT3,4,phase1_5B_10seed,ZDT3_n20_m2
0.5254846684309806,0.06170487674308788,0.6358364488014867,0.9605034458362401,ok,mutation,4fe25fba0bc3a4fb,0.0169341818994699,0.020490360098358584,ZDT,True,0.5424188503304506,0.04681624971934736,mutation_eta_04,0.6563268088998453,0.991456470813019,ok,ZDT3,5,phase1_5B_10seed,ZDT3_n20_m2
0.5533050897284085,0.044240336975455416,0.6694991585713744,1.0113548067343279,ok,mutation,4fe25fba0bc3a4fb,-0.002973953193509851,-0.0035984833641469205,ZDT,True,0.5503311365348987,0.08667301962006028,mutation_eta_04,0.6659006752072275,1.0059188873598361,ok,ZDT3,6,phase1_5B_10seed,ZDT3_n20_m2
0.5701952094541346,0.026668485162966972,0.689936203439503,1.0422272929775245,ok,mutation,4fe25fba0bc3a4fb,-0.03990894396263925,-0.0482898221947935,ZDT,True,0.5302862654914954,0.05681282120529298,mutation_eta_04,0.6416463812447095,0.9692800111657522,ok,ZDT3,7,phase1_5B_10seed,ZDT3_n20_m2
0.5400541111891011,0.10140938848791754,0.6534654745388124,0.987134099048012,ok,mutation,4fe25fba0bc3a4fb,-0.025751473946552274,-0.03115928347532826,ZDT,True,0.5143026372425489,0.07018224987766856,mutation_eta_04,0.6223061910634842,0.9400644489764337,ok,ZDT3,8,phase1_5B_10seed,ZDT3_n20_m2
0.5508416895270909,0.03988525954686413,0.6665184443277801,1.0068520980465476,ok,mutation,4fe25fba0bc3a4fb,-0.07510912998892642,-0.09088204728660099,ZDT,True,0.47573255953816446,0.10552238036469241,mutation_eta_04,0.5756363970411791,0.869564404414052,ok,ZDT3,9,phase1_5B_10seed,ZDT3_n20_m2
0.565811637609516,0.02952284581881564,0.6846320815075145,1.034214812091263,ok,mutation,a2928b924fca1f1f,-0.091548961412156,-0.11077424330870878,ZDT,True,0.47426267619736007,0.16773012428260467,mutation_eta_05,0.5738578381988058,0.8668776885141658,ok,ZDT3,0,phase1_5B_10seed,ZDT3_n20_m2
0.5456979095381613,0.04710164824119334,0.6602944705411753,0.9974500760641695,ok,mutation,a2928b924fca1f1f,-0.06578451288169528,-0.0795992605868513,ZDT,True,0.47991339665646604,0.09391309957210116,mutation_eta_05,0.580695209954324,0.8772063180603605,ok,ZDT3,1,phase1_5B_10seed,ZDT3_n20_m2
0.502792894515833,0.21430688311464166,0.608379402364158,0.9190264468921711,ok,mutation,a2928b924fca1f1f,-0.05298869404317224,-0.06411631979223842,ZDT,True,0.44980420047266073,0.19503689844821234,mutation_eta_05,0.5442630825719196,0.8221714361250697,ok,ZDT3,2,phase1_5B_10seed,ZDT3_n20_m2
0.5179260859554846,0.11204581978510793,0.6266905640061365,0.9466875441563134,ok,mutation,a2928b924fca1f1f,0.05341380712608868,0.06463070662256731,ZDT,True,0.5713398930815733,0.02269632307700787,mutation_eta_05,0.6913212706287039,1.0443195948744186,ok,ZDT3,3,phase1_5B_10seed,ZDT3_n20_m2
0.5089077706911798,0.07695923512963124,0.6157784025363275,0.9302034801913904,ok,mutation,a2928b924fca1f1f,-0.13310262390410618,-0.1610541749239685,ZDT,True,0.3758051467870735,0.17251921651682636,mutation_eta_05,0.45472422761235903,0.6869127876361409,ok,ZDT3,4,phase1_5B_10seed,ZDT3_n20_m2
0.5254846684309806,0.06170487674308788,0.6358364488014867,0.9605034458362401,ok,mutation,a2928b924fca1f1f,-0.054744634975040264,-0.06624100831979873,ZDT,True,0.4707400334559404,0.10574750906145189,mutation_eta_05,0.569595440481688,0.8604388508185082,ok,ZDT3,5,phase1_5B_10seed,ZDT3_n20_m2
0.5533050897284085,0.044240336975455416,0.6694991585713744,1.0113548067343279,ok,mutation,a2928b924fca1f1f,-0.013775688913550063,-0.01666858358539558,ZDT,True,0.5395294008148585,0.051455942824658644,mutation_eta_05,0.6528305749859789,0.9861750108903486,ok,ZDT3,6,phase1_5B_10seed,ZDT3_n20_m2
0.5701952094541346,0.026668485162966972,0.689936203439503,1.0422272929775245,ok,mutation,a2928b924fca1f1f,-0.04726639375121316,-0.05719233643896793,ZDT,True,0.5229288157029215,0.065166828178528,mutation_eta_05,0.6327438670005351,0.9558317484493679,ok,ZDT3,7,phase1_5B_10seed,ZDT3_n20_m2
0.5400541111891011,0.10140938848791754,0.6534654745388124,0.987134099048012,ok,mutation,a2928b924fca1f1f,-0.04187490427364068,-0.05066863417110523,ZDT,True,0.4981792069154604,0.09201402063486262,mutation_eta_05,0.6027968403677072,0.9105933505443716,ok,ZDT3,8,phase1_5B_10seed,ZDT3_n20_m2
0.5508416895270909,0.03988525954686413,0.6665184443277801,1.0068520980465476,ok,mutation,a2928b924fca1f1f,-0.08166748265625615,-0.09881765401406994,ZDT,True,0.4691742068708347,0.11915437039215158,mutation_eta_05,0.5677007903137101,0.8575767657360512,ok,ZDT3,9,phase1_5B_10seed,ZDT3_n20_m2
0.565811637609516,0.02952284581881564,0.6846320815075145,1.034214812091263,ok,crossover,f6686af50a3ec482,-0.02391537723559966,-0.028937606455075593,ZDT,True,0.5418962603739164,0.0980622568306057,crossover_prob_01,0.6556944750524389,0.990501258445912,ok,ZDT3,0,phase1_5B_10seed,ZDT3_n20_m2
0.5456979095381613,0.04710164824119334,0.6602944705411753,0.9974500760641695,ok,crossover,f6686af50a3ec482,-0.0596178303851604,-0.0721375747660441,ZDT,True,0.4860800791530009,0.13516761679617909,crossover_prob_01,0.5881568957751312,0.8884780451784616,ok,ZDT3,1,phase1_5B_10seed,ZDT3_n20_m2
0.502792894515833,0.21430688311464166,0.608379402364158,0.9190264468921711,ok,crossover,f6686af50a3ec482,-0.03110168967888897,-0.03763304451145566,ZDT,True,0.471691204836944,0.25512312187652,crossover_prob_01,0.5707463578527023,0.8621774427202713,ok,ZDT3,2,phase1_5B_10seed,ZDT3_n20_m2
0.5179260859554846,0.11204581978510793,0.6266905640061365,0.9466875441563134,ok,crossover,f6686af50a3ec482,-0.05671459344570528,-0.0686246580693034,ZDT,True,0.4612114925097794,0.18506114285488387,crossover_prob_01,0.5580659059368331,0.843022174438764,ok,ZDT3,3,phase1_5B_10seed,ZDT3_n20_m2
0.5089077706911798,0.07695923512963124,0.6157784025363275,0.9302034801913904,ok,crossover,f6686af50a3ec482,-0.027901668859359317,-0.03376101931982478,ZDT,True,0.4810061018318204,0.24471042175209998,crossover_prob_01,0.5820173832165028,0.8792036115101289,ok,ZDT3,4,phase1_5B_10seed,ZDT3_n20_m2
0.5254846684309806,0.06170487674308788,0.6358364488014867,0.9605034458362401,ok,crossover,f6686af50a3ec482,-0.03486553456025106,-0.042187296817903785,ZDT,True,0.49061913387072964,0.22896507191443316,crossover_prob_01,0.5936491519835829,0.8967747243379796,ok,ZDT3,5,phase1_5B_10seed,ZDT3_n20_m2
0.5533050897284085,0.044240336975455416,0.6694991585713744,1.0113548067343279,ok,crossover,f6686af50a3ec482,-0.15928247342925925,-0.19273179284940373,ZDT,True,0.3940226162991493,0.4537408164660338,crossover_prob_01,0.4767673657219707,0.7202114608267626,ok,ZDT3,6,phase1_5B_10seed,ZDT3_n20_m2
0.5701952094541346,0.026668485162966972,0.689936203439503,1.0422272929775245,ok,crossover,f6686af50a3ec482,-0.15499462405929607,-0.18754349511174828,ZDT,True,0.41520058539483856,0.14935739799527673,crossover_prob_01,0.5023927083277547,0.7589214623058915,ok,ZDT3,7,phase1_5B_10seed,ZDT3_n20_m2
0.5400541111891011,0.10140938848791754,0.6534654745388124,0.987134099048012,ok,crossover,f6686af50a3ec482,-0.023864469459455948,-0.028876008045941703,ZDT,True,0.5161896417296451,0.07593073090178988,crossover_prob_01,0.6245894664928707,0.9435135968223193,ok,ZDT3,8,phase1_5B_10seed,ZDT3_n20_m2
0.5508416895270909,0.03988525954686413,0.6665184443277801,1.0068520980465476,ok,crossover,f6686af50a3ec482,-0.11884457577280347,-0.14380193668509222,ZDT,True,0.4319971137542874,0.30909792604407493,crossover_prob_01,0.5227165076426878,0.7896228782301808,ok,ZDT3,9,phase1_5B_10seed,ZDT3_n20_m2
0.565811637609516,0.02952284581881564,0.6846320815075145,1.034214812091263,ok,crossover,ffac5f01f1c74cbd,-0.02512600293539932,-0.03040246355183318,ZDT,True,0.5406856346741168,0.05405960660040061,crossover_prob_02,0.6542296179556814,0.9882884247970302,ok,ZDT3,0,phase1_5B_10seed,ZDT3_n20_m2
0.5456979095381613,0.04710164824119334,0.6602944705411753,0.9974500760641695,ok,crossover,ffac5f01f1c74cbd,-0.007550487708712135,-0.009136090127541685,ZDT,True,0.5381474218294492,0.05543796036410745,crossover_prob_02,0.6511583804136336,0.9836489703466306,ok,ZDT3,1,phase1_5B_10seed,ZDT3_n20_m2
0.502792894515833,0.21430688311464166,0.608379402364158,0.9190264468921711,ok,crossover,ffac5f01f1c74cbd,-0.02726931200017061,-0.032995867520206446,ZDT,True,0.47552358251566235,0.2519133336967126,crossover_prob_02,0.5753835348439515,0.8691824272370331,ok,ZDT3,2,phase1_5B_10seed,ZDT3_n20_m2
0.5179260859554846,0.11204581978510793,0.6266905640061365,0.9466875441563134,ok,crossover,ffac5f01f1c74cbd,0.02175010098315819,0.026317622189621415,ZDT,True,0.5396761869386428,0.09716825663800828,crossover_prob_02,0.653008186195758,0.9864433128716735,ok,ZDT3,3,phase1_5B_10seed,ZDT3_n20_m2
0.5089077706911798,0.07695923512963124,0.6157784025363275,0.9302034801913904,ok,crossover,ffac5f01f1c74cbd,0.02886620252995995,0.034928105061251546,ZDT,True,0.5377739732211396,0.10220009553261392,crossover_prob_02,0.6507065075975791,0.9829663649412335,ok,ZDT3,4,phase1_5B_10seed,ZDT3_n20_m2
0.5254846684309806,0.06170487674308788,0.6358364488014867,0.9605034458362401,ok,crossover,ffac5f01f1c74cbd,0.02135640443081282,0.025841249361283514,ZDT,True,0.5468410728617935,0.09100007551458615,crossover_prob_02,0.6616776981627702,0.9995395990844725,ok,ZDT3,5,phase1_5B_10seed,ZDT3_n20_m2
0.5533050897284085,0.044240336975455416,0.6694991585713744,1.0113548067343279,ok,crossover,ffac5f01f1c74cbd,-0.04839174819267564,-0.05855401531313753,ZDT,True,0.5049133415357329,0.12591999874239557,crossover_prob_02,0.6109451432582369,0.9229022910255658,ok,ZDT3,6,phase1_5B_10seed,ZDT3_n20_m2
0.5701952094541346,0.026668485162966972,0.689936203439503,1.0422272929775245,ok,crossover,ffac5f01f1c74cbd,-0.046550489333402834,-0.056326092093417435,ZDT,True,0.5236447201207318,0.06508716755856385,crossover_prob_02,0.6336101113460856,0.9571403092913975,ok,ZDT3,7,phase1_5B_10seed,ZDT3_n20_m2
0.5400541111891011,0.10140938848791754,0.6534654745388124,0.987134099048012,ok,crossover,ffac5f01f1c74cbd,0.006927728087572882,0.008382550985963189,ZDT,True,0.546981839276674,0.09100242253538156,crossover_prob_02,0.6618480255247756,0.9997968979833229,ok,ZDT3,8,phase1_5B_10seed,ZDT3_n20_m2
0.5508416895270909,0.03988525954686413,0.6665184443277801,1.0068520980465476,ok,crossover,ffac5f01f1c74cbd,-0.06518201992062767,-0.07887024410395949,ZDT,True,0.48565966960646323,0.2376328614153421,crossover_prob_02,0.5876482002238206,0.8877096025532603,ok,ZDT3,9,phase1_5B_10seed,ZDT3_n20_m2
0.565811637609516,0.02952284581881564,0.6846320815075145,1.034214812091263,ok,crossover,4b1b5d1bb05f5789,-0.07121792497549628,-0.08617368922035051,ZDT,True,0.4945937126340198,0.1367179104859375,crossover_prob_03,0.598458392287164,0.9040396301044726,ok,ZDT3,0,phase1_5B_10seed,ZDT3_n20_m2
0.5456979095381613,0.04710164824119334,0.6602944705411753,0.9974500760641695,ok,crossover,4b1b5d1bb05f5789,-0.012641460081216936,-0.015296166698272495,ZDT,True,0.5330564494569444,0.10671001457245435,crossover_prob_03,0.6449983038429028,0.9743434723935721,ok,ZDT3,1,phase1_5B_10seed,ZDT3_n20_m2
0.502792894515833,0.21430688311464166,0.608379402364158,0.9190264468921711,ok,crossover,4b1b5d1bb05f5789,0.03391195950540484,0.04103347100153987,ZDT,True,0.5367048540212378,0.09886537253664975,crossover_prob_03,0.6494128733656979,0.9810121829503846,ok,ZDT3,2,phase1_5B_10seed,ZDT3_n20_m2
0.5179260859554846,0.11204581978510793,0.6266905640061365,0.9466875441563134,ok,crossover,4b1b5d1bb05f5789,0.04215428831947365,0.05100668886656312,ZDT,True,0.5600803742749583,0.0334950114184414,crossover_prob_03,0.6776972528726997,1.0237389628181057,ok,ZDT3,3,phase1_5B_10seed,ZDT3_n20_m2
0.5089077706911798,0.07695923512963124,0.6157784025363275,0.9302034801913904,ok,crossover,4b1b5d1bb05f5789,0.06195921986364945,0.07497065603501585,ZDT,True,0.5708669905548291,0.023341528417712445,crossover_prob_03,0.6907490585713434,1.0434552033254925,ok,ZDT3,4,phase1_5B_10seed,ZDT3_n20_m2
0.5254846684309806,0.06170487674308788,0.6358364488014867,0.9605034458362401,ok,crossover,4b1b5d1bb05f5789,0.036635762838845544,0.044329273035003114,ZDT,True,0.5621204312698262,0.03185309662202808,crossover_prob_03,0.6801657218364898,1.0274678666111006,ok,ZDT3,5,phase1_5B_10seed,ZDT3_n20_m2
0.5533050897284085,0.044240336975455416,0.6694991585713744,1.0113548067343279,ok,crossover,4b1b5d1bb05f5789,-0.05041637339016337,-0.061003811802097685,ZDT,True,0.5028887163382452,0.13885380037846956,crossover_prob_03,0.6084953467692767,0.919201594134598,ok,ZDT3,6,phase1_5B_10seed,ZDT3_n20_m2
0.5701952094541346,0.026668485162966972,0.689936203439503,1.0422272929775245,ok,crossover,4b1b5d1bb05f5789,-0.04132873814536134,-0.050007773155887225,ZDT,True,0.5288664713087733,0.10542688859401016,crossover_prob_03,0.6399284302836158,0.9666848503802726,ok,ZDT3,7,phase1_5B_10seed,ZDT3_n20_m2
0.5400541111891011,0.10140938848791754,0.6534654745388124,0.987134099048012,ok,crossover,4b1b5d1bb05f5789,0.0027973758204632004,0.0033848247427604727,ZDT,True,0.5428514870095643,0.05073673942840791,crossover_prob_03,0.6568502992815729,0.9922472627162817,ok,ZDT3,8,phase1_5B_10seed,ZDT3_n20_m2
0.5508416895270909,0.03988525954686413,0.6665184443277801,1.0068520980465476,ok,crossover,4b1b5d1bb05f5789,0.008473398135291152,0.010252811743702295,ZDT,True,0.559315087662382,0.033508410530688565,crossover_prob_03,0.6767712560714824,1.0223401390795814,ok,ZDT3,9,phase1_5B_10seed,ZDT3_n20_m2
0.565811637609516,0.02952284581881564,0.6846320815075145,1.034214812091263,ok,crossover,88e3cae477ccfa27,0.01264030453391795,0.015294768486040722,ZDT,True,0.578451942143434,0.018004485243317277,crossover_eta_01,0.6999268499935553,1.057319303602878,ok,ZDT3,0,phase1_5B_10seed,ZDT3_n20_m2
0.5456979095381613,0.04710164824119334,0.6602944705411753,0.9974500760641695,ok,crossover,88e3cae477ccfa27,0.02889725642342482,0.034965680272344035,ZDT,True,0.5745951659615861,0.023328898951802138,crossover_eta_01,0.6952601508135193,1.0502697224542121,ok,ZDT3,1,phase1_5B_10seed,ZDT3_n20_m2
0.502792894515833,0.21430688311464166,0.608379402364158,0.9190264468921711,ok,crossover,88e3cae477ccfa27,0.06684963933885765,0.08088806360001777,ZDT,True,0.5696425338546907,0.030328013693216745,crossover_eta_01,0.6892674659641758,1.0412170887801677,ok,ZDT3,2,phase1_5B_10seed,ZDT3_n20_m2
0.5179260859554846,0.11204581978510793,0.6266905640061365,0.9466875441563134,ok,crossover,88e3cae477ccfa27,0.05810250819355968,0.07030403491420723,ZDT,True,0.5760285941490444,0.03407533306137652,crossover_eta_01,0.6969945989203438,1.0528898040591115,ok,ZDT3,3,phase1_5B_10seed,ZDT3_n20_m2
0.5089077706911798,0.07695923512963124,0.6157784025363275,0.9302034801913904,ok,crossover,88e3cae477ccfa27,0.033222263895634235,0.04019893931371743,ZDT,True,0.542130034586814,0.051144703114206734,crossover_eta_01,0.655977341850045,0.9909285609925423,ok,ZDT3,4,phase1_5B_10seed,ZDT3_n20_m2
0.5254846684309806,0.06170487674308788,0.6358364488014867,0.9605034458362401,ok,crossover,88e3cae477ccfa27,0.056969670054136876,0.06893330076550563,ZDT,True,0.5824543384851175,0.017114150704079092,crossover_eta_01,0.7047697495669923,1.0646350555338873,ok,ZDT3,5,phase1_5B_10seed,ZDT3_n20_m2
0.5533050897284085,0.044240336975455416,0.6694991585713744,1.0113548067343279,ok,crossover,88e3cae477ccfa27,0.022807057198068487,0.027596539209662874,ZDT,True,0.576112146926477,0.019970157436815295,crossover_eta_01,0.6970956977810373,1.0530425254141849,ok,ZDT3,6,phase1_5B_10seed,ZDT3_n20_m2
0.5701952094541346,0.026668485162966972,0.689936203439503,1.0422272929775245,ok,crossover,88e3cae477ccfa27,0.01176966871444896,0.014241299144483244,ZDT,True,0.5819648781685836,0.016879828828237575,crossover_eta_01,0.7041775025839863,1.0637403989456464,ok,ZDT3,7,phase1_5B_10seed,ZDT3_n20_m2
0.5400541111891011,0.10140938848791754,0.6534654745388124,0.987134099048012,ok,crossover,88e3cae477ccfa27,0.027410886452380347,0.033167172607380224,ZDT,True,0.5674649976414814,0.07166900309980696,crossover_eta_01,0.6866326471461927,1.0372368945673367,ok,ZDT3,8,phase1_5B_10seed,ZDT3_n20_m2
0.5508416895270909,0.03988525954686413,0.6665184443277801,1.0068520980465476,ok,crossover,88e3cae477ccfa27,0.012172476521401592,0.014728696590895929,ZDT,True,0.5630141660484925,0.030095253871871747,crossover_eta_01,0.681247140918676,1.029101473424285,ok,ZDT3,9,phase1_5B_10seed,ZDT3_n20_m2
0.565811637609516,0.02952284581881564,0.6846320815075145,1.034214812091263,ok,crossover,d047a131569e2403,-0.0288042910687711,-0.034853192193213034,ZDT,True,0.537007346540745,0.05897230559019222,crossover_eta_02,0.6497788893143015,0.9815650917691964,ok,ZDT3,0,phase1_5B_10seed,ZDT3_n20_m2
0.5456979095381613,0.04710164824119334,0.6602944705411753,0.9974500760641695,ok,crossover,d047a131569e2403,0.03528758532670758,0.04269797824531618,ZDT,True,0.580985494864869,0.017345747162135158,crossover_eta_02,0.7029924487864915,1.0619502400798875,ok,ZDT3,1,phase1_5B_10seed,ZDT3_n20_m2
0.502792894515833,0.21430688311464166,0.608379402364158,0.9190264468921711,ok,crossover,d047a131569e2403,0.05977962174382843,0.07233334231003241,ZDT,True,0.5625725162596614,0.0745697956947679,crossover_eta_02,0.6807127446741904,1.02829420697198,ok,ZDT3,2,phase1_5B_10seed,ZDT3_n20_m2
0.5179260859554846,0.11204581978510793,0.6266905640061365,0.9466875441563134,ok,crossover,d047a131569e2403,0.04838667649601364,0.058547878560176514,ZDT,True,0.5663127624514983,0.027176708753605307,crossover_eta_02,0.685238442566313,1.0351307896000932,ok,ZDT3,3,phase1_5B_10seed,ZDT3_n20_m2
0.5089077706911798,0.07695923512963124,0.6157784025363275,0.9302034801913904,ok,crossover,d047a131569e2403,0.008680815641302,0.010503786925975422,ZDT,True,0.5175885863324817,0.06864465077674503,crossover_eta_02,0.626282189462303,0.9460706478502218,ok,ZDT3,4,phase1_5B_10seed,ZDT3_n20_m2
0.5254846684309806,0.06170487674308788,0.6358364488014867,0.9605034458362401,ok,crossover,d047a131569e2403,0.01287732767176633,0.015581566482837261,ZDT,True,0.538361996102747,0.09936921494629342,crossover_eta_02,0.651418015284324,0.9840411784190483,ok,ZDT3,5,phase1_5B_10seed,ZDT3_n20_m2
0.5533050897284085,0.044240336975455416,0.6694991585713744,1.0113548067343279,ok,crossover,d047a131569e2403,-0.01579067953424862,-0.019106722236440832,ZDT,True,0.5375144101941599,0.05293903717921012,crossover_eta_02,0.6503924363349336,0.9824919244926276,ok,ZDT3,6,phase1_5B_10seed,ZDT3_n20_m2
0.5701952094541346,0.026668485162966972,0.689936203439503,1.0422272929775245,ok,crossover,d047a131569e2403,0.01335220302407743,0.016156165659133692,ZDT,True,0.5835474124782121,0.016291973593513667,crossover_eta_02,0.7060923690986367,1.0666330231245607,ok,ZDT3,7,phase1_5B_10seed,ZDT3_n20_m2
0.5400541111891011,0.10140938848791754,0.6534654745388124,0.987134099048012,ok,crossover,d047a131569e2403,-0.015269892494500005,-0.01847656991834501,ZDT,True,0.5247842186946011,0.06372965470700623,crossover_eta_02,0.6349889046204674,0.9592231337246868,ok,ZDT3,8,phase1_5B_10seed,ZDT3_n20_m2
0.5508416895270909,0.03988525954686413,0.6665184443277801,1.0068520980465476,ok,crossover,d047a131569e2403,-0.03349644713783757,-0.04053070103678347,ZDT,True,0.5173452423892533,0.0706165275009346,crossover_eta_02,0.6259877432909966,0.9456258533394853,ok,ZDT3,9,phase1_5B_10seed,ZDT3_n20_m2
0.565811637609516,0.02952284581881564,0.6846320815075145,1.034214812091263,ok,crossover,900addccd55d0e71,0.01660880635816587,0.020096655693380705,ZDT,True,0.5824204439676819,0.015441205558528303,crossover_eta_03,0.7047287372008952,1.064573101679193,ok,ZDT3,0,phase1_5B_10seed,ZDT3_n20_m2
0.5456979095381613,0.04710164824119334,0.6602944705411753,0.9974500760641695,ok,crossover,900addccd55d0e71,-0.03765928899720732,-0.04556773968662087,ZDT,True,0.508038620540954,0.07587004038558094,crossover_eta_03,0.6147267308545544,0.9286148102179481,ok,ZDT3,1,phase1_5B_10seed,ZDT3_n20_m2
0.502792894515833,0.21430688311464166,0.608379402364158,0.9190264468921711,ok,crossover,900addccd55d0e71,0.04427242373154729,0.05356963271517223,ZDT,True,0.5470653182473803,0.08712019414324575,crossover_eta_03,0.6619490350793302,0.9999494844312926,ok,ZDT3,2,phase1_5B_10seed,ZDT3_n20_m2
0.5179260859554846,0.11204581978510793,0.6266905640061365,0.9466875441563134,ok,crossover,900addccd55d0e71,0.04226169142509614,0.051136646624366344,ZDT,True,0.5601877773805808,0.07666663984537227,crossover_eta_03,0.6778272106305029,1.0239352788273854,ok,ZDT3,3,phase1_5B_10seed,ZDT3_n20_m2
0.5089077706911798,0.07695923512963124,0.6157784025363275,0.9302034801913904,ok,crossover,900addccd55d0e71,-0.04277331531825588,-0.05175571153508962,ZDT,True,0.4661344553729238,0.1110011319240275,crossover_eta_03,0.5640226910012379,0.852020577394825,ok,ZDT3,4,phase1_5B_10seed,ZDT3_n20_m2
0.5254846684309806,0.06170487674308788,0.6358364488014867,0.9605034458362401,ok,crossover,900addccd55d0e71,0.03359490956923807,0.040649840578778074,ZDT,True,0.5590795780002188,0.03909123203673663,crossover_eta_03,0.6764862893802648,1.0219096644042471,ok,ZDT3,5,phase1_5B_10seed,ZDT3_n20_m2
0.5533050897284085,0.044240336975455416,0.6694991585713744,1.0113548067343279,ok,crossover,900addccd55d0e71,0.01021481074374499,0.01235992099993144,ZDT,True,0.5635199004721535,0.030876260171312928,crossover_eta_03,0.6818590795713059,1.0300258765244836,ok,ZDT3,6,phase1_5B_10seed,ZDT3_n20_m2
0.5701952094541346,0.026668485162966972,0.689936203439503,1.0422272929775245,ok,crossover,900addccd55d0e71,-0.0015951591432702443,-0.0019301425633569957,ZDT,True,0.5686000503108644,0.02410790565508421,crossover_eta_03,0.688006060876146,1.0393115925854604,ok,ZDT3,7,phase1_5B_10seed,ZDT3_n20_m2
0.5400541111891011,0.10140938848791754,0.6534654745388124,0.987134099048012,ok,crossover,900addccd55d0e71,0.024721618582444125,0.029913158484757396,ZDT,True,0.5647757297715452,0.07518169184554757,crossover_eta_03,0.6833786330235698,1.032321335254135,ok,ZDT3,8,phase1_5B_10seed,ZDT3_n20_m2
0.5508416895270909,0.03988525954686413,0.6665184443277801,1.0068520980465476,ok,crossover,900addccd55d0e71,-0.03995456127044654,-0.04834501913724032,ZDT,True,0.5108871282566444,0.07306473995401298,crossover_eta_03,0.6181734251905397,0.9338214349603614,ok,ZDT3,9,phase1_5B_10seed,ZDT3_n20_m2
0.565811637609516,0.02952284581881564,0.6846320815075145,1.034214812091263,ok,crossover,77ed2f4f281aae81,-0.06964140396604232,-0.08426609879891123,ZDT,True,0.49617023364347373,0.2263915864316995,crossover_eta_04,0.6003659827086033,0.906921262915064,ok,ZDT3,0,phase1_5B_10seed,ZDT3_n20_m2
0.5456979095381613,0.04710164824119334,0.6602944705411753,0.9974500760641695,ok,crossover,77ed2f4f281aae81,0.007325524641261921,0.008863884815926926,ZDT,True,0.5530234341794232,0.03843831191513375,crossover_eta_04,0.6691583553571022,1.0108399846251552,ok,ZDT3,1,phase1_5B_10seed,ZDT3_n20_m2
0.502792894515833,0.21430688311464166,0.608379402364158,0.9190264468921711,ok,crossover,77ed2f4f281aae81,0.02435199907728835,0.029465918883518905,ZDT,True,0.5271448935931213,0.11103455926942082,crossover_eta_04,0.6378453212476769,0.9635380766920967,ok,ZDT3,2,phase1_5B_10seed,ZDT3_n20_m2
0.5179260859554846,0.11204581978510793,0.6266905640061365,0.9466875441563134,ok,crossover,77ed2f4f281aae81,0.0009361823721309451,0.0011327806702784438,ZDT,True,0.5188622683276156,0.11174200038770273,crossover_eta_04,0.627823344676415,0.9483987385039011,ok,ZDT3,3,phase1_5B_10seed,ZDT3_n20_m2
0.5089077706911798,0.07695923512963124,0.6157784025363275,0.9302034801913904,ok,crossover,77ed2f4f281aae81,0.01603693327447385,0.01940468926211336,ZDT,True,0.5249447039656535,0.06186490653590257,crossover_eta_04,0.6351830917984409,0.9595164755957488,ok,ZDT3,4,phase1_5B_10seed,ZDT3_n20_m2
0.5254846684309806,0.06170487674308788,0.6358364488014867,0.9605034458362401,ok,crossover,77ed2f4f281aae81,0.03069753960320262,0.037144022919875175,ZDT,True,0.5561822080341833,0.0808373624903702,crossover_eta_04,0.6729804717213619,1.016613727142084,ok,ZDT3,5,phase1_5B_10seed,ZDT3_n20_m2
0.5533050897284085,0.044240336975455416,0.6694991585713744,1.0113548067343279,ok,crossover,77ed2f4f281aae81,0.01800416679086204,0.021785041816943074,ZDT,True,0.5713092565192706,0.02378588053166126,crossover_eta_04,0.6912842003883175,1.0442635960500422,ok,ZDT3,6,phase1_5B_10seed,ZDT3_n20_m2
0.5701952094541346,0.026668485162966972,0.689936203439503,1.0422272929775245,ok,crossover,77ed2f4f281aae81,-0.02978809897071868,-0.03604359975456961,ZDT,True,0.5404071104834159,0.0574023763412007,crossover_eta_04,0.6538926036849334,0.9877793263190185,ok,ZDT3,7,phase1_5B_10seed,ZDT3_n20_m2
0.5400541111891011,0.10140938848791754,0.6534654745388124,0.987134099048012,ok,crossover,77ed2f4f281aae81,0.007443428138278087,0.009006548047316487,ZDT,True,0.5474975393273792,0.045463225304197656,crossover_eta_04,0.6624720225861289,1.0007395166846442,ok,ZDT3,8,phase1_5B_10seed,ZDT3_n20_m2
0.5508416895270909,0.03988525954686413,0.6665184443277801,1.0068520980465476,ok,crossover,77ed2f4f281aae81,-0.04006799397247495,-0.048482272706694696,ZDT,True,0.5107736955546159,0.07935720639401382,crossover_eta_04,0.6180361716210854,0.9336140977958078,ok,ZDT3,9,phase1_5B_10seed,ZDT3_n20_m2
0.565811637609516,0.02952284581881564,0.6846320815075145,1.034214812091263,ok,selection,c27798df2f5940cc,-0.06053081465433751,-0.0732422857317484,ZDT,True,0.5052808229551785,0.21622326887345,selection_tournament_01,0.6113897957757661,0.9235739893468737,ok,ZDT3,0,phase1_5B_10seed,ZDT3_n20_m2
0.5456979095381613,0.04710164824119334,0.6602944705411753,0.9974500760641695,ok,selection,c27798df2f5940cc,0.00023869586275297413,0.00028882199393109875,ZDT,True,0.5459366054009143,0.0902604469983027,selection_tournament_01,0.6605832925351064,0.9978863746137844,ok,ZDT3,1,phase1_5B_10seed,ZDT3_n20_m2
0.502792894515833,0.21430688311464166,0.608379402364158,0.9190264468921711,ok,selection,c27798df2f5940cc,0.05060178073170368,0.06122815468536147,ZDT,True,0.5533946752475367,0.08206719671842089,selection_tournament_01,0.6696075570495195,1.0115185549937702,ok,ZDT3,2,phase1_5B_10seed,ZDT3_n20_m2
0.5179260859554846,0.11204581978510793,0.6266905640061365,0.9466875441563134,ok,selection,c27798df2f5940cc,0.025782631012526612,0.031196983525157207,ZDT,True,0.5437087169680113,0.0921348016048966,selection_tournament_01,0.6578875475312937,0.9938141444512348,ok,ZDT3,3,phase1_5B_10seed,ZDT3_n20_m2
0.5089077706911798,0.07695923512963124,0.6157784025363275,0.9302034801913904,ok,selection,c27798df2f5940cc,0.03480287883095565,0.04211148338545634,ZDT,True,0.5437106495221353,0.05175756582772357,selection_tournament_01,0.6578898859217839,0.9938176768566633,ok,ZDT3,4,phase1_5B_10seed,ZDT3_n20_m2
0.5254846684309806,0.06170487674308788,0.6358364488014867,0.9605034458362401,ok,selection,c27798df2f5940cc,0.033057099128001186,0.03999908994488144,ZDT,True,0.5585417675589819,0.0788465373194562,selection_tournament_01,0.6758355387463681,1.0209266313815013,ok,ZDT3,5,phase1_5B_10seed,ZDT3_n20_m2
0.5533050897284085,0.044240336975455416,0.6694991585713744,1.0113548067343279,ok,selection,c27798df2f5940cc,0.006966483104507806,0.008429444556454446,ZDT,True,0.5602715728329163,0.0768859807618432,selection_tournament_01,0.6779286031278289,1.0240884437540692,ok,ZDT3,6,phase1_5B_10seed,ZDT3_n20_m2
0.5701952094541346,0.026668485162966972,0.689936203439503,1.0422272929775245,ok,selection,c27798df2f5940cc,0.008825981518012229,0.010679437636794797,ZDT,True,0.5790211909721469,0.01799910803654772,selection_tournament_01,0.7006156410762978,1.0583598010604918,ok,ZDT3,7,phase1_5B_10seed,ZDT3_n20_m2
0.5400541111891011,0.10140938848791754,0.6534654745388124,0.987134099048012,ok,selection,c27798df2f5940cc,0.016710992918101675,0.02022030143090303,ZDT,True,0.5567651041072028,0.03308779134316227,selection_tournament_01,0.6736857759697155,1.0176791696189715,ok,ZDT3,8,phase1_5B_10seed,ZDT3_n20_m2
0.5508416895270909,0.03988525954686413,0.6665184443277801,1.0068520980465476,ok,selection,c27798df2f5940cc,-0.04156738846128877,-0.05029654003815942,ZDT,True,0.5092743010658021,0.07413077584751343,selection_tournament_01,0.6162219042896206,0.9308734401521246,ok,ZDT3,9,phase1_5B_10seed,ZDT3_n20_m2
0.565811637609516,0.02952284581881564,0.6846320815075145,1.034214812091263,ok,selection,09ed0773325f9b48,-0.0035133367167872183,-0.004251137427312535,ZDT,True,0.5622983008927288,0.07571101520787046,selection_tournament_02,0.680380944080202,1.0277929843471092,ok,ZDT3,0,phase1_5B_10seed,ZDT3_n20_m2
0.5456979095381613,0.04710164824119334,0.6602944705411753,0.9974500760641695,ok,selection,09ed0773325f9b48,0.009287239092721257,0.011237559302192723,ZDT,True,0.5549851486308826,0.03617209358475306,selection_tournament_02,0.671532029843368,1.0144256905525983,ok,ZDT3,1,phase1_5B_10seed,ZDT3_n20_m2
0.502792894515833,0.21430688311464166,0.608379402364158,0.9190264468921711,ok,selection,09ed0773325f9b48,0.056315369249855925,0.06814159679232568,ZDT,True,0.5591082637656889,0.03461483633039825,selection_tournament_02,0.6765209991564837,1.0219620974783905,ok,ZDT3,2,phase1_5B_10seed,ZDT3_n20_m2
0.5179260859554846,0.11204581978510793,0.6266905640061365,0.9466875441563134,ok,selection,09ed0773325f9b48,0.031184697465097597,0.0377334839327681,ZDT,True,0.5491107834205823,0.0867940197979679,selection_tournament_02,0.6644240479389046,1.003688273524922,ok,ZDT3,3,phase1_5B_10seed,ZDT3_n20_m2
0.5089077706911798,0.07695923512963124,0.6157784025363275,0.9302034801913904,ok,selection,09ed0773325f9b48,0.04717928922434221,0.057086939961454086,ZDT,True,0.5560870599155219,0.03580251626611938,selection_tournament_02,0.6728653424977816,1.0164398113243083,ok,ZDT3,4,phase1_5B_10seed,ZDT3_n20_m2
0.5254846684309806,0.06170487674308788,0.6358364488014867,0.9605034458362401,ok,selection,09ed0773325f9b48,0.015695187770492225,0.018991177202295595,ZDT,True,0.5411798562014729,0.09500894176204472,selection_tournament_02,0.6548276260037823,0.989191784130899,ok,ZDT3,5,phase1_5B_10seed,ZDT3_n20_m2
0.5533050897284085,0.044240336975455416,0.6694991585713744,1.0113548067343279,ok,selection,09ed0773325f9b48,0.013440368119129676,0.01626284542414691,ZDT,True,0.5667454578475382,0.026991920371084412,selection_tournament_02,0.6857620039955213,1.035921688828676,ok,ZDT3,6,phase1_5B_10seed,ZDT3_n20_m2
0.5701952094541346,0.026668485162966972,0.689936203439503,1.0422272929775245,ok,selection,09ed0773325f9b48,-0.00546663806735586,-0.006614632061500592,ZDT,True,0.5647285713867788,0.032529929534868905,selection_tournament_02,0.6833215713780024,1.0322351371330676,ok,ZDT3,7,phase1_5B_10seed,ZDT3_n20_m2
0.5400541111891011,0.10140938848791754,0.6534654745388124,0.987134099048012,ok,selection,09ed0773325f9b48,0.010913493175126444,0.013205326741903,ZDT,True,0.5509676043642275,0.048697024904783025,selection_tournament_02,0.6666708012807154,1.0070822505937427,ok,ZDT3,8,phase1_5B_10seed,ZDT3_n20_m2
0.5508416895270909,0.03988525954686413,0.6665184443277801,1.0068520980465476,ok,selection,09ed0773325f9b48,-0.028163996497647722,-0.03407843576215375,ZDT,True,0.5226776930294431,0.0699612596536415,selection_tournament_02,0.6324400085656263,0.9553727356413936,ok,ZDT3,9,phase1_5B_10seed,ZDT3_n20_m2
0.565811637609516,0.02952284581881564,0.6846320815075145,1.034214812091263,ok,selection,9334c2b2791babcd,-0.005784818148610796,-0.006999629959819065,ZDT,True,0.5600268194609053,0.07700826408972807,selection_tournament_03,0.6776324515476955,1.0236410730288708,ok,ZDT3,0,phase1_5B_10seed,ZDT3_n20_m2
0.5456979095381613,0.04710164824119334,0.6602944705411753,0.9974500760641695,ok,selection,9334c2b2791babcd,0.00504051293553349,0.006099020651995524,ZDT,True,0.5507384224736948,0.040206566178909595,selection_tournament_03,0.6663934911931708,1.0066633420911655,ok,ZDT3,1,phase1_5B_10seed,ZDT3_n20_m2
0.502792894515833,0.21430688311464166,0.608379402364158,0.9190264468921711,ok,selection,9334c2b2791babcd,0.066944478362824,0.08100281881901705,ZDT,True,0.569737372878657,0.02472243616609632,selection_tournament_03,0.689382221183175,1.0413904396213853,ok,ZDT3,2,phase1_5B_10seed,ZDT3_n20_m2
0.5179260859554846,0.11204581978510793,0.6266905640061365,0.9466875441563134,ok,selection,9334c2b2791babcd,-0.011635947940428553,-0.014079497007918551,ZDT,True,0.5062901380150561,0.21318953437776336,selection_tournament_03,0.612611066998218,0.9254188587620779,ok,ZDT3,3,phase1_5B_10seed,ZDT3_n20_m2
0.5089077706911798,0.07695923512963124,0.6157784025363275,0.9302034801913904,ok,selection,9334c2b2791babcd,0.014983191564836995,0.018129661793452767,ZDT,True,0.5238909622560167,0.06183716768318306,selection_tournament_03,0.6339080643297803,0.9575904012420483,ok,ZDT3,4,phase1_5B_10seed,ZDT3_n20_m2
0.5254846684309806,0.06170487674308788,0.6358364488014867,0.9605034458362401,ok,selection,9334c2b2791babcd,0.045013429460260816,0.0544662496469156,ZDT,True,0.5704980978912415,0.025112478991918735,selection_tournament_03,0.6903026984484023,1.0427809254715301,ok,ZDT3,5,phase1_5B_10seed,ZDT3_n20_m2
0.5533050897284085,0.044240336975455416,0.6694991585713744,1.0113548067343279,ok,selection,9334c2b2791babcd,0.01782048993174639,0.021562792817413134,ZDT,True,0.5711255796601549,0.06900512502538039,selection_tournament_03,0.6910619513887876,1.04392786359827,ok,ZDT3,6,phase1_5B_10seed,ZDT3_n20_m2
0.5701952094541346,0.026668485162966972,0.689936203439503,1.0422272929775245,ok,selection,9334c2b2791babcd,0.017579038059637054,0.02127063605216084,ZDT,True,0.5877742475137717,0.013173857114703947,selection_tournament_03,0.7112068394916639,1.0743590137395838,ok,ZDT3,7,phase1_5B_10seed,ZDT3_n20_m2
0.5400541111891011,0.10140938848791754,0.6534654745388124,0.987134099048012,ok,selection,9334c2b2791babcd,-0.02191544589220781,-0.026517689529571453,ZDT,True,0.5181386652968933,0.06893507690336985,selection_tournament_03,0.626947785009241,0.9470761058065441,ok,ZDT3,8,phase1_5B_10seed,ZDT3_n20_m2
0.5508416895270909,0.03988525954686413,0.6665184443277801,1.0068520980465476,ok,selection,9334c2b2791babcd,0.020048585161399738,0.02425878804529369,ZDT,True,0.5708902746884906,0.023291062841955673,selection_tournament_03,0.6907772323730738,1.0434977630650215,ok,ZDT3,9,phase1_5B_10seed,ZDT3_n20_m2
0.5245186177211864,0.11325820448526999,0.6346675274426355,0.6346675274426355,ok,mutation,d05d18d0150500f5,-0.00010054020743666582,-0.00012165365099836567,DTLZ,True,0.5244180775137497,0.1070514438101459,mutation_prob_01,0.6345458737916372,0.6345458737916372,ok,DTLZ2,0,phase1_5B_10seed,DTLZ2_n7_m3
0.5191927159257602,0.1111256819609612,0.6282231862701699,0.6282231862701699,ok,mutation,d05d18d0150500f5,0.01719990005539685,0.020811879067030192,DTLZ,True,0.5363926159811571,0.09724636447023262,mutation_prob_01,0.6490350653372001,0.6490350653372001,ok,DTLZ2,1,phase1_5B_10seed,DTLZ2_n7_m3
0.5236994430715708,0.11020191904746093,0.6336763261166007,0.6336763261166007,ok,mutation,d05d18d0150500f5,0.013849168107141274,0.016757493409640944,DTLZ,True,0.537548611178712,0.09635005098742354,mutation_prob_01,0.6504338195262417,0.6504338195262417,ok,DTLZ2,2,phase1_5B_10seed,DTLZ2_n7_m3
0.516588521202232,0.114599488239013,0.6250721106547008,0.6250721106547008,ok,mutation,d05d18d0150500f5,0.008541947980942889,0.010335757056940897,DTLZ,True,0.5251304691831749,0.10734104125251191,mutation_prob_01,0.6354078677116417,0.6354078677116417,ok,DTLZ2,3,phase1_5B_10seed,DTLZ2_n7_m3
0.51646833675977,0.10663034610565707,0.6249266874793218,0.6249266874793218,ok,mutation,d05d18d0150500f5,0.035994082614426846,0.04355283996345649,DTLZ,True,0.5524624193741968,0.09175150357678377,mutation_prob_01,0.6684795274427783,0.6684795274427783,ok,DTLZ2,4,phase1_5B_10seed,DTLZ2_n7_m3
0.5327648497408296,0.09759947361495175,0.6446454681864039,0.6446454681864039,ok,mutation,d05d18d0150500f5,0.013410175125081853,0.016226311901349044,DTLZ,True,0.5461750248659114,0.10678303644105896,mutation_prob_01,0.6608717800877529,0.6608717800877529,ok,DTLZ2,5,phase1_5B_10seed,DTLZ2_n7_m3
0.5133626405108892,0.09967027488122486,0.621168795018176,0.621168795018176,ok,mutation,d05d18d0150500f5,0.014332820844946194,0.017342713222384898,DTLZ,True,0.5276954613558353,0.10619436531385543,mutation_prob_01,0.6385115082405609,0.6385115082405609,ok,DTLZ2,6,phase1_5B_10seed,DTLZ2_n7_m3
0.5336482699888873,0.09389926142653891,0.6457144066865537,0.6457144066865537,ok,mutation,d05d18d0150500f5,-0.035067175508202104,-0.04243128236492455,DTLZ,True,0.49858109448068516,0.10218389135800555,mutation_prob_01,0.6032831243216291,0.6032831243216291,ok,DTLZ2,7,phase1_5B_10seed,DTLZ2_n7_m3
0.5236305152568734,0.10282696015459289,0.633592923460817,0.633592923460817,ok,mutation,d05d18d0150500f5,0.004368070293933348,0.005285365055659352,DTLZ,True,0.5279985855508068,0.096406812997143,mutation_prob_01,0.6388782885164763,0.6388782885164763,ok,DTLZ2,8,phase1_5B_10seed,DTLZ2_n7_m3
0.5243556588676197,0.10562174650981886,0.6344703472298199,0.6344703472298199,ok,mutation,d05d18d0150500f5,0.006901087713183568,0.008350316132952118,DTLZ,True,0.5312567465808032,0.10905726136017835,mutation_prob_01,0.642820663362772,0.642820663362772,ok,DTLZ2,9,phase1_5B_10seed,DTLZ2_n7_m3
0.5245186177211864,0.11325820448526999,0.6346675274426355,0.6346675274426355,ok,mutation,4e55027ec5f70701,0.0011933177397324803,0.0014439144650763014,DTLZ,True,0.5257119354609188,0.0927613916118076,mutation_prob_02,0.6361114419077118,0.6361114419077118,ok,DTLZ2,0,phase1_5B_10seed,DTLZ2_n7_m3
0.5191927159257602,0.1111256819609612,0.6282231862701699,0.6282231862701699,ok,mutation,4e55027ec5f70701,-0.0005280738594374893,-0.0006389693699193622,DTLZ,True,0.5186646420663227,0.10089610651096634,mutation_prob_02,0.6275842169002506,0.6275842169002506,ok,DTLZ2,1,phase1_5B_10seed,DTLZ2_n7_m3
0.5236994430715708,0.11020191904746093,0.6336763261166007,0.6336763261166007,ok,mutation,4e55027ec5f70701,-0.001928313579112156,-0.0023332594307257093,DTLZ,True,0.5217711294924586,0.10582137500425629,mutation_prob_02,0.631343066685875,0.631343066685875,ok,DTLZ2,2,phase1_5B_10seed,DTLZ2_n7_m3
0.516588521202232,0.114599488239013,0.6250721106547008,0.6250721106547008,ok,mutation,4e55027ec5f70701,0.020070774817188317,0.024285637528797865,DTLZ,True,0.5366592960194203,0.09682363573524175,mutation_prob_02,0.6493577481834987,0.6493577481834987,ok,DTLZ2,3,phase1_5B_10seed,DTLZ2_n7_m3
0.51646833675977,0.10663034610565707,0.6249266874793218,0.6249266874793218,ok,mutation,4e55027ec5f70701,0.021460461604200825,0.025967158541083002,DTLZ,True,0.5379287983639708,0.09305625869329828,mutation_prob_02,0.6508938460204048,0.6508938460204048,ok,DTLZ2,4,phase1_5B_10seed,DTLZ2_n7_m3
0.5327648497408296,0.09759947361495175,0.6446454681864039,0.6446454681864039,ok,mutation,4e55027ec5f70701,-0.026851380797246627,-0.032490170764668425,DTLZ,True,0.5059134689435829,0.10573956842191694,mutation_prob_02,0.6121552974217355,0.6121552974217355,ok,DTLZ2,5,phase1_5B_10seed,DTLZ2_n7_m3
0.5133626405108892,0.09967027488122486,0.621168795018176,0.621168795018176,ok,mutation,4e55027ec5f70701,-0.0030942053265631854,-0.003743988445141455,DTLZ,True,0.510268435184326,0.1016266074264429,mutation_prob_02,0.6174248065730346,0.6174248065730346,ok,DTLZ2,6,phase1_5B_10seed,DTLZ2_n7_m3
0.5336482699888873,0.09389926142653891,0.6457144066865537,0.6457144066865537,ok,mutation,4e55027ec5f70701,0.00699215782744484,0.008460510971208257,DTLZ,True,0.540640427816332,0.09934357105463988,mutation_prob_02,0.6541749176577619,0.6541749176577619,ok,DTLZ2,7,phase1_5B_10seed,DTLZ2_n7_m3
0.5236305152568734,0.10282696015459289,0.633592923460817,0.633592923460817,ok,mutation,4e55027ec5f70701,-0.0055829045165768166,-0.006755314465057949,DTLZ,True,0.5180476107402966,0.10004885238926421,mutation_prob_02,0.626837608995759,0.626837608995759,ok,DTLZ2,8,phase1_5B_10seed,DTLZ2_n7_m3
0.5243556588676197,0.10562174650981886,0.6344703472298199,0.6344703472298199,ok,mutation,4e55027ec5f70701,0.007299803861837062,0.008832762672822847,DTLZ,True,0.5316554627294567,0.09886331065067012,mutation_prob_02,0.6433031099026427,0.6433031099026427,ok,DTLZ2,9,phase1_5B_10seed,DTLZ2_n7_m3
0.5245186177211864,0.11325820448526999,0.6346675274426355,0.6346675274426355,ok,mutation,1c241893879ebec8,-0.0015029828365260877,-0.0018186092321965663,DTLZ,True,0.5230156348846602,0.1005727198119097,mutation_prob_03,0.632848918210439,0.632848918210439,ok,DTLZ2,0,phase1_5B_10seed,DTLZ2_n7_m3
0.5191927159257602,0.1111256819609612,0.6282231862701699,0.6282231862701699,ok,mutation,1c241893879ebec8,-0.012131282474405463,-0.014678851794030612,DTLZ,True,0.5070614334513547,0.0955999670745604,mutation_prob_03,0.6135443344761393,0.6135443344761393,ok,DTLZ2,1,phase1_5B_10seed,DTLZ2_n7_m3
0.5236994430715708,0.11020191904746093,0.6336763261166007,0.6336763261166007,ok,mutation,1c241893879ebec8,-0.005957429672927776,-0.00720848990424261,DTLZ,True,0.517742013398643,0.09957079820047723,mutation_prob_03,0.6264678362123581,0.6264678362123581,ok,DTLZ2,2,phase1_5B_10seed,DTLZ2_n7_m3
0.516588521202232,0.114599488239013,0.6250721106547008,0.6250721106547008,ok,mutation,1c241893879ebec8,-0.004955876706778674,-0.005996610815202197,DTLZ,True,0.5116326444954533,0.10474414857984694,mutation_prob_03,0.6190754998394986,0.6190754998394986,ok,DTLZ2,3,phase1_5B_10seed,DTLZ2_n7_m3
0.51646833675977,0.10663034610565707,0.6249266874793218,0.6249266874793218,ok,mutation,1c241893879ebec8,0.017866931663639795,0.021618987313004157,DTLZ,True,0.5343352684234098,0.09076602333380641,mutation_prob_03,0.6465456747923259,0.6465456747923259,ok,DTLZ2,4,phase1_5B_10seed,DTLZ2_n7_m3
0.5327648497408296,0.09759947361495175,0.6446454681864039,0.6446454681864039,ok,mutation,1c241893879ebec8,-0.026099866894388864,-0.03158083894221053,DTLZ,True,0.5066649828464407,0.1025991511917306,mutation_prob_03,0.6130646292441934,0.6130646292441934,ok,DTLZ2,5,phase1_5B_10seed,DTLZ2_n7_m3
0.5133626405108892,0.09967027488122486,0.621168795018176,0.621168795018176,ok,mutation,1c241893879ebec8,-0.0161605306808678,-0.01955424212385004,DTLZ,True,0.4972021098300214,0.11545380239586026,mutation_prob_03,0.601614552894326,0.601614552894326,ok,DTLZ2,6,phase1_5B_10seed,DTLZ2_n7_m3
0.5336482699888873,0.09389926142653891,0.6457144066865537,0.6457144066865537,ok,mutation,1c241893879ebec8,-0.03573945363112973,-0.04324473889366698,DTLZ,True,0.4979088163577575,0.10620712234701034,mutation_prob_03,0.6024696677928867,0.6024696677928867,ok,DTLZ2,7,phase1_5B_10seed,DTLZ2_n7_m3
0.5236305152568734,0.10282696015459289,0.633592923460817,0.633592923460817,ok,mutation,1c241893879ebec8,0.004061818603817988,0.004914800510619766,DTLZ,True,0.5276923338606915,0.0956486486822808,mutation_prob_03,0.6385077239714367,0.6385077239714367,ok,DTLZ2,8,phase1_5B_10seed,DTLZ2_n7_m3
0.5243556588676197,0.10562174650981886,0.6344703472298199,0.6344703472298199,ok,mutation,1c241893879ebec8,-0.03341481407504339,-0.04043192503080251,DTLZ,True,0.49094084479257627,0.11220415755577848,mutation_prob_03,0.5940384221990174,0.5940384221990174,ok,DTLZ2,9,phase1_5B_10seed,DTLZ2_n7_m3
0.5245186177211864,0.11325820448526999,0.6346675274426355,0.6346675274426355,ok,mutation,d5f8fc8d8d3c5f0f,-0.0273998030790548,-0.03315376172565632,DTLZ,True,0.49711881464213153,0.11876576542675692,mutation_prob_04,0.6015137657169792,0.6015137657169792,ok,DTLZ2,0,phase1_5B_10seed,DTLZ2_n7_m3
0.5191927159257602,0.1111256819609612,0.6282231862701699,0.6282231862701699,ok,mutation,d5f8fc8d8d3c5f0f,-0.012497872915276076,-0.015122426227484054,DTLZ,True,0.5066948430104841,0.11168746224039319,mutation_prob_04,0.6131007600426859,0.6131007600426859,ok,DTLZ2,1,phase1_5B_10seed,DTLZ2_n7_m3
0.5236994430715708,0.11020191904746093,0.6336763261166007,0.6336763261166007,ok,mutation,d5f8fc8d8d3c5f0f,-0.008671861949278107,-0.010492952958626511,DTLZ,True,0.5150275811222926,0.10354582444096021,mutation_prob_04,0.6231833731579742,0.6231833731579742,ok,DTLZ2,2,phase1_5B_10seed,DTLZ2_n7_m3
0.516588521202232,0.114599488239013,0.6250721106547008,0.6250721106547008,ok,mutation,d5f8fc8d8d3c5f0f,-0.018773553328116317,-0.022715999527020747,DTLZ,True,0.49781496787411567,0.11356034352036234,mutation_prob_04,0.6023561111276801,0.6023561111276801,ok,DTLZ2,3,phase1_5B_10seed,DTLZ2_n7_m3
0.51646833675977,0.10663034610565707,0.6249266874793218,0.6249266874793218,ok,mutation,d5f8fc8d8d3c5f0f,-0.015673566954013923,-0.01896501601435685,DTLZ,True,0.5007947698057561,0.11542986882427904,mutation_prob_04,0.6059616714649649,0.6059616714649649,ok,DTLZ2,4,phase1_5B_10seed,DTLZ2_n7_m3
0.5327648497408296,0.09759947361495175,0.6446454681864039,0.6446454681864039,ok,mutation,d5f8fc8d8d3c5f0f,-0.030805743942451027,-0.03727495017036575,DTLZ,True,0.5019591057983785,0.11269247903246049,mutation_prob_04,0.6073705180160381,0.6073705180160381,ok,DTLZ2,5,phase1_5B_10seed,DTLZ2_n7_m3
0.5133626405108892,0.09967027488122486,0.621168795018176,0.621168795018176,ok,mutation,d5f8fc8d8d3c5f0f,0.0077903215402696045,0.009426289063726223,DTLZ,True,0.5211529620511588,0.10436990554705351,mutation_prob_04,0.6305950840819022,0.6305950840819022,ok,DTLZ2,6,phase1_5B_10seed,DTLZ2_n7_m3
0.5336482699888873,0.09389926142653891,0.6457144066865537,0.6457144066865537,ok,mutation,d5f8fc8d8d3c5f0f,-0.03784086230686191,-0.04578744339130292,DTLZ,True,0.49580740768202536,0.12033760147512004,mutation_prob_04,0.5999269632952507,0.5999269632952507,ok,DTLZ2,7,phase1_5B_10seed,DTLZ2_n7_m3
0.5236305152568734,0.10282696015459289,0.633592923460817,0.633592923460817,ok,mutation,d5f8fc8d8d3c5f0f,-0.015192324656698545,-0.01838271283460524,DTLZ,True,0.5084381906001749,0.10191829702019964,mutation_prob_04,0.6152102106262117,0.6152102106262117,ok,DTLZ2,8,phase1_5B_10seed,DTLZ2_n7_m3
0.5243556588676197,0.10562174650981886,0.6344703472298199,0.6344703472298199,ok,mutation,d5f8fc8d8d3c5f0f,-0.03432075796635945,-0.04152811713929494,DTLZ,True,0.49003490090126023,0.10841635100373193,mutation_prob_04,0.5929422300905249,0.5929422300905249,ok,DTLZ2,9,phase1_5B_10seed,DTLZ2_n7_m3
0.5245186177211864,0.11325820448526999,0.6346675274426355,0.6346675274426355,ok,mutation,212243812461bffc,-0.040527004320914814,-0.04903767522830693,DTLZ,True,0.4839916134002715,0.11891994761938214,mutation_prob_05,0.5856298522143286,0.5856298522143286,ok,DTLZ2,0,phase1_5B_10seed,DTLZ2_n7_m3
0.5191927159257602,0.1111256819609612,0.6282231862701699,0.6282231862701699,ok,mutation,212243812461bffc,-0.03942613157212342,-0.047705619202269345,DTLZ,True,0.4797665843536368,0.1218771583440608,mutation_prob_05,0.5805175670679006,0.5805175670679006,ok,DTLZ2,1,phase1_5B_10seed,DTLZ2_n7_m3
0.5236994430715708,0.11020191904746093,0.6336763261166007,0.6336763261166007,ok,mutation,212243812461bffc,-0.06796045105022688,-0.08223214577077453,DTLZ,True,0.4557389920213439,0.1183528105564216,mutation_prob_05,0.5514441803458262,0.5514441803458262,ok,DTLZ2,2,phase1_5B_10seed,DTLZ2_n7_m3
0.516588521202232,0.114599488239013,0.6250721106547008,0.6250721106547008,ok,mutation,212243812461bffc,-0.013556075922596824,-0.01640285186634216,DTLZ,True,0.5030324452796352,0.11314250975125711,mutation_prob_05,0.6086692587883586,0.6086692587883586,ok,DTLZ2,3,phase1_5B_10seed,DTLZ2_n7_m3
0.51646833675977,0.10663034610565707,0.6249266874793218,0.6249266874793218,ok,mutation,212243812461bffc,-0.0070872049882043904,-0.008575518035727314,DTLZ,True,0.5093811317715656,0.10303016348245823,mutation_prob_05,0.6163511694435945,0.6163511694435945,ok,DTLZ2,4,phase1_5B_10seed,DTLZ2_n7_m3
0.5327648497408296,0.09759947361495175,0.6446454681864039,0.6446454681864039,ok,mutation,212243812461bffc,-0.05558440760757558,-0.06725713320516646,DTLZ,True,0.477180442133254,0.12162028256217891,mutation_prob_05,0.5773883349812374,0.5773883349812374,ok,DTLZ2,5,phase1_5B_10seed,DTLZ2_n7_m3
0.5133626405108892,0.09967027488122486,0.621168795018176,0.621168795018176,ok,mutation,212243812461bffc,-0.05423801620019015,-0.06562799960223009,DTLZ,True,0.45912462431069906,0.13495554513257405,mutation_prob_05,0.5555407954159459,0.5555407954159459,ok,DTLZ2,6,phase1_5B_10seed,DTLZ2_n7_m3
0.5336482699888873,0.09389926142653891,0.6457144066865537,0.6457144066865537,ok,mutation,212243812461bffc,-0.047031907931728546,-0.05690860859739155,DTLZ,True,0.4866163620571587,0.11351653360035915,mutation_prob_05,0.5888057980891621,0.5888057980891621,ok,DTLZ2,7,phase1_5B_10seed,DTLZ2_n7_m3
0.5236305152568734,0.10282696015459289,0.633592923460817,0.633592923460817,ok,mutation,212243812461bffc,-0.051608028304032987,-0.062445714247879924,DTLZ,True,0.47202248695284044,0.1179753405214811,mutation_prob_05,0.571147209212937,0.571147209212937,ok,DTLZ2,8,phase1_5B_10seed,DTLZ2_n7_m3
0.5243556588676197,0.10562174650981886,0.6344703472298199,0.6344703472298199,ok,mutation,212243812461bffc,-0.0470897857074404,-0.05697864070600289,DTLZ,True,0.47726587316017927,0.11714274012550609,mutation_prob_05,0.577491706523817,0.577491706523817,ok,DTLZ2,9,phase1_5B_10seed,DTLZ2_n7_m3
0.5245186177211864,0.11325820448526999,0.6346675274426355,0.6346675274426355,ok,mutation,b71b6d9c78fb3a1d,-0.026890568628875736,-0.03253758804093965,DTLZ,True,0.49762804909231056,0.10927994796362828,mutation_eta_01,0.6021299394016959,0.6021299394016959,ok,DTLZ2,0,phase1_5B_10seed,DTLZ2_n7_m3
0.5191927159257602,0.1111256819609612,0.6282231862701699,0.6282231862701699,ok,mutation,b71b6d9c78fb3a1d,-0.018000153129364208,-0.021780185286530696,DTLZ,True,0.501192562796396,0.10787487407050494,mutation_eta_01,0.6064430009836392,0.6064430009836392,ok,DTLZ2,1,phase1_5B_10seed,DTLZ2_n7_m3
0.5236994430715708,0.11020191904746093,0.6336763261166007,0.6336763261166007,ok,mutation,b71b6d9c78fb3a1d,-0.017254085896568065,-0.02087744393484736,DTLZ,True,0.5064453571750027,0.11223863766638609,mutation_eta_01,0.6127988821817534,0.6127988821817534,ok,DTLZ2,2,phase1_5B_10seed,DTLZ2_n7_m3
0.516588521202232,0.114599488239013,0.6250721106547008,0.6250721106547008,ok,mutation,b71b6d9c78fb3a1d,-0.0027675362473424284,-0.0033487188592843387,DTLZ,True,0.5138209849548896,0.09890740542712369,mutation_eta_01,0.6217233917954165,0.6217233917954165,ok,DTLZ2,3,phase1_5B_10seed,DTLZ2_n7_m3
0.51646833675977,0.10663034610565707,0.6249266874793218,0.6249266874793218,ok,mutation,b71b6d9c78fb3a1d,-0.007927937664904166,-0.009592804574534042,DTLZ,True,0.5085403990948658,0.1103502810059853,mutation_eta_01,0.6153338829047877,0.6153338829047877,ok,DTLZ2,4,phase1_5B_10seed,DTLZ2_n7_m3
0.5327648497408296,0.09759947361495175,0.6446454681864039,0.6446454681864039,ok,mutation,b71b6d9c78fb3a1d,-0.011405752294101904,-0.013800960275863305,DTLZ,True,0.5213590974467277,0.10052595910056855,mutation_eta_01,0.6308445079105406,0.6308445079105406,ok,DTLZ2,5,phase1_5B_10seed,DTLZ2_n7_m3
0.5133626405108892,0.09967027488122486,0.621168795018176,0.621168795018176,ok,mutation,b71b6d9c78fb3a1d,-0.0035057123620692143,-0.00424191195810375,DTLZ,True,0.50985692814882,0.10808488883150143,mutation_eta_01,0.6169268830600723,0.6169268830600723,ok,DTLZ2,6,phase1_5B_10seed,DTLZ2_n7_m3
0.5336482699888873,0.09389926142653891,0.6457144066865537,0.6457144066865537,ok,mutation,b71b6d9c78fb3a1d,-0.03386147760859633,-0.040972387906401564,DTLZ,True,0.4997867923802909,0.10243749537876169,mutation_eta_01,0.6047420187801521,0.6047420187801521,ok,DTLZ2,7,phase1_5B_10seed,DTLZ2_n7_m3
0.5236305152568734,0.10282696015459289,0.633592923460817,0.633592923460817,ok,mutation,b71b6d9c78fb3a1d,-0.01213159404985566,-0.01467922880032535,DTLZ,True,0.5114989212070178,0.11205133485537572,mutation_eta_01,0.6189136946604916,0.6189136946604916,ok,DTLZ2,8,phase1_5B_10seed,DTLZ2_n7_m3
0.5243556588676197,0.10562174650981886,0.6344703472298199,0.6344703472298199,ok,mutation,b71b6d9c78fb3a1d,-0.014824202716756201,-0.017937285287275007,DTLZ,True,0.5095314561508635,0.11455535124619179,mutation_eta_01,0.6165330619425449,0.6165330619425449,ok,DTLZ2,9,phase1_5B_10seed,DTLZ2_n7_m3
0.5245186177211864,0.11325820448526999,0.6346675274426355,0.6346675274426355,ok,mutation,e430f017e153c302,-0.015645736886311417,-0.018931341632436816,DTLZ,True,0.5088728808348749,0.11986620957185262,mutation_eta_02,0.6157361858101987,0.6157361858101987,ok,DTLZ2,0,phase1_5B_10seed,DTLZ2_n7_m3
0.5191927159257602,0.1111256819609612,0.6282231862701699,0.6282231862701699,ok,mutation,e430f017e153c302,-0.0049067176633646615,-0.005937128372671241,DTLZ,True,0.5142859982623955,0.11464618921530684,mutation_eta_02,0.6222860578974987,0.6222860578974987,ok,DTLZ2,1,phase1_5B_10seed,DTLZ2_n7_m3
0.5236994430715708,0.11020191904746093,0.6336763261166007,0.6336763261166007,ok,mutation,e430f017e153c302,0.014995412263841537,0.01814444883924826,DTLZ,True,0.5386948553354123,0.09480655155500647,mutation_eta_02,0.651820774955849,0.651820774955849,ok,DTLZ2,2,phase1_5B_10seed,DTLZ2_n7_m3
0.516588521202232,0.114599488239013,0.6250721106547008,0.6250721106547008,ok,mutation,e430f017e153c302,-0.010408926201216865,-0.012594800703472409,DTLZ,True,0.5061795950010152,0.10095223533087219,mutation_eta_02,0.6124773099512284,0.6124773099512284,ok,DTLZ2,3,phase1_5B_10seed,DTLZ2_n7_m3
0.51646833675977,0.10663034610565707,0.6249266874793218,0.6249266874793218,ok,mutation,e430f017e153c302,0.020702226478421036,0.02504969403888946,DTLZ,True,0.537170563238191,0.09191983917444622,mutation_eta_02,0.6499763815182112,0.6499763815182112,ok,DTLZ2,4,phase1_5B_10seed,DTLZ2_n7_m3
0.5327648497408296,0.09759947361495175,0.6446454681864039,0.6446454681864039,ok,mutation,e430f017e153c302,-0.014285190831596635,-0.01728508090623193,DTLZ,True,0.518479658909233,0.10751280286080406,mutation_eta_02,0.627360387280172,0.627360387280172,ok,DTLZ2,5,phase1_5B_10seed,DTLZ2_n7_m3
0.5133626405108892,0.09967027488122486,0.621168795018176,0.621168795018176,ok,mutation,e430f017e153c302,0.0026653377872950545,0.0032250587226270166,DTLZ,True,0.5160279782981843,0.10788842234211238,mutation_eta_02,0.624393853740803,0.624393853740803,ok,DTLZ2,6,phase1_5B_10seed,DTLZ2_n7_m3
0.5336482699888873,0.09389926142653891,0.6457144066865537,0.6457144066865537,ok,mutation,e430f017e153c302,-0.057889057446110434,-0.07004575950979364,DTLZ,True,0.4757592125427768,0.10773025721858774,mutation_eta_02,0.57566864717676,0.57566864717676,ok,DTLZ2,7,phase1_5B_10seed,DTLZ2_n7_m3
0.5236305152568734,0.10282696015459289,0.633592923460817,0.633592923460817,ok,mutation,e430f017e153c302,-0.010812076549022113,-0.013082612624316758,DTLZ,True,0.5128184387078514,0.1078365943219741,mutation_eta_02,0.6205103108365002,0.6205103108365002,ok,DTLZ2,8,phase1_5B_10seed,DTLZ2_n7_m3
0.5243556588676197,0.10562174650981886,0.6344703472298199,0.6344703472298199,ok,mutation,e430f017e153c302,-0.023768062261256245,-0.028759355336120063,DTLZ,True,0.5005875966063634,0.10983144309422314,mutation_eta_02,0.6057109918936998,0.6057109918936998,ok,DTLZ2,9,phase1_5B_10seed,DTLZ2_n7_m3
0.5245186177211864,0.11325820448526999,0.6346675274426355,0.6346675274426355,ok,mutation,d014a4c3d31a43ac,0.00035752044394134376,0.000432599737169026,DTLZ,True,0.5248761381651277,0.1057850371293545,mutation_eta_03,0.6351001271798046,0.6351001271798046,ok,DTLZ2,0,phase1_5B_10seed,DTLZ2_n7_m3
0.5191927159257602,0.1111256819609612,0.6282231862701699,0.6282231862701699,ok,mutation,d014a4c3d31a43ac,0.0011281694377963108,0.0013650850197335362,DTLZ,True,0.5203208853635565,0.10108376076534506,mutation_eta_03,0.6295882712899035,0.6295882712899035,ok,DTLZ2,1,phase1_5B_10seed,DTLZ2_n7_m3
0.5236994430715708,0.11020191904746093,0.6336763261166007,0.6336763261166007,ok,mutation,d014a4c3d31a43ac,-0.015162744650589918,-0.018346921027213803,DTLZ,True,0.5085366984209808,0.10527515069114625,mutation_eta_03,0.6153294050893869,0.6153294050893869,ok,DTLZ2,2,phase1_5B_10seed,DTLZ2_n7_m3
0.516588521202232,0.114599488239013,0.6250721106547008,0.6250721106547008,ok,mutation,d014a4c3d31a43ac,0.010579383345359128,0.012801053847884547,DTLZ,True,0.5271679045475911,0.09903163421934474,mutation_eta_03,0.6378731645025854,0.6378731645025854,ok,DTLZ2,3,phase1_5B_10seed,DTLZ2_n7_m3
0.51646833675977,0.10663034610565707,0.6249266874793218,0.6249266874793218,ok,mutation,d014a4c3d31a43ac,-0.0016209187746217373,-0.0019613117172923022,DTLZ,True,0.5148474179851482,0.10812677610985626,mutation_eta_03,0.6229653757620295,0.6229653757620295,ok,DTLZ2,4,phase1_5B_10seed,DTLZ2_n7_m3
0.5327648497408296,0.09759947361495175,0.6446454681864039,0.6446454681864039,ok,mutation,d014a4c3d31a43ac,-0.00324230883064544,-0.003923193685080983,DTLZ,True,0.5295225409101841,0.1025204789834011,mutation_eta_03,0.6407222745013229,0.6407222745013229,ok,DTLZ2,5,phase1_5B_10seed,DTLZ2_n7_m3
0.5133626405108892,0.09967027488122486,0.621168795018176,0.621168795018176,ok,mutation,d014a4c3d31a43ac,0.006101450031170593,0.007382754537716418,DTLZ,True,0.5194640905420598,0.10571089643356626,mutation_eta_03,0.6285515495558924,0.6285515495558924,ok,DTLZ2,6,phase1_5B_10seed,DTLZ2_n7_m3
0.5336482699888873,0.09389926142653891,0.6457144066865537,0.6457144066865537,ok,mutation,d014a4c3d31a43ac,-0.03411409762985521,-0.04127805813212482,DTLZ,True,0.499534172359032,0.11040537114859036,mutation_eta_03,0.6044363485544288,0.6044363485544288,ok,DTLZ2,7,phase1_5B_10seed,DTLZ2_n7_m3
0.5236305152568734,0.10282696015459289,0.633592923460817,0.633592923460817,ok,mutation,d014a4c3d31a43ac,-0.030776844240422138,-0.03723998153091079,DTLZ,True,0.49285367101645133,0.10512468868643006,mutation_eta_03,0.5963529419299062,0.5963529419299062,ok,DTLZ2,8,phase1_5B_10seed,DTLZ2_n7_m3
0.5243556588676197,0.10562174650981886,0.6344703472298199,0.6344703472298199,ok,mutation,d014a4c3d31a43ac,-0.002070298729203379,-0.002505061462336089,DTLZ,True,0.5222853601384163,0.09863941510997878,mutation_eta_03,0.6319652857674838,0.6319652857674838,ok,DTLZ2,9,phase1_5B_10seed,DTLZ2_n7_m3
0.5245186177211864,0.11325820448526999,0.6346675274426355,0.6346675274426355,ok,mutation,c9af60ae1df2e7eb,0.029334268027258012,0.0354944643129822,DTLZ,True,0.5538528857484444,0.09509838597804998,mutation_eta_04,0.6701619917556177,0.6701619917556177,ok,DTLZ2,0,phase1_5B_10seed,DTLZ2_n7_m3
0.5191927159257602,0.1111256819609612,0.6282231862701699,0.6282231862701699,ok,mutation,c9af60ae1df2e7eb,0.00022226758928906246,0.0002689437830397656,DTLZ,True,0.5194149835150492,0.10380312358417453,mutation_eta_04,0.6284921300532097,0.6284921300532097,ok,DTLZ2,1,phase1_5B_10seed,DTLZ2_n7_m3
0.5236994430715708,0.11020191904746093,0.6336763261166007,0.6336763261166007,ok,mutation,c9af60ae1df2e7eb,0.012839884140257359,0.015536259809711406,DTLZ,True,0.5365393272118282,0.09603828565721396,mutation_eta_04,0.6492125859263121,0.6492125859263121,ok,DTLZ2,2,phase1_5B_10seed,DTLZ2_n7_m3
0.516588521202232,0.114599488239013,0.6250721106547008,0.6250721106547008,ok,mutation,c9af60ae1df2e7eb,0.028685539327258616,0.03470950258598293,DTLZ,True,0.5452740605294906,0.09025660195098106,mutation_eta_04,0.6597816132406837,0.6597816132406837,ok,DTLZ2,3,phase1_5B_10seed,DTLZ2_n7_m3
0.51646833675977,0.10663034610565707,0.6249266874793218,0.6249266874793218,ok,mutation,c9af60ae1df2e7eb,0.02316535894543225,0.028030084323973026,DTLZ,True,0.5396336957052023,0.1021247424183514,mutation_eta_04,0.6529567718032948,0.6529567718032948,ok,DTLZ2,4,phase1_5B_10seed,DTLZ2_n7_m3
0.5327648497408296,0.09759947361495175,0.6446454681864039,0.6446454681864039,ok,mutation,c9af60ae1df2e7eb,0.004138923901192552,0.005008097920442989,DTLZ,True,0.5369037736420221,0.09623054458448851,mutation_eta_04,0.6496535661068469,0.6496535661068469,ok,DTLZ2,5,phase1_5B_10seed,DTLZ2_n7_m3
0.5133626405108892,0.09967027488122486,0.621168795018176,0.621168795018176,ok,mutation,c9af60ae1df2e7eb,0.0017899435357644614,0.0021658316782749987,DTLZ,True,0.5151525840466536,0.11297129468440965,mutation_eta_04,0.623334626696451,0.623334626696451,ok,DTLZ2,6,phase1_5B_10seed,DTLZ2_n7_m3
0.5336482699888873,0.09389926142653891,0.6457144066865537,0.6457144066865537,ok,mutation,c9af60ae1df2e7eb,0.008904350918327664,0.010774264611176476,DTLZ,True,0.5425526209072149,0.10227084534166578,mutation_eta_04,0.6564886712977301,0.6564886712977301,ok,DTLZ2,7,phase1_5B_10seed,DTLZ2_n7_m3
0.5236305152568734,0.10282696015459289,0.633592923460817,0.633592923460817,ok,mutation,c9af60ae1df2e7eb,-0.010511199432314931,-0.012718551313101067,DTLZ,True,0.5131193158245585,0.12025230849203367,mutation_eta_04,0.6208743721477159,0.6208743721477159,ok,DTLZ2,8,phase1_5B_10seed,DTLZ2_n7_m3
0.5243556588676197,0.10562174650981886,0.6344703472298199,0.6344703472298199,ok,mutation,c9af60ae1df2e7eb,0.026643764194444475,0.03223895467527782,DTLZ,True,0.5509994230620642,0.09572987708802365,mutation_eta_04,0.6667093019050977,0.6667093019050977,ok,DTLZ2,9,phase1_5B_10seed,DTLZ2_n7_m3
0.5245186177211864,0.11325820448526999,0.6346675274426355,0.6346675274426355,ok,mutation,73745bcc5c77e254,0.0001542521264245648,0.00018664507297372346,DTLZ,True,0.5246728698476109,0.11494623621951483,mutation_eta_05,0.6348541725156093,0.6348541725156093,ok,DTLZ2,0,phase1_5B_10seed,DTLZ2_n7_m3
0.5191927159257602,0.1111256819609612,0.6282231862701699,0.6282231862701699,ok,mutation,73745bcc5c77e254,0.00935032556790301,0.011313893937162645,DTLZ,True,0.5285430414936632,0.10329985649895528,mutation_eta_05,0.6395370802073326,0.6395370802073326,ok,DTLZ2,1,phase1_5B_10seed,DTLZ2_n7_m3
0.5236994430715708,0.11020191904746093,0.6336763261166007,0.6336763261166007,ok,mutation,73745bcc5c77e254,-0.02097674017191972,-0.025381855608022863,DTLZ,True,0.502722702899651,0.1108812213148362,mutation_eta_05,0.6082944705085779,0.6082944705085779,ok,DTLZ2,2,phase1_5B_10seed,DTLZ2_n7_m3
0.516588521202232,0.114599488239013,0.6250721106547008,0.6250721106547008,ok,mutation,73745bcc5c77e254,0.019555391680592206,0.023662023933516574,DTLZ,True,0.5361439128828241,0.11283553187127705,mutation_eta_05,0.6487341345882174,0.6487341345882174,ok,DTLZ2,3,phase1_5B_10seed,DTLZ2_n7_m3
0.51646833675977,0.10663034610565707,0.6249266874793218,0.6249266874793218,ok,mutation,73745bcc5c77e254,-0.036590541049199815,-0.044274554669531785,DTLZ,True,0.47987779571057015,0.13210456103866877,mutation_eta_05,0.58065213280979,0.58065213280979,ok,DTLZ2,4,phase1_5B_10seed,DTLZ2_n7_m3
0.5327648497408296,0.09759947361495175,0.6446454681864039,0.6446454681864039,ok,mutation,73745bcc5c77e254,-0.014639682462975607,-0.017714015780200487,DTLZ,True,0.518125167277854,0.1116210902541172,mutation_eta_05,0.6269314524062034,0.6269314524062034,ok,DTLZ2,5,phase1_5B_10seed,DTLZ2_n7_m3
0.5133626405108892,0.09967027488122486,0.621168795018176,0.621168795018176,ok,mutation,73745bcc5c77e254,0.005878440064845561,0.007112912478463129,DTLZ,True,0.5192410805757347,0.10228185174021939,mutation_eta_05,0.6282817074966391,0.6282817074966391,ok,DTLZ2,6,phase1_5B_10seed,DTLZ2_n7_m3
0.5336482699888873,0.09389926142653891,0.6457144066865537,0.6457144066865537,ok,mutation,73745bcc5c77e254,-0.03898146669164199,-0.047167574696886816,DTLZ,True,0.49466680329724527,0.11070790694836549,mutation_eta_05,0.5985468319896668,0.5985468319896668,ok,DTLZ2,7,phase1_5B_10seed,DTLZ2_n7_m3
0.5236305152568734,0.10282696015459289,0.633592923460817,0.633592923460817,ok,mutation,73745bcc5c77e254,-0.007951981886002787,-0.009621898082063374,DTLZ,True,0.5156785333708707,0.1090784599767016,mutation_eta_05,0.6239710253787536,0.6239710253787536,ok,DTLZ2,8,phase1_5B_10seed,DTLZ2_n7_m3
0.5243556588676197,0.10562174650981886,0.6344703472298199,0.6344703472298199,ok,mutation,73745bcc5c77e254,0.007400032205063056,0.008954038968126299,DTLZ,True,0.5317556910726827,0.12343049632477147,mutation_eta_05,0.6434243861979462,0.6434243861979462,ok,DTLZ2,9,phase1_5B_10seed,DTLZ2_n7_m3
0.5245186177211864,0.11325820448526999,0.6346675274426355,0.6346675274426355,ok,crossover,58de7eb8ad456568,-0.03622454026955786,-0.04383169372616502,DTLZ,True,0.48829407745162845,0.10770264566123365,crossover_prob_01,0.5908358337164705,0.5908358337164705,ok,DTLZ2,0,phase1_5B_10seed,DTLZ2_n7_m3
0.5191927159257602,0.1111256819609612,0.6282231862701699,0.6282231862701699,ok,crossover,58de7eb8ad456568,0.002958337054737484,0.0035795878362323563,DTLZ,True,0.5221510529804977,0.10809433094320453,crossover_prob_01,0.6318027741064023,0.6318027741064023,ok,DTLZ2,1,phase1_5B_10seed,DTLZ2_n7_m3
0.5236994430715708,0.11020191904746093,0.6336763261166007,0.6336763261166007,ok,crossover,58de7eb8ad456568,-0.010750931201520257,-0.013008626753839514,DTLZ,True,0.5129485118700505,0.10104291221387764,crossover_prob_01,0.6206676993627612,0.6206676993627612,ok,DTLZ2,2,phase1_5B_10seed,DTLZ2_n7_m3
0.516588521202232,0.114599488239013,0.6250721106547008,0.6250721106547008,ok,crossover,58de7eb8ad456568,-0.016202104581795617,-0.0196045465439727,DTLZ,True,0.5003864166204364,0.12461341035600428,crossover_prob_01,0.6054675641107281,0.6054675641107281,ok,DTLZ2,3,phase1_5B_10seed,DTLZ2_n7_m3
0.51646833675977,0.10663034610565707,0.6249266874793218,0.6249266874793218,ok,crossover,58de7eb8ad456568,-0.003996397443286412,-0.004835640906376559,DTLZ,True,0.5124719393164836,0.10838264548545612,crossover_prob_01,0.6200910465729452,0.6200910465729452,ok,DTLZ2,4,phase1_5B_10seed,DTLZ2_n7_m3
0.5327648497408296,0.09759947361495175,0.6446454681864039,0.6446454681864039,ok,crossover,58de7eb8ad456568,-0.019017700864196848,-0.02301141804567819,DTLZ,True,0.5137471488766328,0.10777717489700518,crossover_prob_01,0.6216340501407257,0.6216340501407257,ok,DTLZ2,5,phase1_5B_10seed,DTLZ2_n7_m3
0.5133626405108892,0.09967027488122486,0.621168795018176,0.621168795018176,ok,crossover,58de7eb8ad456568,0.0008964011043637731,0.0010846453362801656,DTLZ,True,0.5142590416152529,0.1152262676059273,crossover_prob_01,0.6222534403544562,0.6222534403544562,ok,DTLZ2,6,phase1_5B_10seed,DTLZ2_n7_m3
0.5336482699888873,0.09389926142653891,0.6457144066865537,0.6457144066865537,ok,crossover,58de7eb8ad456568,-0.055200729446493894,-0.06679288263025762,DTLZ,True,0.47844754054239336,0.11450450864876457,crossover_prob_01,0.578921524056296,0.578921524056296,ok,DTLZ2,7,phase1_5B_10seed,DTLZ2_n7_m3
0.5236305152568734,0.10282696015459289,0.633592923460817,0.633592923460817,ok,crossover,58de7eb8ad456568,-0.0037539240934611673,-0.004542248153088013,DTLZ,True,0.5198765911634122,0.11132902148681104,crossover_prob_01,0.629050675307729,0.629050675307729,ok,DTLZ2,8,phase1_5B_10seed,DTLZ2_n7_m3
0.5243556588676197,0.10562174650981886,0.6344703472298199,0.6344703472298199,ok,crossover,58de7eb8ad456568,-0.008452076061021323,-0.010227012033835803,DTLZ,True,0.5159035828065983,0.10553747948752767,crossover_prob_01,0.6242433351959841,0.6242433351959841,ok,DTLZ2,9,phase1_5B_10seed,DTLZ2_n7_m3
0.5245186177211864,0.11325820448526999,0.6346675274426355,0.6346675274426355,ok,crossover,36511be5accd5720,0.0025979740253601422,0.0031435485706857724,DTLZ,True,0.5271165917465465,0.10776711747022573,crossover_prob_02,0.6378110760133213,0.6378110760133213,ok,DTLZ2,0,phase1_5B_10seed,DTLZ2_n7_m3
0.5191927159257602,0.1111256819609612,0.6282231862701699,0.6282231862701699,ok,crossover,36511be5accd5720,-0.008372902652250389,-0.010131212209222973,DTLZ,True,0.5108198132735098,0.11076562670428283,crossover_prob_02,0.618091974060947,0.618091974060947,ok,DTLZ2,1,phase1_5B_10seed,DTLZ2_n7_m3
0.5236994430715708,0.11020191904746093,0.6336763261166007,0.6336763261166007,ok,crossover,36511be5accd5720,0.0020001623947726336,0.002420196497674887,DTLZ,True,0.5256996054663434,0.10518121001589222,crossover_prob_02,0.6360965226142756,0.6360965226142756,ok,DTLZ2,2,phase1_5B_10seed,DTLZ2_n7_m3
0.516588521202232,0.114599488239013,0.6250721106547008,0.6250721106547008,ok,crossover,36511be5accd5720,-0.03491440491739101,-0.04224642995004313,DTLZ,True,0.48167411628484097,0.11825512346031662,crossover_prob_02,0.5828256807046577,0.5828256807046577,ok,DTLZ2,3,phase1_5B_10seed,DTLZ2_n7_m3
0.51646833675977,0.10663034610565707,0.6249266874793218,0.6249266874793218,ok,crossover,36511be5accd5720,0.008011819384107909,0.00969430145477057,DTLZ,True,0.5244801561438779,0.09543887392668064,crossover_prob_02,0.6346209889340924,0.6346209889340924,ok,DTLZ2,4,phase1_5B_10seed,DTLZ2_n7_m3
0.5327648497408296,0.09759947361495175,0.6446454681864039,0.6446454681864039,ok,crossover,36511be5accd5720,-0.029247028112674274,-0.035388904016335876,DTLZ,True,0.5035178216281553,0.11258722800615223,crossover_prob_02,0.609256564170068,0.609256564170068,ok,DTLZ2,5,phase1_5B_10seed,DTLZ2_n7_m3
0.5133626405108892,0.09967027488122486,0.621168795018176,0.621168795018176,ok,crossover,36511be5accd5720,-0.03703192185427266,-0.044808625443669925,DTLZ,True,0.4763307186566165,0.11747137097028151,crossover_prob_02,0.5763601695745061,0.5763601695745061,ok,DTLZ2,6,phase1_5B_10seed,DTLZ2_n7_m3
0.5336482699888873,0.09389926142653891,0.6457144066865537,0.6457144066865537,ok,crossover,36511be5accd5720,-0.00867806733353597,-0.010500461473578526,DTLZ,True,0.5249702026553513,0.09663588951577494,crossover_prob_02,0.6352139452129751,0.6352139452129751,ok,DTLZ2,7,phase1_5B_10seed,DTLZ2_n7_m3
0.5236305152568734,0.10282696015459289,0.633592923460817,0.633592923460817,ok,crossover,36511be5accd5720,0.017261628556501707,0.020886570553367068,DTLZ,True,0.5408921438133751,0.09545967757824411,crossover_prob_02,0.654479494014184,0.654479494014184,ok,DTLZ2,8,phase1_5B_10seed,DTLZ2_n7_m3
0.5243556588676197,0.10562174650981886,0.6344703472298199,0.6344703472298199,ok,crossover,36511be5accd5720,-0.016130396362028194,-0.01951777959805412,DTLZ,True,0.5082252625055914,0.09919382591947336,crossover_prob_02,0.6149525676317658,0.6149525676317658,ok,DTLZ2,9,phase1_5B_10seed,DTLZ2_n7_m3
0.5245186177211864,0.11325820448526999,0.6346675274426355,0.6346675274426355,ok,crossover,8a7cf9717b97c048,0.0017713228924357439,0.0021433006998472504,DTLZ,True,0.5262899406136221,0.10133861892207144,crossover_prob_03,0.6368108281424828,0.6368108281424828,ok,DTLZ2,0,phase1_5B_10seed,DTLZ2_n7_m3
0.5191927159257602,0.1111256819609612,0.6282231862701699,0.6282231862701699,ok,crossover,8a7cf9717b97c048,0.01296746469715018,0.01569063228355172,DTLZ,True,0.5321601806229104,0.10574483264469399,crossover_prob_03,0.6439138185537217,0.6439138185537217,ok,DTLZ2,1,phase1_5B_10seed,DTLZ2_n7_m3
0.5236994430715708,0.11020191904746093,0.6336763261166007,0.6336763261166007,ok,crossover,8a7cf9717b97c048,-0.030624940901767088,-0.03705617849113818,DTLZ,True,0.4930745021698037,0.12042890352446825,crossover_prob_03,0.5966201476254626,0.5966201476254626,ok,DTLZ2,2,phase1_5B_10seed,DTLZ2_n7_m3
0.516588521202232,0.114599488239013,0.6250721106547008,0.6250721106547008,ok,crossover,8a7cf9717b97c048,-0.02346739204734038,-0.028395544377281867,DTLZ,True,0.4931211291548916,0.11143786260439913,crossover_prob_03,0.5966765662774189,0.5966765662774189,ok,DTLZ2,3,phase1_5B_10seed,DTLZ2_n7_m3
0.51646833675977,0.10663034610565707,0.6249266874793218,0.6249266874793218,ok,crossover,8a7cf9717b97c048,0.02986036732605929,0.03613104446453175,DTLZ,True,0.5463287040858292,0.09788063878806887,crossover_prob_03,0.6610577319438535,0.6610577319438535,ok,DTLZ2,4,phase1_5B_10seed,DTLZ2_n7_m3
0.5327648497408296,0.09759947361495175,0.6446454681864039,0.6446454681864039,ok,crossover,8a7cf9717b97c048,0.008420836991373621,0.010189212759562083,DTLZ,True,0.5411856867322032,0.09668675330988237,crossover_prob_03,0.654834680945966,0.654834680945966,ok,DTLZ2,5,phase1_5B_10seed,DTLZ2_n7_m3
0.5133626405108892,0.09967027488122486,0.621168795018176,0.621168795018176,ok,crossover,8a7cf9717b97c048,0.008852529053522717,0.01071156015476249,DTLZ,True,0.5222151695644119,0.1034742202062585,crossover_prob_03,0.6318803551729385,0.6318803551729385,ok,DTLZ2,6,phase1_5B_10seed,DTLZ2_n7_m3
0.5336482699888873,0.09389926142653891,0.6457144066865537,0.6457144066865537,ok,crossover,8a7cf9717b97c048,-0.018735790920926847,-0.02267030701432149,DTLZ,True,0.5149124790679604,0.10422159797124936,crossover_prob_03,0.6230440996722322,0.6230440996722322,ok,DTLZ2,7,phase1_5B_10seed,DTLZ2_n7_m3
0.5236305152568734,0.10282696015459289,0.633592923460817,0.633592923460817,ok,crossover,8a7cf9717b97c048,0.02083758527574448,0.025213478183650828,DTLZ,True,0.544468100532618,0.09274471759704032,crossover_prob_03,0.6588064016444678,0.6588064016444678,ok,DTLZ2,8,phase1_5B_10seed,DTLZ2_n7_m3
0.5243556588676197,0.10562174650981886,0.6344703472298199,0.6344703472298199,ok,crossover,8a7cf9717b97c048,0.01768477191509731,0.021398574017267746,DTLZ,True,0.5420404307827169,0.09892408877190766,crossover_prob_03,0.6558689212470876,0.6558689212470876,ok,DTLZ2,9,phase1_5B_10seed,DTLZ2_n7_m3
0.5245186177211864,0.11325820448526999,0.6346675274426355,0.6346675274426355,ok,crossover,eed6c5c362c7c561,-0.01209213354936092,-0.014631481594726714,DTLZ,True,0.5124264841718255,0.09228718105208643,crossover_eta_01,0.6200360458479088,0.6200360458479088,ok,DTLZ2,0,phase1_5B_10seed,DTLZ2_n7_m3
0.5191927159257602,0.1111256819609612,0.6282231862701699,0.6282231862701699,ok,crossover,eed6c5c362c7c561,-0.011299317762192467,-0.013672174492252887,DTLZ,True,0.5078933981635677,0.11743715556468691,crossover_eta_01,0.614551011777917,0.614551011777917,ok,DTLZ2,1,phase1_5B_10seed,DTLZ2_n7_m3
0.5236994430715708,0.11020191904746093,0.6336763261166007,0.6336763261166007,ok,crossover,eed6c5c362c7c561,-0.007311505840454666,-0.008846922066950147,DTLZ,True,0.5163879372311161,0.10379819663092593,crossover_eta_01,0.6248294040496506,0.6248294040496506,ok,DTLZ2,2,phase1_5B_10seed,DTLZ2_n7_m3
0.516588521202232,0.114599488239013,0.6250721106547008,0.6250721106547008,ok,crossover,eed6c5c362c7c561,0.0081191562645641,0.009824179080122564,DTLZ,True,0.5247076774667961,0.0998071587773977,crossover_eta_01,0.6348962897348234,0.6348962897348234,ok,DTLZ2,3,phase1_5B_10seed,DTLZ2_n7_m3
0.51646833675977,0.10663034610565707,0.6249266874793218,0.6249266874793218,ok,crossover,eed6c5c362c7c561,0.011803262098016696,0.014281947138600204,DTLZ,True,0.5282715988577867,0.10156391121430997,crossover_eta_01,0.639208634617922,0.639208634617922,ok,DTLZ2,4,phase1_5B_10seed,DTLZ2_n7_m3
0.5327648497408296,0.09759947361495175,0.6446454681864039,0.6446454681864039,ok,crossover,eed6c5c362c7c561,-0.024828685100860216,-0.030042708972040866,DTLZ,True,0.5079361646399694,0.10637472412921253,crossover_eta_01,0.614602759214363,0.614602759214363,ok,DTLZ2,5,phase1_5B_10seed,DTLZ2_n7_m3
0.5133626405108892,0.09967027488122486,0.621168795018176,0.621168795018176,ok,crossover,eed6c5c362c7c561,0.00040594775608428116,0.0004911967848619803,DTLZ,True,0.5137685882669735,0.10189439879001375,crossover_eta_01,0.621659991803038,0.621659991803038,ok,DTLZ2,6,phase1_5B_10seed,DTLZ2_n7_m3
0.5336482699888873,0.09389926142653891,0.6457144066865537,0.6457144066865537,ok,crossover,eed6c5c362c7c561,-0.026130281353398024,-0.031617640437611616,DTLZ,True,0.5075179886354892,0.11139085629032586,crossover_eta_01,0.614096766248942,0.614096766248942,ok,DTLZ2,7,phase1_5B_10seed,DTLZ2_n7_m3
0.5236305152568734,0.10282696015459289,0.633592923460817,0.633592923460817,ok,crossover,eed6c5c362c7c561,0.018845159037145367,0.022802642434945897,DTLZ,True,0.5424756742940188,0.09321171661439041,crossover_eta_01,0.6563955658957629,0.6563955658957629,ok,DTLZ2,8,phase1_5B_10seed,DTLZ2_n7_m3
0.5243556588676197,0.10562174650981886,0.6344703472298199,0.6344703472298199,ok,crossover,eed6c5c362c7c561,-0.001798228129402475,-0.0021758560365769952,DTLZ,True,0.5225574307382171,0.09919527076613742,crossover_eta_01,0.6322944911932429,0.6322944911932429,ok,DTLZ2,9,phase1_5B_10seed,DTLZ2_n7_m3
0.5245186177211864,0.11325820448526999,0.6346675274426355,0.6346675274426355,ok,crossover,4388e3e7bc630d1b,0.014584914489780082,0.0176477465326339,DTLZ,True,0.5391035322109664,0.09674915144539176,crossover_eta_02,0.6523152739752694,0.6523152739752694,ok,DTLZ2,0,phase1_5B_10seed,DTLZ2_n7_m3
0.5191927159257602,0.1111256819609612,0.6282231862701699,0.6282231862701699,ok,crossover,4388e3e7bc630d1b,0.002766572333804368,0.0033475525239032855,DTLZ,True,0.5219592882595646,0.09883854911171674,crossover_eta_02,0.6315707387940732,0.6315707387940732,ok,DTLZ2,1,phase1_5B_10seed,DTLZ2_n7_m3
0.5236994430715708,0.11020191904746093,0.6336763261166007,0.6336763261166007,ok,crossover,4388e3e7bc630d1b,-0.006394303099190665,-0.007737106750020706,DTLZ,True,0.5173051399723801,0.10280049341954929,crossover_eta_02,0.62593921936658,0.62593921936658,ok,DTLZ2,2,phase1_5B_10seed,DTLZ2_n7_m3
0.516588521202232,0.114599488239013,0.6250721106547008,0.6250721106547008,ok,crossover,4388e3e7bc630d1b,0.00549208720007935,0.006645425512096015,DTLZ,True,0.5220806084023113,0.10378019705462645,crossover_eta_02,0.6317175361667968,0.6317175361667968,ok,DTLZ2,3,phase1_5B_10seed,DTLZ2_n7_m3
0.51646833675977,0.10663034610565707,0.6249266874793218,0.6249266874793218,ok,crossover,4388e3e7bc630d1b,0.008564727276712841,0.01036332000482254,DTLZ,True,0.5250330640364829,0.10035412697161378,crossover_eta_02,0.6352900074841443,0.6352900074841443,ok,DTLZ2,4,phase1_5B_10seed,DTLZ2_n7_m3
0.5327648497408296,0.09759947361495175,0.6446454681864039,0.6446454681864039,ok,crossover,4388e3e7bc630d1b,-0.010522143046729602,-0.01273179308654282,DTLZ,True,0.5222427066941,0.11034095231953742,crossover_eta_02,0.6319136750998611,0.6319136750998611,ok,DTLZ2,5,phase1_5B_10seed,DTLZ2_n7_m3
0.5133626405108892,0.09967027488122486,0.621168795018176,0.621168795018176,ok,crossover,4388e3e7bc630d1b,0.006699841352627513,0.008106808036679292,DTLZ,True,0.5200624818635167,0.10498324994835594,crossover_eta_02,0.6292756030548553,0.6292756030548553,ok,DTLZ2,6,phase1_5B_10seed,DTLZ2_n7_m3
0.5336482699888873,0.09389926142653891,0.6457144066865537,0.6457144066865537,ok,crossover,4388e3e7bc630d1b,-0.03086284308868289,-0.0373440401373063,DTLZ,True,0.5027854269002043,0.10675388745091254,crossover_eta_02,0.6083703665492474,0.6083703665492474,ok,DTLZ2,7,phase1_5B_10seed,DTLZ2_n7_m3
0.5236305152568734,0.10282696015459289,0.633592923460817,0.633592923460817,ok,crossover,4388e3e7bc630d1b,-0.027305473784462405,-0.033039623279199515,DTLZ,True,0.496325041472411,0.11961774223944635,crossover_eta_02,0.6005533001816175,0.6005533001816175,ok,DTLZ2,8,phase1_5B_10seed,DTLZ2_n7_m3
0.5243556588676197,0.10562174650981886,0.6344703472298199,0.6344703472298199,ok,crossover,4388e3e7bc630d1b,0.003306571883405259,0.004000951978920364,DTLZ,True,0.5276622307510249,0.09624645026215485,crossover_eta_02,0.6384712992087402,0.6384712992087402,ok,DTLZ2,9,phase1_5B_10seed,DTLZ2_n7_m3
0.5245186177211864,0.11325820448526999,0.6346675274426355,0.6346675274426355,ok,crossover,9f8e3a55db78f785,0.008150769044852749,0.009862430544271827,DTLZ,True,0.532669386766039,0.09812652915732832,crossover_eta_03,0.6445299579869074,0.6445299579869074,ok,DTLZ2,0,phase1_5B_10seed,DTLZ2_n7_m3
0.5191927159257602,0.1111256819609612,0.6282231862701699,0.6282231862701699,ok,crossover,9f8e3a55db78f785,-0.015022954059473551,-0.018177774411963,DTLZ,True,0.5041697618662866,0.11045693354977225,crossover_eta_03,0.6100454118582069,0.6100454118582069,ok,DTLZ2,1,phase1_5B_10seed,DTLZ2_n7_m3
0.5236994430715708,0.11020191904746093,0.6336763261166007,0.6336763261166007,ok,crossover,9f8e3a55db78f785,-0.004327375869358156,-0.00523612480192337,DTLZ,True,0.5193720672022126,0.11033070583821417,crossover_eta_03,0.6284402013146774,0.6284402013146774,ok,DTLZ2,2,phase1_5B_10seed,DTLZ2_n7_m3
0.516588521202232,0.114599488239013,0.6250721106547008,0.6250721106547008,ok,crossover,9f8e3a55db78f785,0.010258533382396372,0.012412825392699611,DTLZ,True,0.5268470545846283,0.09936438488489031,crossover_eta_03,0.6374849360474004,0.6374849360474004,ok,DTLZ2,3,phase1_5B_10seed,DTLZ2_n7_m3
0.51646833675977,0.10663034610565707,0.6249266874793218,0.6249266874793218,ok,crossover,9f8e3a55db78f785,-0.02271142943922757,-0.027480829621465364,DTLZ,True,0.49375690732054245,0.12415876952976107,crossover_eta_03,0.5974458578578564,0.5974458578578564,ok,DTLZ2,4,phase1_5B_10seed,DTLZ2_n7_m3
0.5327648497408296,0.09759947361495175,0.6446454681864039,0.6446454681864039,ok,crossover,9f8e3a55db78f785,-0.021030160220828823,-0.02544649386720288,DTLZ,True,0.5117346895200008,0.1064931527611729,crossover_eta_03,0.619198974319201,0.619198974319201,ok,DTLZ2,5,phase1_5B_10seed,DTLZ2_n7_m3
0.5133626405108892,0.09967027488122486,0.621168795018176,0.621168795018176,ok,crossover,9f8e3a55db78f785,0.01606820035996877,0.019442522435562215,DTLZ,True,0.529430840870858,0.09933257197989595,crossover_eta_03,0.6406113174537382,0.6406113174537382,ok,DTLZ2,6,phase1_5B_10seed,DTLZ2_n7_m3
0.5336482699888873,0.09389926142653891,0.6457144066865537,0.6457144066865537,ok,crossover,9f8e3a55db78f785,-0.01883770759753329,-0.02279362619301528,DTLZ,True,0.5148105623913539,0.10705744793830868,crossover_eta_03,0.6229207804935384,0.6229207804935384,ok,DTLZ2,7,phase1_5B_10seed,DTLZ2_n7_m3
0.5236305152568734,0.10282696015459289,0.633592923460817,0.633592923460817,ok,crossover,9f8e3a55db78f785,-0.0020031610804227456,-0.0024238249073115226,DTLZ,True,0.5216273541764507,0.09764067445200697,crossover_eta_03,0.6311690985535054,0.6311690985535054,ok,DTLZ2,8,phase1_5B_10seed,DTLZ2_n7_m3
0.5243556588676197,0.10562174650981886,0.6344703472298199,0.6344703472298199,ok,crossover,9f8e3a55db78f785,0.0036584551239795056,0.004426730700015202,DTLZ,True,0.5280141139915991,0.10926639842961279,crossover_eta_03,0.6388970779298351,0.6388970779298351,ok,DTLZ2,9,phase1_5B_10seed,DTLZ2_n7_m3
0.5245186177211864,0.11325820448526999,0.6346675274426355,0.6346675274426355,ok,crossover,936e2f115b846ca2,0.005844325363550271,0.007071633689895829,DTLZ,True,0.5303629430847366,0.09986804030922514,crossover_eta_04,0.6417391611325314,0.6417391611325314,ok,DTLZ2,0,phase1_5B_10seed,DTLZ2_n7_m3
0.5191927159257602,0.1111256819609612,0.6282231862701699,0.6282231862701699,ok,crossover,936e2f115b846ca2,0.015645392890912217,0.018930925398003784,DTLZ,True,0.5348381088166724,0.09989805796086619,crossover_eta_04,0.6471541116681737,0.6471541116681737,ok,DTLZ2,1,phase1_5B_10seed,DTLZ2_n7_m3
0.5236994430715708,0.11020191904746093,0.6336763261166007,0.6336763261166007,ok,crossover,936e2f115b846ca2,0.030045323089983905,0.03635484093888053,DTLZ,True,0.5537447661615547,0.09536974597154695,crossover_eta_04,0.6700311670554813,0.6700311670554813,ok,DTLZ2,2,phase1_5B_10seed,DTLZ2_n7_m3
0.516588521202232,0.114599488239013,0.6250721106547008,0.6250721106547008,ok,crossover,936e2f115b846ca2,0.02868958046258774,0.03471439235973117,DTLZ,True,0.5452781016648197,0.10518920662473713,crossover_eta_04,0.659786503014432,0.659786503014432,ok,DTLZ2,3,phase1_5B_10seed,DTLZ2_n7_m3
0.51646833675977,0.10663034610565707,0.6249266874793218,0.6249266874793218,ok,crossover,936e2f115b846ca2,0.022780394727592964,0.02756427762038749,DTLZ,True,0.539248731487363,0.10100318581691803,crossover_eta_04,0.6524909650997093,0.6524909650997093,ok,DTLZ2,4,phase1_5B_10seed,DTLZ2_n7_m3
0.5327648497408296,0.09759947361495175,0.6446454681864039,0.6446454681864039,ok,crossover,936e2f115b846ca2,-0.021652800390573386,-0.026199888472593802,DTLZ,True,0.5111120493502562,0.10223018181479619,crossover_eta_04,0.6184455797138101,0.6184455797138101,ok,DTLZ2,5,phase1_5B_10seed,DTLZ2_n7_m3
0.5133626405108892,0.09967027488122486,0.621168795018176,0.621168795018176,ok,crossover,936e2f115b846ca2,0.012898596363582879,0.015607301599935286,DTLZ,True,0.526261236874472,0.09573260176057674,crossover_eta_04,0.6367760966181113,0.6367760966181113,ok,DTLZ2,6,phase1_5B_10seed,DTLZ2_n7_m3
0.5336482699888873,0.09389926142653891,0.6457144066865537,0.6457144066865537,ok,crossover,936e2f115b846ca2,0.013184577863107652,0.015953339214360263,DTLZ,True,0.5468328478519949,0.09488578516601393,crossover_eta_04,0.6616677459009139,0.6616677459009139,ok,DTLZ2,7,phase1_5B_10seed,DTLZ2_n7_m3
0.5236305152568734,0.10282696015459289,0.633592923460817,0.633592923460817,ok,crossover,936e2f115b846ca2,-0.0049365680448401955,-0.005973247334256637,DTLZ,True,0.5186939472120332,0.09659307899273234,crossover_eta_04,0.6276196761265603,0.6276196761265603,ok,DTLZ2,8,phase1_5B_10seed,DTLZ2_n7_m3
0.5243556588676197,0.10562174650981886,0.6344703472298199,0.6344703472298199,ok,crossover,936e2f115b846ca2,0.012517603951726871,0.015146300781589517,DTLZ,True,0.5368732628193466,0.09864360422762661,crossover_eta_04,0.6496166480114094,0.6496166480114094,ok,DTLZ2,9,phase1_5B_10seed,DTLZ2_n7_m3
0.5245186177211864,0.11325820448526999,0.6346675274426355,0.6346675274426355,ok,selection,0a0207ffe032c8c5,-0.013164578849923858,-0.01592914040840787,DTLZ,True,0.5113540388712625,0.10839231450282434,selection_tournament_01,0.6187383870342277,0.6187383870342277,ok,DTLZ2,0,phase1_5B_10seed,DTLZ2_n7_m3
0.5191927159257602,0.1111256819609612,0.6282231862701699,0.6282231862701699,ok,selection,0a0207ffe032c8c5,0.0011984745980956764,0.0014501542636957687,DTLZ,True,0.5203911905238559,0.10469275629434445,selection_tournament_01,0.6296733405338657,0.6296733405338657,ok,DTLZ2,1,phase1_5B_10seed,DTLZ2_n7_m3
0.5236994430715708,0.11020191904746093,0.6336763261166007,0.6336763261166007,ok,selection,0a0207ffe032c8c5,-0.020513760398657408,-0.024821650082375468,DTLZ,True,0.5031856826729134,0.10528385394296992,selection_tournament_01,0.6088546760342253,0.6088546760342253,ok,DTLZ2,2,phase1_5B_10seed,DTLZ2_n7_m3
0.516588521202232,0.114599488239013,0.6250721106547008,0.6250721106547008,ok,selection,0a0207ffe032c8c5,0.012576717410822438,0.015217828067095152,DTLZ,True,0.5291652386130544,0.09444903189491946,selection_tournament_01,0.640289938721796,0.640289938721796,ok,DTLZ2,3,phase1_5B_10seed,DTLZ2_n7_m3
0.51646833675977,0.10663034610565707,0.6249266874793218,0.6249266874793218,ok,selection,0a0207ffe032c8c5,-0.01073911138432097,-0.012994324775028376,DTLZ,True,0.5057292253754491,0.10727256146742935,selection_tournament_01,0.6119323627042934,0.6119323627042934,ok,DTLZ2,4,phase1_5B_10seed,DTLZ2_n7_m3
0.5327648497408296,0.09759947361495175,0.6446454681864039,0.6446454681864039,ok,selection,0a0207ffe032c8c5,-0.025860707448253924,-0.03129145601238725,DTLZ,True,0.5069041422925756,0.10618858535885478,selection_tournament_01,0.6133540121740166,0.6133540121740166,ok,DTLZ2,5,phase1_5B_10seed,DTLZ2_n7_m3
0.5133626405108892,0.09967027488122486,0.621168795018176,0.621168795018176,ok,selection,0a0207ffe032c8c5,0.00928867477326577,0.011239296475651583,DTLZ,True,0.522651315284155,0.09665657270573222,selection_tournament_01,0.6324080914938276,0.6324080914938276,ok,DTLZ2,6,phase1_5B_10seed,DTLZ2_n7_m3
0.5336482699888873,0.09389926142653891,0.6457144066865537,0.6457144066865537,ok,selection,0a0207ffe032c8c5,-0.009177982848268033,-0.011105359246404323,DTLZ,True,0.5244702871406192,0.10553598592111778,selection_tournament_01,0.6346090474401493,0.6346090474401493,ok,DTLZ2,7,phase1_5B_10seed,DTLZ2_n7_m3
0.5236305152568734,0.10282696015459289,0.633592923460817,0.633592923460817,ok,selection,0a0207ffe032c8c5,-0.007107577558664298,-0.008600168845983802,DTLZ,True,0.5165229376982091,0.11438299938917938,selection_tournament_01,0.6249927546148332,0.6249927546148332,ok,DTLZ2,8,phase1_5B_10seed,DTLZ2_n7_m3
0.5243556588676197,0.10562174650981886,0.6344703472298199,0.6344703472298199,ok,selection,0a0207ffe032c8c5,-0.0073343597713844706,-0.008874575323375211,DTLZ,True,0.5170212990962352,0.10998361770455004,selection_tournament_01,0.6255957719064447,0.6255957719064447,ok,DTLZ2,9,phase1_5B_10seed,DTLZ2_n7_m3
0.5245186177211864,0.11325820448526999,0.6346675274426355,0.6346675274426355,ok,selection,65efe6073c9cdf9e,0.018848772361335725,0.022807014557216232,DTLZ,True,0.543367390082522,0.09807458163450748,selection_tournament_02,0.6574745419998518,0.6574745419998518,ok,DTLZ2,0,phase1_5B_10seed,DTLZ2_n7_m3
0.5191927159257602,0.1111256819609612,0.6282231862701699,0.6282231862701699,ok,selection,65efe6073c9cdf9e,-0.0065262588880783705,-0.00789677325457483,DTLZ,True,0.5126664570376819,0.10841820827306886,selection_tournament_02,0.6203264130155951,0.6203264130155951,ok,DTLZ2,1,phase1_5B_10seed,DTLZ2_n7_m3
0.5236994430715708,0.11020191904746093,0.6336763261166007,0.6336763261166007,ok,selection,65efe6073c9cdf9e,-0.005311306583090724,-0.006426680965539777,DTLZ,True,0.51838813648848,0.1098569417899337,selection_tournament_02,0.627249645151061,0.627249645151061,ok,DTLZ2,2,phase1_5B_10seed,DTLZ2_n7_m3
0.516588521202232,0.114599488239013,0.6250721106547008,0.6250721106547008,ok,selection,65efe6073c9cdf9e,0.009477853567519854,0.011468202816699025,DTLZ,True,0.5260663747697518,0.11548588934842828,selection_tournament_02,0.6365403134713998,0.6365403134713998,ok,DTLZ2,3,phase1_5B_10seed,DTLZ2_n7_m3
0.51646833675977,0.10663034610565707,0.6249266874793218,0.6249266874793218,ok,selection,65efe6073c9cdf9e,0.019661603098057645,0.023790539748649753,DTLZ,True,0.5361299398578276,0.10127750529211269,selection_tournament_02,0.6487172272279715,0.6487172272279715,ok,DTLZ2,4,phase1_5B_10seed,DTLZ2_n7_m3
0.5327648497408296,0.09759947361495175,0.6446454681864039,0.6446454681864039,ok,selection,65efe6073c9cdf9e,-0.020112034579488076,-0.024335561841180575,DTLZ,True,0.5126528151613415,0.10876262418106333,selection_tournament_02,0.6203099063452233,0.6203099063452233,ok,DTLZ2,5,phase1_5B_10seed,DTLZ2_n7_m3
0.5133626405108892,0.09967027488122486,0.621168795018176,0.621168795018176,ok,selection,65efe6073c9cdf9e,0.025001561122570605,0.030251888958310436,DTLZ,True,0.5383642016334598,0.09447151243739943,selection_tournament_02,0.6514206839764864,0.6514206839764864,ok,DTLZ2,6,phase1_5B_10seed,DTLZ2_n7_m3
0.5336482699888873,0.09389926142653891,0.6457144066865537,0.6457144066865537,ok,selection,65efe6073c9cdf9e,-0.018098328471195052,-0.021898977450146018,DTLZ,True,0.5155499415176922,0.10029626677247133,selection_tournament_02,0.6238154292364076,0.6238154292364076,ok,DTLZ2,7,phase1_5B_10seed,DTLZ2_n7_m3
0.5236305152568734,0.10282696015459289,0.633592923460817,0.633592923460817,ok,selection,65efe6073c9cdf9e,-0.01114275218758043,-0.013482730146972322,DTLZ,True,0.512487763069293,0.0988463812457929,selection_tournament_02,0.6201101933138446,0.6201101933138446,ok,DTLZ2,8,phase1_5B_10seed,DTLZ2_n7_m3
0.5243556588676197,0.10562174650981886,0.6344703472298199,0.6344703472298199,ok,selection,65efe6073c9cdf9e,0.0003215885223332591,0.00038912211202324354,DTLZ,True,0.5246772473899529,0.10679533943542696,selection_tournament_02,0.6348594693418431,0.6348594693418431,ok,DTLZ2,9,phase1_5B_10seed,DTLZ2_n7_m3
0.5245186177211864,0.11325820448526999,0.6346675274426355,0.6346675274426355,ok,selection,1c7ac0441591e6ba,-0.013224831997264671,-0.016002046716690255,DTLZ,True,0.5112937857239217,0.12417045884634843,selection_tournament_03,0.6186654807259453,0.6186654807259453,ok,DTLZ2,0,phase1_5B_10seed,DTLZ2_n7_m3
0.5191927159257602,0.1111256819609612,0.6282231862701699,0.6282231862701699,ok,selection,1c7ac0441591e6ba,-0.005007213085334899,-0.006058727833255229,DTLZ,True,0.5141855028404253,0.11053675516598653,selection_tournament_03,0.6221644584369147,0.6221644584369147,ok,DTLZ2,1,phase1_5B_10seed,DTLZ2_n7_m3
0.5236994430715708,0.11020191904746093,0.6336763261166007,0.6336763261166007,ok,selection,1c7ac0441591e6ba,-0.024181149687984665,-0.029259191122461448,DTLZ,True,0.4995182933835861,0.11186248180420053,selection_tournament_03,0.6044171349941393,0.6044171349941393,ok,DTLZ2,2,phase1_5B_10seed,DTLZ2_n7_m3
0.516588521202232,0.114599488239013,0.6250721106547008,0.6250721106547008,ok,selection,1c7ac0441591e6ba,0.01054584976517283,0.012760478215859128,DTLZ,True,0.5271343709674048,0.10585446591160078,selection_tournament_03,0.6378325888705599,0.6378325888705599,ok,DTLZ2,3,phase1_5B_10seed,DTLZ2_n7_m3
0.51646833675977,0.10663034610565707,0.6249266874793218,0.6249266874793218,ok,selection,1c7ac0441591e6ba,-0.02066883349664644,-0.025009288530942198,DTLZ,True,0.49579950326312355,0.10786997269680282,selection_tournament_03,0.5999173989483796,0.5999173989483796,ok,DTLZ2,4,phase1_5B_10seed,DTLZ2_n7_m3
0.5327648497408296,0.09759947361495175,0.6446454681864039,0.6446454681864039,ok,selection,1c7ac0441591e6ba,-0.016369665848725564,-0.019807295676957937,DTLZ,True,0.516395183892104,0.09712834140942811,selection_tournament_03,0.624838172509446,0.624838172509446,ok,DTLZ2,5,phase1_5B_10seed,DTLZ2_n7_m3
0.5133626405108892,0.09967027488122486,0.621168795018176,0.621168795018176,ok,selection,1c7ac0441591e6ba,0.006341890186755136,0.007673687125973716,DTLZ,True,0.5197045306976443,0.11284884217414276,selection_tournament_03,0.6288424821441497,0.6288424821441497,ok,DTLZ2,6,phase1_5B_10seed,DTLZ2_n7_m3
0.5336482699888873,0.09389926142653891,0.6457144066865537,0.6457144066865537,ok,selection,1c7ac0441591e6ba,-0.032868901662386846,-0.03977137101148809,DTLZ,True,0.5007793683265004,0.11026844732518223,selection_tournament_03,0.6059430356750656,0.6059430356750656,ok,DTLZ2,7,phase1_5B_10seed,DTLZ2_n7_m3
0.5236305152568734,0.10282696015459289,0.633592923460817,0.633592923460817,ok,selection,1c7ac0441591e6ba,-0.023819286835862902,-0.028821337071394115,DTLZ,True,0.49981122842101056,0.10477071727695567,selection_tournament_03,0.6047715863894229,0.6047715863894229,ok,DTLZ2,8,phase1_5B_10seed,DTLZ2_n7_m3
0.5243556588676197,0.10562174650981886,0.6344703472298199,0.6344703472298199,ok,selection,1c7ac0441591e6ba,0.01752155148371567,0.021201077295295967,DTLZ,True,0.5418772103513353,0.10421407803724919,selection_tournament_03,0.6556714245251158,0.6556714245251158,ok,DTLZ2,9,phase1_5B_10seed,DTLZ2_n7_m3
