baseline_HV_unit,baseline_raw_HV,budget,category,config_hash,delta_HV_unit,delta_IGD,family,function_evaluations_equal,intervention_HV_unit,intervention_id,intervention_raw_HV,n_obj,n_var,problem,seed,status,task_id
0.6983276161416974,0.844976415531454,2000,mutation,dc973768a185e82c,-0.0038835986185542515,0.011430952210797395,ZDT,True,0.6944440175231431,mutation_prob_01,0.8402772612030033,2,10,ZDT1,0,ok,ZDT1_n10_m2
0.6512504429585683,0.7880130359798677,2000,mutation,dc973768a185e82c,0.0438031830049006,-0.08163326256566342,ZDT,True,0.6950536259634689,mutation_prob_01,0.8410148874157974,2,10,ZDT1,1,ok,ZDT1_n10_m2
0.705679972940252,0.853872767257705,2000,mutation,dc973768a185e82c,-0.01123762108777826,0.007016240502943269,ZDT,True,0.6944423518524737,mutation_prob_01,0.8402752457414933,2,10,ZDT1,2,ok,ZDT1_n10_m2
0.6028277806640048,0.7294216146034459,2000,mutation,dc973768a185e82c,0.05589581606967586,-0.15334074471698808,ZDT,True,0.6587235967336806,mutation_prob_01,0.7970555520477537,2,10,ZDT1,3,ok,ZDT1_n10_m2
0.6978884176488257,0.8444449853550792,2000,mutation,dc973768a185e82c,-0.01581420464098382,0.015164404228936595,ZDT,True,0.6820742130078419,mutation_prob_01,0.8253097977394888,2,10,ZDT1,4,ok,ZDT1_n10_m2
0.6640592596666122,0.8035117041966008,2000,mutation,dc973768a185e82c,0.02279497684973253,-0.05819590756527429,ZDT,True,0.6868542365163447,mutation_prob_01,0.8310936261847772,2,10,ZDT1,5,ok,ZDT1_n10_m2
0.6892595406680838,0.8340040442083816,2000,mutation,dc973768a185e82c,-0.0494378527976167,0.09189568993402233,ZDT,True,0.6398216878704671,mutation_prob_01,0.7741842423232653,2,10,ZDT1,6,ok,ZDT1_n10_m2
0.6981652214892883,0.844779918002039,2000,mutation,dc973768a185e82c,-0.00828046981199293,0.005135874325369133,ZDT,True,0.6898847516772953,mutation_prob_01,0.8347605495295275,2,10,ZDT1,7,ok,ZDT1_n10_m2
0.688124336164774,0.8326304467593767,2000,mutation,dc973768a185e82c,0.016239550604375097,-0.026243107170874854,ZDT,True,0.7043638867691491,mutation_prob_01,0.8522803029906705,2,10,ZDT1,8,ok,ZDT1_n10_m2
0.7025526545817957,0.850088712043973,2000,mutation,dc973768a185e82c,-0.007541095983884305,0.006176962906914654,ZDT,True,0.6950115585979114,mutation_prob_01,0.8409639859034729,2,10,ZDT1,9,ok,ZDT1_n10_m2
0.6983276161416974,0.844976415531454,2000,mutation,13c958b631ec4066,0.008228849028486529,-0.005662566069391275,ZDT,True,0.7065564651701839,mutation_prob_03,0.8549333228559226,2,10,ZDT1,0,ok,ZDT1_n10_m2
0.6512504429585683,0.7880130359798677,2000,mutation,13c958b631ec4066,0.056774537161346506,-0.09158399659259273,ZDT,True,0.7080249801199148,mutation_prob_03,0.856710225945097,2,10,ZDT1,1,ok,ZDT1_n10_m2
0.705679972940252,0.853872767257705,2000,mutation,13c958b631ec4066,0.001148777901454956,-0.0006395273741374198,ZDT,True,0.7068287508417069,mutation_prob_03,0.8552627885184655,2,10,ZDT1,2,ok,ZDT1_n10_m2
0.6028277806640048,0.7294216146034459,2000,mutation,13c958b631ec4066,0.10123809697174002,-0.18234890443500826,ZDT,True,0.7040658776357448,mutation_prob_03,0.8519197119392513,2,10,ZDT1,3,ok,ZDT1_n10_m2
0.6978884176488257,0.8444449853550792,2000,mutation,13c958b631ec4066,0.008129983383710404,-0.005992370772423934,ZDT,True,0.7060184010325361,mutation_prob_03,0.8542822652493688,2,10,ZDT1,4,ok,ZDT1_n10_m2
0.6640592596666122,0.8035117041966008,2000,mutation,13c958b631ec4066,0.035487764475764294,-0.063269421278198,ZDT,True,0.6995470241423765,mutation_prob_03,0.8464518992122757,2,10,ZDT1,5,ok,ZDT1_n10_m2
0.6892595406680838,0.8340040442083816,2000,mutation,13c958b631ec4066,-0.004592487916003862,0.00394383424366012,ZDT,True,0.68466705275208,mutation_prob_03,0.8284471338300169,2,10,ZDT1,6,ok,ZDT1_n10_m2
0.6981652214892883,0.844779918002039,2000,mutation,13c958b631ec4066,-0.031357371449382665,0.061993947710081605,ZDT,True,0.6668078500399056,mutation_prob_03,0.8068374985482859,2,10,ZDT1,7,ok,ZDT1_n10_m2
0.688124336164774,0.8326304467593767,2000,mutation,13c958b631ec4066,-0.02033476079549723,0.026256996546122242,ZDT,True,0.6677895753692767,mutation_prob_03,0.808025386196825,2,10,ZDT1,8,ok,ZDT1_n10_m2
0.7025526545817957,0.850088712043973,2000,mutation,13c958b631ec4066,0.005938690591472118,-0.0025535910947363655,ZDT,True,0.7084913451732678,mutation_prob_03,0.8572745276596543,2,10,ZDT1,9,ok,ZDT1_n10_m2
0.6983276161416974,0.844976415531454,2000,mutation,a94f08b09f88c772,-0.04984631663028438,0.07935480069844073,ZDT,True,0.648481299511413,mutation_prob_04,0.7846623724088099,2,10,ZDT1,0,ok,ZDT1_n10_m2
0.6512504429585683,0.7880130359798677,2000,mutation,a94f08b09f88c772,0.05140129364610779,-0.08784314481019626,ZDT,True,0.7026517366046761,mutation_prob_04,0.8502086012916581,2,10,ZDT1,1,ok,ZDT1_n10_m2
0.705679972940252,0.853872767257705,2000,mutation,a94f08b09f88c772,-0.00040138148400137297,0.0005876417160393319,ZDT,True,0.7052785914562506,mutation_prob_04,0.8533870956620634,2,10,ZDT1,2,ok,ZDT1_n10_m2
0.6028277806640048,0.7294216146034459,2000,mutation,a94f08b09f88c772,0.1017894249832001,-0.18371338490493844,ZDT,True,0.7046172056472049,mutation_prob_04,0.852586818833118,2,10,ZDT1,3,ok,ZDT1_n10_m2
0.6978884176488257,0.8444449853550792,2000,mutation,a94f08b09f88c772,-0.0008973377150331974,-0.0003725545542502609,ZDT,True,0.6969910799337925,mutation_prob_04,0.8433592067198891,2,10,ZDT1,4,ok,ZDT1_n10_m2
0.6640592596666122,0.8035117041966008,2000,mutation,a94f08b09f88c772,0.031882116840006414,-0.06431407185982921,ZDT,True,0.6959413765066186,mutation_prob_04,0.8420890655730086,2,10,ZDT1,5,ok,ZDT1_n10_m2
0.6892595406680838,0.8340040442083816,2000,mutation,a94f08b09f88c772,-0.008109076189594555,0.014747680481380934,ZDT,True,0.6811504644784893,mutation_prob_04,0.8241920620189721,2,10,ZDT1,6,ok,ZDT1_n10_m2
0.6981652214892883,0.844779918002039,2000,mutation,a94f08b09f88c772,-0.050633931503002105,0.0969545472307882,ZDT,True,0.6475312899862862,mutation_prob_04,0.7835128608834063,2,10,ZDT1,7,ok,ZDT1_n10_m2
0.688124336164774,0.8326304467593767,2000,mutation,a94f08b09f88c772,0.018089157093733044,-0.02673807531753493,ZDT,True,0.706213493258507,mutation_prob_04,0.8545183268427936,2,10,ZDT1,8,ok,ZDT1_n10_m2
0.7025526545817957,0.850088712043973,2000,mutation,a94f08b09f88c772,-0.013911945985246144,0.0238015860914558,ZDT,True,0.6886407085965496,mutation_prob_04,0.8332552574018252,2,10,ZDT1,9,ok,ZDT1_n10_m2
0.6983276161416974,0.844976415531454,2000,mutation,0386a6eb619f8f6c,-0.014736565090036735,0.00976319756507842,ZDT,True,0.6835910510516606,mutation_prob_05,0.8271451717725095,2,10,ZDT1,0,ok,ZDT1_n10_m2
0.6512504429585683,0.7880130359798677,2000,mutation,0386a6eb619f8f6c,0.042872190290022094,-0.08143019886429934,ZDT,True,0.6941226332485904,mutation_prob_05,0.8398883862307944,2,10,ZDT1,1,ok,ZDT1_n10_m2
0.705679972940252,0.853872767257705,2000,mutation,0386a6eb619f8f6c,-0.0083909872992326,0.006552189977208243,ZDT,True,0.6972889856410194,mutation_prob_05,0.8437196726256335,2,10,ZDT1,2,ok,ZDT1_n10_m2
0.6028277806640048,0.7294216146034459,2000,mutation,0386a6eb619f8f6c,0.08784740148367276,-0.17475839667829618,ZDT,True,0.6906751821476775,mutation_prob_05,0.83571697039869,2,10,ZDT1,3,ok,ZDT1_n10_m2
0.6978884176488257,0.8444449853550792,2000,mutation,0386a6eb619f8f6c,-0.006502369462894397,0.005020300706873749,ZDT,True,0.6913860481859313,mutation_prob_05,0.8365771183049769,2,10,ZDT1,4,ok,ZDT1_n10_m2
0.6640592596666122,0.8035117041966008,2000,mutation,0386a6eb619f8f6c,-0.0008838023129104089,-0.02898184787949308,ZDT,True,0.6631754573537018,mutation_prob_05,0.8024423033979793,2,10,ZDT1,5,ok,ZDT1_n10_m2
0.6892595406680838,0.8340040442083816,2000,mutation,0386a6eb619f8f6c,-0.01047739016956184,0.007703897791633538,ZDT,True,0.678782150498522,mutation_prob_05,0.8213264021032117,2,10,ZDT1,6,ok,ZDT1_n10_m2
0.6981652214892883,0.844779918002039,2000,mutation,0386a6eb619f8f6c,-0.009732326555804027,0.007647093463598303,ZDT,True,0.6884328949334843,mutation_prob_05,0.833003802869516,2,10,ZDT1,7,ok,ZDT1_n10_m2
0.688124336164774,0.8326304467593767,2000,mutation,0386a6eb619f8f6c,0.0049967207119726575,-0.015583152014489995,ZDT,True,0.6931210568767466,mutation_prob_05,0.8386764788208635,2,10,ZDT1,8,ok,ZDT1_n10_m2
0.7025526545817957,0.850088712043973,2000,mutation,0386a6eb619f8f6c,-0.011715312133677602,0.008726510090187241,ZDT,True,0.6908373424481181,mutation_prob_05,0.8359131843622231,2,10,ZDT1,9,ok,ZDT1_n10_m2
0.6983276161416974,0.844976415531454,2000,mutation,f949a6f9f28edf62,0.009907198564547692,-0.006062673755644021,ZDT,True,0.708234814706245,mutation_eta_01,0.8569641257945566,2,10,ZDT1,0,ok,ZDT1_n10_m2
0.6512504429585683,0.7880130359798677,2000,mutation,f949a6f9f28edf62,0.0499508481002513,-0.08717785556229032,ZDT,True,0.7012012910588196,mutation_eta_01,0.8484535621811718,2,10,ZDT1,1,ok,ZDT1_n10_m2
0.705679972940252,0.853872767257705,2000,mutation,f949a6f9f28edf62,-0.003854962404643558,0.0019546803780657457,ZDT,True,0.7018250105356084,mutation_eta_01,0.8492082627480864,2,10,ZDT1,2,ok,ZDT1_n10_m2
0.6028277806640048,0.7294216146034459,2000,mutation,f949a6f9f28edf62,0.09876045248130072,-0.18286272960584343,ZDT,True,0.7015882331453055,mutation_eta_01,0.8489217621058198,2,10,ZDT1,3,ok,ZDT1_n10_m2
0.6978884176488257,0.8444449853550792,2000,mutation,f949a6f9f28edf62,0.009936950508443232,-0.007345385846962321,ZDT,True,0.7078253681572689,mutation_eta_01,0.8564686954702956,2,10,ZDT1,4,ok,ZDT1_n10_m2
0.6640592596666122,0.8035117041966008,2000,mutation,f949a6f9f28edf62,0.039351421189178226,-0.0681708330501979,ZDT,True,0.7034106808557904,mutation_eta_01,0.8511269238355065,2,10,ZDT1,5,ok,ZDT1_n10_m2
0.6892595406680838,0.8340040442083816,2000,mutation,f949a6f9f28edf62,0.013673392022580222,-0.018521749318170255,ZDT,True,0.702932932690664,mutation_eta_01,0.8505488485557037,2,10,ZDT1,6,ok,ZDT1_n10_m2
0.6981652214892883,0.844779918002039,2000,mutation,f949a6f9f28edf62,0.009042739454455995,-0.0063546821554722275,ZDT,True,0.7072079609437443,mutation_eta_01,0.8557216327419307,2,10,ZDT1,7,ok,ZDT1_n10_m2
0.688124336164774,0.8326304467593767,2000,mutation,f949a6f9f28edf62,0.01836614130398906,-0.02754748158314299,ZDT,True,0.706490477468763,mutation_eta_01,0.8548534777372034,2,10,ZDT1,8,ok,ZDT1_n10_m2
0.7025526545817957,0.850088712043973,2000,mutation,f949a6f9f28edf62,-0.0036661473594237215,0.0020646609347161875,ZDT,True,0.698886507222372,mutation_eta_01,0.8456526737390703,2,10,ZDT1,9,ok,ZDT1_n10_m2
0.6983276161416974,0.844976415531454,2000,mutation,193f47ff98dc09ac,0.007967746183092705,-0.005066921228850359,ZDT,True,0.7062953623247901,mutation_eta_02,0.8546173884129962,2,10,ZDT1,0,ok,ZDT1_n10_m2
0.6512504429585683,0.7880130359798677,2000,mutation,193f47ff98dc09ac,0.05524053016979269,-0.09027905654579207,ZDT,True,0.706490973128361,mutation_eta_02,0.8548540774853168,2,10,ZDT1,1,ok,ZDT1_n10_m2
0.705679972940252,0.853872767257705,2000,mutation,193f47ff98dc09ac,-0.00618091910127172,0.003389328232261674,ZDT,True,0.6994990538389803,mutation_eta_02,0.8463938551451662,2,10,ZDT1,2,ok,ZDT1_n10_m2
0.6028277806640048,0.7294216146034459,2000,mutation,193f47ff98dc09ac,0.10142162852498704,-0.18467582998884127,ZDT,True,0.7042494091889918,mutation_eta_02,0.8521417851186802,2,10,ZDT1,3,ok,ZDT1_n10_m2
0.6978884176488257,0.8444449853550792,2000,mutation,193f47ff98dc09ac,0.005944983386385383,-0.005191400508428782,ZDT,True,0.7038334010352111,mutation_eta_02,0.8516384152526055,2,10,ZDT1,4,ok,ZDT1_n10_m2
0.6640592596666122,0.8035117041966008,2000,mutation,193f47ff98dc09ac,0.040223917220818195,-0.07028835741568833,ZDT,True,0.7042831768874304,mutation_eta_02,0.8521826440337908,2,10,ZDT1,5,ok,ZDT1_n10_m2
0.6892595406680838,0.8340040442083816,2000,mutation,193f47ff98dc09ac,0.017024790983277582,-0.021013809586079547,ZDT,True,0.7062843316513614,mutation_eta_02,0.8546040412981474,2,10,ZDT1,6,ok,ZDT1_n10_m2
0.6981652214892883,0.844779918002039,2000,mutation,193f47ff98dc09ac,0.011948042647169754,-0.007718784648765027,ZDT,True,0.710113264136458,mutation_eta_02,0.8592370496051144,2,10,ZDT1,7,ok,ZDT1_n10_m2
0.688124336164774,0.8326304467593767,2000,mutation,193f47ff98dc09ac,0.020733321813826477,-0.02848189412138666,ZDT,True,0.7088576579786005,mutation_eta_02,0.8577177661541067,2,10,ZDT1,8,ok,ZDT1_n10_m2
0.7025526545817957,0.850088712043973,2000,mutation,193f47ff98dc09ac,-0.00120525197966026,0.0010778441183786,ZDT,True,0.7013474026021355,mutation_eta_02,0.848630357148584,2,10,ZDT1,9,ok,ZDT1_n10_m2
0.6983276161416974,0.844976415531454,2000,mutation,3ac504c58fc3ee7e,-0.0014360749696640251,0.0004981522655579523,ZDT,True,0.6968915411720333,mutation_eta_03,0.8432387648181604,2,10,ZDT1,0,ok,ZDT1_n10_m2
0.6512504429585683,0.7880130359798677,2000,mutation,3ac504c58fc3ee7e,0.0495955711433429,-0.08701122805822992,ZDT,True,0.7008460141019112,mutation_eta_03,0.8480236770633126,2,10,ZDT1,1,ok,ZDT1_n10_m2
0.705679972940252,0.853872767257705,2000,mutation,3ac504c58fc3ee7e,-0.00706476416076296,0.007671776876684548,ZDT,True,0.698615208779489,mutation_eta_03,0.8453244026231819,2,10,ZDT1,2,ok,ZDT1_n10_m2
0.6028277806640048,0.7294216146034459,2000,mutation,3ac504c58fc3ee7e,0.10208324074822084,-0.18486426391709565,ZDT,True,0.7049110214122256,mutation_eta_03,0.8529423359087931,2,10,ZDT1,3,ok,ZDT1_n10_m2
0.6978884176488257,0.8444449853550792,2000,mutation,3ac504c58fc3ee7e,-0.0032201474481147185,0.001185149968735786,ZDT,True,0.694668270200711,mutation_eta_03,0.8405486069428604,2,10,ZDT1,4,ok,ZDT1_n10_m2
0.6640592596666122,0.8035117041966008,2000,mutation,3ac504c58fc3ee7e,0.03816928163465105,-0.06832651579025377,ZDT,True,0.7022285413012632,mutation_eta_03,0.8496965349745287,2,10,ZDT1,5,ok,ZDT1_n10_m2
0.6892595406680838,0.8340040442083816,2000,mutation,3ac504c58fc3ee7e,0.01617788727531777,-0.01999624914361341,ZDT,True,0.7054374279434016,mutation_eta_03,0.853579287811516,2,10,ZDT1,6,ok,ZDT1_n10_m2
0.6981652214892883,0.844779918002039,2000,mutation,3ac504c58fc3ee7e,0.009672704397192144,-0.006756155485615428,ZDT,True,0.7078379258864804,mutation_eta_03,0.8564838903226414,2,10,ZDT1,7,ok,ZDT1_n10_m2
0.688124336164774,0.8326304467593767,2000,mutation,3ac504c58fc3ee7e,0.018742193799320184,-0.02707720642369872,ZDT,True,0.7068665299640942,mutation_eta_03,0.855308501256554,2,10,ZDT1,8,ok,ZDT1_n10_m2
0.7025526545817957,0.850088712043973,2000,mutation,3ac504c58fc3ee7e,-0.0012221425776735018,0.0029868438502658173,ZDT,True,0.7013305120041222,mutation_eta_03,0.848609919524988,2,10,ZDT1,9,ok,ZDT1_n10_m2
0.6983276161416974,0.844976415531454,2000,mutation,8bdb90acc11db713,-0.10322810648959624,0.18434422216607155,ZDT,True,0.5950995096521011,mutation_eta_04,0.7200704066790424,2,10,ZDT1,0,ok,ZDT1_n10_m2
0.6512504429585683,0.7880130359798677,2000,mutation,8bdb90acc11db713,0.011665035560009862,-0.030121174139392012,ZDT,True,0.6629154785185781,mutation_eta_04,0.8021277290074796,2,10,ZDT1,1,ok,ZDT1_n10_m2
0.705679972940252,0.853872767257705,2000,mutation,8bdb90acc11db713,-0.018701068885882965,0.014430527684453453,ZDT,True,0.686978904054369,mutation_eta_04,0.8312444739057866,2,10,ZDT1,2,ok,ZDT1_n10_m2
0.6028277806640048,0.7294216146034459,2000,mutation,8bdb90acc11db713,-0.024950666210837524,0.035709754582870956,ZDT,True,0.5778771144531673,mutation_eta_04,0.6992313084883325,2,10,ZDT1,3,ok,ZDT1_n10_m2
0.6978884176488257,0.8444449853550792,2000,mutation,8bdb90acc11db713,-0.011772250501677961,0.006837922509670465,ZDT,True,0.6861161671471477,mutation_eta_04,0.830200562248049,2,10,ZDT1,4,ok,ZDT1_n10_m2
0.6640592596666122,0.8035117041966008,2000,mutation,8bdb90acc11db713,-0.02766695283214815,0.052839295908779116,ZDT,True,0.636392306834464,mutation_eta_04,0.7700346912697016,2,10,ZDT1,5,ok,ZDT1_n10_m2
0.6892595406680838,0.8340040442083816,2000,mutation,8bdb90acc11db713,-0.0064691351517839335,-0.0004848660830556392,ZDT,True,0.6827904055162999,mutation_eta_04,0.8261763906747229,2,10,ZDT1,6,ok,ZDT1_n10_m2
0.6981652214892883,0.844779918002039,2000,mutation,8bdb90acc11db713,0.000518571316046379,0.0008159112624203657,ZDT,True,0.6986837928053347,mutation_eta_04,0.845407389294455,2,10,ZDT1,7,ok,ZDT1_n10_m2
0.688124336164774,0.8326304467593767,2000,mutation,8bdb90acc11db713,0.00640215041053227,-0.01850964950562322,ZDT,True,0.6945264865753062,mutation_eta_04,0.8403770487561206,2,10,ZDT1,8,ok,ZDT1_n10_m2
0.7025526545817957,0.850088712043973,2000,mutation,8bdb90acc11db713,-0.013192887532601616,0.009735684860029055,ZDT,True,0.6893597670491941,mutation_eta_04,0.834125318129525,2,10,ZDT1,9,ok,ZDT1_n10_m2
0.6983276161416974,0.844976415531454,2000,mutation,94dc61682dfc7fcb,-0.09867067343704294,0.0733996359109026,ZDT,True,0.5996569427046544,mutation_eta_05,0.7255849006726319,2,10,ZDT1,0,ok,ZDT1_n10_m2
0.6512504429585683,0.7880130359798677,2000,mutation,94dc61682dfc7fcb,0.02057968600995619,-0.05327856801662083,ZDT,True,0.6718301289685245,mutation_eta_05,0.8129144560519147,2,10,ZDT1,1,ok,ZDT1_n10_m2
0.705679972940252,0.853872767257705,2000,mutation,94dc61682dfc7fcb,-0.057151009030979805,0.0484127735717998,ZDT,True,0.6485289639092722,mutation_eta_05,0.7847200463302194,2,10,ZDT1,2,ok,ZDT1_n10_m2
0.6028277806640048,0.7294216146034459,2000,mutation,94dc61682dfc7fcb,-0.13402047254830668,0.1987784375546411,ZDT,True,0.4688073081156981,mutation_eta_05,0.5672568428199948,2,10,ZDT1,3,ok,ZDT1_n10_m2
0.6978884176488257,0.8444449853550792,2000,mutation,94dc61682dfc7fcb,-0.11954009586792347,0.08039167758164711,ZDT,True,0.5783483217809022,mutation_eta_05,0.6998014693548918,2,10,ZDT1,4,ok,ZDT1_n10_m2
0.6640592596666122,0.8035117041966008,2000,mutation,94dc61682dfc7fcb,-0.06353267399703999,0.09757104926830282,ZDT,True,0.6005265856695722,mutation_eta_05,0.7266371686601825,2,10,ZDT1,5,ok,ZDT1_n10_m2
0.6892595406680838,0.8340040442083816,2000,mutation,94dc61682dfc7fcb,-0.058717227738516176,0.07051171167172626,ZDT,True,0.6305423129295676,mutation_eta_05,0.7629561986447769,2,10,ZDT1,6,ok,ZDT1_n10_m2
0.6981652214892883,0.844779918002039,2000,mutation,94dc61682dfc7fcb,-0.014483520179796261,0.010060423463080254,ZDT,True,0.683681701309492,mutation_eta_05,0.8272548585844854,2,10,ZDT1,7,ok,ZDT1_n10_m2
0.688124336164774,0.8326304467593767,2000,mutation,94dc61682dfc7fcb,-0.04741689058504184,0.025597467580098406,ZDT,True,0.6407074455797321,mutation_eta_05,0.775256009151476,2,10,ZDT1,8,ok,ZDT1_n10_m2
0.7025526545817957,0.850088712043973,2000,mutation,94dc61682dfc7fcb,-0.043524086424707176,0.04503634579985978,ZDT,True,0.6590285681570885,mutation_eta_05,0.7974245674700773,2,10,ZDT1,9,ok,ZDT1_n10_m2
0.6983276161416974,0.844976415531454,2000,crossover,74edb032750f8814,-0.047371552668953765,0.06849261615539197,ZDT,True,0.6509560634727436,crossover_prob_01,0.7876568368020199,2,10,ZDT1,0,ok,ZDT1_n10_m2
0.6512504429585683,0.7880130359798677,2000,crossover,74edb032750f8814,0.024729581912684262,-0.06740049589733549,ZDT,True,0.6759800248712525,crossover_prob_01,0.8179358300942157,2,10,ZDT1,1,ok,ZDT1_n10_m2
0.705679972940252,0.853872767257705,2000,crossover,74edb032750f8814,-0.011150988369463488,0.008389826098017717,ZDT,True,0.6945289845707885,crossover_prob_01,0.8403800713306542,2,10,ZDT1,2,ok,ZDT1_n10_m2
0.6028277806640048,0.7294216146034459,2000,crossover,74edb032750f8814,0.055304132475368584,-0.1525337172831405,ZDT,True,0.6581319131393734,crossover_prob_01,0.7963396148986419,2,10,ZDT1,3,ok,ZDT1_n10_m2
0.6978884176488257,0.8444449853550792,2000,crossover,74edb032750f8814,-0.025202552596430894,0.019633482156159687,ZDT,True,0.6726858650523948,crossover_prob_01,0.8139498967133979,2,10,ZDT1,4,ok,ZDT1_n10_m2
0.6640592596666122,0.8035117041966008,2000,crossover,74edb032750f8814,-0.007157051873052933,0.008196062267439769,ZDT,True,0.6569022077935592,crossover_prob_01,0.7948516714302069,2,10,ZDT1,5,ok,ZDT1_n10_m2
0.6892595406680838,0.8340040442083816,2000,crossover,74edb032750f8814,-0.004754124090471934,-0.004264785565818805,ZDT,True,0.6845054165776119,crossover_prob_01,0.8282515540589105,2,10,ZDT1,6,ok,ZDT1_n10_m2
0.6981652214892883,0.844779918002039,2000,crossover,74edb032750f8814,-0.058093188528215656,0.09917120430848614,ZDT,True,0.6400720329610726,crossover_prob_01,0.774487159882898,2,10,ZDT1,7,ok,ZDT1_n10_m2
0.688124336164774,0.8326304467593767,2000,crossover,74edb032750f8814,-0.03605061668242182,0.015019500734546103,ZDT,True,0.6520737194823522,crossover_prob_01,0.7890092005736462,2,10,ZDT1,8,ok,ZDT1_n10_m2
0.7025526545817957,0.850088712043973,2000,crossover,74edb032750f8814,-0.015386643183465165,0.011619838484920016,ZDT,True,0.6871660113983306,crossover_prob_01,0.8314708737919801,2,10,ZDT1,9,ok,ZDT1_n10_m2
0.6983276161416974,0.844976415531454,2000,crossover,a153e0453f2beea8,-0.004379619213825792,0.0030231028232599287,ZDT,True,0.6939479969278716,crossover_prob_02,0.8396770762827247,2,10,ZDT1,0,ok,ZDT1_n10_m2
0.6512504429585683,0.7880130359798677,2000,crossover,a153e0453f2beea8,0.017354579860514918,-0.03791233971189591,ZDT,True,0.6686050228190832,crossover_prob_02,0.8090120776110908,2,10,ZDT1,1,ok,ZDT1_n10_m2
0.705679972940252,0.853872767257705,2000,crossover,a153e0453f2beea8,-0.011845701166387612,0.008588935274613138,ZDT,True,0.6938342717738644,crossover_prob_02,0.839539468846376,2,10,ZDT1,2,ok,ZDT1_n10_m2
0.6028277806640048,0.7294216146034459,2000,crossover,a153e0453f2beea8,0.005720686833779798,-0.027846474648592495,ZDT,True,0.6085484674977846,crossover_prob_02,0.7363436456723195,2,10,ZDT1,3,ok,ZDT1_n10_m2
0.6978884176488257,0.8444449853550792,2000,crossover,a153e0453f2beea8,0.0027350324594189734,-0.0028358880642983843,ZDT,True,0.7006234501082447,crossover_prob_02,0.8477543746309762,2,10,ZDT1,4,ok,ZDT1_n10_m2
0.6640592596666122,0.8035117041966008,2000,crossover,a153e0453f2beea8,0.03213880739917274,-0.06351203874024108,ZDT,True,0.6961980670657849,crossover_prob_02,0.8423996611495999,2,10,ZDT1,5,ok,ZDT1_n10_m2
0.6892595406680838,0.8340040442083816,2000,crossover,a153e0453f2beea8,-0.040332849046027075,0.07002963949511963,ZDT,True,0.6489266916220567,crossover_prob_02,0.7852012968626888,2,10,ZDT1,6,ok,ZDT1_n10_m2
0.6981652214892883,0.844779918002039,2000,crossover,a153e0453f2beea8,-0.014336763182605461,0.009954302101449458,ZDT,True,0.6838284583066828,crossover_prob_02,0.8274324345510863,2,10,ZDT1,7,ok,ZDT1_n10_m2
0.688124336164774,0.8326304467593767,2000,crossover,a153e0453f2beea8,0.003732397612371874,-0.0170471511257953,ZDT,True,0.6918567337771458,crossover_prob_02,0.8371466478703466,2,10,ZDT1,8,ok,ZDT1_n10_m2
0.7025526545817957,0.850088712043973,2000,crossover,a153e0453f2beea8,-0.09921569422566145,0.17958324012384944,ZDT,True,0.6033369603561343,crossover_prob_02,0.7300377220309225,2,10,ZDT1,9,ok,ZDT1_n10_m2
0.6983276161416974,0.844976415531454,2000,crossover,2d985c9f78144ec6,-0.008388201610450063,0.012507803992643556,ZDT,True,0.6899394145312473,crossover_prob_03,0.8348266915828094,2,10,ZDT1,0,ok,ZDT1_n10_m2
0.6512504429585683,0.7880130359798677,2000,crossover,2d985c9f78144ec6,-0.020677796619310018,0.031761511995351155,ZDT,True,0.6305726463392582,crossover_prob_03,0.7629929020705026,2,10,ZDT1,1,ok,ZDT1_n10_m2
0.705679972940252,0.853872767257705,2000,crossover,2d985c9f78144ec6,-0.0008217461544755,0.0008047825806592121,ZDT,True,0.7048582267857765,crossover_prob_03,0.8528784544107897,2,10,ZDT1,2,ok,ZDT1_n10_m2
0.6028277806640048,0.7294216146034459,2000,crossover,2d985c9f78144ec6,0.09937909421446012,-0.18315589873674612,ZDT,True,0.7022068748784649,crossover_prob_03,0.8496703186029426,2,10,ZDT1,3,ok,ZDT1_n10_m2
0.6978884176488257,0.8444449853550792,2000,crossover,2d985c9f78144ec6,-0.04624553809043608,0.08655589362501756,ZDT,True,0.6516428795583896,crossover_prob_03,0.7884878842656515,2,10,ZDT1,4,ok,ZDT1_n10_m2
0.6640592596666122,0.8035117041966008,2000,crossover,2d985c9f78144ec6,0.030510680336652496,-0.05909726945319363,ZDT,True,0.6945699400032647,crossover_prob_03,0.8404296274039503,2,10,ZDT1,5,ok,ZDT1_n10_m2
0.6892595406680838,0.8340040442083816,2000,crossover,2d985c9f78144ec6,0.00981550293109823,-0.017100933595061454,ZDT,True,0.699075043599182,crossover_prob_03,0.8458808027550104,2,10,ZDT1,6,ok,ZDT1_n10_m2
0.6981652214892883,0.844779918002039,2000,crossover,2d985c9f78144ec6,0.001791815884098491,-0.0020794532580415345,ZDT,True,0.6999570373733868,crossover_prob_03,0.8469480152217982,2,10,ZDT1,7,ok,ZDT1_n10_m2
0.688124336164774,0.8326304467593767,2000,crossover,2d985c9f78144ec6,0.004384963843071632,-0.010343316220679463,ZDT,True,0.6925093000078456,crossover_prob_03,0.8379362530094934,2,10,ZDT1,8,ok,ZDT1_n10_m2
0.7025526545817957,0.850088712043973,2000,crossover,2d985c9f78144ec6,-0.002444704859360436,0.0020950570393822397,ZDT,True,0.7001079497224353,crossover_prob_03,0.8471306191641468,2,10,ZDT1,9,ok,ZDT1_n10_m2
0.6983276161416974,0.844976415531454,2000,crossover,9766b8fef477cb16,0.00021704225711149938,-0.0006876452542522206,ZDT,True,0.6985446583988089,crossover_eta_01,0.8452390366625588,2,10,ZDT1,0,ok,ZDT1_n10_m2
0.6512504429585683,0.7880130359798677,2000,crossover,9766b8fef477cb16,0.05432475264486214,-0.09061743229399785,ZDT,True,0.7055751956034304,crossover_eta_01,0.8537459866801509,2,10,ZDT1,1,ok,ZDT1_n10_m2
0.705679972940252,0.853872767257705,2000,crossover,9766b8fef477cb16,-0.00034678198649418235,-0.000694887394286775,ZDT,True,0.7053331909537578,crossover_eta_01,0.8534531610540471,2,10,ZDT1,2,ok,ZDT1_n10_m2
0.6028277806640048,0.7294216146034459,2000,crossover,9766b8fef477cb16,0.07114222224651179,-0.16228765898824404,ZDT,True,0.6739700029105166,crossover_eta_01,0.8155037035217252,2,10,ZDT1,3,ok,ZDT1_n10_m2
0.6978884176488257,0.8444449853550792,2000,crossover,9766b8fef477cb16,0.004554119651288935,-0.005008178614222073,ZDT,True,0.7024425373001146,crossover_eta_01,0.8499554701331389,2,10,ZDT1,4,ok,ZDT1_n10_m2
0.6640592596666122,0.8035117041966008,2000,crossover,9766b8fef477cb16,0.04192000183041744,-0.07172934338625264,ZDT,True,0.7059792614970296,crossover_eta_01,0.854234906411406,2,10,ZDT1,5,ok,ZDT1_n10_m2
0.6892595406680838,0.8340040442083816,2000,crossover,9766b8fef477cb16,0.012521250696883368,-0.017795035167763484,ZDT,True,0.7017807913649672,crossover_eta_01,0.8491547575516104,2,10,ZDT1,6,ok,ZDT1_n10_m2
0.6981652214892883,0.844779918002039,2000,crossover,9766b8fef477cb16,0.005784692499065103,-0.004741965376319043,ZDT,True,0.7039499139883534,crossover_eta_01,0.8517793959259078,2,10,ZDT1,7,ok,ZDT1_n10_m2
0.688124336164774,0.8326304467593767,2000,crossover,9766b8fef477cb16,0.013133411206874945,-0.02373839494320467,ZDT,True,0.7012577473716489,crossover_eta_01,0.8485218743196954,2,10,ZDT1,8,ok,ZDT1_n10_m2
0.7025526545817957,0.850088712043973,2000,crossover,9766b8fef477cb16,0.0008824015285924247,-0.0004354839046069141,ZDT,True,0.7034350561103881,crossover_eta_01,0.8511564178935698,2,10,ZDT1,9,ok,ZDT1_n10_m2
0.6983276161416974,0.844976415531454,2000,crossover,c432d1d6d12966af,-0.0002870406755633992,-0.000377852587283338,ZDT,True,0.698040575466134,crossover_eta_02,0.8446290963140222,2,10,ZDT1,0,ok,ZDT1_n10_m2
0.6512504429585683,0.7880130359798677,2000,crossover,c432d1d6d12966af,0.04770255273353874,-0.08609863293975942,ZDT,True,0.698952995692107,crossover_eta_02,0.8457331247874496,2,10,ZDT1,1,ok,ZDT1_n10_m2
0.705679972940252,0.853872767257705,2000,crossover,c432d1d6d12966af,0.0033359631271917545,-0.002112341259033408,ZDT,True,0.7090159360674437,crossover_eta_02,0.857909282641607,2,10,ZDT1,2,ok,ZDT1_n10_m2
0.6028277806640048,0.7294216146034459,2000,crossover,c432d1d6d12966af,0.049597421728140745,-0.09077488706966723,ZDT,True,0.6524252023921455,crossover_eta_02,0.7894344948944962,2,10,ZDT1,3,ok,ZDT1_n10_m2
0.6978884176488257,0.8444449853550792,2000,crossover,c432d1d6d12966af,-0.0323392853158222,0.05852476596762181,ZDT,True,0.6655491323330035,crossover_eta_02,0.8053144501229343,2,10,ZDT1,4,ok,ZDT1_n10_m2
0.6640592596666122,0.8035117041966008,2000,crossover,c432d1d6d12966af,-0.009077149469061796,0.019524411906046105,ZDT,True,0.6549821101975504,crossover_eta_02,0.792528353339036,2,10,ZDT1,5,ok,ZDT1_n10_m2
0.6892595406680838,0.8340040442083816,2000,crossover,c432d1d6d12966af,0.018688843393520616,-0.021942097235669096,ZDT,True,0.7079483840616044,crossover_eta_02,0.8566175447145415,2,10,ZDT1,6,ok,ZDT1_n10_m2
0.6981652214892883,0.844779918002039,2000,crossover,c432d1d6d12966af,0.004562348427840646,-0.002821463685934545,ZDT,True,0.7027275699171289,crossover_eta_02,0.8503003595997262,2,10,ZDT1,7,ok,ZDT1_n10_m2
0.688124336164774,0.8326304467593767,2000,crossover,c432d1d6d12966af,0.018424159270287954,-0.027602961986408714,ZDT,True,0.7065484954350619,crossover_eta_02,0.854923679476425,2,10,ZDT1,8,ok,ZDT1_n10_m2
0.7025526545817957,0.850088712043973,2000,crossover,c432d1d6d12966af,-0.007951700642651716,0.00820529930024457,ZDT,True,0.694600953939144,crossover_eta_02,0.8404671542663643,2,10,ZDT1,9,ok,ZDT1_n10_m2
0.6983276161416974,0.844976415531454,2000,crossover,bc973cc796d86fbb,-0.007607656446076638,0.004759485271215617,ZDT,True,0.6907199596956207,crossover_eta_03,0.8357711512317012,2,10,ZDT1,0,ok,ZDT1_n10_m2
0.6512504429585683,0.7880130359798677,2000,crossover,bc973cc796d86fbb,-0.00394607314841644,0.0037056469556581706,ZDT,True,0.6473043698101518,crossover_eta_03,0.7832382874702838,2,10,ZDT1,1,ok,ZDT1_n10_m2
0.705679972940252,0.853872767257705,2000,crossover,bc973cc796d86fbb,-0.014770355088769782,0.014922261052644154,ZDT,True,0.6909096178514822,crossover_eta_03,0.8360006376002935,2,10,ZDT1,2,ok,ZDT1_n10_m2
0.6028277806640048,0.7294216146034459,2000,crossover,bc973cc796d86fbb,0.10440595247253515,-0.18630735503846432,ZDT,True,0.7072337331365399,crossover_eta_03,0.8557528170952134,2,10,ZDT1,3,ok,ZDT1_n10_m2
0.6978884176488257,0.8444449853550792,2000,crossover,bc973cc796d86fbb,-0.0015548624387655696,-0.00010233044744381581,ZDT,True,0.6963335552100601,crossover_eta_03,0.8425636018041729,2,10,ZDT1,4,ok,ZDT1_n10_m2
0.6640592596666122,0.8035117041966008,2000,crossover,bc973cc796d86fbb,-0.03513862648537858,0.0562381563658334,ZDT,True,0.6289206331812336,crossover_eta_03,0.7609939661492927,2,10,ZDT1,5,ok,ZDT1_n10_m2
0.6892595406680838,0.8340040442083816,2000,crossover,bc973cc796d86fbb,0.012579105407665492,-0.01813091015023381,ZDT,True,0.7018386460757493,crossover_eta_03,0.8492247617516567,2,10,ZDT1,6,ok,ZDT1_n10_m2
0.6981652214892883,0.844779918002039,2000,crossover,bc973cc796d86fbb,-0.059152637766937355,0.10772051404822253,ZDT,True,0.6390125837223509,crossover_eta_03,0.7732052263040448,2,10,ZDT1,7,ok,ZDT1_n10_m2
0.688124336164774,0.8326304467593767,2000,crossover,bc973cc796d86fbb,0.014182285168902409,-0.024273409096352352,ZDT,True,0.7023066213336764,crossover_eta_03,0.8497910118137486,2,10,ZDT1,8,ok,ZDT1_n10_m2
0.7025526545817957,0.850088712043973,2000,crossover,bc973cc796d86fbb,-0.005596945648551732,0.00418152978604438,ZDT,True,0.696955708933244,crossover_eta_03,0.8433164078092253,2,10,ZDT1,9,ok,ZDT1_n10_m2
0.6983276161416974,0.844976415531454,2000,crossover,b62d4409135b66e7,-0.026375135994202048,0.04940027021117803,ZDT,True,0.6719524801474953,crossover_eta_04,0.8130625009784694,2,10,ZDT1,0,ok,ZDT1_n10_m2
0.6512504429585683,0.7880130359798677,2000,crossover,b62d4409135b66e7,0.045982443206083135,-0.08433279227622736,ZDT,True,0.6972328861646514,crossover_eta_04,0.8436517922592283,2,10,ZDT1,1,ok,ZDT1_n10_m2
0.705679972940252,0.853872767257705,2000,crossover,b62d4409135b66e7,-0.014057119120960637,0.010029941540782862,ZDT,True,0.6916228538192913,crossover_eta_04,0.8368636531213427,2,10,ZDT1,2,ok,ZDT1_n10_m2
0.6028277806640048,0.7294216146034459,2000,crossover,b62d4409135b66e7,0.07800592086784508,-0.14699383255055876,ZDT,True,0.6808337015318499,crossover_eta_04,0.8238087788535384,2,10,ZDT1,3,ok,ZDT1_n10_m2
0.6978884176488257,0.8444449853550792,2000,crossover,b62d4409135b66e7,-0.005945328774057512,0.0038799783528421436,ZDT,True,0.6919430888747682,crossover_eta_04,0.8372511375384697,2,10,ZDT1,4,ok,ZDT1_n10_m2
0.6640592596666122,0.8035117041966008,2000,crossover,b62d4409135b66e7,0.0414579010765147,-0.07073964237614584,ZDT,True,0.7055171607431269,crossover_eta_04,0.8536757644991836,2,10,ZDT1,5,ok,ZDT1_n10_m2
0.6892595406680838,0.8340040442083816,2000,crossover,b62d4409135b66e7,0.0055568215667283205,-0.010372141095250406,ZDT,True,0.6948163622348121,crossover_eta_04,0.8407277983041228,2,10,ZDT1,6,ok,ZDT1_n10_m2
0.6981652214892883,0.844779918002039,2000,crossover,b62d4409135b66e7,0.002990038164078168,-0.002268113070599563,ZDT,True,0.7011552596533664,crossover_eta_04,0.8483978641805735,2,10,ZDT1,7,ok,ZDT1_n10_m2
0.688124336164774,0.8326304467593767,2000,crossover,b62d4409135b66e7,0.006614888764731375,-0.014207565059769032,ZDT,True,0.6947392249295054,crossover_eta_04,0.8406344621647016,2,10,ZDT1,8,ok,ZDT1_n10_m2
0.7025526545817957,0.850088712043973,2000,crossover,b62d4409135b66e7,-0.023108742309437158,0.027911261587762776,ZDT,True,0.6794439122723586,crossover_eta_04,0.822127133849554,2,10,ZDT1,9,ok,ZDT1_n10_m2
0.6983276161416974,0.844976415531454,2000,selection,0ad392a21df6bd14,-0.011076412450326978,0.017276561877038295,ZDT,True,0.6872512036913704,selection_tournament_01,0.8315739564665583,2,10,ZDT1,0,ok,ZDT1_n10_m2
0.6512504429585683,0.7880130359798677,2000,selection,0ad392a21df6bd14,0.048736591797103546,-0.08631763948302766,ZDT,True,0.6999870347556718,selection_tournament_01,0.8469843120543631,2,10,ZDT1,1,ok,ZDT1_n10_m2
0.705679972940252,0.853872767257705,2000,selection,0ad392a21df6bd14,-0.00185815017239499,0.0011060714574157703,ZDT,True,0.703821822767857,selection_tournament_01,0.8516244055491071,2,10,ZDT1,2,ok,ZDT1_n10_m2
0.6028277806640048,0.7294216146034459,2000,selection,0ad392a21df6bd14,0.10449166347259531,-0.186236958073879,ZDT,True,0.7073194441366001,selection_tournament_01,0.8558565274052862,2,10,ZDT1,3,ok,ZDT1_n10_m2
0.6978884176488257,0.8444449853550792,2000,selection,0ad392a21df6bd14,0.012117246685307781,-0.008609850095332182,ZDT,True,0.7100056643341335,selection_tournament_01,0.8591068538443016,2,10,ZDT1,4,ok,ZDT1_n10_m2
0.6640592596666122,0.8035117041966008,2000,selection,0ad392a21df6bd14,0.0398634899544249,-0.06919793721326009,ZDT,True,0.7039227496210371,selection_tournament_01,0.851746527041455,2,10,ZDT1,5,ok,ZDT1_n10_m2
0.6892595406680838,0.8340040442083816,2000,selection,0ad392a21df6bd14,-0.026045241616689085,0.05255535794258971,ZDT,True,0.6632142990513947,selection_tournament_01,0.8024893018521877,2,10,ZDT1,6,ok,ZDT1_n10_m2
0.6981652214892883,0.844779918002039,2000,selection,0ad392a21df6bd14,-0.07716489814492711,0.12298320105156813,ZDT,True,0.6210003233443612,selection_tournament_01,0.7514103912466771,2,10,ZDT1,7,ok,ZDT1_n10_m2
0.688124336164774,0.8326304467593767,2000,selection,0ad392a21df6bd14,-0.03493878956895935,0.06887336691525339,ZDT,True,0.6531855465958146,selection_tournament_01,0.7903545113809358,2,10,ZDT1,8,ok,ZDT1_n10_m2
0.7025526545817957,0.850088712043973,2000,selection,0ad392a21df6bd14,0.006340335124903729,-0.003126134784154787,ZDT,True,0.7088929897066995,selection_tournament_01,0.8577605175451064,2,10,ZDT1,9,ok,ZDT1_n10_m2
0.6983276161416974,0.844976415531454,2000,selection,a17d35d7e50eeba9,-0.0051175294325629395,0.017106430308718366,ZDT,True,0.6932100867091344,selection_tournament_02,0.8387842049180528,2,10,ZDT1,0,ok,ZDT1_n10_m2
0.6512504429585683,0.7880130359798677,2000,selection,a17d35d7e50eeba9,0.0008497145427964758,0.008075475479556893,ZDT,True,0.6521001575013647,selection_tournament_02,0.7890411905766515,2,10,ZDT1,1,ok,ZDT1_n10_m2
0.705679972940252,0.853872767257705,2000,selection,a17d35d7e50eeba9,0.002422663182797491,-0.0017952790236549498,ZDT,True,0.7081026361230495,selection_tournament_02,0.85680418970889,2,10,ZDT1,2,ok,ZDT1_n10_m2
0.6028277806640048,0.7294216146034459,2000,selection,a17d35d7e50eeba9,0.09569869083203542,-0.18027031348862627,ZDT,True,0.6985264714960402,selection_tournament_02,0.8452170305102088,2,10,ZDT1,3,ok,ZDT1_n10_m2
0.6978884176488257,0.8444449853550792,2000,selection,a17d35d7e50eeba9,0.004853844010032193,-0.004030862160210367,ZDT,True,0.7027422616588579,selection_tournament_02,0.8503181366072182,2,10,ZDT1,4,ok,ZDT1_n10_m2
0.6640592596666122,0.8035117041966008,2000,selection,a17d35d7e50eeba9,0.025616833474058298,-0.04815637446345839,ZDT,True,0.6896760931406705,selection_tournament_02,0.8345080727002114,2,10,ZDT1,5,ok,ZDT1_n10_m2
0.6892595406680838,0.8340040442083816,2000,selection,a17d35d7e50eeba9,0.019199526250951116,-0.021595074310445214,ZDT,True,0.7084590669190349,selection_tournament_02,0.8572354709720323,2,10,ZDT1,6,ok,ZDT1_n10_m2
0.6981652214892883,0.844779918002039,2000,selection,a17d35d7e50eeba9,0.0036933551708565604,-0.0006306528595540067,ZDT,True,0.7018585766601448,selection_tournament_02,0.8492488777587754,2,10,ZDT1,7,ok,ZDT1_n10_m2
0.688124336164774,0.8326304467593767,2000,selection,a17d35d7e50eeba9,0.015425387565343285,-0.025067088133469823,ZDT,True,0.7035497237301173,selection_tournament_02,0.851295165713442,2,10,ZDT1,8,ok,ZDT1_n10_m2
0.7025526545817957,0.850088712043973,2000,selection,a17d35d7e50eeba9,0.0048925389634312255,-0.0020250090848333985,ZDT,True,0.707445193545227,selection_tournament_02,0.8560086841897248,2,10,ZDT1,9,ok,ZDT1_n10_m2
0.6983276161416974,0.844976415531454,2000,selection,48005ec6364e7dcc,0.00952883442754282,-0.0059621795587628725,ZDT,True,0.7078564505692402,selection_tournament_03,0.8565063051887808,2,10,ZDT1,0,ok,ZDT1_n10_m2
0.6512504429585683,0.7880130359798677,2000,selection,48005ec6364e7dcc,0.05432237460242628,-0.08987572423430194,ZDT,True,0.7055728175609945,selection_tournament_03,0.8537431092488036,2,10,ZDT1,1,ok,ZDT1_n10_m2
0.705679972940252,0.853872767257705,2000,selection,48005ec6364e7dcc,-0.002013854875756005,0.0013597894925482332,ZDT,True,0.703666118064496,selection_tournament_03,0.8514360028580402,2,10,ZDT1,2,ok,ZDT1_n10_m2
0.6028277806640048,0.7294216146034459,2000,selection,48005ec6364e7dcc,0.10510784958635522,-0.1860887055835,ZDT,True,0.70793563025036,selection_tournament_03,0.8566021126029357,2,10,ZDT1,3,ok,ZDT1_n10_m2
0.6978884176488257,0.8444449853550792,2000,selection,48005ec6364e7dcc,0.006001593483315637,-0.004471486169778122,ZDT,True,0.7038900111321413,selection_tournament_03,0.8517069134698911,2,10,ZDT1,4,ok,ZDT1_n10_m2
0.6640592596666122,0.8035117041966008,2000,selection,48005ec6364e7dcc,0.04281587983226853,-0.07079996349581551,ZDT,True,0.7068751394988807,selection_tournament_03,0.8553189187936457,2,10,ZDT1,5,ok,ZDT1_n10_m2
0.6892595406680838,0.8340040442083816,2000,selection,48005ec6364e7dcc,0.013024029448005181,-0.0186786602093685,ZDT,True,0.702283570116089,selection_tournament_03,0.8497631198404678,2,10,ZDT1,6,ok,ZDT1_n10_m2
0.6981652214892883,0.844779918002039,2000,selection,48005ec6364e7dcc,-0.038902986128302786,0.07886950563154127,ZDT,True,0.6592622353609855,selection_tournament_03,0.7977073047867926,2,10,ZDT1,7,ok,ZDT1_n10_m2
0.688124336164774,0.8326304467593767,2000,selection,48005ec6364e7dcc,0.019327745084726233,-0.027633098860969034,ZDT,True,0.7074520812495002,selection_tournament_03,0.8560170183118954,2,10,ZDT1,8,ok,ZDT1_n10_m2
0.7025526545817957,0.850088712043973,2000,selection,48005ec6364e7dcc,0.004285393345143662,-0.002050399103062263,ZDT,True,0.7068380479269394,selection_tournament_03,0.8552740379915967,2,10,ZDT1,9,ok,ZDT1_n10_m2
0.6794246809898501,0.8221038639977187,2000,mutation,7b8d2c8406acd58a,-0.04500847022365739,0.09851650665323275,ZDT,True,0.6344162107661927,mutation_prob_02,0.7676436150270933,2,20,ZDT1,0,ok,ZDT1_n20_m2
0.6049697833468449,0.7320134378496824,2000,mutation,7b8d2c8406acd58a,0.09091336449770693,-0.13666701183999835,ZDT,True,0.6958831478445519,mutation_prob_02,0.8420186088919079,2,20,ZDT1,1,ok,ZDT1_n20_m2
0.64080079207792,0.7753689584142832,2000,mutation,7b8d2c8406acd58a,0.04812073810783479,-0.03370355667509124,ZDT,True,0.6889215301857547,mutation_prob_02,0.8335950515247633,2,20,ZDT1,2,ok,ZDT1_n20_m2
0.5181029211654824,0.6269045346102338,2000,mutation,7b8d2c8406acd58a,0.1332197186405103,-0.23379085537141153,ZDT,True,0.6513226398059927,mutation_prob_02,0.7881003941652514,2,20,ZDT1,3,ok,ZDT1_n20_m2
0.6294814858118382,0.7616725978323243,2000,mutation,7b8d2c8406acd58a,0.01469800995017434,-0.008863788034507616,ZDT,True,0.6441794957620125,mutation_prob_02,0.7794571898720353,2,20,ZDT1,4,ok,ZDT1_n20_m2
0.6786932851642541,0.8212188750487476,2000,mutation,7b8d2c8406acd58a,-0.05916307575476998,0.12568059210664753,ZDT,True,0.6195302094094841,mutation_prob_02,0.7496315533854758,2,20,ZDT1,5,ok,ZDT1_n20_m2
0.6762312990045302,0.8182398717954816,2000,mutation,7b8d2c8406acd58a,-0.004913352159690798,0.013750175240168909,ZDT,True,0.6713179468448394,mutation_prob_02,0.8122947156822558,2,20,ZDT1,6,ok,ZDT1_n20_m2
0.6789628134122884,0.821545004228869,2000,mutation,7b8d2c8406acd58a,0.017399375499311254,-0.011632104084223657,ZDT,True,0.6963621889115996,mutation_prob_02,0.8425982485830357,2,20,ZDT1,7,ok,ZDT1_n20_m2
0.6404353523056263,0.774926776289808,2000,mutation,7b8d2c8406acd58a,0.0451816024479621,-0.07733477091352856,ZDT,True,0.6856169547535884,mutation_prob_02,0.8295965152518421,2,20,ZDT1,8,ok,ZDT1_n20_m2
0.5821201646379986,0.7043653992119785,2000,mutation,7b8d2c8406acd58a,0.10711636589898477,-0.14797068905296074,ZDT,True,0.6892365305369834,mutation_prob_02,0.8339762019497501,2,20,ZDT1,9,ok,ZDT1_n20_m2
0.6794246809898501,0.8221038639977187,2000,mutation,538e838f260e4a3e,0.00962749938077434,-0.00553094782622578,ZDT,True,0.6890521803706244,mutation_prob_03,0.8337531382484556,2,20,ZDT1,0,ok,ZDT1_n20_m2
0.6049697833468449,0.7320134378496824,2000,mutation,538e838f260e4a3e,-0.04282305466549052,0.05920346124648604,ZDT,True,0.5621467286813544,mutation_prob_03,0.6801975417044389,2,20,ZDT1,1,ok,ZDT1_n20_m2
0.64080079207792,0.7753689584142832,2000,mutation,538e838f260e4a3e,0.01850016113662456,0.010140215392578047,ZDT,True,0.6593009532145445,mutation_prob_03,0.797754153389599,2,20,ZDT1,2,ok,ZDT1_n20_m2
0.5181029211654824,0.6269045346102338,2000,mutation,538e838f260e4a3e,0.17371143850008686,-0.28552505366687914,ZDT,True,0.6918143596655693,mutation_prob_03,0.8370953751953389,2,20,ZDT1,3,ok,ZDT1_n20_m2
0.6294814858118382,0.7616725978323243,2000,mutation,538e838f260e4a3e,0.052705353277842426,-0.06558010223941099,ZDT,True,0.6821868390896806,mutation_prob_03,0.8254460752985137,2,20,ZDT1,4,ok,ZDT1_n20_m2
0.6786932851642541,0.8212188750487476,2000,mutation,538e838f260e4a3e,-0.008246250230510621,0.023109963543147274,ZDT,True,0.6704470349337435,mutation_prob_03,0.8112409122698298,2,20,ZDT1,5,ok,ZDT1_n20_m2
0.6762312990045302,0.8182398717954816,2000,mutation,538e838f260e4a3e,0.006257037151119027,-0.005517338355217567,ZDT,True,0.6824883361556492,mutation_prob_03,0.8258108867483356,2,20,ZDT1,6,ok,ZDT1_n20_m2
0.6789628134122884,0.821545004228869,2000,mutation,538e838f260e4a3e,0.007872512704516277,-0.004284071117146859,ZDT,True,0.6868353261168046,mutation_prob_03,0.8310707446013338,2,20,ZDT1,7,ok,ZDT1_n20_m2
0.6404353523056263,0.774926776289808,2000,mutation,538e838f260e4a3e,0.0332426343773603,-0.04931315472580127,ZDT,True,0.6736779866829866,mutation_prob_03,0.8151503638864139,2,20,ZDT1,8,ok,ZDT1_n20_m2
0.5821201646379986,0.7043653992119785,2000,mutation,538e838f260e4a3e,0.09917378532864451,-0.13778086457396166,ZDT,True,0.6812939499666432,mutation_prob_03,0.8243656794596383,2,20,ZDT1,9,ok,ZDT1_n20_m2
0.6794246809898501,0.8221038639977187,2000,mutation,d2d2d4c2141a90a3,-0.021653464583367588,0.032221918978888583,ZDT,True,0.6577712164064825,mutation_prob_04,0.795903171851844,2,20,ZDT1,0,ok,ZDT1_n20_m2
0.6049697833468449,0.7320134378496824,2000,mutation,d2d2d4c2141a90a3,0.07040586464081111,-0.12049428208517782,ZDT,True,0.675375647987656,mutation_prob_04,0.817204534065064,2,20,ZDT1,1,ok,ZDT1_n20_m2
0.64080079207792,0.7753689584142832,2000,mutation,d2d2d4c2141a90a3,0.03507231562202695,-0.023993915643486893,ZDT,True,0.6758731076999469,mutation_prob_04,0.8178064603169359,2,20,ZDT1,2,ok,ZDT1_n20_m2
0.5181029211654824,0.6269045346102338,2000,mutation,d2d2d4c2141a90a3,0.15449049623916422,-0.2713009577865141,ZDT,True,0.6725934174046466,mutation_prob_04,0.8138380350596226,2,20,ZDT1,3,ok,ZDT1_n20_m2
0.6294814858118382,0.7616725978323243,2000,mutation,d2d2d4c2141a90a3,0.058384052996069524,-0.0725819728842289,ZDT,True,0.6878655388079077,mutation_prob_04,0.8323173019575685,2,20,ZDT1,4,ok,ZDT1_n20_m2
0.6786932851642541,0.8212188750487476,2000,mutation,d2d2d4c2141a90a3,-0.013395532573500901,0.012597949399752367,ZDT,True,0.6652977525907532,mutation_prob_04,0.8050102806348115,2,20,ZDT1,5,ok,ZDT1_n20_m2
0.6762312990045302,0.8182398717954816,2000,mutation,d2d2d4c2141a90a3,-0.006713650092017187,0.004379049810627159,ZDT,True,0.669517648912513,mutation_prob_04,0.8101163551841408,2,20,ZDT1,6,ok,ZDT1_n20_m2
0.6789628134122884,0.821545004228869,2000,mutation,d2d2d4c2141a90a3,-0.008915818214337068,0.013744456156592571,ZDT,True,0.6700469951979513,mutation_prob_04,0.8107568641895212,2,20,ZDT1,7,ok,ZDT1_n20_m2
0.6404353523056263,0.774926776289808,2000,mutation,d2d2d4c2141a90a3,0.04278094925529008,-0.07601395877474498,ZDT,True,0.6832163015609164,mutation_prob_04,0.8266917248887089,2,20,ZDT1,8,ok,ZDT1_n20_m2
0.5821201646379986,0.7043653992119785,2000,mutation,d2d2d4c2141a90a3,0.08280371466965275,-0.1254108310962258,ZDT,True,0.6649238793076514,mutation_prob_04,0.8045578939622583,2,20,ZDT1,9,ok,ZDT1_n20_m2
0.6794246809898501,0.8221038639977187,2000,mutation,7a5b13509edf4055,-0.10963036272823268,0.1606559583219744,ZDT,True,0.5697943182616174,mutation_prob_05,0.6894511250965571,2,20,ZDT1,0,ok,ZDT1_n20_m2
0.6049697833468449,0.7320134378496824,2000,mutation,7a5b13509edf4055,0.034134050217133005,-0.08538558368324727,ZDT,True,0.6391038335639779,mutation_prob_05,0.7733156386124134,2,20,ZDT1,1,ok,ZDT1_n20_m2
0.64080079207792,0.7753689584142832,2000,mutation,7a5b13509edf4055,0.005289990056730698,-0.002023305309440067,ZDT,True,0.6460907821346507,mutation_prob_05,0.7817698463829273,2,20,ZDT1,2,ok,ZDT1_n20_m2
0.5181029211654824,0.6269045346102338,2000,mutation,7a5b13509edf4055,0.08532678617869183,-0.1679254701530445,ZDT,True,0.6034297073441742,mutation_prob_05,0.7301499458864509,2,20,ZDT1,3,ok,ZDT1_n20_m2
0.6294814858118382,0.7616725978323243,2000,mutation,7a5b13509edf4055,0.023080783867576837,-0.04455165950293714,ZDT,True,0.652562269679415,mutation_prob_05,0.7896003463120923,2,20,ZDT1,4,ok,ZDT1_n20_m2
0.6786932851642541,0.8212188750487476,2000,mutation,7a5b13509edf4055,-0.058335331267414636,0.07331366948456496,ZDT,True,0.6203579538968395,mutation_prob_05,0.7506331242151759,2,20,ZDT1,5,ok,ZDT1_n20_m2
0.6762312990045302,0.8182398717954816,2000,mutation,7a5b13509edf4055,-0.013708935318316184,0.00990087242742864,ZDT,True,0.662522363686214,mutation_prob_05,0.8016520600603191,2,20,ZDT1,6,ok,ZDT1_n20_m2
0.6789628134122884,0.821545004228869,2000,mutation,7a5b13509edf4055,-0.018821066514458584,0.013550075470353053,ZDT,True,0.6601417468978298,mutation_prob_05,0.7987715137463742,2,20,ZDT1,7,ok,ZDT1_n20_m2
0.6404353523056263,0.774926776289808,2000,mutation,7a5b13509edf4055,0.022984633400469412,-0.062250309220517844,ZDT,True,0.6634199857060957,mutation_prob_05,0.8027381827043759,2,20,ZDT1,8,ok,ZDT1_n20_m2
0.5821201646379986,0.7043653992119785,2000,mutation,7a5b13509edf4055,0.06726823650245728,-0.11891599017635326,ZDT,True,0.6493884011404559,mutation_prob_05,0.7857599653799517,2,20,ZDT1,9,ok,ZDT1_n20_m2
0.6794246809898501,0.8221038639977187,2000,mutation,069ee02fae01324d,-0.002126570029824526,0.0012706533110850536,ZDT,True,0.6772981109600256,mutation_eta_01,0.819530714261631,2,20,ZDT1,0,ok,ZDT1_n20_m2
0.6049697833468449,0.7320134378496824,2000,mutation,069ee02fae01324d,0.06505843139851497,-0.1181351829007074,ZDT,True,0.6700282147453599,mutation_eta_01,0.8107341398418856,2,20,ZDT1,1,ok,ZDT1_n20_m2
0.64080079207792,0.7753689584142832,2000,mutation,069ee02fae01324d,0.036396433305138975,-0.02392023664596779,ZDT,True,0.6771972253830589,mutation_eta_01,0.8194086427135014,2,20,ZDT1,2,ok,ZDT1_n20_m2
0.5181029211654824,0.6269045346102338,2000,mutation,069ee02fae01324d,0.1686601875643574,-0.28146748638245644,ZDT,True,0.6867631087298398,mutation_eta_01,0.8309833615631063,2,20,ZDT1,3,ok,ZDT1_n20_m2
0.6294814858118382,0.7616725978323243,2000,mutation,069ee02fae01324d,0.01812869423936947,-0.04532554028548898,ZDT,True,0.6476101800512076,mutation_eta_01,0.7836083178619614,2,20,ZDT1,4,ok,ZDT1_n20_m2
0.6786932851642541,0.8212188750487476,2000,mutation,069ee02fae01324d,-0.007062934383223585,0.005218126644003507,ZDT,True,0.6716303507810305,mutation_eta_01,0.812672724445047,2,20,ZDT1,5,ok,ZDT1_n20_m2
0.6762312990045302,0.8182398717954816,2000,mutation,069ee02fae01324d,0.017808280076591076,-0.012892071629681028,ZDT,True,0.6940395790811212,mutation_eta_01,0.8397878906881568,2,20,ZDT1,6,ok,ZDT1_n20_m2
0.6789628134122884,0.821545004228869,2000,mutation,069ee02fae01324d,0.006542506129773917,-0.004189618699872794,ZDT,True,0.6855053195420623,mutation_eta_01,0.8294614366458954,2,20,ZDT1,7,ok,ZDT1_n20_m2
0.6404353523056263,0.774926776289808,2000,mutation,069ee02fae01324d,0.04147869095336487,-0.07157416141996346,ZDT,True,0.6819140432589912,mutation_eta_01,0.8251159923433795,2,20,ZDT1,8,ok,ZDT1_n20_m2
0.5821201646379986,0.7043653992119785,2000,mutation,069ee02fae01324d,0.0942246564659599,-0.13875990233255664,ZDT,True,0.6763448211039585,mutation_eta_01,0.81837723353579,2,20,ZDT1,9,ok,ZDT1_n20_m2
0.6794246809898501,0.8221038639977187,2000,mutation,e22ce472119c2504,-0.002363528212651178,0.0023072945318026138,ZDT,True,0.6770611527771989,mutation_eta_02,0.8192439948604108,2,20,ZDT1,0,ok,ZDT1_n20_m2
0.6049697833468449,0.7320134378496824,2000,mutation,e22ce472119c2504,0.08145621023598137,-0.13049587089633774,ZDT,True,0.6864259935828263,mutation_eta_02,0.83057545223522,2,20,ZDT1,1,ok,ZDT1_n20_m2
0.64080079207792,0.7753689584142832,2000,mutation,e22ce472119c2504,0.03400716750995936,-0.02295903990433524,ZDT,True,0.6748079595878793,mutation_eta_02,0.8165176311013341,2,20,ZDT1,2,ok,ZDT1_n20_m2
0.5181029211654824,0.6269045346102338,2000,mutation,e22ce472119c2504,0.16399641063157988,-0.27877086848063143,ZDT,True,0.6820993317970623,mutation_eta_02,0.8253401914744455,2,20,ZDT1,3,ok,ZDT1_n20_m2
0.6294814858118382,0.7616725978323243,2000,mutation,e22ce472119c2504,0.05636583930994887,-0.07104440086454036,ZDT,True,0.685847325121787,mutation_eta_02,0.8298752633973624,2,20,ZDT1,4,ok,ZDT1_n20_m2
0.6786932851642541,0.8212188750487476,2000,mutation,e22ce472119c2504,0.004971312682465534,-0.004309344732707887,ZDT,True,0.6836645978467196,mutation_eta_02,0.8272341633945308,2,20,ZDT1,5,ok,ZDT1_n20_m2
0.6762312990045302,0.8182398717954816,2000,mutation,e22ce472119c2504,-0.0045205996680243166,0.00329032577877697,ZDT,True,0.6717106993365058,mutation_eta_02,0.8127699461971721,2,20,ZDT1,6,ok,ZDT1_n20_m2
0.6789628134122884,0.821545004228869,2000,mutation,e22ce472119c2504,0.013126878156343502,-0.00788664962446543,ZDT,True,0.6920896915686319,mutation_eta_02,0.8374285267980447,2,20,ZDT1,7,ok,ZDT1_n20_m2
0.6404353523056263,0.774926776289808,2000,mutation,e22ce472119c2504,0.04261659653861016,-0.072210301437579,ZDT,True,0.6830519488442365,mutation_eta_02,0.8264928581015263,2,20,ZDT1,8,ok,ZDT1_n20_m2
0.5821201646379986,0.7043653992119785,2000,mutation,e22ce472119c2504,0.10388832224395872,-0.14577089820235306,ZDT,True,0.6860084868819574,mutation_eta_02,0.8300702691271685,2,20,ZDT1,9,ok,ZDT1_n20_m2
0.6794246809898501,0.8221038639977187,2000,mutation,79471b8f5dce059d,-0.003193164259687742,0.0022178169079055017,ZDT,True,0.6762315167301624,mutation_eta_03,0.8182401352434966,2,20,ZDT1,0,ok,ZDT1_n20_m2
0.6049697833468449,0.7320134378496824,2000,mutation,79471b8f5dce059d,0.06885567732496967,-0.12075902008425728,ZDT,True,0.6738254606718146,mutation_eta_03,0.8153288074128958,2,20,ZDT1,1,ok,ZDT1_n20_m2
0.64080079207792,0.7753689584142832,2000,mutation,79471b8f5dce059d,0.027516486955238117,-0.01892508987376893,ZDT,True,0.6683172790331581,mutation_eta_03,0.8086639076301214,2,20,ZDT1,2,ok,ZDT1_n20_m2
0.5181029211654824,0.6269045346102338,2000,mutation,79471b8f5dce059d,0.1620270794042581,-0.2761595174207334,ZDT,True,0.6801300005697405,mutation_eta_03,0.8229573006893861,2,20,ZDT1,3,ok,ZDT1_n20_m2
0.6294814858118382,0.7616725978323243,2000,mutation,79471b8f5dce059d,0.04824660696075356,-0.06532403750161561,ZDT,True,0.6777280927725917,mutation_eta_03,0.8200509922548361,2,20,ZDT1,4,ok,ZDT1_n20_m2
0.6786932851642541,0.8212188750487476,2000,mutation,79471b8f5dce059d,0.00011210338048117663,-0.000994985678764531,ZDT,True,0.6788053885447353,mutation_eta_03,0.8213545201391298,2,20,ZDT1,5,ok,ZDT1_n20_m2
0.6762312990045302,0.8182398717954816,2000,mutation,79471b8f5dce059d,-0.021380809067130357,0.016076081841532107,ZDT,True,0.6548504899373998,mutation_eta_03,0.7923690928242539,2,20,ZDT1,6,ok,ZDT1_n20_m2
0.6789628134122884,0.821545004228869,2000,mutation,79471b8f5dce059d,-0.010293211494092902,0.008153377676958121,ZDT,True,0.6686696019181955,mutation_eta_03,0.8090902183210166,2,20,ZDT1,7,ok,ZDT1_n20_m2
0.6404353523056263,0.774926776289808,2000,mutation,79471b8f5dce059d,0.025010608546794044,-0.05563011758076457,ZDT,True,0.6654459608524204,mutation_eta_03,0.8051896126314287,2,20,ZDT1,8,ok,ZDT1_n20_m2
0.5821201646379986,0.7043653992119785,2000,mutation,79471b8f5dce059d,0.09465885811665664,-0.13956376239791152,ZDT,True,0.6767790227546553,mutation_eta_03,0.8189026175331331,2,20,ZDT1,9,ok,ZDT1_n20_m2
0.6794246809898501,0.8221038639977187,2000,mutation,11c6e505b2915a31,-0.04265497790746253,0.03241012925703085,ZDT,True,0.6367697030823876,mutation_eta_04,0.7704913407296891,2,20,ZDT1,0,ok,ZDT1_n20_m2
0.6049697833468449,0.7320134378496824,2000,mutation,11c6e505b2915a31,0.007090193416909418,-0.07115005892736223,ZDT,True,0.6120599767637543,mutation_eta_04,0.7405925718841428,2,20,ZDT1,1,ok,ZDT1_n20_m2
0.64080079207792,0.7753689584142832,2000,mutation,11c6e505b2915a31,-0.09943326879507186,0.0849819663936977,ZDT,True,0.5413675232828481,mutation_eta_04,0.6550547031722463,2,20,ZDT1,2,ok,ZDT1_n20_m2
0.5181029211654824,0.6269045346102338,2000,mutation,11c6e505b2915a31,0.06316683055369487,-0.2075375817913377,ZDT,True,0.5812697517191773,mutation_eta_04,0.7033363995802047,2,20,ZDT1,3,ok,ZDT1_n20_m2
0.6294814858118382,0.7616725978323243,2000,mutation,11c6e505b2915a31,-0.032075958604194654,0.057864582048785154,ZDT,True,0.5974055272076435,mutation_eta_04,0.7228606879212488,2,20,ZDT1,4,ok,ZDT1_n20_m2
0.6786932851642541,0.8212188750487476,2000,mutation,11c6e505b2915a31,-0.0007183886519944727,0.0016015111233979723,ZDT,True,0.6779748965122596,mutation_eta_04,0.8203496247798343,2,20,ZDT1,5,ok,ZDT1_n20_m2
0.6762312990045302,0.8182398717954816,2000,mutation,11c6e505b2915a31,-0.005751016014499122,0.007360310147808059,ZDT,True,0.670480282990031,mutation_eta_04,0.8112811424179377,2,20,ZDT1,6,ok,ZDT1_n20_m2
0.6789628134122884,0.821545004228869,2000,mutation,11c6e505b2915a31,-0.03598172610581152,0.025539853510703852,ZDT,True,0.6429810873064769,mutation_eta_04,0.7780071156408371,2,20,ZDT1,7,ok,ZDT1_n20_m2
0.6404353523056263,0.774926776289808,2000,mutation,11c6e505b2915a31,-0.05107912190587205,0.02194385269809193,ZDT,True,0.5893562303997543,mutation_eta_04,0.7131210387837028,2,20,ZDT1,8,ok,ZDT1_n20_m2
0.5821201646379986,0.7043653992119785,2000,mutation,11c6e505b2915a31,0.030565897954227927,-0.08152862947590439,ZDT,True,0.6126860625922266,mutation_eta_04,0.7413501357365943,2,20,ZDT1,9,ok,ZDT1_n20_m2
0.6794246809898501,0.8221038639977187,2000,mutation,b86652cac8ce010a,-0.06565840822336644,0.05020753062925297,ZDT,True,0.6137662727664837,mutation_eta_05,0.7426571900474453,2,20,ZDT1,0,ok,ZDT1_n20_m2
0.6049697833468449,0.7320134378496824,2000,mutation,b86652cac8ce010a,-0.13034564675531773,0.03691905821990071,ZDT,True,0.4746241365915272,mutation_eta_05,0.574295205275748,2,20,ZDT1,1,ok,ZDT1_n20_m2
0.64080079207792,0.7753689584142832,2000,mutation,b86652cac8ce010a,-0.14248413790281583,0.1514027595311009,ZDT,True,0.4983166541751041,mutation_eta_05,0.6029631515518761,2,20,ZDT1,2,ok,ZDT1_n20_m2
0.5181029211654824,0.6269045346102338,2000,mutation,b86652cac8ce010a,0.03792376636991013,-0.18666769921800705,ZDT,True,0.5560266875353925,mutation_eta_05,0.6727922919178251,2,20,ZDT1,3,ok,ZDT1_n20_m2
0.6294814858118382,0.7616725978323243,2000,mutation,b86652cac8ce010a,-0.13208880763623027,0.20950826690347152,ZDT,True,0.4973926781756079,mutation_eta_05,0.6018451405924856,2,20,ZDT1,4,ok,ZDT1_n20_m2
0.6786932851642541,0.8212188750487476,2000,mutation,b86652cac8ce010a,-0.09674815300488537,0.07565901623051566,ZDT,True,0.5819451321593687,mutation_eta_05,0.7041536099128363,2,20,ZDT1,5,ok,ZDT1_n20_m2
0.6762312990045302,0.8182398717954816,2000,mutation,b86652cac8ce010a,-0.0761497697932152,0.08207529495321514,ZDT,True,0.600081529211315,mutation_eta_05,0.7260986503456912,2,20,ZDT1,6,ok,ZDT1_n20_m2
0.6789628134122884,0.821545004228869,2000,mutation,b86652cac8ce010a,-0.08680032718945474,0.06627040085523819,ZDT,True,0.5921624862228336,mutation_eta_05,0.7165166083296288,2,20,ZDT1,7,ok,ZDT1_n20_m2
0.6404353523056263,0.774926776289808,2000,mutation,b86652cac8ce010a,-0.0665888876818127,0.020443625382376374,ZDT,True,0.5738464646238136,mutation_eta_05,0.6943542221948146,2,20,ZDT1,8,ok,ZDT1_n20_m2
0.5821201646379986,0.7043653992119785,2000,mutation,b86652cac8ce010a,-0.18202472682616233,0.15937022635352965,ZDT,True,0.4000954378118363,mutation_eta_05,0.48411547975232205,2,20,ZDT1,9,ok,ZDT1_n20_m2
0.6794246809898501,0.8221038639977187,2000,crossover,d52ff050f6f87426,-0.06914704093579938,0.0679775312319275,ZDT,True,0.6102776400540507,crossover_prob_01,0.7384359444654015,2,20,ZDT1,0,ok,ZDT1_n20_m2
0.6049697833468449,0.7320134378496824,2000,crossover,d52ff050f6f87426,-0.10620686529062151,0.009567736111851438,ZDT,True,0.4987629180562234,crossover_prob_01,0.6035031308480304,2,20,ZDT1,1,ok,ZDT1_n20_m2
0.64080079207792,0.7753689584142832,2000,crossover,d52ff050f6f87426,-0.10073566041866366,0.15230798321730157,ZDT,True,0.5400651316592563,crossover_prob_01,0.6534788093077002,2,20,ZDT1,2,ok,ZDT1_n20_m2
0.5181029211654824,0.6269045346102338,2000,crossover,d52ff050f6f87426,0.11629332231911071,-0.24512468155496997,ZDT,True,0.6343962434845931,crossover_prob_01,0.7676194546163577,2,20,ZDT1,3,ok,ZDT1_n20_m2
0.6294814858118382,0.7616725978323243,2000,crossover,d52ff050f6f87426,-0.0789069391996221,0.07473852497076135,ZDT,True,0.550574546612216,crossover_prob_01,0.6661952014007815,2,20,ZDT1,4,ok,ZDT1_n20_m2
0.6786932851642541,0.8212188750487476,2000,crossover,d52ff050f6f87426,-0.1140407101687142,0.08499257012507508,ZDT,True,0.5646525749955399,crossover_prob_01,0.6832296157446034,2,20,ZDT1,5,ok,ZDT1_n20_m2
0.6762312990045302,0.8182398717954816,2000,crossover,d52ff050f6f87426,-0.1783167180775625,0.28177213360203035,ZDT,True,0.49791458092696766,crossover_prob_01,0.602476642921631,2,20,ZDT1,6,ok,ZDT1_n20_m2
0.6789628134122884,0.821545004228869,2000,crossover,d52ff050f6f87426,-0.1371082573777963,0.10220984531470256,ZDT,True,0.5418545560344921,crossover_prob_01,0.6556440128017355,2,20,ZDT1,7,ok,ZDT1_n20_m2
0.6404353523056263,0.774926776289808,2000,crossover,d52ff050f6f87426,-0.090477485721418,0.04048785199505675,ZDT,True,0.5499578665842083,crossover_prob_01,0.6654490185668921,2,20,ZDT1,8,ok,ZDT1_n20_m2
0.5821201646379986,0.7043653992119785,2000,crossover,d52ff050f6f87426,-0.019719933451815108,-0.023255670304519277,ZDT,True,0.5624002311861835,crossover_prob_01,0.6805042797352822,2,20,ZDT1,9,ok,ZDT1_n20_m2
0.6794246809898501,0.8221038639977187,2000,crossover,8f7b13dd32c2ccc2,-0.044818002253320555,0.032066512543853884,ZDT,True,0.6346066787365295,crossover_prob_02,0.7678740812712008,2,20,ZDT1,0,ok,ZDT1_n20_m2
0.6049697833468449,0.7320134378496824,2000,crossover,8f7b13dd32c2ccc2,-0.014911956446512331,-0.02590676305363515,ZDT,True,0.5900578269003326,crossover_prob_02,0.7139699705494026,2,20,ZDT1,1,ok,ZDT1_n20_m2
0.64080079207792,0.7753689584142832,2000,crossover,8f7b13dd32c2ccc2,-0.024294076017538968,0.05021120136338014,ZDT,True,0.616506716060381,crossover_prob_02,0.7459731264330611,2,20,ZDT1,2,ok,ZDT1_n20_m2
0.5181029211654824,0.6269045346102338,2000,crossover,8f7b13dd32c2ccc2,0.12328910185847863,-0.24318789373176436,ZDT,True,0.641392023023961,crossover_prob_02,0.7760843478589929,2,20,ZDT1,3,ok,ZDT1_n20_m2
0.6294814858118382,0.7616725978323243,2000,crossover,8f7b13dd32c2ccc2,0.03992833138226459,-0.058896134933068174,ZDT,True,0.6694098171941028,crossover_prob_02,0.8099858788048644,2,20,ZDT1,4,ok,ZDT1_n20_m2
0.6786932851642541,0.8212188750487476,2000,crossover,8f7b13dd32c2ccc2,-0.033816309677786816,0.04856586687705687,ZDT,True,0.6448769754864673,crossover_prob_02,0.7803011403386255,2,20,ZDT1,5,ok,ZDT1_n20_m2
0.6762312990045302,0.8182398717954816,2000,crossover,8f7b13dd32c2ccc2,-0.029082821544565984,0.021306965135334408,ZDT,True,0.6471484774599642,crossover_prob_02,0.7830496577265568,2,20,ZDT1,6,ok,ZDT1_n20_m2
0.6789628134122884,0.821545004228869,2000,crossover,8f7b13dd32c2ccc2,-0.02917545543962463,0.0439360693707197,ZDT,True,0.6497873579726637,crossover_prob_02,0.7862427031469232,2,20,ZDT1,7,ok,ZDT1_n20_m2
0.6404353523056263,0.774926776289808,2000,crossover,8f7b13dd32c2ccc2,0.023227233943901138,-0.052784316473670205,ZDT,True,0.6636625862495275,crossover_prob_02,0.8030317293619283,2,20,ZDT1,8,ok,ZDT1_n20_m2
0.5821201646379986,0.7043653992119785,2000,crossover,8f7b13dd32c2ccc2,0.019350257101987345,-0.07345055327348908,ZDT,True,0.601470421739986,crossover_prob_02,0.7277792103053832,2,20,ZDT1,9,ok,ZDT1_n20_m2
0.6794246809898501,0.8221038639977187,2000,crossover,bd5ff23d14abc981,-0.04618923659552954,0.05651279374809276,ZDT,True,0.6332354443943206,crossover_prob_03,0.766214887717128,2,20,ZDT1,0,ok,ZDT1_n20_m2
0.6049697833468449,0.7320134378496824,2000,crossover,bd5ff23d14abc981,0.02843608321415758,-0.04696832437471066,ZDT,True,0.6334058665610025,crossover_prob_03,0.7664210985388131,2,20,ZDT1,1,ok,ZDT1_n20_m2
0.64080079207792,0.7753689584142832,2000,crossover,bd5ff23d14abc981,0.023020330320224658,-0.0056073225963943416,ZDT,True,0.6638211223981446,crossover_prob_03,0.803223558101755,2,20,ZDT1,2,ok,ZDT1_n20_m2
0.5181029211654824,0.6269045346102338,2000,crossover,bd5ff23d14abc981,0.15094853033027356,-0.2504928652580227,ZDT,True,0.669051451495756,crossover_prob_03,0.8095522563098648,2,20,ZDT1,3,ok,ZDT1_n20_m2
0.6294814858118382,0.7616725978323243,2000,crossover,bd5ff23d14abc981,-0.007536349264044118,0.031254466408969686,ZDT,True,0.621945136547794,crossover_prob_03,0.7525536152228309,2,20,ZDT1,4,ok,ZDT1_n20_m2
0.6786932851642541,0.8212188750487476,2000,crossover,bd5ff23d14abc981,-0.022896371181248654,0.015702002907296245,ZDT,True,0.6557969139830054,crossover_prob_03,0.7935142659194366,2,20,ZDT1,5,ok,ZDT1_n20_m2
0.6762312990045302,0.8182398717954816,2000,crossover,bd5ff23d14abc981,-0.0065766363976096365,0.00978079988823205,ZDT,True,0.6696546626069205,crossover_prob_03,0.810282141754374,2,20,ZDT1,6,ok,ZDT1_n20_m2
0.6789628134122884,0.821545004228869,2000,crossover,bd5ff23d14abc981,0.0070759990575065546,-0.004694371995686335,ZDT,True,0.6860388124697949,crossover_prob_03,0.830106963088452,2,20,ZDT1,7,ok,ZDT1_n20_m2
0.6404353523056263,0.774926776289808,2000,crossover,bd5ff23d14abc981,-0.030359448475087536,0.029461479003148744,ZDT,True,0.6100759038305388,crossover_prob_03,0.738191843634952,2,20,ZDT1,8,ok,ZDT1_n20_m2
0.5821201646379986,0.7043653992119785,2000,crossover,bd5ff23d14abc981,0.07383515229780047,-0.10592863794138882,ZDT,True,0.6559553169357991,crossover_prob_03,0.7937059334923171,2,20,ZDT1,9,ok,ZDT1_n20_m2
0.6794246809898501,0.8221038639977187,2000,crossover,ee7d72c3917fafde,0.004756062591982357,-0.0027754117446704626,ZDT,True,0.6841807435818325,crossover_eta_01,0.8278586997340174,2,20,ZDT1,0,ok,ZDT1_n20_m2
0.6049697833468449,0.7320134378496824,2000,crossover,ee7d72c3917fafde,0.07468733210232714,-0.12544408511304933,ZDT,True,0.6796571154491721,crossover_eta_01,0.8223851096934983,2,20,ZDT1,1,ok,ZDT1_n20_m2
0.64080079207792,0.7753689584142832,2000,crossover,ee7d72c3917fafde,0.05000194164376226,-0.03594654243913098,ZDT,True,0.6908027337216822,crossover_eta_01,0.8358713078032356,2,20,ZDT1,2,ok,ZDT1_n20_m2
0.5181029211654824,0.6269045346102338,2000,crossover,ee7d72c3917fafde,0.16237093351383258,-0.2773334494603768,ZDT,True,0.680473854679315,crossover_eta_01,0.8233733641619713,2,20,ZDT1,3,ok,ZDT1_n20_m2
0.6294814858118382,0.7616725978323243,2000,crossover,ee7d72c3917fafde,0.04864500008678918,-0.065436554501786,ZDT,True,0.6781264858986273,crossover_eta_01,0.8205330479373392,2,20,ZDT1,4,ok,ZDT1_n20_m2
0.6786932851642541,0.8212188750487476,2000,crossover,ee7d72c3917fafde,0.012843267866517571,-0.009865292106131202,ZDT,True,0.6915365530307717,crossover_eta_01,0.8367592291672338,2,20,ZDT1,5,ok,ZDT1_n20_m2
0.6762312990045302,0.8182398717954816,2000,crossover,ee7d72c3917fafde,0.012156356439812166,-0.008624795852583592,ZDT,True,0.6883876554443423,crossover_eta_01,0.8329490630876544,2,20,ZDT1,6,ok,ZDT1_n20_m2
0.6789628134122884,0.821545004228869,2000,crossover,ee7d72c3917fafde,0.012034421495369596,-0.00841386271276506,ZDT,True,0.690997234907658,crossover_eta_01,0.8361066542382662,2,20,ZDT1,7,ok,ZDT1_n20_m2
0.6404353523056263,0.774926776289808,2000,crossover,ee7d72c3917fafde,0.05185650071861225,-0.0823613575875545,ZDT,True,0.6922918530242386,crossover_eta_01,0.8376731421593288,2,20,ZDT1,8,ok,ZDT1_n20_m2
0.5821201646379986,0.7043653992119785,2000,crossover,ee7d72c3917fafde,0.10228734817500396,-0.14502955942425877,ZDT,True,0.6844075128130026,crossover_eta_01,0.8281330905037333,2,20,ZDT1,9,ok,ZDT1_n20_m2
0.6794246809898501,0.8221038639977187,2000,crossover,488d546cbf6c77e1,-0.006074282335530978,0.005688073265953299,ZDT,True,0.6733503986543191,crossover_eta_02,0.8147539823717262,2,20,ZDT1,0,ok,ZDT1_n20_m2
0.6049697833468449,0.7320134378496824,2000,crossover,488d546cbf6c77e1,0.08287722013010834,-0.13112387625518918,ZDT,True,0.6878470034769533,crossover_eta_02,0.8322948742071136,2,20,ZDT1,1,ok,ZDT1_n20_m2
0.64080079207792,0.7753689584142832,2000,crossover,488d546cbf6c77e1,0.012657666339017881,-0.008180536934156962,ZDT,True,0.6534584584169378,crossover_eta_02,0.7906847346844948,2,20,ZDT1,2,ok,ZDT1_n20_m2
0.5181029211654824,0.6269045346102338,2000,crossover,488d546cbf6c77e1,0.14981218367686655,-0.2686313449019781,ZDT,True,0.667915104842349,crossover_eta_02,0.8081772768592423,2,20,ZDT1,3,ok,ZDT1_n20_m2
0.6294814858118382,0.7616725978323243,2000,crossover,488d546cbf6c77e1,0.035255709909544186,-0.053889489279758736,ZDT,True,0.6647371957213823,crossover_eta_02,0.8043320068228728,2,20,ZDT1,4,ok,ZDT1_n20_m2
0.6786932851642541,0.8212188750487476,2000,crossover,488d546cbf6c77e1,0.010911382478159148,-0.008472911405835157,ZDT,True,0.6896046676424132,crossover_eta_02,0.8344216478473201,2,20,ZDT1,5,ok,ZDT1_n20_m2
0.6762312990045302,0.8182398717954816,2000,crossover,488d546cbf6c77e1,-0.06586043829647459,0.11928151487450503,ZDT,True,0.6103708607080556,crossover_eta_02,0.7385487414567473,2,20,ZDT1,6,ok,ZDT1_n20_m2
0.6789628134122884,0.821545004228869,2000,crossover,488d546cbf6c77e1,-0.010534483822030705,0.007730723977426853,ZDT,True,0.6684283295902577,crossover_eta_02,0.808798278804212,2,20,ZDT1,7,ok,ZDT1_n20_m2
0.6404353523056263,0.774926776289808,2000,crossover,488d546cbf6c77e1,0.042804045063360774,-0.07532297726042936,ZDT,True,0.6832393973689871,crossover_eta_02,0.8267196708164745,2,20,ZDT1,8,ok,ZDT1_n20_m2
0.5821201646379986,0.7043653992119785,2000,crossover,488d546cbf6c77e1,0.018986287675608282,-0.003818738354476797,ZDT,True,0.6011064523136069,crossover_eta_02,0.7273388072994645,2,20,ZDT1,9,ok,ZDT1_n20_m2
0.6794246809898501,0.8221038639977187,2000,crossover,63070a7c63823bf7,-0.009488082805070852,0.019761324275669356,ZDT,True,0.6699365981847792,crossover_eta_03,0.810623283803583,2,20,ZDT1,0,ok,ZDT1_n20_m2
0.6049697833468449,0.7320134378496824,2000,crossover,63070a7c63823bf7,0.040742489792815584,-0.0892336517204205,ZDT,True,0.6457122731396605,crossover_eta_03,0.7813118504989893,2,20,ZDT1,1,ok,ZDT1_n20_m2
0.64080079207792,0.7753689584142832,2000,crossover,63070a7c63823bf7,-0.02656326083688243,0.055511133775896934,ZDT,True,0.6142375312410375,crossover_eta_03,0.7432274128016555,2,20,ZDT1,2,ok,ZDT1_n20_m2
0.5181029211654824,0.6269045346102338,2000,crossover,63070a7c63823bf7,0.12196082797033136,-0.2365202052342728,ZDT,True,0.6400637491358138,crossover_eta_03,0.7744771364543348,2,20,ZDT1,3,ok,ZDT1_n20_m2
0.6294814858118382,0.7616725978323243,2000,crossover,63070a7c63823bf7,0.01564276776634077,-0.01691810572975426,ZDT,True,0.6451242535781789,crossover_eta_03,0.7806003468295967,2,20,ZDT1,4,ok,ZDT1_n20_m2
0.6786932851642541,0.8212188750487476,2000,crossover,63070a7c63823bf7,-0.012944425765277101,0.01619771560045362,ZDT,True,0.665748859398977,crossover_eta_03,0.8055561198727623,2,20,ZDT1,5,ok,ZDT1_n20_m2
0.6762312990045302,0.8182398717954816,2000,crossover,63070a7c63823bf7,-0.0346546121415886,0.030461094279906724,ZDT,True,0.6415766868629416,crossover_eta_03,0.7763077911041594,2,20,ZDT1,6,ok,ZDT1_n20_m2
0.6789628134122884,0.821545004228869,2000,crossover,63070a7c63823bf7,-0.01008752150560166,0.007722603071431893,ZDT,True,0.6688752919066867,crossover_eta_03,0.809339103207091,2,20,ZDT1,7,ok,ZDT1_n20_m2
0.6404353523056263,0.774926776289808,2000,crossover,63070a7c63823bf7,0.026703650463468787,-0.04475549728055925,ZDT,True,0.6671390027690951,crossover_eta_03,0.8072381933506052,2,20,ZDT1,8,ok,ZDT1_n20_m2
0.5821201646379986,0.7043653992119785,2000,crossover,63070a7c63823bf7,0.049630352954014745,-0.09012669763542934,ZDT,True,0.6317505175920134,crossover_eta_03,0.7644181262863363,2,20,ZDT1,9,ok,ZDT1_n20_m2
0.6794246809898501,0.8221038639977187,2000,crossover,b6a9a462549aa317,-0.015441139447456953,0.013893026045754733,ZDT,True,0.6639835415423931,crossover_eta_04,0.8034200852662958,2,20,ZDT1,0,ok,ZDT1_n20_m2
0.6049697833468449,0.7320134378496824,2000,crossover,b6a9a462549aa317,-0.014739447792903926,-0.03349331447769523,ZDT,True,0.590230335553941,crossover_eta_04,0.7141787060202687,2,20,ZDT1,1,ok,ZDT1_n20_m2
0.64080079207792,0.7753689584142832,2000,crossover,b6a9a462549aa317,0.018301282568574218,-0.014312383506751958,ZDT,True,0.6591020746464942,crossover_eta_04,0.797513510322258,2,20,ZDT1,2,ok,ZDT1_n20_m2
0.5181029211654824,0.6269045346102338,2000,crossover,b6a9a462549aa317,0.07444078108934493,-0.19526770398471482,ZDT,True,0.5925437022548273,crossover_eta_04,0.7169778797283411,2,20,ZDT1,3,ok,ZDT1_n20_m2
0.6294814858118382,0.7616725978323243,2000,crossover,b6a9a462549aa317,-0.019781545175911575,0.04930247485229035,ZDT,True,0.6096999406359266,crossover_eta_04,0.7377369281694713,2,20,ZDT1,4,ok,ZDT1_n20_m2
0.6786932851642541,0.8212188750487476,2000,crossover,b6a9a462549aa317,-0.009373701451664607,0.0248145982384353,ZDT,True,0.6693195837125895,crossover_eta_04,0.8098766962922334,2,20,ZDT1,5,ok,ZDT1_n20_m2
0.6762312990045302,0.8182398717954816,2000,crossover,b6a9a462549aa317,-0.010655852616756056,0.007674703987621441,ZDT,True,0.6655754463877741,crossover_eta_04,0.8053462901292068,2,20,ZDT1,6,ok,ZDT1_n20_m2
0.6789628134122884,0.821545004228869,2000,crossover,b6a9a462549aa317,-0.03683570889262355,0.03219599774727808,ZDT,True,0.6421271045196648,crossover_eta_04,0.7769737964687945,2,20,ZDT1,7,ok,ZDT1_n20_m2
0.6404353523056263,0.774926776289808,2000,crossover,b6a9a462549aa317,0.038240646088024244,-0.07124617386520951,ZDT,True,0.6786759983936506,crossover_eta_04,0.8211979580563173,2,20,ZDT1,8,ok,ZDT1_n20_m2
0.5821201646379986,0.7043653992119785,2000,crossover,b6a9a462549aa317,-0.028817284032695678,0.06297696582344683,ZDT,True,0.553302880605303,crossover_eta_04,0.6694964855324167,2,20,ZDT1,9,ok,ZDT1_n20_m2
0.6794246809898501,0.8221038639977187,2000,selection,8041f007b8fd563e,-0.019075084307632717,0.01572233166844218,ZDT,True,0.6603495966822174,selection_tournament_01,0.7990230119854831,2,20,ZDT1,0,ok,ZDT1_n20_m2
0.6049697833468449,0.7320134378496824,2000,selection,8041f007b8fd563e,0.041241346664700584,-0.10159970778711092,ZDT,True,0.6462111300115455,selection_tournament_01,0.7819154673139702,2,20,ZDT1,1,ok,ZDT1_n20_m2
0.64080079207792,0.7753689584142832,2000,selection,8041f007b8fd563e,-0.05240385940547787,0.12258590319010532,ZDT,True,0.5883969326724421,selection_tournament_01,0.711960288533655,2,20,ZDT1,2,ok,ZDT1_n20_m2
0.5181029211654824,0.6269045346102338,2000,selection,8041f007b8fd563e,0.15691902660920665,-0.26869518575408363,ZDT,True,0.675021947774689,selection_tournament_01,0.8167765568073739,2,20,ZDT1,3,ok,ZDT1_n20_m2
0.6294814858118382,0.7616725978323243,2000,selection,8041f007b8fd563e,-0.019092039925593274,-0.01732149348259475,ZDT,True,0.6103894458862449,selection_tournament_01,0.7385712295223564,2,20,ZDT1,4,ok,ZDT1_n20_m2
0.6786932851642541,0.8212188750487476,2000,selection,8041f007b8fd563e,-0.041744208932878224,0.027766880484323526,ZDT,True,0.6369490762313759,selection_tournament_01,0.770708382239965,2,20,ZDT1,5,ok,ZDT1_n20_m2
0.6762312990045302,0.8182398717954816,2000,selection,8041f007b8fd563e,-0.0066867226366612575,0.004551485241972436,ZDT,True,0.6695445763678689,selection_tournament_01,0.8101489374051215,2,20,ZDT1,6,ok,ZDT1_n20_m2
0.6789628134122884,0.821545004228869,2000,selection,8041f007b8fd563e,0.003732288659568983,-0.0027849541640745934,ZDT,True,0.6826951020718574,selection_tournament_01,0.8260610735069475,2,20,ZDT1,7,ok,ZDT1_n20_m2
0.6404353523056263,0.774926776289808,2000,selection,8041f007b8fd563e,-0.03438065905073684,0.06976147058675264,ZDT,True,0.6060546932548895,selection_tournament_01,0.7333261788384164,2,20,ZDT1,8,ok,ZDT1_n20_m2
0.5821201646379986,0.7043653992119785,2000,selection,8041f007b8fd563e,0.0971187779167122,-0.14081506425621565,ZDT,True,0.6792389425547108,selection_tournament_01,0.8218791204912003,2,20,ZDT1,9,ok,ZDT1_n20_m2
0.6794246809898501,0.8221038639977187,2000,selection,3f51e3492d3d8bb0,-0.029081087134618655,0.019014732990455713,ZDT,True,0.6503435938552314,selection_tournament_02,0.7869157485648302,2,20,ZDT1,0,ok,ZDT1_n20_m2
0.6049697833468449,0.7320134378496824,2000,selection,3f51e3492d3d8bb0,0.017821996389445482,-0.08295070713890555,ZDT,True,0.6227917797362904,selection_tournament_02,0.7535780534809114,2,20,ZDT1,1,ok,ZDT1_n20_m2
0.64080079207792,0.7753689584142832,2000,selection,3f51e3492d3d8bb0,0.02733697006546243,-0.019296785853970218,ZDT,True,0.6681377621433824,selection_tournament_02,0.8084466921934929,2,20,ZDT1,2,ok,ZDT1_n20_m2
0.5181029211654824,0.6269045346102338,2000,selection,3f51e3492d3d8bb0,0.14360468243075408,-0.2552869009410858,ZDT,True,0.6617076035962365,selection_tournament_02,0.8006662003514463,2,20,ZDT1,3,ok,ZDT1_n20_m2
0.6294814858118382,0.7616725978323243,2000,selection,3f51e3492d3d8bb0,0.034920165944450354,-0.055229181696129975,ZDT,True,0.6644016517562885,selection_tournament_02,0.8039259986251092,2,20,ZDT1,4,ok,ZDT1_n20_m2
0.6786932851642541,0.8212188750487476,2000,selection,3f51e3492d3d8bb0,-0.02317438751358525,0.03601356591883133,ZDT,True,0.6555188976506688,selection_tournament_02,0.7931778661573095,2,20,ZDT1,5,ok,ZDT1_n20_m2
0.6762312990045302,0.8182398717954816,2000,selection,3f51e3492d3d8bb0,0.001455219167348032,-0.0013622308215545595,ZDT,True,0.6776865181718782,selection_tournament_02,0.8200006869879727,2,20,ZDT1,6,ok,ZDT1_n20_m2
0.6789628134122884,0.821545004228869,2000,selection,3f51e3492d3d8bb0,0.00908533386820154,-0.005763862701066998,ZDT,True,0.6880481472804899,selection_tournament_02,0.832538258209393,2,20,ZDT1,7,ok,ZDT1_n20_m2
0.6404353523056263,0.774926776289808,2000,selection,3f51e3492d3d8bb0,-0.002204645122047433,0.019279576969662038,ZDT,True,0.6382307071835789,selection_tournament_02,0.7722591556921306,2,20,ZDT1,8,ok,ZDT1_n20_m2
0.5821201646379986,0.7043653992119785,2000,selection,3f51e3492d3d8bb0,0.05818265312901172,-0.08832527311562843,ZDT,True,0.6403028177670104,selection_tournament_02,0.7747664094980827,2,20,ZDT1,9,ok,ZDT1_n20_m2
0.6794246809898501,0.8221038639977187,2000,selection,bf5957014869fb4e,-0.04113509565170004,0.029601946933521136,ZDT,True,0.6382895853381501,selection_tournament_03,0.7723303982591617,2,20,ZDT1,0,ok,ZDT1_n20_m2
0.6049697833468449,0.7320134378496824,2000,selection,bf5957014869fb4e,0.006391633940411423,-0.073751112325705,ZDT,True,0.6113614172872563,selection_tournament_03,0.7397473149175803,2,20,ZDT1,1,ok,ZDT1_n20_m2
0.64080079207792,0.7753689584142832,2000,selection,bf5957014869fb4e,0.024427690428744264,-0.012522242589285706,ZDT,True,0.6652284825066642,selection_tournament_03,0.8049264638330639,2,20,ZDT1,2,ok,ZDT1_n20_m2
0.5181029211654824,0.6269045346102338,2000,selection,bf5957014869fb4e,0.16351665785344072,-0.2778283166748991,ZDT,True,0.6816195790189231,selection_tournament_03,0.8247596906128971,2,20,ZDT1,3,ok,ZDT1_n20_m2
0.6294814858118382,0.7616725978323243,2000,selection,bf5957014869fb4e,0.008874486640061408,-0.03434220079524597,ZDT,True,0.6383559724518996,selection_tournament_03,0.7724107266667986,2,20,ZDT1,4,ok,ZDT1_n20_m2
0.6786932851642541,0.8212188750487476,2000,selection,bf5957014869fb4e,-0.012279734910676354,0.007513720366203708,ZDT,True,0.6664135502535777,selection_tournament_03,0.8063603958068292,2,20,ZDT1,5,ok,ZDT1_n20_m2
0.6762312990045302,0.8182398717954816,2000,selection,bf5957014869fb4e,0.02170152597085362,-0.0149550322863947,ZDT,True,0.6979328249753838,selection_tournament_03,0.8444987182202145,2,20,ZDT1,6,ok,ZDT1_n20_m2
0.6789628134122884,0.821545004228869,2000,selection,bf5957014869fb4e,-0.061278225464844294,0.10782477539669899,ZDT,True,0.6176845879474441,selection_tournament_03,0.7473983514164074,2,20,ZDT1,7,ok,ZDT1_n20_m2
0.6404353523056263,0.774926776289808,2000,selection,bf5957014869fb4e,0.04995320892121935,-0.0804571928245967,ZDT,True,0.6903885612268457,selection_tournament_03,0.8353701590844834,2,20,ZDT1,8,ok,ZDT1_n20_m2
0.5821201646379986,0.7043653992119785,2000,selection,bf5957014869fb4e,0.06954611521382603,-0.11971660690928726,ZDT,True,0.6516662798518247,selection_tournament_03,0.788516198620708,2,20,ZDT1,9,ok,ZDT1_n20_m2
0.09676044208257151,0.11708013491991154,2000,mutation,31edd792a6e023b8,0.12392784332314072,-0.2755336823422495,ZDT,True,0.22068828540571223,mutation_prob_01,0.26703282534091183,2,10,ZDT2,0,ok,ZDT2_n10_m2
0.3470202340032687,0.4198944831439552,2000,mutation,31edd792a6e023b8,-0.2610314339559118,0.5326160908136566,ZDT,True,0.08598880004735691,mutation_prob_01,0.10404644805730189,2,10,ZDT2,1,ok,ZDT2_n10_m2
0.13755336713696276,0.16643957423572497,2000,mutation,31edd792a6e023b8,-0.016707807899126986,0.036681138484634945,ZDT,True,0.12084555923783577,mutation_prob_01,0.1462231266777813,2,10,ZDT2,2,ok,ZDT2_n10_m2
0.09634978796421036,0.11658324343669454,2000,mutation,31edd792a6e023b8,0.013731789535496253,-0.056529451033234035,ZDT,True,0.11008157749970661,mutation_prob_01,0.133198708774645,2,10,ZDT2,3,ok,ZDT2_n10_m2
0.12565357237553662,0.15204082257439933,2000,mutation,31edd792a6e023b8,-0.04212614575505044,0.19827021086910362,ZDT,True,0.08352742662048618,mutation_prob_01,0.1010681862107883,2,10,ZDT2,4,ok,ZDT2_n10_m2
0.1985942233091947,0.24029901020412564,2000,mutation,31edd792a6e023b8,-0.03820155174839471,0.05637185691055413,ZDT,True,0.1603926715608,mutation_prob_01,0.19407513258856804,2,10,ZDT2,5,ok,ZDT2_n10_m2
0.1478441242450582,0.17889139033652043,2000,mutation,31edd792a6e023b8,-0.015101240363804974,0.022372341165310006,ZDT,True,0.13274288388125322,mutation_prob_01,0.16061888949631642,2,10,ZDT2,6,ok,ZDT2_n10_m2
0.424848032530188,0.5140661193615276,2000,mutation,31edd792a6e023b8,-0.3384153853589956,0.5946889034218164,ZDT,True,0.08643264717119234,mutation_prob_01,0.10458350307714274,2,10,ZDT2,7,ok,ZDT2_n10_m2
0.1731574897499412,0.20952056259742888,2000,mutation,31edd792a6e023b8,0.24236493411597573,-0.2974399246186614,ZDT,True,0.4155224238659169,mutation_prob_01,0.5027821328777595,2,10,ZDT2,8,ok,ZDT2_n10_m2
0.19010304519064397,0.23002468468067924,2000,mutation,31edd792a6e023b8,-0.09917918827523525,0.23002837104194185,ZDT,True,0.09092385691540872,mutation_prob_01,0.11001786686764456,2,10,ZDT2,9,ok,ZDT2_n10_m2
0.09676044208257151,0.11708013491991154,2000,mutation,921f93194378c9fa,0.01130799573926937,-0.04959885609325232,ZDT,True,0.10806843782184088,mutation_prob_03,0.13076280976442747,2,10,ZDT2,0,ok,ZDT2_n10_m2
0.3470202340032687,0.4198944831439552,2000,mutation,921f93194378c9fa,-0.11028901256597848,0.14349648215850563,ZDT,True,0.23673122143729022,mutation_prob_03,0.2864447779391212,2,10,ZDT2,1,ok,ZDT2_n10_m2
0.13755336713696276,0.16643957423572497,2000,mutation,921f93194378c9fa,0.011322101758507563,-0.02427248716281588,ZDT,True,0.14887546889547032,mutation_prob_03,0.18013931736351912,2,10,ZDT2,2,ok,ZDT2_n10_m2
0.09634978796421036,0.11658324343669454,2000,mutation,921f93194378c9fa,0.05467696430670073,-0.14437307209858247,ZDT,True,0.15102675227091109,mutation_prob_03,0.18274237024780243,2,10,ZDT2,3,ok,ZDT2_n10_m2
0.12565357237553662,0.15204082257439933,2000,mutation,921f93194378c9fa,0.28497891638953565,-0.3851689942690708,ZDT,True,0.4106324887650723,mutation_prob_03,0.4968653114057376,2,10,ZDT2,4,ok,ZDT2_n10_m2
0.1985942233091947,0.24029901020412564,2000,mutation,921f93194378c9fa,0.20843822729037573,-0.2578933461535454,ZDT,True,0.40703245059957044,mutation_prob_03,0.49250926522548033,2,10,ZDT2,5,ok,ZDT2_n10_m2
0.1478441242450582,0.17889139033652043,2000,mutation,921f93194378c9fa,0.2647804703193396,-0.3489823866119086,ZDT,True,0.4126245945643978,mutation_prob_03,0.49927575942292146,2,10,ZDT2,6,ok,ZDT2_n10_m2
0.424848032530188,0.5140661193615276,2000,mutation,921f93194378c9fa,-0.30680735867710085,0.43440150813400086,ZDT,True,0.11804067385308713,mutation_prob_03,0.14282921536223545,2,10,ZDT2,7,ok,ZDT2_n10_m2
0.1731574897499412,0.20952056259742888,2000,mutation,921f93194378c9fa,0.2430774310659062,-0.304842069487166,ZDT,True,0.4162349208158474,mutation_prob_03,0.5036442541871754,2,10,ZDT2,8,ok,ZDT2_n10_m2
0.19010304519064397,0.23002468468067924,2000,mutation,921f93194378c9fa,-0.027823819944017086,0.051207056792921646,ZDT,True,0.16227922524662688,mutation_prob_03,0.19635786254841855,2,10,ZDT2,9,ok,ZDT2_n10_m2
0.09676044208257151,0.11708013491991154,2000,mutation,fb8416449b39e435,0.06643145388856103,-0.18465951758043403,ZDT,True,0.16319189597113254,mutation_prob_04,0.1974621941250704,2,10,ZDT2,0,ok,ZDT2_n10_m2
0.3470202340032687,0.4198944831439552,2000,mutation,fb8416449b39e435,-0.12992753109232336,0.17107347753491237,ZDT,True,0.21709270291094535,mutation_prob_04,0.2626821705222439,2,10,ZDT2,1,ok,ZDT2_n10_m2
0.13755336713696276,0.16643957423572497,2000,mutation,fb8416449b39e435,-0.005016076417574927,0.010602808676927145,ZDT,True,0.13253729071938783,mutation_prob_04,0.16037012177045928,2,10,ZDT2,2,ok,ZDT2_n10_m2
0.09634978796421036,0.11658324343669454,2000,mutation,fb8416449b39e435,0.3242069385022654,-0.494889752169818,ZDT,True,0.42055672646647574,mutation_prob_04,0.5088736390244357,2,10,ZDT2,3,ok,ZDT2_n10_m2
0.12565357237553662,0.15204082257439933,2000,mutation,fb8416449b39e435,0.028578541228040155,-0.06134812757753655,ZDT,True,0.15423211360357678,mutation_prob_04,0.18662085746032792,2,10,ZDT2,4,ok,ZDT2_n10_m2
0.1985942233091947,0.24029901020412564,2000,mutation,fb8416449b39e435,0.19081286587388738,-0.2430559728041304,ZDT,True,0.3894070891830821,mutation_prob_04,0.4711825779115294,2,10,ZDT2,5,ok,ZDT2_n10_m2
0.1478441242450582,0.17889139033652043,2000,mutation,fb8416449b39e435,-0.04878468852119097,0.1348965422117605,ZDT,True,0.09905943572386722,mutation_prob_04,0.11986191722587936,2,10,ZDT2,6,ok,ZDT2_n10_m2
0.424848032530188,0.5140661193615276,2000,mutation,fb8416449b39e435,-0.25393091380705435,0.27073403751128833,ZDT,True,0.17091711872313367,mutation_prob_04,0.2068097136549918,2,10,ZDT2,7,ok,ZDT2_n10_m2
0.1731574897499412,0.20952056259742888,2000,mutation,fb8416449b39e435,-0.011478000459481136,0.01860405151920702,ZDT,True,0.16167948929046005,mutation_prob_04,0.1956321820414567,2,10,ZDT2,8,ok,ZDT2_n10_m2
0.19010304519064397,0.23002468468067924,2000,mutation,fb8416449b39e435,0.2172925307795695,-0.26619321851486544,ZDT,True,0.4073955759702135,mutation_prob_04,0.4929486469239584,2,10,ZDT2,9,ok,ZDT2_n10_m2
0.09676044208257151,0.11708013491991154,2000,mutation,ea87a1b45d3ff45b,0.2230411349573218,-0.4261270807692622,ZDT,True,0.3198015770398933,mutation_prob_05,0.386959908218271,2,10,ZDT2,0,ok,ZDT2_n10_m2
0.3470202340032687,0.4198944831439552,2000,mutation,ea87a1b45d3ff45b,-0.18391937106475736,0.22590467993431596,ZDT,True,0.16310086293851134,mutation_prob_05,0.19735204415559873,2,10,ZDT2,1,ok,ZDT2_n10_m2
0.13755336713696276,0.16643957423572497,2000,mutation,ea87a1b45d3ff45b,0.014728215370953895,-0.06993493997631833,ZDT,True,0.15228158250791665,mutation_prob_05,0.18426071483457918,2,10,ZDT2,2,ok,ZDT2_n10_m2
0.09634978796421036,0.11658324343669454,2000,mutation,ea87a1b45d3ff45b,0.030167847977515913,-0.11326135446400054,ZDT,True,0.12651763594172627,mutation_prob_05,0.1530863394894888,2,10,ZDT2,3,ok,ZDT2_n10_m2
0.12565357237553662,0.15204082257439933,2000,mutation,ea87a1b45d3ff45b,-0.03495018118469244,0.14582186155338922,ZDT,True,0.09070339119084418,mutation_prob_05,0.10975110334092147,2,10,ZDT2,4,ok,ZDT2_n10_m2
0.1985942233091947,0.24029901020412564,2000,mutation,ea87a1b45d3ff45b,0.19774681102612915,-0.2449430970105323,ZDT,True,0.39634103433532386,mutation_prob_05,0.47957265154574197,2,10,ZDT2,5,ok,ZDT2_n10_m2
0.1478441242450582,0.17889139033652043,2000,mutation,ea87a1b45d3ff45b,-0.046274509482235174,0.061583949965485385,ZDT,True,0.10156961476282302,mutation_prob_05,0.12289923386301586,2,10,ZDT2,6,ok,ZDT2_n10_m2
0.424848032530188,0.5140661193615276,2000,mutation,ea87a1b45d3ff45b,-0.33688188006500436,0.5092522522175885,ZDT,True,0.08796615246518365,mutation_prob_05,0.10643904448287222,2,10,ZDT2,7,ok,ZDT2_n10_m2
0.1731574897499412,0.20952056259742888,2000,mutation,ea87a1b45d3ff45b,0.21374105865383067,-0.27332714926475177,ZDT,True,0.38689854840377186,mutation_prob_05,0.468147243568564,2,10,ZDT2,8,ok,ZDT2_n10_m2
0.19010304519064397,0.23002468468067924,2000,mutation,ea87a1b45d3ff45b,0.10862506170588099,-0.1696032103865208,ZDT,True,0.29872810689652496,mutation_prob_05,0.36146100934479525,2,10,ZDT2,9,ok,ZDT2_n10_m2
0.09676044208257151,0.11708013491991154,2000,mutation,2be90d5405f4b3f1,0.3278391127528081,-0.5010069271968188,ZDT,True,0.4245995548353796,mutation_eta_01,0.5137654613508094,2,10,ZDT2,0,ok,ZDT2_n10_m2
0.3470202340032687,0.4198944831439552,2000,mutation,2be90d5405f4b3f1,0.0769211138618508,-0.06405654041121193,ZDT,True,0.4239413478651195,mutation_eta_01,0.5129690309167947,2,10,ZDT2,1,ok,ZDT2_n10_m2
0.13755336713696276,0.16643957423572497,2000,mutation,2be90d5405f4b3f1,0.2868672114283141,-0.3787739808102436,ZDT,True,0.4244205785652769,mutation_eta_01,0.5135489000639851,2,10,ZDT2,2,ok,ZDT2_n10_m2
0.09634978796421036,0.11658324343669454,2000,mutation,2be90d5405f4b3f1,0.3298950023493809,-0.5005563615547464,ZDT,True,0.42624479031359125,mutation_eta_01,0.5157561962794455,2,10,ZDT2,3,ok,ZDT2_n10_m2
0.12565357237553662,0.15204082257439933,2000,mutation,2be90d5405f4b3f1,0.30134825545641164,-0.40075690494452504,ZDT,True,0.42700182783194823,mutation_eta_01,0.5166722116766574,2,10,ZDT2,4,ok,ZDT2_n10_m2
0.1985942233091947,0.24029901020412564,2000,mutation,2be90d5405f4b3f1,0.2211926344483842,-0.2609638590294178,ZDT,True,0.4197868577575789,mutation_eta_01,0.5079420978866706,2,10,ZDT2,5,ok,ZDT2_n10_m2
0.1478441242450582,0.17889139033652043,2000,mutation,2be90d5405f4b3f1,0.2719426335555932,-0.3579195940399293,ZDT,True,0.4197867578006514,mutation_eta_01,0.5079419769387883,2,10,ZDT2,6,ok,ZDT2_n10_m2
0.424848032530188,0.5140661193615276,2000,mutation,2be90d5405f4b3f1,0.001207334364742907,-0.0028554202615688907,ZDT,True,0.4260553668949309,mutation_eta_01,0.5155269939428665,2,10,ZDT2,7,ok,ZDT2_n10_m2
0.1731574897499412,0.20952056259742888,2000,mutation,2be90d5405f4b3f1,0.2549565344770235,-0.310338197246695,ZDT,True,0.4281140242269647,mutation_eta_01,0.5180179693146274,2,10,ZDT2,8,ok,ZDT2_n10_m2
0.19010304519064397,0.23002468468067924,2000,mutation,2be90d5405f4b3f1,0.2349364517588241,-0.2783216391060846,ZDT,True,0.4250394969494681,mutation_eta_01,0.5142977913088564,2,10,ZDT2,9,ok,ZDT2_n10_m2
0.09676044208257151,0.11708013491991154,2000,mutation,e8c8a74e7571a5fa,0.3309952464715648,-0.5037767070029712,ZDT,True,0.4277556885541363,mutation_eta_02,0.517584383150505,2,10,ZDT2,0,ok,ZDT2_n10_m2
0.3470202340032687,0.4198944831439552,2000,mutation,e8c8a74e7571a5fa,0.07279341014453089,-0.061971407029546434,ZDT,True,0.4198136441477996,mutation_eta_02,0.5079745094188376,2,10,ZDT2,1,ok,ZDT2_n10_m2
0.13755336713696276,0.16643957423572497,2000,mutation,e8c8a74e7571a5fa,0.2592503540608078,-0.36528852115277854,ZDT,True,0.3968037211977706,mutation_eta_02,0.48013250264930246,2,10,ZDT2,2,ok,ZDT2_n10_m2
0.09634978796421036,0.11658324343669454,2000,mutation,e8c8a74e7571a5fa,0.324808387987382,-0.49871233397885967,ZDT,True,0.42115817595159233,mutation_eta_02,0.5096013929014268,2,10,ZDT2,3,ok,ZDT2_n10_m2
0.12565357237553662,0.15204082257439933,2000,mutation,e8c8a74e7571a5fa,0.29362555812079694,-0.39587532944544895,ZDT,True,0.41927913049633353,mutation_eta_02,0.5073277479005637,2,10,ZDT2,4,ok,ZDT2_n10_m2
0.1985942233091947,0.24029901020412564,2000,mutation,e8c8a74e7571a5fa,0.20459206419001222,-0.2557092304865394,ZDT,True,0.40318628749920693,mutation_eta_02,0.48785540787404047,2,10,ZDT2,5,ok,ZDT2_n10_m2
0.1478441242450582,0.17889139033652043,2000,mutation,e8c8a74e7571a5fa,0.2700821831240865,-0.35764802181864613,ZDT,True,0.41792630736914466,mutation_eta_02,0.5056908319166651,2,10,ZDT2,6,ok,ZDT2_n10_m2
0.424848032530188,0.5140661193615276,2000,mutation,e8c8a74e7571a5fa,-0.03713878454848496,0.022735722485745024,ZDT,True,0.38770924798170303,mutation_eta_02,0.46912819005786077,2,10,ZDT2,7,ok,ZDT2_n10_m2
0.1731574897499412,0.20952056259742888,2000,mutation,e8c8a74e7571a5fa,0.25094478147234256,-0.3074535603452462,ZDT,True,0.4241022712222837,mutation_eta_02,0.5131637481789634,2,10,ZDT2,8,ok,ZDT2_n10_m2
0.19010304519064397,0.23002468468067924,2000,mutation,e8c8a74e7571a5fa,0.23522012170207796,-0.27805737957161347,ZDT,True,0.4253231668927219,mutation_eta_02,0.5146410319401936,2,10,ZDT2,9,ok,ZDT2_n10_m2
0.09676044208257151,0.11708013491991154,2000,mutation,9e09b3fbffb34a0d,0.15225974911825096,-0.3129886201277565,ZDT,True,0.24902019120082247,mutation_eta_03,0.30131443135299524,2,10,ZDT2,0,ok,ZDT2_n10_m2
0.3470202340032687,0.4198944831439552,2000,mutation,9e09b3fbffb34a0d,-0.03097235677527882,0.04189401940981542,ZDT,True,0.3160478772279899,mutation_eta_03,0.38241793144586783,2,10,ZDT2,1,ok,ZDT2_n10_m2
0.13755336713696276,0.16643957423572497,2000,mutation,9e09b3fbffb34a0d,0.16466948363188844,-0.26113623726329954,ZDT,True,0.3022228507688512,mutation_eta_03,0.36568964943031,2,10,ZDT2,2,ok,ZDT2_n10_m2
0.09634978796421036,0.11658324343669454,2000,mutation,9e09b3fbffb34a0d,0.25618614964942976,-0.43752660412155225,ZDT,True,0.3525359376136401,mutation_eta_03,0.4265684845125046,2,10,ZDT2,3,ok,ZDT2_n10_m2
0.12565357237553662,0.15204082257439933,2000,mutation,9e09b3fbffb34a0d,0.30124021519673305,-0.3988929424163311,ZDT,True,0.4268937875722697,mutation_eta_03,0.5165414829624464,2,10,ZDT2,4,ok,ZDT2_n10_m2
0.1985942233091947,0.24029901020412564,2000,mutation,9e09b3fbffb34a0d,-0.011486970158058163,0.016548714324665148,ZDT,True,0.18710725315113655,mutation_eta_03,0.22639977631287525,2,10,ZDT2,5,ok,ZDT2_n10_m2
0.1478441242450582,0.17889139033652043,2000,mutation,9e09b3fbffb34a0d,0.09498228618012683,-0.1606680519011236,ZDT,True,0.24282641042518502,mutation_eta_03,0.2938199566144739,2,10,ZDT2,6,ok,ZDT2_n10_m2
0.424848032530188,0.5140661193615276,2000,mutation,9e09b3fbffb34a0d,-0.0906618567650444,0.08072328435625437,ZDT,True,0.3341861757651436,mutation_eta_03,0.4043652726758238,2,10,ZDT2,7,ok,ZDT2_n10_m2
0.1731574897499412,0.20952056259742888,2000,mutation,9e09b3fbffb34a0d,-0.0012823539700474174,0.0031727787378530437,ZDT,True,0.17187513577989377,mutation_eta_03,0.2079689142936715,2,10,ZDT2,8,ok,ZDT2_n10_m2
0.19010304519064397,0.23002468468067924,2000,mutation,9e09b3fbffb34a0d,0.09930226047945712,-0.14585601824145122,ZDT,True,0.2894053056701011,mutation_eta_03,0.3501804198608224,2,10,ZDT2,9,ok,ZDT2_n10_m2
0.09676044208257151,0.11708013491991154,2000,mutation,c39a316c207097f2,0.26719868577863704,-0.45001470009464783,ZDT,True,0.36395912786120854,mutation_eta_04,0.4403905447120624,2,10,ZDT2,0,ok,ZDT2_n10_m2
0.3470202340032687,0.4198944831439552,2000,mutation,c39a316c207097f2,-0.25817882657129637,0.5312429272420913,ZDT,True,0.08884140743197233,mutation_eta_04,0.10749810299268653,2,10,ZDT2,1,ok,ZDT2_n10_m2
0.13755336713696276,0.16643957423572497,2000,mutation,c39a316c207097f2,0.2656558775053679,-0.3544396781783815,ZDT,True,0.40320924464233066,mutation_eta_04,0.48788318601722014,2,10,ZDT2,2,ok,ZDT2_n10_m2
0.09634978796421036,0.11658324343669454,2000,mutation,c39a316c207097f2,-0.008923740870717053,0.06398023825098298,ZDT,True,0.0874260470934933,mutation_eta_04,0.10578551698312691,2,10,ZDT2,3,ok,ZDT2_n10_m2
0.12565357237553662,0.15204082257439933,2000,mutation,c39a316c207097f2,0.12343626930648186,-0.22974224588861733,ZDT,True,0.24908984168201848,mutation_eta_04,0.3013987084352424,2,10,ZDT2,4,ok,ZDT2_n10_m2
0.1985942233091947,0.24029901020412564,2000,mutation,c39a316c207097f2,0.20450547584210307,-0.23271890828490632,ZDT,True,0.4030996991512978,mutation_eta_04,0.4877506359730704,2,10,ZDT2,5,ok,ZDT2_n10_m2
0.1478441242450582,0.17889139033652043,2000,mutation,c39a316c207097f2,-0.05850853185974682,0.23517526541332956,ZDT,True,0.08933559238531137,mutation_eta_04,0.10809606678622677,2,10,ZDT2,6,ok,ZDT2_n10_m2
0.424848032530188,0.5140661193615276,2000,mutation,c39a316c207097f2,-0.331361678230301,0.5185949456878762,ZDT,True,0.09348635429988698,mutation_eta_04,0.11311848870286327,2,10,ZDT2,7,ok,ZDT2_n10_m2
0.1731574897499412,0.20952056259742888,2000,mutation,c39a316c207097f2,-0.08424526115462637,0.28708932114010344,ZDT,True,0.08891222859531482,mutation_eta_04,0.10758379660033095,2,10,ZDT2,8,ok,ZDT2_n10_m2
0.19010304519064397,0.23002468468067924,2000,mutation,c39a316c207097f2,-0.10255651166636243,0.3188025036578198,ZDT,True,0.08754653352428154,mutation_eta_04,0.10593130556438068,2,10,ZDT2,9,ok,ZDT2_n10_m2
0.09676044208257151,0.11708013491991154,2000,mutation,ac3c87407bc541bb,-0.012667593607652461,0.09600901711615117,ZDT,True,0.08409284847491905,mutation_eta_05,0.10175234665465206,2,10,ZDT2,0,ok,ZDT2_n10_m2
0.3470202340032687,0.4198944831439552,2000,mutation,ac3c87407bc541bb,-0.06957000190565471,0.052329571264319655,ZDT,True,0.277450232097614,mutation_eta_05,0.33571478083811296,2,10,ZDT2,1,ok,ZDT2_n10_m2
0.13755336713696276,0.16643957423572497,2000,mutation,ac3c87407bc541bb,-0.04701618631170862,0.18880596952797307,ZDT,True,0.09053718082525414,mutation_eta_05,0.10954998879855753,2,10,ZDT2,2,ok,ZDT2_n10_m2
0.09634978796421036,0.11658324343669454,2000,mutation,ac3c87407bc541bb,-0.013702616191318406,0.09962629273308432,ZDT,True,0.08264717177289195,mutation_eta_05,0.10000307784519927,2,10,ZDT2,3,ok,ZDT2_n10_m2
0.12565357237553662,0.15204082257439933,2000,mutation,ac3c87407bc541bb,-0.053178663583615976,0.20407466806222124,ZDT,True,0.07247490879192064,mutation_eta_05,0.08769463963822399,2,10,ZDT2,4,ok,ZDT2_n10_m2
0.1985942233091947,0.24029901020412564,2000,mutation,ac3c87407bc541bb,0.16646739842579952,-0.20351627659111093,ZDT,True,0.36506162173499423,mutation_eta_05,0.4417245622993431,2,10,ZDT2,5,ok,ZDT2_n10_m2
0.1478441242450582,0.17889139033652043,2000,mutation,ac3c87407bc541bb,-0.062378172521365016,0.23703783445001114,ZDT,True,0.08546595172369317,mutation_eta_05,0.10341380158566876,2,10,ZDT2,6,ok,ZDT2_n10_m2
0.424848032530188,0.5140661193615276,2000,mutation,ac3c87407bc541bb,-0.05810959261246457,0.0753533470803711,ZDT,True,0.3667384399177234,mutation_eta_05,0.4437535123004454,2,10,ZDT2,7,ok,ZDT2_n10_m2
0.1731574897499412,0.20952056259742888,2000,mutation,ac3c87407bc541bb,0.16704943030608346,-0.24634267220842856,ZDT,True,0.34020692005602465,mutation_eta_05,0.4116503732677899,2,10,ZDT2,8,ok,ZDT2_n10_m2
0.19010304519064397,0.23002468468067924,2000,mutation,ac3c87407bc541bb,-0.12534319110539172,0.3309012220877977,ZDT,True,0.06475985408525224,mutation_eta_05,0.07835942344315522,2,10,ZDT2,9,ok,ZDT2_n10_m2
0.09676044208257151,0.11708013491991154,2000,crossover,cc3ea58c953d9c72,0.0033086737105256087,-0.05088836095352295,ZDT,True,0.10006911579309712,crossover_prob_01,0.12108363010964752,2,10,ZDT2,0,ok,ZDT2_n10_m2
0.3470202340032687,0.4198944831439552,2000,crossover,cc3ea58c953d9c72,-0.24598234828690196,0.3985990024017501,ZDT,True,0.10103788571636675,crossover_prob_01,0.12225584171680379,2,10,ZDT2,1,ok,ZDT2_n10_m2
0.13755336713696276,0.16643957423572497,2000,crossover,cc3ea58c953d9c72,0.24573600309513022,-0.33746488220485865,ZDT,True,0.383289370232093,crossover_prob_01,0.46378013798083256,2,10,ZDT2,2,ok,ZDT2_n10_m2
0.09634978796421036,0.11658324343669454,2000,crossover,cc3ea58c953d9c72,-0.01384416074640292,0.09969791610986034,ZDT,True,0.08250562721780744,crossover_prob_01,0.09983180893354701,2,10,ZDT2,3,ok,ZDT2_n10_m2
0.12565357237553662,0.15204082257439933,2000,crossover,cc3ea58c953d9c72,-0.00784198102568194,0.02443999551296694,ZDT,True,0.11781159134985468,crossover_prob_01,0.1425520255333242,2,10,ZDT2,4,ok,ZDT2_n10_m2
0.1985942233091947,0.24029901020412564,2000,crossover,cc3ea58c953d9c72,-0.0965993206829094,0.20696214397682172,ZDT,True,0.10199490262628531,crossover_prob_01,0.12341383217780524,2,10,ZDT2,5,ok,ZDT2_n10_m2
0.1478441242450582,0.17889139033652043,2000,crossover,cc3ea58c953d9c72,-0.0705888184944664,0.24119156652748053,ZDT,True,0.0772553057505918,crossover_prob_01,0.09347891995821608,2,10,ZDT2,6,ok,ZDT2_n10_m2
0.424848032530188,0.5140661193615276,2000,crossover,cc3ea58c953d9c72,-0.32863714536810107,0.4831779095675985,ZDT,True,0.0962108871620869,crossover_prob_01,0.11641517346612516,2,10,ZDT2,7,ok,ZDT2_n10_m2
0.1731574897499412,0.20952056259742888,2000,crossover,cc3ea58c953d9c72,-0.04565047069400488,0.06979486477253366,ZDT,True,0.1275070190559363,crossover_prob_01,0.15428349305768296,2,10,ZDT2,8,ok,ZDT2_n10_m2
0.19010304519064397,0.23002468468067924,2000,crossover,cc3ea58c953d9c72,-0.10831873355651424,0.3216591160520077,ZDT,True,0.08178431163412973,crossover_prob_01,0.09895901707729698,2,10,ZDT2,9,ok,ZDT2_n10_m2
0.09676044208257151,0.11708013491991154,2000,crossover,53f503c9a232d49b,-0.003352626030128633,0.024944057999249702,ZDT,True,0.09340781605244287,crossover_prob_02,0.1130234574234559,2,10,ZDT2,0,ok,ZDT2_n10_m2
0.3470202340032687,0.4198944831439552,2000,crossover,53f503c9a232d49b,-0.23889118302886408,0.39152511829160264,ZDT,True,0.1081290509744046,crossover_prob_02,0.1308361516790296,2,10,ZDT2,1,ok,ZDT2_n10_m2
0.13755336713696276,0.16643957423572497,2000,crossover,53f503c9a232d49b,-0.03524287787389452,0.10401714213371788,ZDT,True,0.10231048926306824,crossover_prob_02,0.12379569200831259,2,10,ZDT2,2,ok,ZDT2_n10_m2
0.09634978796421036,0.11658324343669454,2000,crossover,53f503c9a232d49b,0.0064839756034329316,-0.01946171984189138,ZDT,True,0.10283376356764329,crossover_prob_02,0.1244288539168484,2,10,ZDT2,3,ok,ZDT2_n10_m2
0.12565357237553662,0.15204082257439933,2000,crossover,53f503c9a232d49b,-0.04106390589090404,0.19773929531611262,ZDT,True,0.08458966648463258,crossover_prob_02,0.10235349644640544,2,10,ZDT2,4,ok,ZDT2_n10_m2
0.1985942233091947,0.24029901020412564,2000,crossover,53f503c9a232d49b,-0.0509761474736557,0.06434891752657362,ZDT,True,0.14761807583553901,crossover_prob_02,0.17861787176100224,2,10,ZDT2,5,ok,ZDT2_n10_m2
0.1478441242450582,0.17889139033652043,2000,crossover,53f503c9a232d49b,0.25781783647180023,-0.34398338466857387,ZDT,True,0.4056619607168584,crossover_prob_02,0.4908509724673987,2,10,ZDT2,6,ok,ZDT2_n10_m2
0.424848032530188,0.5140661193615276,2000,crossover,53f503c9a232d49b,-0.3014528043403083,0.409552702727716,ZDT,True,0.12339522818987969,crossover_prob_02,0.14930822610975444,2,10,ZDT2,7,ok,ZDT2_n10_m2
0.1731574897499412,0.20952056259742888,2000,crossover,53f503c9a232d49b,0.11996995980598943,-0.18644158475571643,ZDT,True,0.2931274495559306,crossover_prob_02,0.35468421396267613,2,10,ZDT2,8,ok,ZDT2_n10_m2
0.19010304519064397,0.23002468468067924,2000,crossover,53f503c9a232d49b,-0.0757212753139827,0.13816612808560869,ZDT,True,0.11438176987666127,crossover_prob_02,0.13840194155076016,2,10,ZDT2,9,ok,ZDT2_n10_m2
0.09676044208257151,0.11708013491991154,2000,crossover,ccec5d9e30092fcc,0.014892182753342559,-0.05421616561949677,ZDT,True,0.11165262483591407,crossover_prob_03,0.13509967605145604,2,10,ZDT2,0,ok,ZDT2_n10_m2
0.3470202340032687,0.4198944831439552,2000,crossover,ccec5d9e30092fcc,-0.1033173031524757,0.13409862123812677,ZDT,True,0.243702930850793,crossover_prob_03,0.2948805463294596,2,10,ZDT2,1,ok,ZDT2_n10_m2
0.13755336713696276,0.16643957423572497,2000,crossover,ccec5d9e30092fcc,0.28959315048608425,-0.37813281963894047,ZDT,True,0.427146517623047,crossover_prob_03,0.516847286323887,2,10,ZDT2,2,ok,ZDT2_n10_m2
0.09634978796421036,0.11658324343669454,2000,crossover,ccec5d9e30092fcc,0.11412200759465081,-0.2554069299544162,ZDT,True,0.21047179555886117,crossover_prob_03,0.25467087262622207,2,10,ZDT2,3,ok,ZDT2_n10_m2
0.12565357237553662,0.15204082257439933,2000,crossover,ccec5d9e30092fcc,-0.0143158592191438,0.051624643503380696,ZDT,True,0.11133771315639282,crossover_prob_03,0.13471863291923533,2,10,ZDT2,4,ok,ZDT2_n10_m2
0.1985942233091947,0.24029901020412564,2000,crossover,ccec5d9e30092fcc,-0.10110159188851923,0.24164913300598467,ZDT,True,0.09749263142067548,crossover_prob_03,0.11796608401901734,2,10,ZDT2,5,ok,ZDT2_n10_m2
0.1478441242450582,0.17889139033652043,2000,crossover,ccec5d9e30092fcc,0.2759786864093908,-0.3596550410533809,ZDT,True,0.423822810654449,crossover_prob_03,0.5128256008918833,2,10,ZDT2,6,ok,ZDT2_n10_m2
0.424848032530188,0.5140661193615276,2000,crossover,ccec5d9e30092fcc,-0.29771868085017605,0.40687834482384677,ZDT,True,0.12712935168001194,crossover_prob_03,0.15382651553281448,2,10,ZDT2,7,ok,ZDT2_n10_m2
0.1731574897499412,0.20952056259742888,2000,crossover,ccec5d9e30092fcc,0.25178355941621877,-0.30808524595465525,ZDT,True,0.42494104916615993,crossover_prob_03,0.5141786694910536,2,10,ZDT2,8,ok,ZDT2_n10_m2
0.19010304519064397,0.23002468468067924,2000,crossover,ccec5d9e30092fcc,-0.01071813975387123,0.023623052518088383,ZDT,True,0.17938490543677274,crossover_prob_03,0.21705573557849506,2,10,ZDT2,9,ok,ZDT2_n10_m2
0.09676044208257151,0.11708013491991154,2000,crossover,708be0337c1cd278,0.014264243595764545,-0.053366960351911685,ZDT,True,0.11102468567833605,crossover_eta_01,0.13433986967078665,2,10,ZDT2,0,ok,ZDT2_n10_m2
0.3470202340032687,0.4198944831439552,2000,crossover,708be0337c1cd278,-0.000842764258497164,-0.00048074792798434574,ZDT,True,0.34617746974477154,crossover_eta_01,0.4188747383911736,2,10,ZDT2,1,ok,ZDT2_n10_m2
0.13755336713696276,0.16643957423572497,2000,crossover,708be0337c1cd278,-0.007061522935915082,0.022110081056976816,ZDT,True,0.13049184420104767,crossover_eta_01,0.1578951314832677,2,10,ZDT2,2,ok,ZDT2_n10_m2
0.09634978796421036,0.11658324343669454,2000,crossover,708be0337c1cd278,0.013207221343094946,-0.04925216340941674,ZDT,True,0.1095570093073053,crossover_eta_01,0.13256398126183944,2,10,ZDT2,3,ok,ZDT2_n10_m2
0.12565357237553662,0.15204082257439933,2000,crossover,708be0337c1cd278,0.02761871228173496,-0.05582229524264898,ZDT,True,0.15327228465727158,crossover_eta_01,0.18545946443529865,2,10,ZDT2,4,ok,ZDT2_n10_m2
0.1985942233091947,0.24029901020412564,2000,crossover,708be0337c1cd278,-0.10447481183806008,0.24673410242316096,ZDT,True,0.09411941147113463,crossover_eta_01,0.11388448788007292,2,10,ZDT2,5,ok,ZDT2_n10_m2
0.1478441242450582,0.17889139033652043,2000,crossover,708be0337c1cd278,0.27034346461848646,-0.3571695854906611,ZDT,True,0.4181875888635446,crossover_eta_01,0.5060069825248891,2,10,ZDT2,6,ok,ZDT2_n10_m2
0.424848032530188,0.5140661193615276,2000,crossover,708be0337c1cd278,-0.279280545615438,0.34875411422077096,ZDT,True,0.14556748691474997,crossover_eta_01,0.17613665916684748,2,10,ZDT2,7,ok,ZDT2_n10_m2
0.1731574897499412,0.20952056259742888,2000,crossover,708be0337c1cd278,-0.017991812230539306,0.03793609687233712,ZDT,True,0.15516567751940188,crossover_eta_01,0.18775046979847632,2,10,ZDT2,8,ok,ZDT2_n10_m2
0.19010304519064397,0.23002468468067924,2000,crossover,708be0337c1cd278,-0.07822511561937648,0.14682625751066547,ZDT,True,0.11187792957126749,crossover_eta_01,0.1353722947812337,2,10,ZDT2,9,ok,ZDT2_n10_m2
0.09676044208257151,0.11708013491991154,2000,crossover,64c7764afc305af9,-0.018280765642689045,0.09888100742464023,ZDT,True,0.07847967643988246,crossover_eta_02,0.09496040849225779,2,10,ZDT2,0,ok,ZDT2_n10_m2
0.3470202340032687,0.4198944831439552,2000,crossover,64c7764afc305af9,-0.13834179034960928,0.18504563143154001,ZDT,True,0.20867844365365942,crossover_eta_02,0.25250091682092796,2,10,ZDT2,1,ok,ZDT2_n10_m2
0.13755336713696276,0.16643957423572497,2000,crossover,64c7764afc305af9,0.2850093611303616,-0.37639281218335674,ZDT,True,0.4225627282673244,crossover_eta_02,0.5113009012034626,2,10,ZDT2,2,ok,ZDT2_n10_m2
0.09634978796421036,0.11658324343669454,2000,crossover,64c7764afc305af9,0.05333046677604346,-0.15070790977681064,ZDT,True,0.14968025474025382,crossover_eta_02,0.18111310823570714,2,10,ZDT2,3,ok,ZDT2_n10_m2
0.12565357237553662,0.15204082257439933,2000,crossover,64c7764afc305af9,0.26324494920752384,-0.37124276897519587,ZDT,True,0.38889852158306043,crossover_eta_02,0.4705672111155032,2,10,ZDT2,4,ok,ZDT2_n10_m2
0.1985942233091947,0.24029901020412564,2000,crossover,64c7764afc305af9,-0.0812492647880715,0.16926273251940877,ZDT,True,0.11734495852112321,crossover_eta_02,0.1419873998105591,2,10,ZDT2,5,ok,ZDT2_n10_m2
0.1478441242450582,0.17889139033652043,2000,crossover,64c7764afc305af9,-0.037695057131999554,0.09405800623265714,ZDT,True,0.11014906711305864,crossover_eta_02,0.13328037120680097,2,10,ZDT2,6,ok,ZDT2_n10_m2
0.424848032530188,0.5140661193615276,2000,crossover,64c7764afc305af9,0.0020607228933237076,-0.0005102126540649787,ZDT,True,0.4269087554235117,crossover_eta_02,0.5165595940624492,2,10,ZDT2,7,ok,ZDT2_n10_m2
0.1731574897499412,0.20952056259742888,2000,crossover,64c7764afc305af9,0.0001944899607195516,-0.02265979977691973,ZDT,True,0.17335197971066074,crossover_eta_02,0.20975589544989953,2,10,ZDT2,8,ok,ZDT2_n10_m2
0.19010304519064397,0.23002468468067924,2000,crossover,64c7764afc305af9,-0.008363585758796699,0.016481962534853345,ZDT,True,0.18173945943184727,crossover_eta_02,0.21990474591253523,2,10,ZDT2,9,ok,ZDT2_n10_m2
0.09676044208257151,0.11708013491991154,2000,crossover,65740bc73422469c,-0.010373937338697514,0.09487801906099425,ZDT,True,0.08638650474387399,crossover_eta_03,0.10452767074008755,2,10,ZDT2,0,ok,ZDT2_n10_m2
0.3470202340032687,0.4198944831439552,2000,crossover,65740bc73422469c,-0.2010720250096072,0.29301748747348894,ZDT,True,0.1459482089936615,crossover_eta_03,0.17659733288233045,2,10,ZDT2,1,ok,ZDT2_n10_m2
0.13755336713696276,0.16643957423572497,2000,crossover,65740bc73422469c,-0.04218716231179112,0.1421233567996621,ZDT,True,0.09536620482517164,crossover_eta_03,0.1153931078384577,2,10,ZDT2,2,ok,ZDT2_n10_m2
0.09634978796421036,0.11658324343669454,2000,crossover,65740bc73422469c,-0.0023389305236454355,0.03077745974949586,ZDT,True,0.09401085744056492,crossover_eta_03,0.11375313750308358,2,10,ZDT2,3,ok,ZDT2_n10_m2
0.12565357237553662,0.15204082257439933,2000,crossover,65740bc73422469c,0.2661949131333411,-0.3782224008946925,ZDT,True,0.3918484855088777,crossover_eta_03,0.47413666746574207,2,10,ZDT2,4,ok,ZDT2_n10_m2
0.1985942233091947,0.24029901020412564,2000,crossover,65740bc73422469c,-0.038928993652903365,0.06992352459543105,ZDT,True,0.15966522965629135,crossover_eta_03,0.19319492788411255,2,10,ZDT2,5,ok,ZDT2_n10_m2
0.1478441242450582,0.17889139033652043,2000,crossover,65740bc73422469c,0.27819706838208125,-0.3598349362792097,ZDT,True,0.4260411926271394,crossover_eta_03,0.5155098430788387,2,10,ZDT2,6,ok,ZDT2_n10_m2
0.424848032530188,0.5140661193615276,2000,crossover,65740bc73422469c,-0.20369029816900344,0.20881979063125555,ZDT,True,0.22115773436118455,crossover_eta_03,0.26760085857703336,2,10,ZDT2,7,ok,ZDT2_n10_m2
0.1731574897499412,0.20952056259742888,2000,crossover,65740bc73422469c,-0.06577541857688077,0.15617836387518075,ZDT,True,0.10738207117306042,crossover_eta_03,0.12993230611940312,2,10,ZDT2,8,ok,ZDT2_n10_m2
0.19010304519064397,0.23002468468067924,2000,crossover,65740bc73422469c,-0.04158258590694777,0.07673781701055965,ZDT,True,0.1485204592836962,crossover_eta_03,0.1797097557332724,2,10,ZDT2,9,ok,ZDT2_n10_m2
0.09676044208257151,0.11708013491991154,2000,crossover,f0d4b0fa556508d7,0.016034439854576588,-0.08254537597886907,ZDT,True,0.1127948819371481,crossover_eta_04,0.13648180714394922,2,10,ZDT2,0,ok,ZDT2_n10_m2
0.3470202340032687,0.4198944831439552,2000,crossover,f0d4b0fa556508d7,0.06287042402416715,-0.04393594600557373,ZDT,True,0.40989065802743585,crossover_eta_04,0.4959676962131975,2,10,ZDT2,1,ok,ZDT2_n10_m2
0.13755336713696276,0.16643957423572497,2000,crossover,f0d4b0fa556508d7,-0.0128171015801863,0.029009271035492168,ZDT,True,0.12473626555677646,crossover_eta_04,0.15093088132369953,2,10,ZDT2,2,ok,ZDT2_n10_m2
0.09634978796421036,0.11658324343669454,2000,crossover,f0d4b0fa556508d7,0.019222560894026422,-0.058056113475016824,ZDT,True,0.11557234885823678,crossover_eta_04,0.13984254211846653,2,10,ZDT2,3,ok,ZDT2_n10_m2
0.12565357237553662,0.15204082257439933,2000,crossover,f0d4b0fa556508d7,0.006237099323557871,-0.005109331761404212,ZDT,True,0.1318906716990945,crossover_eta_04,0.15958771275590436,2,10,ZDT2,4,ok,ZDT2_n10_m2
0.1985942233091947,0.24029901020412564,2000,crossover,f0d4b0fa556508d7,-0.022950079639510068,0.038678062079332054,ZDT,True,0.17564414366968464,crossover_eta_04,0.21252941384031845,2,10,ZDT2,5,ok,ZDT2_n10_m2
0.1478441242450582,0.17889139033652043,2000,crossover,f0d4b0fa556508d7,-0.058585691462088085,0.23521153366204006,ZDT,True,0.0892584327829701,crossover_eta_04,0.10800270366739384,2,10,ZDT2,6,ok,ZDT2_n10_m2
0.424848032530188,0.5140661193615276,2000,crossover,f0d4b0fa556508d7,-0.3011218886374907,0.41345881747910906,ZDT,True,0.12372614389269729,crossover_eta_04,0.14970863411016375,2,10,ZDT2,7,ok,ZDT2_n10_m2
0.1731574897499412,0.20952056259742888,2000,crossover,f0d4b0fa556508d7,-0.06296228718797851,0.15262542589514866,ZDT,True,0.11019520256196268,crossover_eta_04,0.13333619509997485,2,10,ZDT2,8,ok,ZDT2_n10_m2
0.19010304519064397,0.23002468468067924,2000,crossover,f0d4b0fa556508d7,-0.0010705773818024678,0.003597864758739744,ZDT,True,0.1890324678088415,crossover_eta_04,0.22872928604869824,2,10,ZDT2,9,ok,ZDT2_n10_m2
0.09676044208257151,0.11708013491991154,2000,selection,847da72d9d7aa153,0.11975283316451002,-0.26415071849494043,ZDT,True,0.21651327524708153,selection_tournament_01,0.2619810630489687,2,10,ZDT2,0,ok,ZDT2_n10_m2
0.3470202340032687,0.4198944831439552,2000,selection,847da72d9d7aa153,-0.20007363872760756,0.2980515596028847,ZDT,True,0.14694659527566115,selection_tournament_01,0.17780538028355003,2,10,ZDT2,1,ok,ZDT2_n10_m2
0.13755336713696276,0.16643957423572497,2000,selection,847da72d9d7aa153,0.041567549284755395,-0.07724718545607734,ZDT,True,0.17912091642171815,selection_tournament_01,0.216736308870279,2,10,ZDT2,2,ok,ZDT2_n10_m2
0.09634978796421036,0.11658324343669454,2000,selection,847da72d9d7aa153,0.08784095890423073,-0.21020876743001038,ZDT,True,0.18419074686844109,selection_tournament_01,0.22287080371081375,2,10,ZDT2,3,ok,ZDT2_n10_m2
0.12565357237553662,0.15204082257439933,2000,selection,847da72d9d7aa153,0.05628368565145572,-0.10629099946080584,ZDT,True,0.18193725802699234,selection_tournament_01,0.22014408221266077,2,10,ZDT2,4,ok,ZDT2_n10_m2
0.1985942233091947,0.24029901020412564,2000,selection,847da72d9d7aa153,-0.04751016086071011,0.07894099178161179,ZDT,True,0.1510840624484846,selection_tournament_01,0.1828117155626664,2,10,ZDT2,5,ok,ZDT2_n10_m2
0.1478441242450582,0.17889139033652043,2000,selection,847da72d9d7aa153,0.07794480465968173,-0.1396279797377288,ZDT,True,0.22578892890473992,selection_tournament_01,0.27320460397473534,2,10,ZDT2,6,ok,ZDT2_n10_m2
0.424848032530188,0.5140661193615276,2000,selection,847da72d9d7aa153,0.008178327881073366,-0.004530085287036417,ZDT,True,0.43302636041126136,selection_tournament_01,0.5239618960976263,2,10,ZDT2,7,ok,ZDT2_n10_m2
0.1731574897499412,0.20952056259742888,2000,selection,847da72d9d7aa153,-0.011116172436263339,0.025935767802053145,ZDT,True,0.16204131731367785,selection_tournament_01,0.19606999394955024,2,10,ZDT2,8,ok,ZDT2_n10_m2
0.19010304519064397,0.23002468468067924,2000,selection,847da72d9d7aa153,-0.013991297584899587,0.03063900097139738,ZDT,True,0.17611174760574438,selection_tournament_01,0.21309521460295075,2,10,ZDT2,9,ok,ZDT2_n10_m2
0.09676044208257151,0.11708013491991154,2000,selection,8c6200910b2a3d0b,0.3282737460435509,-0.5013825218532532,ZDT,True,0.4250341881261224,selection_tournament_02,0.5142913676326082,2,10,ZDT2,0,ok,ZDT2_n10_m2
0.3470202340032687,0.4198944831439552,2000,selection,8c6200910b2a3d0b,-0.1434831171494325,0.19380605116469546,ZDT,True,0.20353711685383621,selection_tournament_02,0.24627991139314184,2,10,ZDT2,1,ok,ZDT2_n10_m2
0.13755336713696276,0.16643957423572497,2000,selection,8c6200910b2a3d0b,0.2910009686062269,-0.3755263151615696,ZDT,True,0.42855433574318963,selection_tournament_02,0.5185507462492596,2,10,ZDT2,2,ok,ZDT2_n10_m2
0.09634978796421036,0.11658324343669454,2000,selection,8c6200910b2a3d0b,0.04141901278403233,-0.13331596062925827,ZDT,True,0.1377688007482427,selection_tournament_02,0.16670024890537366,2,10,ZDT2,3,ok,ZDT2_n10_m2
0.12565357237553662,0.15204082257439933,2000,selection,8c6200910b2a3d0b,0.30320005129748984,-0.39029972829805526,ZDT,True,0.42885362367302643,selection_tournament_02,0.518912884644362,2,10,ZDT2,4,ok,ZDT2_n10_m2
0.1985942233091947,0.24029901020412564,2000,selection,8c6200910b2a3d0b,-0.039214923512146505,0.07019058151225688,ZDT,True,0.1593792997970482,selection_tournament_02,0.19284895275442837,2,10,ZDT2,5,ok,ZDT2_n10_m2
0.1478441242450582,0.17889139033652043,2000,selection,8c6200910b2a3d0b,0.07054301199760613,-0.12158186164245366,ZDT,True,0.21838713624266431,selection_tournament_02,0.26424843485362387,2,10,ZDT2,6,ok,ZDT2_n10_m2
0.424848032530188,0.5140661193615276,2000,selection,8c6200910b2a3d0b,-0.25256544157710614,0.2965370794004991,ZDT,True,0.17228259095308182,selection_tournament_02,0.20846193505322902,2,10,ZDT2,7,ok,ZDT2_n10_m2
0.1731574897499412,0.20952056259742888,2000,selection,8c6200910b2a3d0b,0.22785535526300502,-0.29396161650156477,ZDT,True,0.4010128450129462,selection_tournament_02,0.48522554246566496,2,10,ZDT2,8,ok,ZDT2_n10_m2
0.19010304519064397,0.23002468468067924,2000,selection,8c6200910b2a3d0b,0.013962588026988826,-0.016968482713219102,ZDT,True,0.2040656332176328,selection_tournament_02,0.24691941619333574,2,10,ZDT2,9,ok,ZDT2_n10_m2
0.09676044208257151,0.11708013491991154,2000,selection,1c60a17accc6d6f5,0.3322091360808099,-0.5035656281474831,ZDT,True,0.4289695781633814,selection_tournament_03,0.5190531895776915,2,10,ZDT2,0,ok,ZDT2_n10_m2
0.3470202340032687,0.4198944831439552,2000,selection,1c60a17accc6d6f5,-0.12233222172983285,0.15457545017783647,ZDT,True,0.22468801227343585,selection_tournament_03,0.2718724948508574,2,10,ZDT2,1,ok,ZDT2_n10_m2
0.13755336713696276,0.16643957423572497,2000,selection,1c60a17accc6d6f5,0.29375324944294856,-0.3822741868701317,ZDT,True,0.4313066165799113,selection_tournament_03,0.5218810060616927,2,10,ZDT2,2,ok,ZDT2_n10_m2
0.09634978796421036,0.11658324343669454,2000,selection,1c60a17accc6d6f5,0.1010524224872663,-0.22766096603193647,ZDT,True,0.19740221045147666,selection_tournament_03,0.2388566746462868,2,10,ZDT2,3,ok,ZDT2_n10_m2
0.12565357237553662,0.15204082257439933,2000,selection,1c60a17accc6d6f5,0.2961404509407157,-0.3869866270165633,ZDT,True,0.4217940233162523,selection_tournament_03,0.5103707682126654,2,10,ZDT2,4,ok,ZDT2_n10_m2
0.1985942233091947,0.24029901020412564,2000,selection,1c60a17accc6d6f5,-0.024300146078160972,0.04509588325442776,ZDT,True,0.17429407723103374,selection_tournament_03,0.21089583344955085,2,10,ZDT2,5,ok,ZDT2_n10_m2
0.1478441242450582,0.17889139033652043,2000,selection,1c60a17accc6d6f5,0.27469080182524686,-0.3582201886355405,ZDT,True,0.4225349260703051,selection_tournament_03,0.5112672605450692,2,10,ZDT2,6,ok,ZDT2_n10_m2
0.424848032530188,0.5140661193615276,2000,selection,1c60a17accc6d6f5,-0.1160124205732525,0.11127602898168222,ZDT,True,0.3088356119569355,selection_tournament_03,0.373691090467892,2,10,ZDT2,7,ok,ZDT2_n10_m2
0.1731574897499412,0.20952056259742888,2000,selection,1c60a17accc6d6f5,0.04813764228818784,-0.0807584571461489,ZDT,True,0.22129513203812903,selection_tournament_03,0.26776710976613616,2,10,ZDT2,8,ok,ZDT2_n10_m2
0.19010304519064397,0.23002468468067924,2000,selection,1c60a17accc6d6f5,0.02306616054451105,-0.03025035003984028,ZDT,True,0.21316920573515502,selection_tournament_03,0.2579347389395376,2,10,ZDT2,9,ok,ZDT2_n10_m2
0.09221999882866946,0.11158619858269006,2000,mutation,1f03b3ef05cda36c,0.26915257318966734,-0.38531667639421047,ZDT,True,0.36137257201833684,mutation_prob_02,0.43726081214218765,2,20,ZDT2,0,ok,ZDT2_n20_m2
0.06472239721208357,0.07831410062662114,2000,mutation,1f03b3ef05cda36c,0.2952119615748684,-0.5540923810847028,ZDT,True,0.35993435878695196,mutation_prob_02,0.43552057413221196,2,20,ZDT2,1,ok,ZDT2_n20_m2
0.05682181523440302,0.06875439643362767,2000,mutation,1f03b3ef05cda36c,0.03832251768543861,-0.1400463761332742,ZDT,True,0.09514433291984163,mutation_prob_02,0.1151246428330084,2,20,ZDT2,2,ok,ZDT2_n20_m2
0.10901712897845967,0.13191072606393622,2000,mutation,1f03b3ef05cda36c,-0.030414135558029465,0.21515457966883617,ZDT,True,0.0786029934204302,mutation_prob_02,0.09510962203872056,2,20,ZDT2,3,ok,ZDT2_n20_m2
0.1399149637559087,0.16929710614464955,2000,mutation,1f03b3ef05cda36c,0.00773710382411863,0.01810521237606444,ZDT,True,0.14765206758002733,mutation_prob_02,0.17865900177183308,2,20,ZDT2,4,ok,ZDT2_n20_m2
0.09161046498860581,0.11084866263621304,2000,mutation,1f03b3ef05cda36c,0.029961762939176587,-0.12664367811587113,ZDT,True,0.1215722279277824,mutation_prob_02,0.14710239579261672,2,20,ZDT2,5,ok,ZDT2_n20_m2
0.35780019261708773,0.4329382330666762,2000,mutation,1f03b3ef05cda36c,-0.27260045939148403,0.3703629542066538,ZDT,True,0.08519973322560373,mutation_prob_02,0.10309167720298053,2,20,ZDT2,6,ok,ZDT2_n20_m2
0.07356182140488715,0.08900980389991346,2000,mutation,1f03b3ef05cda36c,0.01181594874599863,-0.16021568185386842,ZDT,True,0.08537777015088578,mutation_prob_02,0.1033071018825718,2,20,ZDT2,7,ok,ZDT2_n20_m2
0.07716089789721674,0.09336468645563227,2000,mutation,1f03b3ef05cda36c,0.005333100036312405,-0.00960474896105179,ZDT,True,0.08249399793352914,mutation_prob_02,0.09981773749957028,2,20,ZDT2,8,ok,ZDT2_n20_m2
0.08735424635467694,0.10569863808915911,2000,mutation,1f03b3ef05cda36c,-0.004500910869943225,0.0320710548552432,ZDT,True,0.08285333548473371,mutation_prob_02,0.1002525359365278,2,20,ZDT2,9,ok,ZDT2_n20_m2
0.09221999882866946,0.11158619858269006,2000,mutation,10c34d6591641d95,0.283500824062891,-0.38351189003525366,ZDT,True,0.3757208228915605,mutation_prob_03,0.45462219569878826,2,20,ZDT2,0,ok,ZDT2_n20_m2
0.06472239721208357,0.07831410062662114,2000,mutation,10c34d6591641d95,0.028165361376940173,-0.14236780606894983,ZDT,True,0.09288775858902375,mutation_prob_03,0.11239418789271875,2,20,ZDT2,1,ok,ZDT2_n20_m2
0.05682181523440302,0.06875439643362767,2000,mutation,10c34d6591641d95,0.024488834366706486,-0.013638415682045713,ZDT,True,0.08131064960110951,mutation_prob_03,0.09838588601734252,2,20,ZDT2,2,ok,ZDT2_n20_m2
0.10901712897845967,0.13191072606393622,2000,mutation,10c34d6591641d95,0.06775006007301473,-0.07863328837832895,ZDT,True,0.1767671890514744,mutation_prob_03,0.21388829875228407,2,20,ZDT2,3,ok,ZDT2_n20_m2
0.1399149637559087,0.16929710614464955,2000,mutation,10c34d6591641d95,0.25005923751381065,-0.30673797170620193,ZDT,True,0.3899742012697193,mutation_prob_03,0.47186878353636047,2,20,ZDT2,4,ok,ZDT2_n20_m2
0.09161046498860581,0.11084866263621304,2000,mutation,10c34d6591641d95,0.04973885648485479,-0.17935845439144388,ZDT,True,0.1413493214734606,mutation_prob_03,0.17103267898288735,2,20,ZDT2,5,ok,ZDT2_n20_m2
0.35780019261708773,0.4329382330666762,2000,mutation,10c34d6591641d95,-0.2733001759771114,0.5500662216653853,ZDT,True,0.0845000166399763,mutation_prob_03,0.10224502013437134,2,20,ZDT2,6,ok,ZDT2_n20_m2
0.07356182140488715,0.08900980389991346,2000,mutation,10c34d6591641d95,0.02419713190593939,-0.12202751597163247,ZDT,True,0.09775895331082654,mutation_prob_03,0.11828833350610013,2,20,ZDT2,7,ok,ZDT2_n20_m2
0.07716089789721674,0.09336468645563227,2000,mutation,10c34d6591641d95,0.008837312977732756,-0.00450831488550496,ZDT,True,0.0859982108749495,mutation_prob_03,0.1040578351586889,2,20,ZDT2,8,ok,ZDT2_n20_m2
0.08735424635467694,0.10569863808915911,2000,mutation,10c34d6591641d95,0.11140402163660655,-0.22309069203396265,ZDT,True,0.1987582679912835,mutation_prob_03,0.24049750426945304,2,20,ZDT2,9,ok,ZDT2_n20_m2
0.09221999882866946,0.11158619858269006,2000,mutation,9bf3c4c8d1e16ea5,0.1005164323804944,-0.16755899221752857,ZDT,True,0.19273643120916387,mutation_prob_04,0.23321108176308833,2,20,ZDT2,0,ok,ZDT2_n20_m2
0.06472239721208357,0.07831410062662114,2000,mutation,9bf3c4c8d1e16ea5,0.010708331740449287,-0.005940349209789031,ZDT,True,0.07543072895253286,mutation_prob_04,0.09127118203256478,2,20,ZDT2,1,ok,ZDT2_n20_m2
0.05682181523440302,0.06875439643362767,2000,mutation,9bf3c4c8d1e16ea5,0.05581310871022804,-0.22045222629336575,ZDT,True,0.11263492394463107,mutation_prob_04,0.13628825797300362,2,20,ZDT2,2,ok,ZDT2_n20_m2
0.10901712897845967,0.13191072606393622,2000,mutation,9bf3c4c8d1e16ea5,-0.02102757578331782,0.21402784030998384,ZDT,True,0.08798955319514185,mutation_prob_04,0.10646735936612164,2,20,ZDT2,3,ok,ZDT2_n20_m2
0.1399149637559087,0.16929710614464955,2000,mutation,9bf3c4c8d1e16ea5,-0.0615183845590188,0.2433553113025383,ZDT,True,0.0783965791968899,mutation_prob_04,0.09485986082823679,2,20,ZDT2,4,ok,ZDT2_n20_m2
0.09161046498860581,0.11084866263621304,2000,mutation,9bf3c4c8d1e16ea5,0.30592477909355786,-0.5017906916789981,ZDT,True,0.3975352440821637,mutation_prob_04,0.4810176453394181,2,20,ZDT2,5,ok,ZDT2_n20_m2
0.35780019261708773,0.4329382330666762,2000,mutation,9bf3c4c8d1e16ea5,-0.2548243918536742,0.3306213539830104,ZDT,True,0.10297580076341352,mutation_prob_04,0.12460071892373038,2,20,ZDT2,6,ok,ZDT2_n20_m2
0.07356182140488715,0.08900980389991346,2000,mutation,9bf3c4c8d1e16ea5,-0.0023993582667620333,-0.037701376460316904,ZDT,True,0.07116246313812512,mutation_prob_04,0.0861065803971314,2,20,ZDT2,7,ok,ZDT2_n20_m2
0.07716089789721674,0.09336468645563227,2000,mutation,9bf3c4c8d1e16ea5,0.02085736232799619,-0.1443147238249684,ZDT,True,0.09801826022521293,mutation_prob_04,0.11860209487250765,2,20,ZDT2,8,ok,ZDT2_n20_m2
0.08735424635467694,0.10569863808915911,2000,mutation,9bf3c4c8d1e16ea5,-0.01339491170184312,0.12299534248012378,ZDT,True,0.07395933465283382,mutation_prob_04,0.08949079492992892,2,20,ZDT2,9,ok,ZDT2_n20_m2
0.09221999882866946,0.11158619858269006,2000,mutation,2c71e2089d1e8a77,-0.03154335401707067,0.17477171624050808,ZDT,True,0.0606766448115988,mutation_prob_05,0.07341874022203455,2,20,ZDT2,0,ok,ZDT2_n20_m2
0.06472239721208357,0.07831410062662114,2000,mutation,2c71e2089d1e8a77,0.17269552417405393,-0.4495776582710981,ZDT,True,0.23741792138613751,mutation_prob_05,0.28727568487722643,2,20,ZDT2,1,ok,ZDT2_n20_m2
0.05682181523440302,0.06875439643362767,2000,mutation,2c71e2089d1e8a77,-0.011396297435170358,0.006961164394690189,ZDT,True,0.045425517799232665,mutation_prob_05,0.054964876537071536,2,20,ZDT2,2,ok,ZDT2_n20_m2
0.10901712897845967,0.13191072606393622,2000,mutation,2c71e2089d1e8a77,-0.04702573745753576,0.25928737725568435,ZDT,True,0.06199139152092391,mutation_prob_05,0.07500958374031794,2,20,ZDT2,3,ok,ZDT2_n20_m2
0.1399149637559087,0.16929710614464955,2000,mutation,2c71e2089d1e8a77,-0.08360037760925373,0.28228630486342077,ZDT,True,0.05631458614665496,mutation_prob_05,0.06814064923745251,2,20,ZDT2,4,ok,ZDT2_n20_m2
0.09161046498860581,0.11084866263621304,2000,mutation,2c71e2089d1e8a77,0.24767456723808334,-0.47273701889326625,ZDT,True,0.33928503222668915,mutation_prob_05,0.4105348889942939,2,20,ZDT2,5,ok,ZDT2_n20_m2
0.35780019261708773,0.4329382330666762,2000,mutation,2c71e2089d1e8a77,-0.30555833344188366,0.4953204622562221,ZDT,True,0.05224185917520406,mutation_prob_05,0.06321264960199692,2,20,ZDT2,6,ok,ZDT2_n20_m2
0.07356182140488715,0.08900980389991346,2000,mutation,2c71e2089d1e8a77,-0.014056995663970256,0.007960986219890054,ZDT,True,0.059504825740916895,mutation_prob_05,0.07200083914650945,2,20,ZDT2,7,ok,ZDT2_n20_m2
0.07716089789721674,0.09336468645563227,2000,mutation,2c71e2089d1e8a77,-0.01949483549872573,0.009886261008395625,ZDT,True,0.05766606239849101,mutation_prob_05,0.06977593550217413,2,20,ZDT2,8,ok,ZDT2_n20_m2
0.08735424635467694,0.10569863808915911,2000,mutation,2c71e2089d1e8a77,0.22862256501038158,-0.3928429303188152,ZDT,True,0.3159768113650585,mutation_prob_05,0.38233194175172086,2,20,ZDT2,9,ok,ZDT2_n20_m2
0.09221999882866946,0.11158619858269006,2000,mutation,112b3bc681967282,0.27374372843801564,-0.3999880667157857,ZDT,True,0.3659637272666851,mutation_eta_01,0.442816109992689,2,20,ZDT2,0,ok,ZDT2_n20_m2
0.06472239721208357,0.07831410062662114,2000,mutation,112b3bc681967282,0.27025346254078275,-0.545638330666871,ZDT,True,0.3349758597528663,mutation_eta_01,0.4053207903009683,2,20,ZDT2,1,ok,ZDT2_n20_m2
0.05682181523440302,0.06875439643362767,2000,mutation,112b3bc681967282,0.29022169373104534,-0.5561946399732085,ZDT,True,0.34704350896544833,mutation_eta_01,0.41992264584819256,2,20,ZDT2,2,ok,ZDT2_n20_m2
0.10901712897845967,0.13191072606393622,2000,mutation,112b3bc681967282,0.27233277088571783,-0.31493679026728677,ZDT,True,0.3813498998641775,mutation_eta_01,0.46143337883565483,2,20,ZDT2,3,ok,ZDT2_n20_m2
0.1399149637559087,0.16929710614464955,2000,mutation,112b3bc681967282,0.24105109464959398,-0.2989798281656485,ZDT,True,0.3809660584055027,mutation_eta_01,0.4609689306706583,2,20,ZDT2,4,ok,ZDT2_n20_m2
0.09161046498860581,0.11084866263621304,2000,mutation,112b3bc681967282,0.27117214018861313,-0.482831332275486,ZDT,True,0.36278260517721894,mutation_eta_01,0.438966952264435,2,20,ZDT2,5,ok,ZDT2_n20_m2
0.35780019261708773,0.4329382330666762,2000,mutation,112b3bc681967282,-0.01796928584750207,0.011529916267888796,ZDT,True,0.33983090676958566,mutation_eta_01,0.4111953971911987,2,20,ZDT2,6,ok,ZDT2_n20_m2
0.07356182140488715,0.08900980389991346,2000,mutation,112b3bc681967282,0.2909137508870518,-0.5604512534093646,ZDT,True,0.36447557229193894,mutation_eta_01,0.4410154424732462,2,20,ZDT2,7,ok,ZDT2_n20_m2
0.07716089789721674,0.09336468645563227,2000,mutation,112b3bc681967282,0.3085063843446208,-0.5786774177416328,ZDT,True,0.38566728224183755,mutation_eta_01,0.4666574115126235,2,20,ZDT2,8,ok,ZDT2_n20_m2
0.08735424635467694,0.10569863808915911,2000,mutation,112b3bc681967282,0.2760600228375969,-0.43467461128054574,ZDT,True,0.3634142691922738,mutation_eta_01,0.43973126572265137,2,20,ZDT2,9,ok,ZDT2_n20_m2
0.09221999882866946,0.11158619858269006,2000,mutation,e1838931d406287e,0.3122369607068747,-0.42292779429918653,ZDT,True,0.4044569595355441,mutation_eta_02,0.48939292103800847,2,20,ZDT2,0,ok,ZDT2_n20_m2
0.06472239721208357,0.07831410062662114,2000,mutation,e1838931d406287e,0.3390652099889097,-0.5943463389627585,ZDT,True,0.40378760720099327,mutation_eta_02,0.48858300471320193,2,20,ZDT2,1,ok,ZDT2_n20_m2
0.05682181523440302,0.06875439643362767,2000,mutation,e1838931d406287e,0.29844954193255724,-0.5662924739836764,ZDT,True,0.35527135716696023,mutation_eta_02,0.429878342172022,2,20,ZDT2,2,ok,ZDT2_n20_m2
0.10901712897845967,0.13191072606393622,2000,mutation,e1838931d406287e,0.2842109724415351,-0.3223403303850691,ZDT,True,0.39322810141999476,mutation_eta_02,0.47580600271819373,2,20,ZDT2,3,ok,ZDT2_n20_m2
0.1399149637559087,0.16929710614464955,2000,mutation,e1838931d406287e,0.1940186208989478,-0.26227613298273367,ZDT,True,0.3339335846548565,mutation_eta_02,0.40405963743237644,2,20,ZDT2,4,ok,ZDT2_n20_m2
0.09161046498860581,0.11084866263621304,2000,mutation,e1838931d406287e,0.3113365019597879,-0.5163470760369535,ZDT,True,0.4029469669483937,mutation_eta_02,0.4875658300075565,2,20,ZDT2,5,ok,ZDT2_n20_m2
0.35780019261708773,0.4329382330666762,2000,mutation,e1838931d406287e,-0.19290729641079365,0.2577403497863732,ZDT,True,0.16489289620629408,mutation_eta_02,0.19952040440961585,2,20,ZDT2,6,ok,ZDT2_n20_m2
0.07356182140488715,0.08900980389991346,2000,mutation,e1838931d406287e,0.27817856883576186,-0.5434642925123496,ZDT,True,0.351740390240649,mutation_eta_02,0.4256058721911854,2,20,ZDT2,7,ok,ZDT2_n20_m2
0.07716089789721674,0.09336468645563227,2000,mutation,e1838931d406287e,0.2971863483034083,-0.5689547855825032,ZDT,True,0.37434724620062504,mutation_eta_02,0.4529601679027564,2,20,ZDT2,8,ok,ZDT2_n20_m2
0.08735424635467694,0.10569863808915911,2000,mutation,e1838931d406287e,0.21297130024854405,-0.38720149082558397,ZDT,True,0.30032554660322097,mutation_eta_02,0.36339391138989746,2,20,ZDT2,9,ok,ZDT2_n20_m2
0.09221999882866946,0.11158619858269006,2000,mutation,1d127eace9c06a6f,-0.0014093764156594274,0.026938843837125526,ZDT,True,0.09081062241301004,mutation_eta_03,0.10988085311974216,2,20,ZDT2,0,ok,ZDT2_n20_m2
0.06472239721208357,0.07831410062662114,2000,mutation,1d127eace9c06a6f,0.18023068390373131,-0.44876310895089744,ZDT,True,0.2449530811158149,mutation_eta_03,0.2963932281501361,2,20,ZDT2,1,ok,ZDT2_n20_m2
0.05682181523440302,0.06875439643362767,2000,mutation,1d127eace9c06a6f,0.19814148456054673,-0.44465659311049943,ZDT,True,0.25496329979494975,mutation_eta_03,0.3085055927518892,2,20,ZDT2,2,ok,ZDT2_n20_m2
0.10901712897845967,0.13191072606393622,2000,mutation,1d127eace9c06a6f,-0.0240665955188641,0.255834828631555,ZDT,True,0.08495053345959556,mutation_eta_03,0.10279014548611065,2,20,ZDT2,3,ok,ZDT2_n20_m2
0.1399149637559087,0.16929710614464955,2000,mutation,1d127eace9c06a6f,0.03270710323747153,-0.06321938126497983,ZDT,True,0.17262206699338023,mutation_eta_03,0.2088727010619901,2,20,ZDT2,4,ok,ZDT2_n20_m2
0.09161046498860581,0.11084866263621304,2000,mutation,1d127eace9c06a6f,-0.004197404996845039,0.012670522746518809,ZDT,True,0.08741305999176077,mutation_eta_03,0.10576980259003055,2,20,ZDT2,5,ok,ZDT2_n20_m2
0.35780019261708773,0.4329382330666762,2000,mutation,1d127eace9c06a6f,-0.04393570377642553,0.041954350698496234,ZDT,True,0.3138644888406622,mutation_eta_03,0.37977603149720135,2,20,ZDT2,6,ok,ZDT2_n20_m2
0.07356182140488715,0.08900980389991346,2000,mutation,1d127eace9c06a6f,0.28893565024642615,-0.5597996590893528,ZDT,True,0.3624974716513133,mutation_eta_03,0.43862194069808913,2,20,ZDT2,7,ok,ZDT2_n20_m2
0.07716089789721674,0.09336468645563227,2000,mutation,1d127eace9c06a6f,0.2990099134629285,-0.5687701370437714,ZDT,True,0.37617081136014524,mutation_eta_03,0.4551666817457758,2,20,ZDT2,8,ok,ZDT2_n20_m2
0.08735424635467694,0.10569863808915911,2000,mutation,1d127eace9c06a6f,0.2630095270079114,-0.42580655993954536,ZDT,True,0.35036377336258834,mutation_eta_03,0.42394016576873195,2,20,ZDT2,9,ok,ZDT2_n20_m2
0.09221999882866946,0.11158619858269006,2000,mutation,7b80947d30211122,-0.05438537276282248,0.18882184545516206,ZDT,True,0.037834626065846984,mutation_eta_04,0.04577989753967486,2,20,ZDT2,0,ok,ZDT2_n20_m2
0.06472239721208357,0.07831410062662114,2000,mutation,7b80947d30211122,-0.06472239721208357,0.07598749119840287,ZDT,True,0.0,mutation_eta_04,0.0,2,20,ZDT2,1,ok,ZDT2_n20_m2
0.05682181523440302,0.06875439643362767,2000,mutation,7b80947d30211122,0.02193275781398936,-0.012316330714877921,ZDT,True,0.07875457304839238,mutation_eta_04,0.0952930333885548,2,20,ZDT2,2,ok,ZDT2_n20_m2
0.10901712897845967,0.13191072606393622,2000,mutation,7b80947d30211122,-0.030079622229499878,0.25606231500517057,ZDT,True,0.07893750674895979,mutation_eta_04,0.09551438316624136,2,20,ZDT2,3,ok,ZDT2_n20_m2
0.1399149637559087,0.16929710614464955,2000,mutation,7b80947d30211122,-0.08581284201864597,0.2836141778825655,ZDT,True,0.054102121737262726,mutation_eta_04,0.06546356730208791,2,20,ZDT2,4,ok,ZDT2_n20_m2
0.09161046498860581,0.11084866263621304,2000,mutation,7b80947d30211122,-0.0058466500421096995,0.027453934765807597,ZDT,True,0.08576381494649611,mutation_eta_04,0.10377421608526032,2,20,ZDT2,5,ok,ZDT2_n20_m2
0.35780019261708773,0.4329382330666762,2000,mutation,7b80947d30211122,-0.35780019261708773,0.6035509504109426,ZDT,True,0.0,mutation_eta_04,0.0,2,20,ZDT2,6,ok,ZDT2_n20_m2
0.07356182140488715,0.08900980389991346,2000,mutation,7b80947d30211122,-0.0179397831201336,0.010266029104596175,ZDT,True,0.05562203828475355,mutation_eta_04,0.06730266632455181,2,20,ZDT2,7,ok,ZDT2_n20_m2
0.07716089789721674,0.09336468645563227,2000,mutation,7b80947d30211122,-0.005438998480238849,0.0029337160911682147,ZDT,True,0.07172189941697789,mutation_eta_04,0.08678349829454327,2,20,ZDT2,8,ok,ZDT2_n20_m2
0.08735424635467694,0.10569863808915911,2000,mutation,7b80947d30211122,-0.025668593423575775,0.09024973544673442,ZDT,True,0.06168565293110116,mutation_eta_04,0.07463964004663241,2,20,ZDT2,9,ok,ZDT2_n20_m2
0.09221999882866946,0.11158619858269006,2000,mutation,923e397243db43cc,-0.09221999882866946,0.2634931249587981,ZDT,True,0.0,mutation_eta_05,0.0,2,20,ZDT2,0,ok,ZDT2_n20_m2
0.06472239721208357,0.07831410062662114,2000,mutation,923e397243db43cc,-0.06472239721208357,0.2205235689254902,ZDT,True,0.0,mutation_eta_05,0.0,2,20,ZDT2,1,ok,ZDT2_n20_m2
0.05682181523440302,0.06875439643362767,2000,mutation,923e397243db43cc,-0.05682181523440302,0.043287121582034405,ZDT,True,0.0,mutation_eta_05,0.0,2,20,ZDT2,2,ok,ZDT2_n20_m2
0.10901712897845967,0.13191072606393622,2000,mutation,923e397243db43cc,-0.10901712897845967,0.3587033451639378,ZDT,True,0.0,mutation_eta_05,0.0,2,20,ZDT2,3,ok,ZDT2_n20_m2
0.1399149637559087,0.16929710614464955,2000,mutation,923e397243db43cc,-0.12564178149948366,0.3094707290119597,ZDT,True,0.014273182256425047,mutation_eta_05,0.01727055053027431,2,20,ZDT2,4,ok,ZDT2_n20_m2
0.09161046498860581,0.11084866263621304,2000,mutation,923e397243db43cc,-0.029609232653492065,0.07822012499153486,ZDT,True,0.062001232335113746,mutation_eta_05,0.07502149112548764,2,20,ZDT2,5,ok,ZDT2_n20_m2
0.35780019261708773,0.4329382330666762,2000,mutation,923e397243db43cc,-0.23014002697775274,0.2499523101040328,ZDT,True,0.127660165639335,mutation_eta_05,0.15446880042359537,2,20,ZDT2,6,ok,ZDT2_n20_m2
0.07356182140488715,0.08900980389991346,2000,mutation,923e397243db43cc,-0.055231609396499765,0.03425455535217459,ZDT,True,0.01833021200838739,mutation_eta_05,0.022179556530148744,2,20,ZDT2,7,ok,ZDT2_n20_m2
0.07716089789721674,0.09336468645563227,2000,mutation,923e397243db43cc,-0.025020698363222453,0.014297195659300321,ZDT,True,0.052140199533994284,mutation_eta_05,0.06308964143613309,2,20,ZDT2,8,ok,ZDT2_n20_m2
0.08735424635467694,0.10569863808915911,2000,mutation,923e397243db43cc,-0.08735424635467694,0.17823838597730213,ZDT,True,0.0,mutation_eta_05,0.0,2,20,ZDT2,9,ok,ZDT2_n20_m2
0.09221999882866946,0.11158619858269006,2000,crossover,030e7ef868b7c345,-0.09221999882866946,0.22959522850313335,ZDT,True,0.0,crossover_prob_01,0.0,2,20,ZDT2,0,ok,ZDT2_n20_m2
0.06472239721208357,0.07831410062662114,2000,crossover,030e7ef868b7c345,-0.06472239721208357,0.09952482045688238,ZDT,True,0.0,crossover_prob_01,0.0,2,20,ZDT2,1,ok,ZDT2_n20_m2
0.05682181523440302,0.06875439643362767,2000,crossover,030e7ef868b7c345,-0.031094183782514467,0.019711737245871275,ZDT,True,0.025727631451888555,crossover_prob_01,0.03113043405678516,2,20,ZDT2,2,ok,ZDT2_n20_m2
0.10901712897845967,0.13191072606393622,2000,crossover,030e7ef868b7c345,-0.10901712897845967,0.3005448148220539,ZDT,True,0.0,crossover_prob_01,0.0,2,20,ZDT2,3,ok,ZDT2_n20_m2
0.1399149637559087,0.16929710614464955,2000,crossover,030e7ef868b7c345,0.023052923974995587,-0.08481119371135043,ZDT,True,0.1629678877309043,crossover_prob_01,0.1971911441543942,2,20,ZDT2,4,ok,ZDT2_n20_m2
0.09161046498860581,0.11084866263621304,2000,crossover,030e7ef868b7c345,0.1639763220473896,-0.41557667289639066,ZDT,True,0.2555867870359954,crossover_prob_01,0.3092600123135545,2,20,ZDT2,5,ok,ZDT2_n20_m2
0.35780019261708773,0.4329382330666762,2000,crossover,030e7ef868b7c345,-0.3500345373684085,0.5973851764161926,ZDT,True,0.007765655248679223,crossover_prob_01,0.00939644285090186,2,20,ZDT2,6,ok,ZDT2_n20_m2
0.07356182140488715,0.08900980389991346,2000,crossover,030e7ef868b7c345,-0.06001212734048087,0.03753537321473521,ZDT,True,0.013549694064406278,crossover_prob_01,0.0163951298179316,2,20,ZDT2,7,ok,ZDT2_n20_m2
0.07716089789721674,0.09336468645563227,2000,crossover,030e7ef868b7c345,-0.012864376552177828,0.00710346111175042,ZDT,True,0.06429652134503891,crossover_prob_01,0.07779879082749709,2,20,ZDT2,8,ok,ZDT2_n20_m2
0.08735424635467694,0.10569863808915911,2000,crossover,030e7ef868b7c345,-0.05382099992432877,0.14731932318283725,ZDT,True,0.03353324643034817,crossover_prob_01,0.04057522818072129,2,20,ZDT2,9,ok,ZDT2_n20_m2
0.09221999882866946,0.11158619858269006,2000,crossover,8de680518093ce2e,-0.01568340184461106,0.1659001572595567,ZDT,True,0.0765365969840584,crossover_prob_02,0.09260928235071068,2,20,ZDT2,0,ok,ZDT2_n20_m2
0.06472239721208357,0.07831410062662114,2000,crossover,8de680518093ce2e,0.003831503484012358,-0.11064042975002897,ZDT,True,0.06855390069609593,crossover_prob_02,0.08295021984227609,2,20,ZDT2,1,ok,ZDT2_n20_m2
0.05682181523440302,0.06875439643362767,2000,crossover,8de680518093ce2e,0.011027368447516395,-0.006392020074558191,ZDT,True,0.06784918368191942,crossover_prob_02,0.0820975122551225,2,20,ZDT2,2,ok,ZDT2_n20_m2
0.10901712897845967,0.13191072606393622,2000,crossover,8de680518093ce2e,0.018651980906599586,0.010933150580362372,ZDT,True,0.12766910988505925,crossover_prob_02,0.15447962296092171,2,20,ZDT2,3,ok,ZDT2_n20_m2
0.1399149637559087,0.16929710614464955,2000,crossover,8de680518093ce2e,-0.121133570305196,0.30638154371836657,ZDT,True,0.01878139345071269,crossover_prob_02,0.02272548607536236,2,20,ZDT2,4,ok,ZDT2_n20_m2
0.09161046498860581,0.11084866263621304,2000,crossover,8de680518093ce2e,-0.03441566838733152,0.08104558178310717,ZDT,True,0.05719479660127429,crossover_prob_02,0.06920570388754191,2,20,ZDT2,5,ok,ZDT2_n20_m2
0.35780019261708773,0.4329382330666762,2000,crossover,8de680518093ce2e,-0.30357130213581923,0.5669424256883102,ZDT,True,0.0542288904812685,crossover_prob_02,0.0656169574823349,2,20,ZDT2,6,ok,ZDT2_n20_m2
0.07356182140488715,0.08900980389991346,2000,crossover,8de680518093ce2e,-0.012003254109639434,0.006759204109917261,ZDT,True,0.06155856729524772,crossover_prob_02,0.07448586642724975,2,20,ZDT2,7,ok,ZDT2_n20_m2
0.07716089789721674,0.09336468645563227,2000,crossover,8de680518093ce2e,-0.011313258754002117,0.006219310572092573,ZDT,True,0.06584763914321462,crossover_prob_02,0.07967564336328971,2,20,ZDT2,8,ok,ZDT2_n20_m2
0.08735424635467694,0.10569863808915911,2000,crossover,8de680518093ce2e,-0.028537719911660264,0.13157728991016848,ZDT,True,0.05881652644301667,crossover_prob_02,0.07116799699605018,2,20,ZDT2,9,ok,ZDT2_n20_m2
0.09221999882866946,0.11158619858269006,2000,crossover,2d6a155ca93bf0b4,0.29083232361581257,-0.4030618430606131,ZDT,True,0.383052322444482,crossover_prob_03,0.4634933101578233,2,20,ZDT2,0,ok,ZDT2_n20_m2
0.06472239721208357,0.07831410062662114,2000,crossover,2d6a155ca93bf0b4,-0.008015370318218383,0.004685164516550544,ZDT,True,0.05670702689386519,crossover_prob_03,0.06861550254157689,2,20,ZDT2,1,ok,ZDT2_n20_m2
0.05682181523440302,0.06875439643362767,2000,crossover,2d6a155ca93bf0b4,0.07462480609245092,-0.26374127359744237,ZDT,True,0.13144662132685395,crossover_prob_03,0.1590504118054933,2,20,ZDT2,2,ok,ZDT2_n20_m2
0.10901712897845967,0.13191072606393622,2000,crossover,2d6a155ca93bf0b4,-0.019771541095412154,0.19882994317135233,ZDT,True,0.08924558788304751,crossover_prob_03,0.1079871613384875,2,20,ZDT2,3,ok,ZDT2_n20_m2
0.1399149637559087,0.16929710614464955,2000,crossover,2d6a155ca93bf0b4,-0.05679748204296664,0.1986597322915884,ZDT,True,0.08311748171294206,crossover_prob_03,0.10057215287265991,2,20,ZDT2,4,ok,ZDT2_n20_m2
0.09161046498860581,0.11084866263621304,2000,crossover,2d6a155ca93bf0b4,-0.012734796795892178,0.06888798061597545,ZDT,True,0.07887566819271363,crossover_prob_03,0.09543955851318352,2,20,ZDT2,5,ok,ZDT2_n20_m2
0.35780019261708773,0.4329382330666762,2000,crossover,2d6a155ca93bf0b4,-0.2719963110007155,0.41031358733028717,ZDT,True,0.08580388161637226,crossover_prob_03,0.10382269675581045,2,20,ZDT2,6,ok,ZDT2_n20_m2
0.07356182140488715,0.08900980389991346,2000,crossover,2d6a155ca93bf0b4,-0.00496696609688782,0.002739372230432191,ZDT,True,0.06859485530799933,crossover_prob_03,0.0829997749226792,2,20,ZDT2,7,ok,ZDT2_n20_m2
0.07716089789721674,0.09336468645563227,2000,crossover,2d6a155ca93bf0b4,0.04692132594446713,-0.2060443056600148,ZDT,True,0.12408222384168387,crossover_prob_03,0.1501394908484375,2,20,ZDT2,8,ok,ZDT2_n20_m2
0.08735424635467694,0.10569863808915911,2000,crossover,2d6a155ca93bf0b4,-0.049608223592788374,0.1445125512549661,ZDT,True,0.03774602276188856,crossover_prob_03,0.04567268754188517,2,20,ZDT2,9,ok,ZDT2_n20_m2
0.09221999882866946,0.11158619858269006,2000,crossover,412832f013647371,-0.011737357185463967,0.06331030945626542,ZDT,True,0.0804826416432055,crossover_eta_01,0.09738399638827867,2,20,ZDT2,0,ok,ZDT2_n20_m2
0.06472239721208357,0.07831410062662114,2000,crossover,412832f013647371,0.011270946946873459,-0.006241171041293403,ZDT,True,0.07599334415895703,crossover_eta_01,0.09195194643233802,2,20,ZDT2,1,ok,ZDT2_n20_m2
0.05682181523440302,0.06875439643362767,2000,crossover,412832f013647371,0.024063110574174665,-0.013420630871248562,ZDT,True,0.08088492580857769,crossover_eta_01,0.09787076022837901,2,20,ZDT2,2,ok,ZDT2_n20_m2
0.10901712897845967,0.13191072606393622,2000,crossover,412832f013647371,-0.04528251506267507,0.26725565596698025,ZDT,True,0.0637346139157846,crossover_eta_01,0.07711888283809937,2,20,ZDT2,3,ok,ZDT2_n20_m2
0.1399149637559087,0.16929710614464955,2000,crossover,412832f013647371,0.06452412669356519,-0.10216397502002064,ZDT,True,0.2044390904494739,crossover_eta_01,0.24737129944386346,2,20,ZDT2,4,ok,ZDT2_n20_m2
0.09161046498860581,0.11084866263621304,2000,crossover,412832f013647371,-0.010044427614882473,0.06749862725411615,ZDT,True,0.08156603737372334,crossover_eta_01,0.09869490522220525,2,20,ZDT2,5,ok,ZDT2_n20_m2
0.35780019261708773,0.4329382330666762,2000,crossover,412832f013647371,-0.25977631222444797,0.41408557398480034,ZDT,True,0.09802388039263975,crossover_eta_01,0.1186088952750941,2,20,ZDT2,6,ok,ZDT2_n20_m2
0.07356182140488715,0.08900980389991346,2000,crossover,412832f013647371,0.2874699369132088,-0.5603986266025052,ZDT,True,0.361031758318096,crossover_eta_01,0.4368484275648962,2,20,ZDT2,7,ok,ZDT2_n20_m2
0.07716089789721674,0.09336468645563227,2000,crossover,412832f013647371,-0.007180088258617573,0.0038954364341646786,ZDT,True,0.06998080963859916,crossover_eta_01,0.08467677966270501,2,20,ZDT2,8,ok,ZDT2_n20_m2
0.08735424635467694,0.10569863808915911,2000,crossover,412832f013647371,-0.005653881394359697,0.11892255014357545,ZDT,True,0.08170036496031724,crossover_eta_01,0.09885744160198387,2,20,ZDT2,9,ok,ZDT2_n20_m2
0.09221999882866946,0.11158619858269006,2000,crossover,b1ff126c53709b20,0.27649282227454763,-0.3969846966637168,ZDT,True,0.36871282110321707,crossover_eta_02,0.4461425135348927,2,20,ZDT2,0,ok,ZDT2_n20_m2
0.06472239721208357,0.07831410062662114,2000,crossover,b1ff126c53709b20,-0.016793651861364563,0.01002052185182889,ZDT,True,0.04792874535071901,crossover_eta_02,0.057993781874370015,2,20,ZDT2,1,ok,ZDT2_n20_m2
0.05682181523440302,0.06875439643362767,2000,crossover,b1ff126c53709b20,0.024067052807556347,-0.013422291072404557,ZDT,True,0.08088886804195937,crossover_eta_02,0.09787553033077084,2,20,ZDT2,2,ok,ZDT2_n20_m2
0.10901712897845967,0.13191072606393622,2000,crossover,b1ff126c53709b20,-0.05840346911611529,0.27505599955453935,ZDT,True,0.050613659862344375,crossover_eta_02,0.0612425284334367,2,20,ZDT2,3,ok,ZDT2_n20_m2
0.1399149637559087,0.16929710614464955,2000,crossover,b1ff126c53709b20,-0.07940162469812757,0.2184167497837577,ZDT,True,0.060513339057781126,crossover_eta_02,0.07322114025991518,2,20,ZDT2,4,ok,ZDT2_n20_m2
0.09161046498860581,0.11084866263621304,2000,crossover,b1ff126c53709b20,-0.004926028298458979,0.06494719144843619,ZDT,True,0.08668443669014683,crossover_eta_02,0.10488816839507768,2,20,ZDT2,5,ok,ZDT2_n20_m2
0.35780019261708773,0.4329382330666762,2000,crossover,b1ff126c53709b20,-0.15645262577938723,0.19017440684697273,ZDT,True,0.2013475668377005,crossover_eta_02,0.24363055587361765,2,20,ZDT2,6,ok,ZDT2_n20_m2
0.07356182140488715,0.08900980389991346,2000,crossover,b1ff126c53709b20,0.3114266146821567,-0.5740481811865035,ZDT,True,0.38498843608704386,crossover_eta_02,0.4658360076653231,2,20,ZDT2,7,ok,ZDT2_n20_m2
0.07716089789721674,0.09336468645563227,2000,crossover,b1ff126c53709b20,0.03318756261160201,-0.1686139934497506,ZDT,True,0.11034846050881875,crossover_eta_02,0.1335216372156707,2,20,ZDT2,8,ok,ZDT2_n20_m2
0.08735424635467694,0.10569863808915911,2000,crossover,b1ff126c53709b20,-0.008871589466374855,0.035897973629890556,ZDT,True,0.07848265688830208,crossover_eta_02,0.09496401483484554,2,20,ZDT2,9,ok,ZDT2_n20_m2
0.09221999882866946,0.11158619858269006,2000,crossover,142e78244ebe4c19,-0.040077722267862624,0.17986504077078386,ZDT,True,0.05214227656080684,crossover_eta_03,0.06309215463857629,2,20,ZDT2,0,ok,ZDT2_n20_m2
0.06472239721208357,0.07831410062662114,2000,crossover,142e78244ebe4c19,-0.027867193523468864,0.017021777504980018,ZDT,True,0.03685520368861471,crossover_eta_03,0.044594796463223806,2,20,ZDT2,1,ok,ZDT2_n20_m2
0.05682181523440302,0.06875439643362767,2000,crossover,142e78244ebe4c19,-0.05682181523440302,0.053813410841303755,ZDT,True,0.0,crossover_eta_03,0.0,2,20,ZDT2,2,ok,ZDT2_n20_m2
0.10901712897845967,0.13191072606393622,2000,crossover,142e78244ebe4c19,-0.03090369582794457,0.22597610264627827,ZDT,True,0.0781134331505151,crossover_eta_03,0.09451725411212328,2,20,ZDT2,3,ok,ZDT2_n20_m2
0.1399149637559087,0.16929710614464955,2000,crossover,142e78244ebe4c19,-0.08836570857168113,0.26295980532668717,ZDT,True,0.051549255184227566,crossover_eta_03,0.06237459877291537,2,20,ZDT2,4,ok,ZDT2_n20_m2
0.09161046498860581,0.11084866263621304,2000,crossover,142e78244ebe4c19,0.04378120604823907,-0.16578638311881366,ZDT,True,0.13539167103684488,crossover_eta_03,0.16382392195458234,2,20,ZDT2,5,ok,ZDT2_n20_m2
0.35780019261708773,0.4329382330666762,2000,crossover,142e78244ebe4c19,-0.20451342701885036,0.2655908948254647,ZDT,True,0.15328676559823737,crossover_eta_03,0.18547698637386725,2,20,ZDT2,6,ok,ZDT2_n20_m2
0.07356182140488715,0.08900980389991346,2000,crossover,142e78244ebe4c19,-0.00015153183957537786,-0.00036698609020413553,ZDT,True,0.07341028956531177,crossover_eta_03,0.08882645037402725,2,20,ZDT2,7,ok,ZDT2_n20_m2
0.07716089789721674,0.09336468645563227,2000,crossover,142e78244ebe4c19,0.05054907860169193,-0.2371639163788936,ZDT,True,0.12770997649890867,crossover_eta_03,0.1545290715636795,2,20,ZDT2,8,ok,ZDT2_n20_m2
0.08735424635467694,0.10569863808915911,2000,crossover,142e78244ebe4c19,-0.011869899848815993,0.12217423442442965,ZDT,True,0.07548434650586094,crossover_eta_03,0.09133605927209175,2,20,ZDT2,9,ok,ZDT2_n20_m2
0.09221999882866946,0.11158619858269006,2000,crossover,f77fdcb9ddfc9e96,-0.039430755529061626,0.17947200242516398,ZDT,True,0.05278924329960784,crossover_eta_04,0.0638749843925255,2,20,ZDT2,0,ok,ZDT2_n20_m2
0.06472239721208357,0.07831410062662114,2000,crossover,f77fdcb9ddfc9e96,-0.039676271042389334,0.024784155751510717,ZDT,True,0.02504612616969424,crossover_eta_04,0.030305812665330036,2,20,ZDT2,1,ok,ZDT2_n20_m2
0.05682181523440302,0.06875439643362767,2000,crossover,f77fdcb9ddfc9e96,-0.00882677951901406,-0.11517404406665632,ZDT,True,0.04799503571538896,crossover_eta_04,0.05807399321562065,2,20,ZDT2,2,ok,ZDT2_n20_m2
0.10901712897845967,0.13191072606393622,2000,crossover,f77fdcb9ddfc9e96,-0.04068157646698656,0.1939515838700287,ZDT,True,0.06833555251147311,crossover_eta_04,0.08268601853888247,2,20,ZDT2,3,ok,ZDT2_n20_m2
0.1399149637559087,0.16929710614464955,2000,crossover,f77fdcb9ddfc9e96,-0.05944596840430422,0.2687775578834851,ZDT,True,0.08046899535160448,crossover_eta_04,0.09736748437544145,2,20,ZDT2,4,ok,ZDT2_n20_m2
0.09161046498860581,0.11084866263621304,2000,crossover,f77fdcb9ddfc9e96,0.02398725406935502,-0.12351209227802101,ZDT,True,0.11559771905796083,crossover_eta_04,0.13987324006013263,2,20,ZDT2,5,ok,ZDT2_n20_m2
0.35780019261708773,0.4329382330666762,2000,crossover,f77fdcb9ddfc9e96,-0.35780019261708773,0.6106381247334352,ZDT,True,0.0,crossover_eta_04,0.0,2,20,ZDT2,6,ok,ZDT2_n20_m2
0.07356182140488715,0.08900980389991346,2000,crossover,f77fdcb9ddfc9e96,0.19984821172227546,-0.4752942432357323,ZDT,True,0.2734100331271626,crossover_eta_04,0.3308261400838668,2,20,ZDT2,7,ok,ZDT2_n20_m2
0.07716089789721674,0.09336468645563227,2000,crossover,f77fdcb9ddfc9e96,0.045418277764555426,-0.21396874323145337,ZDT,True,0.12257917566177216,crossover_eta_04,0.14832080255074434,2,20,ZDT2,8,ok,ZDT2_n20_m2
0.08735424635467694,0.10569863808915911,2000,crossover,f77fdcb9ddfc9e96,0.14772480508787822,-0.3039056965436504,ZDT,True,0.23507905144255517,crossover_eta_04,0.2844456522454918,2,20,ZDT2,9,ok,ZDT2_n20_m2
0.09221999882866946,0.11158619858269006,2000,selection,1babac70add1d472,-0.005200855349004996,0.06410047341287678,ZDT,True,0.08701914347966447,selection_tournament_01,0.10529316361039402,2,20,ZDT2,0,ok,ZDT2_n20_m2
0.06472239721208357,0.07831410062662114,2000,selection,1babac70add1d472,0.01532045024639507,-0.07010679151411703,ZDT,True,0.08004284745847864,selection_tournament_01,0.09685184542475918,2,20,ZDT2,1,ok,ZDT2_n20_m2
0.05682181523440302,0.06875439643362767,2000,selection,1babac70add1d472,0.07532194899602679,-0.23390940293608103,ZDT,True,0.1321437642304298,selection_tournament_01,0.1598939547188201,2,20,ZDT2,2,ok,ZDT2_n20_m2
0.10901712897845967,0.13191072606393622,2000,selection,1babac70add1d472,-0.03950328756457934,0.26398222840396485,ZDT,True,0.06951384141388033,selection_tournament_01,0.0841117481107952,2,20,ZDT2,3,ok,ZDT2_n20_m2
0.1399149637559087,0.16929710614464955,2000,selection,1babac70add1d472,0.09646774140911557,-0.174995647319102,ZDT,True,0.23638270516502427,selection_tournament_01,0.2860230732496794,2,20,ZDT2,4,ok,ZDT2_n20_m2
0.09161046498860581,0.11084866263621304,2000,selection,1babac70add1d472,-0.015103576341854705,-0.021262745119605575,ZDT,True,0.0765068886467511,selection_tournament_01,0.09257333526256885,2,20,ZDT2,5,ok,ZDT2_n20_m2
0.35780019261708773,0.4329382330666762,2000,selection,1babac70add1d472,-0.2810719532846642,0.5541394973290761,ZDT,True,0.0767282393324235,selection_tournament_01,0.09284116959223244,2,20,ZDT2,6,ok,ZDT2_n20_m2
0.07356182140488715,0.08900980389991346,2000,selection,1babac70add1d472,0.0056901360770508225,-0.11564271380351843,ZDT,True,0.07925195748193797,selection_tournament_01,0.09589486855314495,2,20,ZDT2,7,ok,ZDT2_n20_m2
0.07716089789721674,0.09336468645563227,2000,selection,1babac70add1d472,-0.017117355182631598,0.009573584088402698,ZDT,True,0.06004354271458514,selection_tournament_01,0.07265268668464803,2,20,ZDT2,8,ok,ZDT2_n20_m2
0.08735424635467694,0.10569863808915911,2000,selection,1babac70add1d472,-0.013921077433384735,0.12328064743372047,ZDT,True,0.0734331689212922,selection_tournament_01,0.08885413439476357,2,20,ZDT2,9,ok,ZDT2_n20_m2
0.09221999882866946,0.11158619858269006,2000,selection,e4c439a0e88b6a6d,0.05652901315046213,-0.08494864240844502,ZDT,True,0.1487490119791316,selection_tournament_02,0.17998630449474926,2,20,ZDT2,0,ok,ZDT2_n20_m2
0.06472239721208357,0.07831410062662114,2000,selection,e4c439a0e88b6a6d,0.01881266070809727,-0.07100088472056265,ZDT,True,0.08353505792018084,selection_tournament_02,0.10107742008341884,2,20,ZDT2,1,ok,ZDT2_n20_m2
0.05682181523440302,0.06875439643362767,2000,selection,e4c439a0e88b6a6d,0.024018577904988625,-0.06304917635341578,ZDT,True,0.08084039313939165,selection_tournament_02,0.09781687569866392,2,20,ZDT2,2,ok,ZDT2_n20_m2
0.10901712897845967,0.13191072606393622,2000,selection,e4c439a0e88b6a6d,-0.07922478024021307,0.28816686272444675,ZDT,True,0.029792348738246606,selection_tournament_02,0.0360487419732784,2,20,ZDT2,3,ok,ZDT2_n20_m2
0.1399149637559087,0.16929710614464955,2000,selection,e4c439a0e88b6a6d,-0.0907150240697391,0.2846410757494876,ZDT,True,0.049199939686169605,selection_tournament_02,0.05953192702026523,2,20,ZDT2,4,ok,ZDT2_n20_m2
0.09161046498860581,0.11084866263621304,2000,selection,e4c439a0e88b6a6d,-0.007402508947538924,0.06616569868818456,ZDT,True,0.08420795604106689,selection_tournament_02,0.10189162680969095,2,20,ZDT2,5,ok,ZDT2_n20_m2
0.35780019261708773,0.4329382330666762,2000,selection,e4c439a0e88b6a6d,0.007417554359831713,-0.008001963434134271,ZDT,True,0.36521774697691944,selection_tournament_02,0.4419134738420726,2,20,ZDT2,6,ok,ZDT2_n20_m2
0.07356182140488715,0.08900980389991346,2000,selection,e4c439a0e88b6a6d,0.30658926551916976,-0.5709098488059422,ZDT,True,0.3801510869240569,selection_tournament_02,0.45998281517810896,2,20,ZDT2,7,ok,ZDT2_n20_m2
0.07716089789721674,0.09336468645563227,2000,selection,e4c439a0e88b6a6d,0.16984116901316404,-0.4253304438646185,ZDT,True,0.2470020669103808,selection_tournament_02,0.2988725009615608,2,20,ZDT2,8,ok,ZDT2_n20_m2
0.08735424635467694,0.10569863808915911,2000,selection,e4c439a0e88b6a6d,-0.015579829543665144,0.12418663794474494,ZDT,True,0.07177441681101179,selection_tournament_02,0.08684704434132429,2,20,ZDT2,9,ok,ZDT2_n20_m2
0.09221999882866946,0.11158619858269006,2000,selection,68565a18b9f735be,0.2241619633173564,-0.3404689349810957,ZDT,True,0.3163819621460259,selection_tournament_03,0.3828221741966914,2,20,ZDT2,0,ok,ZDT2_n20_m2
0.06472239721208357,0.07831410062662114,2000,selection,68565a18b9f735be,-0.03586504616219012,0.022148939839238047,ZDT,True,0.028857351049893457,selection_tournament_03,0.03491739477037109,2,20,ZDT2,1,ok,ZDT2_n20_m2
0.05682181523440302,0.06875439643362767,2000,selection,68565a18b9f735be,0.033286014247892015,-0.07122846384938064,ZDT,True,0.09010782948229504,selection_tournament_03,0.10903047367357702,2,20,ZDT2,2,ok,ZDT2_n20_m2
0.10901712897845967,0.13191072606393622,2000,selection,68565a18b9f735be,-0.022635555649195824,0.19233977945067632,ZDT,True,0.08638157332926384,selection_tournament_03,0.10452170372840926,2,20,ZDT2,3,ok,ZDT2_n20_m2
0.1399149637559087,0.16929710614464955,2000,selection,68565a18b9f735be,-0.07295309604853109,0.2760927985297118,ZDT,True,0.06696186770737761,selection_tournament_03,0.08102385992592692,2,20,ZDT2,4,ok,ZDT2_n20_m2
0.09161046498860581,0.11084866263621304,2000,selection,68565a18b9f735be,0.2669915857092441,-0.48771768638913343,ZDT,True,0.3586020506978499,selection_tournament_03,0.4339084813443984,2,20,ZDT2,5,ok,ZDT2_n20_m2
0.35780019261708773,0.4329382330666762,2000,selection,68565a18b9f735be,-0.26506408970422335,0.4447160675521494,ZDT,True,0.0927361029128644,selection_tournament_03,0.11221068452456594,2,20,ZDT2,6,ok,ZDT2_n20_m2
0.07356182140488715,0.08900980389991346,2000,selection,68565a18b9f735be,0.02643241889876874,-0.14691408684212887,ZDT,True,0.09999424030365589,selection_tournament_03,0.12099303076742365,2,20,ZDT2,7,ok,ZDT2_n20_m2
0.07716089789721674,0.09336468645563227,2000,selection,68565a18b9f735be,0.04776795685566661,-0.20461762465410938,ZDT,True,0.12492885475288334,selection_tournament_03,0.15116391425098888,2,20,ZDT2,8,ok,ZDT2_n20_m2
0.08735424635467694,0.10569863808915911,2000,selection,68565a18b9f735be,-0.0306693466574786,0.13283670980743978,ZDT,True,0.05668489969719834,selection_tournament_03,0.06858872863361,2,20,ZDT2,9,ok,ZDT2_n20_m2
0.5903598080857001,1.079085012399394,2000,mutation,7a8d3fc8de80379d,-0.014970284343228557,0.053870116279033646,ZDT,True,0.5753895237424715,mutation_prob_01,1.0517216837227403,2,10,ZDT3,0,ok,ZDT3_n10_m2
0.575068514521448,1.051134929281628,2000,mutation,7a8d3fc8de80379d,-0.0024337867789769874,0.001991678372321365,ZDT,True,0.572634727742471,mutation_prob_01,1.0466863492790603,2,10,ZDT3,1,ok,ZDT3_n10_m2
0.5754930655728686,1.0519109419273267,2000,mutation,7a8d3fc8de80379d,-0.05361451827809993,0.13091481708357672,ZDT,True,0.5218785472947687,mutation_prob_01,0.9539120227452935,2,10,ZDT3,2,ok,ZDT3_n10_m2
0.5858981045991506,1.0709297191423588,2000,mutation,7a8d3fc8de80379d,-0.03880917289617547,0.02878711464212886,ZDT,True,0.5470889317029751,mutation_prob_01,0.9999926461195964,2,10,ZDT3,3,ok,ZDT3_n10_m2
0.5796038045896712,1.0594247272530934,2000,mutation,7a8d3fc8de80379d,-0.033511176442254986,0.02651744675383598,ZDT,True,0.5460926281474162,mutation_prob_01,0.9981715596908132,2,10,ZDT3,4,ok,ZDT3_n10_m2
0.520395980582304,0.9512021236339517,2000,mutation,7a8d3fc8de80379d,0.02738237694603851,-0.15229152505752597,ZDT,True,0.5477783575283425,mutation_prob_01,1.0012528082531387,2,10,ZDT3,5,ok,ZDT3_n10_m2
0.5680528900907617,1.0383114696353413,2000,mutation,7a8d3fc8de80379d,0.016087313016263538,-0.054716058731400646,ZDT,True,0.5841402031070252,mutation_prob_01,1.0677165512954865,2,10,ZDT3,6,ok,ZDT3_n10_m2
0.5563688576552304,1.0169548933357908,2000,mutation,7a8d3fc8de80379d,-0.04300147960963352,0.1699652822361566,ZDT,True,0.5133673780455968,mutation_prob_01,0.938354942048088,2,10,ZDT3,7,ok,ZDT3_n10_m2
0.5907256901196891,1.0797537872952736,2000,mutation,7a8d3fc8de80379d,-0.05332033003905601,0.03507124790145415,ZDT,True,0.5374053600806331,mutation_prob_01,0.982292598011564,2,10,ZDT3,8,ok,ZDT3_n10_m2
0.5907874704203443,1.0798667119821945,2000,mutation,7a8d3fc8de80379d,-0.012203299894026132,0.005701282175807424,ZDT,True,0.5785841705263182,mutation_prob_01,1.0575609963201493,2,10,ZDT3,9,ok,ZDT3_n10_m2
0.5903598080857001,1.079085012399394,2000,mutation,a07f27d409723f64,-0.000687141906736799,-0.002401684884956491,ZDT,True,0.5896726661789633,mutation_prob_03,1.077829024910416,2,10,ZDT3,0,ok,ZDT3_n10_m2
0.575068514521448,1.051134929281628,2000,mutation,a07f27d409723f64,0.0162020470773252,-0.05378846429049597,ZDT,True,0.5912705615987732,mutation_prob_03,1.0807497267862594,2,10,ZDT3,1,ok,ZDT3_n10_m2
0.5754930655728686,1.0519109419273267,2000,mutation,a07f27d409723f64,-0.001561867410158846,0.0013044280957880405,ZDT,True,0.5739311981627098,mutation_prob_03,1.0490560935948785,2,10,ZDT3,2,ok,ZDT3_n10_m2
0.5858981045991506,1.0709297191423588,2000,mutation,a07f27d409723f64,-0.003278447177363475,-0.007988639594355097,ZDT,True,0.5826196574217871,mutation_prob_03,1.0649372325865631,2,10,ZDT3,3,ok,ZDT3_n10_m2
0.5796038045896712,1.0594247272530934,2000,mutation,a07f27d409723f64,0.006001568161053461,-0.003113347519108592,ZDT,True,0.5856053727507247,mutation_prob_03,1.0703946512973568,2,10,ZDT3,4,ok,ZDT3_n10_m2
0.520395980582304,0.9512021236339517,2000,mutation,a07f27d409723f64,0.05787701919423571,-0.13445816537034144,ZDT,True,0.5782729997765397,mutation_prob_03,1.0569922250593282,2,10,ZDT3,5,ok,ZDT3_n10_m2
0.5680528900907617,1.0383114696353413,2000,mutation,a07f27d409723f64,0.020911129280895335,-0.056845221732365545,ZDT,True,0.588964019371657,mutation_prob_03,1.07653372984057,2,10,ZDT3,6,ok,ZDT3_n10_m2
0.5563688576552304,1.0169548933357908,2000,mutation,a07f27d409723f64,-0.04221708598030682,0.16542789965839164,ZDT,True,0.5141517716749235,mutation_prob_03,0.93978869041245,2,10,ZDT3,7,ok,ZDT3_n10_m2
0.5907256901196891,1.0797537872952736,2000,mutation,a07f27d409723f64,-0.0020074388118529463,0.002218389398555865,ZDT,True,0.5887182513078362,mutation_prob_03,1.0760845044181013,2,10,ZDT3,8,ok,ZDT3_n10_m2
0.5907874704203443,1.0798667119821945,2000,mutation,a07f27d409723f64,-0.019034300385648684,0.05423635360897386,ZDT,True,0.5717531700346956,mutation_prob_03,1.0450750002390394,2,10,ZDT3,9,ok,ZDT3_n10_m2
0.5903598080857001,1.079085012399394,2000,mutation,a4b226248b5b36f2,-0.0036136726636163408,-0.0019473944129614774,ZDT,True,0.5867461354220838,mutation_prob_04,1.072479786302329,2,10,ZDT3,0,ok,ZDT3_n10_m2
0.575068514521448,1.051134929281628,2000,mutation,a4b226248b5b36f2,0.007926448350229154,-0.04840830074881964,ZDT,True,0.5829949628716772,mutation_prob_04,1.0656232320067496,2,10,ZDT3,1,ok,ZDT3_n10_m2
0.5754930655728686,1.0519109419273267,2000,mutation,a4b226248b5b36f2,0.010889501630802711,-0.05326248065155315,ZDT,True,0.5863825672036713,mutation_prob_04,1.0718152406979367,2,10,ZDT3,2,ok,ZDT3_n10_m2
0.5858981045991506,1.0709297191423588,2000,mutation,a4b226248b5b36f2,-0.01455508736494704,0.007403474478772432,ZDT,True,0.5713430172342036,mutation_prob_04,1.0443253053347743,2,10,ZDT3,3,ok,ZDT3_n10_m2
0.5796038045896712,1.0594247272530934,2000,mutation,a4b226248b5b36f2,0.006405552511871582,-0.004216607682124849,ZDT,True,0.5860093571015428,mutation_prob_04,1.071133071244381,2,10,ZDT3,4,ok,ZDT3_n10_m2
0.520395980582304,0.9512021236339517,2000,mutation,a4b226248b5b36f2,0.0661891883849064,-0.18492860501912686,ZDT,True,0.5865851689672104,mutation_prob_04,1.0721855649028131,2,10,ZDT3,5,ok,ZDT3_n10_m2
0.5680528900907617,1.0383114696353413,2000,mutation,a4b226248b5b36f2,0.015082625873884425,-0.05487992823048128,ZDT,True,0.5831355159646461,mutation_prob_04,1.0658801409866496,2,10,ZDT3,6,ok,ZDT3_n10_m2
0.5563688576552304,1.0169548933357908,2000,mutation,a4b226248b5b36f2,0.03301513807623169,-0.014514326275358935,ZDT,True,0.589383995731462,mutation_prob_04,1.0773013806684553,2,10,ZDT3,7,ok,ZDT3_n10_m2
0.5907256901196891,1.0797537872952736,2000,mutation,a4b226248b5b36f2,-0.006341036813603429,0.0037195582451914812,ZDT,True,0.5843846533060857,mutation_prob_04,1.0681633678681448,2,10,ZDT3,8,ok,ZDT3_n10_m2
0.5907874704203443,1.0798667119821945,2000,mutation,a4b226248b5b36f2,-0.0031605170984241315,0.002624615060487232,ZDT,True,0.5876269533219202,mutation_prob_04,1.0740897830896252,2,10,ZDT3,9,ok,ZDT3_n10_m2
0.5903598080857001,1.079085012399394,2000,mutation,02b6375c86ca22e2,-0.013491376854473547,0.006358689765654143,ZDT,True,0.5768684312312266,mutation_prob_05,1.0544248943478263,2,10,ZDT3,0,ok,ZDT3_n10_m2
0.575068514521448,1.051134929281628,2000,mutation,02b6375c86ca22e2,-0.008846053995358094,0.004817241519471993,ZDT,True,0.5662224605260899,mutation_prob_05,1.0349657318624823,2,10,ZDT3,1,ok,ZDT3_n10_m2
0.5754930655728686,1.0519109419273267,2000,mutation,02b6375c86ca22e2,0.004126717409103753,-0.048199687130453146,ZDT,True,0.5796197829819724,mutation_prob_05,1.0594539332447923,2,10,ZDT3,2,ok,ZDT3_n10_m2
0.5858981045991506,1.0709297191423588,2000,mutation,02b6375c86ca22e2,-0.008207468893187131,-0.0012878814411642937,ZDT,True,0.5776906357059635,mutation_prob_05,1.0559277549993553,2,10,ZDT3,3,ok,ZDT3_n10_m2
0.5796038045896712,1.0594247272530934,2000,mutation,02b6375c86ca22e2,-0.004292150540020523,0.0014747517969736328,ZDT,True,0.5753116540496507,mutation_prob_05,1.051579350153801,2,10,ZDT3,4,ok,ZDT3_n10_m2
0.520395980582304,0.9512021236339517,2000,mutation,02b6375c86ca22e2,0.04649727617763899,-0.12650501428306565,ZDT,True,0.566893256759943,mutation_prob_05,1.0361918420285379,2,10,ZDT3,5,ok,ZDT3_n10_m2
0.5680528900907617,1.0383114696353413,2000,mutation,02b6375c86ca22e2,0.004817794368253692,-0.046682258089525,ZDT,True,0.5728706844590153,mutation_prob_05,1.0471176410995922,2,10,ZDT3,6,ok,ZDT3_n10_m2
0.5563688576552304,1.0169548933357908,2000,mutation,02b6375c86ca22e2,-0.00017938920721782825,0.04524820902489944,ZDT,True,0.5561894684480125,mutation_prob_05,1.016626998038307,2,10,ZDT3,7,ok,ZDT3_n10_m2
0.5907256901196891,1.0797537872952736,2000,mutation,02b6375c86ca22e2,-0.02985001781449781,0.06325773296998047,ZDT,True,0.5608756723051913,mutation_prob_05,1.0251926427147746,2,10,ZDT3,8,ok,ZDT3_n10_m2
0.5907874704203443,1.0798667119821945,2000,mutation,02b6375c86ca22e2,-0.02236289861998597,0.01205398903809,ZDT,True,0.5684245718003583,mutation_prob_05,1.0389908454273848,2,10,ZDT3,9,ok,ZDT3_n10_m2
0.5903598080857001,1.079085012399394,2000,mutation,ac0cb0b645bda0a6,-0.0006139047580611123,-0.0020943219478270388,ZDT,True,0.589745903327639,mutation_eta_01,1.0779628909162051,2,10,ZDT3,0,ok,ZDT3_n10_m2
0.575068514521448,1.051134929281628,2000,mutation,ac0cb0b645bda0a6,0.01659054438580243,-0.0536640009235672,ZDT,True,0.5916590589072505,mutation_eta_01,1.0814598388521441,2,10,ZDT3,1,ok,ZDT3_n10_m2
0.5754930655728686,1.0519109419273267,2000,mutation,ac0cb0b645bda0a6,0.01769307324653524,-0.05294502612687573,ZDT,True,0.5931861388194039,mutation_eta_01,1.0842511011016602,2,10,ZDT3,2,ok,ZDT3_n10_m2
0.5858981045991506,1.0709297191423588,2000,mutation,ac0cb0b645bda0a6,-0.00217698003686273,-0.006589869155735659,ZDT,True,0.5837211245622879,mutation_eta_01,1.0669505415325413,2,10,ZDT3,3,ok,ZDT3_n10_m2
0.5796038045896712,1.0594247272530934,2000,mutation,ac0cb0b645bda0a6,0.004364335581536483,-0.004244948740355232,ZDT,True,0.5839681401712077,mutation_eta_01,1.0674020472715224,2,10,ZDT3,4,ok,ZDT3_n10_m2
0.520395980582304,0.9512021236339517,2000,mutation,ac0cb0b645bda0a6,0.06980221030450107,-0.18620031472258478,ZDT,True,0.590198190886805,mutation_eta_01,1.0787896015420073,2,10,ZDT3,5,ok,ZDT3_n10_m2
0.5680528900907617,1.0383114696353413,2000,mutation,ac0cb0b645bda0a6,0.021791092212893326,-0.055874983295928,ZDT,True,0.589843982303655,mutation_eta_01,1.0781421638809296,2,10,ZDT3,6,ok,ZDT3_n10_m2
0.5563688576552304,1.0169548933357908,2000,mutation,ac0cb0b645bda0a6,0.030579835482112294,-0.025101315326551958,ZDT,True,0.5869486931373427,mutation_eta_01,1.0728500299938688,2,10,ZDT3,7,ok,ZDT3_n10_m2
0.5907256901196891,1.0797537872952736,2000,mutation,ac0cb0b645bda0a6,-0.018736582755805475,0.05602823927883415,ZDT,True,0.5719891073638836,mutation_eta_01,1.0455062566225288,2,10,ZDT3,8,ok,ZDT3_n10_m2
0.5907874704203443,1.0798667119821945,2000,mutation,ac0cb0b645bda0a6,0.001229032406004582,-0.000791593290532789,ZDT,True,0.5920165028263489,mutation_eta_01,1.0821131901992211,2,10,ZDT3,9,ok,ZDT3_n10_m2
0.5903598080857001,1.079085012399394,2000,mutation,4c8842d4dca4f032,-0.0054745068245081185,-0.00036304738614806667,ZDT,True,0.584885301261192,mutation_eta_02,1.0690784737026624,2,10,ZDT3,0,ok,ZDT3_n10_m2
0.575068514521448,1.051134929281628,2000,mutation,4c8842d4dca4f032,-0.0021386508204871424,0.0013419379526296432,ZDT,True,0.5729298637009609,mutation_eta_02,1.0472258114596908,2,10,ZDT3,1,ok,ZDT3_n10_m2
0.5754930655728686,1.0519109419273267,2000,mutation,4c8842d4dca4f032,0.016871337259180996,-0.055126464500466904,ZDT,True,0.5923644028320496,mutation_eta_02,1.0827490967714894,2,10,ZDT3,2,ok,ZDT3_n10_m2
0.5858981045991506,1.0709297191423588,2000,mutation,4c8842d4dca4f032,-0.01303042806922694,0.04914168805751503,ZDT,True,0.5728676765299237,mutation_eta_02,1.0471121430776114,2,10,ZDT3,3,ok,ZDT3_n10_m2
0.5796038045896712,1.0594247272530934,2000,mutation,4c8842d4dca4f032,0.003327445018922126,-0.0020212105250435215,ZDT,True,0.5829312496085933,mutation_eta_02,1.0655067741680837,2,10,ZDT3,4,ok,ZDT3_n10_m2
0.520395980582304,0.9512021236339517,2000,mutation,4c8842d4dca4f032,0.06955540153508277,-0.18724420099330036,ZDT,True,0.5899513821173867,mutation_eta_02,1.0783384738731507,2,10,ZDT3,5,ok,ZDT3_n10_m2
0.5680528900907617,1.0383114696353413,2000,mutation,4c8842d4dca4f032,0.02372998307323404,-0.05596396846952108,ZDT,True,0.5917828731639957,mutation_eta_02,1.0816861518682837,2,10,ZDT3,6,ok,ZDT3_n10_m2
0.5563688576552304,1.0169548933357908,2000,mutation,4c8842d4dca4f032,0.0313077644762374,-0.016159965425621432,ZDT,True,0.5876766221314678,mutation_eta_02,1.0741805698729265,2,10,ZDT3,7,ok,ZDT3_n10_m2
0.5907256901196891,1.0797537872952736,2000,mutation,4c8842d4dca4f032,0.003208647547055743,-0.0006521921417775647,ZDT,True,0.5939343376667449,mutation_eta_02,1.0856186910889896,2,10,ZDT3,8,ok,ZDT3_n10_m2
0.5907874704203443,1.0798667119821945,2000,mutation,4c8842d4dca4f032,-0.0051224548037325235,0.0016933634508548394,ZDT,True,0.5856650156166118,mutation_eta_02,1.0705036690892078,2,10,ZDT3,9,ok,ZDT3_n10_m2
0.5903598080857001,1.079085012399394,2000,mutation,8f0f5455c0d4a3a6,-0.00878166218630394,0.011077751507663979,ZDT,True,0.5815781458993962,mutation_eta_03,1.0630335130943815,2,10,ZDT3,0,ok,ZDT3_n10_m2
0.575068514521448,1.051134929281628,2000,mutation,8f0f5455c0d4a3a6,0.001656596016351486,-0.0008363836680731207,ZDT,True,0.5767251105377995,mutation_eta_03,1.054162926628944,2,10,ZDT3,1,ok,ZDT3_n10_m2
0.5754930655728686,1.0519109419273267,2000,mutation,8f0f5455c0d4a3a6,0.013566250896147825,-0.053213078521889466,ZDT,True,0.5890593164690164,mutation_eta_03,1.0767079179680081,2,10,ZDT3,2,ok,ZDT3_n10_m2
0.5858981045991506,1.0709297191423588,2000,mutation,8f0f5455c0d4a3a6,-0.06621345894915831,0.17968689937610613,ZDT,True,0.5196846456499923,mutation_eta_03,0.9499019150937692,2,10,ZDT3,3,ok,ZDT3_n10_m2
0.5796038045896712,1.0594247272530934,2000,mutation,8f0f5455c0d4a3a6,0.01070672768897174,-0.006327475338978632,ZDT,True,0.5903105322786429,mutation_eta_03,1.0789949439629234,2,10,ZDT3,4,ok,ZDT3_n10_m2
0.520395980582304,0.9512021236339517,2000,mutation,8f0f5455c0d4a3a6,0.001949548121682465,-0.0017928616635805028,ZDT,True,0.5223455287039864,mutation_eta_03,0.9547655914213015,2,10,ZDT3,5,ok,ZDT3_n10_m2
0.5680528900907617,1.0383114696353413,2000,mutation,8f0f5455c0d4a3a6,0.019253067755301778,-0.056681743827361596,ZDT,True,0.5873059578460634,mutation_eta_03,1.073503053772519,2,10,ZDT3,6,ok,ZDT3_n10_m2
0.5563688576552304,1.0169548933357908,2000,mutation,8f0f5455c0d4a3a6,0.026508484246970943,-0.024612526178156464,ZDT,True,0.5828773419022013,mutation_eta_03,1.0654082393470745,2,10,ZDT3,7,ok,ZDT3_n10_m2
0.5907256901196891,1.0797537872952736,2000,mutation,8f0f5455c0d4a3a6,0.0018026595909695908,-0.0014952775557704866,ZDT,True,0.5925283497106587,mutation_eta_03,1.083048765917515,2,10,ZDT3,8,ok,ZDT3_n10_m2
0.5907874704203443,1.0798667119821945,2000,mutation,8f0f5455c0d4a3a6,-0.004667894621415147,0.0005230963219249023,ZDT,True,0.5861195757989291,mutation_eta_03,1.0713345337132132,2,10,ZDT3,9,ok,ZDT3_n10_m2
0.5903598080857001,1.079085012399394,2000,mutation,3356884b518aafbb,-0.05039436996808533,0.036860002456488745,ZDT,True,0.5399654381176148,mutation_eta_04,0.9869720185995571,2,10,ZDT3,0,ok,ZDT3_n10_m2
0.575068514521448,1.051134929281628,2000,mutation,3356884b518aafbb,-0.007148614491293115,0.004184013476508819,ZDT,True,0.5679199000301549,mutation_eta_04,1.0380683846908156,2,10,ZDT3,1,ok,ZDT3_n10_m2
0.5754930655728686,1.0519109419273267,2000,mutation,3356884b518aafbb,-0.002572624062328055,0.002362717918395263,ZDT,True,0.5729204415105406,mutation_eta_04,1.0472085891753697,2,10,ZDT3,2,ok,ZDT3_n10_m2
0.5858981045991506,1.0709297191423588,2000,mutation,3356884b518aafbb,-0.05643799805101535,0.04477075124920472,ZDT,True,0.5294601065481352,mutation_eta_04,0.9677699223666341,2,10,ZDT3,3,ok,ZDT3_n10_m2
0.5796038045896712,1.0594247272530934,2000,mutation,3356884b518aafbb,-0.16429790935116145,0.4096780988651641,ZDT,True,0.41530589523850975,mutation_eta_04,0.7591139521610736,2,10,ZDT3,4,ok,ZDT3_n10_m2
0.520395980582304,0.9512021236339517,2000,mutation,3356884b518aafbb,-0.012651118880750434,0.011029080222478699,ZDT,True,0.5077448617015535,mutation_eta_04,0.9280778651947341,2,10,ZDT3,5,ok,ZDT3_n10_m2
0.5680528900907617,1.0383114696353413,2000,mutation,3356884b518aafbb,-0.027805563588205295,0.028149785666200577,ZDT,True,0.5402473265025564,mutation_eta_04,0.98748726629629,2,10,ZDT3,6,ok,ZDT3_n10_m2
0.5563688576552304,1.0169548933357908,2000,mutation,3356884b518aafbb,-0.0025893052640955094,0.004394295487465304,ZDT,True,0.5537795523911349,mutation_eta_04,1.0122220499668086,2,10,ZDT3,7,ok,ZDT3_n10_m2
0.5907256901196891,1.0797537872952736,2000,mutation,3356884b518aafbb,-0.05124134483885978,0.042418948882046344,ZDT,True,0.5394843452808293,mutation_eta_04,0.9860926564501741,2,10,ZDT3,8,ok,ZDT3_n10_m2
0.5907874704203443,1.0798667119821945,2000,mutation,3356884b518aafbb,-0.040674338600162785,0.03340022517164136,ZDT,True,0.5501131318201815,mutation_eta_04,1.005520408979259,2,10,ZDT3,9,ok,ZDT3_n10_m2
0.5903598080857001,1.079085012399394,2000,mutation,77970748b582fb76,-0.07190005673512356,0.09340915720312275,ZDT,True,0.5184597513505765,mutation_eta_05,0.9476630006856914,2,10,ZDT3,0,ok,ZDT3_n10_m2
0.575068514521448,1.051134929281628,2000,mutation,77970748b582fb76,-0.09658855625410101,0.17699740011192677,ZDT,True,0.478479958267347,mutation_eta_05,0.8745862178084279,2,10,ZDT3,1,ok,ZDT3_n10_m2
0.5754930655728686,1.0519109419273267,2000,mutation,77970748b582fb76,-0.03851391257367631,-0.0031388081773376514,ZDT,True,0.5369791529991923,mutation_eta_05,0.9815135584030706,2,10,ZDT3,2,ok,ZDT3_n10_m2
0.5858981045991506,1.0709297191423588,2000,mutation,77970748b582fb76,-0.06231573219539088,0.04031883635625023,ZDT,True,0.5235823724037597,mutation_eta_05,0.9570263474565632,2,10,ZDT3,3,ok,ZDT3_n10_m2
0.5796038045896712,1.0594247272530934,2000,mutation,77970748b582fb76,-0.14662230252374564,0.2784068260140456,ZDT,True,0.43298150206592556,mutation_eta_05,0.7914221854643817,2,10,ZDT3,4,ok,ZDT3_n10_m2
0.520395980582304,0.9512021236339517,2000,mutation,77970748b582fb76,0.044349510663403535,-0.1244219693833687,ZDT,True,0.5647454912457075,mutation_eta_05,1.0322660639779042,2,10,ZDT3,5,ok,ZDT3_n10_m2
0.5680528900907617,1.0383114696353413,2000,mutation,77970748b582fb76,-0.03232734008050164,-0.020288134872370765,ZDT,True,0.53572555001026,mutation_eta_05,0.9792221690192948,2,10,ZDT3,6,ok,ZDT3_n10_m2
0.5563688576552304,1.0169548933357908,2000,mutation,77970748b582fb76,-0.021578056175396987,0.01622923993279335,ZDT,True,0.5347908014798334,mutation_eta_05,0.977513595509156,2,10,ZDT3,7,ok,ZDT3_n10_m2
0.5907256901196891,1.0797537872952736,2000,mutation,77970748b582fb76,-0.04636241707115041,0.038022113502742705,ZDT,True,0.5443632730485387,mutation_eta_05,0.9950105701675488,2,10,ZDT3,8,ok,ZDT3_n10_m2
0.5907874704203443,1.0798667119821945,2000,mutation,77970748b582fb76,-0.10611526957496847,0.07906887056233615,ZDT,True,0.4846722008453758,mutation_eta_05,0.8859046647412557,2,10,ZDT3,9,ok,ZDT3_n10_m2
0.5903598080857001,1.079085012399394,2000,crossover,a7fd700001cdb537,-0.02074794020309423,0.015303877861465835,ZDT,True,0.5696118678826059,crossover_prob_01,1.0411610361993282,2,10,ZDT3,0,ok,ZDT3_n10_m2
0.575068514521448,1.051134929281628,2000,crossover,a7fd700001cdb537,-0.037669314109040286,0.03617361664629298,ZDT,True,0.5373992004124077,crossover_prob_01,0.9822813391054322,2,10,ZDT3,1,ok,ZDT3_n10_m2
0.5754930655728686,1.0519109419273267,2000,crossover,a7fd700001cdb537,-0.01514033962076844,0.012422828323501112,ZDT,True,0.5603527259521002,crossover_prob_01,1.0242367789107336,2,10,ZDT3,2,ok,ZDT3_n10_m2
0.5858981045991506,1.0709297191423588,2000,crossover,a7fd700001cdb537,-0.042674428285392696,0.02502298625423175,ZDT,True,0.5432236763137579,crossover_prob_01,0.9929275663115295,2,10,ZDT3,3,ok,ZDT3_n10_m2
0.5796038045896712,1.0594247272530934,2000,crossover,a7fd700001cdb537,-0.09486248295952132,0.07433270935335089,ZDT,True,0.4847413216301499,crossover_prob_01,0.8860310066803131,2,10,ZDT3,4,ok,ZDT3_n10_m2
0.520395980582304,0.9512021236339517,2000,crossover,a7fd700001cdb537,0.017202017298099004,-0.14411843338086566,ZDT,True,0.537597997880403,crossover_prob_01,0.9826447096555245,2,10,ZDT3,5,ok,ZDT3_n10_m2
0.5680528900907617,1.0383114696353413,2000,crossover,a7fd700001cdb537,-0.0365887358919702,0.03646537513215216,ZDT,True,0.5314641541987914,crossover_prob_01,0.9714330067337248,2,10,ZDT3,6,ok,ZDT3_n10_m2
0.5563688576552304,1.0169548933357908,2000,crossover,a7fd700001cdb537,-0.054224969330241346,0.17993280967835681,ZDT,True,0.502143888324989,crossover_prob_01,0.9178401655025807,2,10,ZDT3,7,ok,ZDT3_n10_m2
0.5907256901196891,1.0797537872952736,2000,crossover,a7fd700001cdb537,-0.014640199113083341,0.014863568165706933,ZDT,True,0.5760854910066058,crossover_prob_01,1.052993802579008,2,10,ZDT3,8,ok,ZDT3_n10_m2
0.5907874704203443,1.0798667119821945,2000,crossover,a7fd700001cdb537,-0.017631812263746216,0.007612756144697962,ZDT,True,0.5731556581565981,crossover_prob_01,1.0476385282632807,2,10,ZDT3,9,ok,ZDT3_n10_m2
0.5903598080857001,1.079085012399394,2000,crossover,0fa1bf7458c7aa99,-0.0005170828606084754,-0.0012541225553748727,ZDT,True,0.5898427252250916,crossover_prob_02,1.0781398661387427,2,10,ZDT3,0,ok,ZDT3_n10_m2
0.575068514521448,1.051134929281628,2000,crossover,0fa1bf7458c7aa99,-0.001193193648919899,0.0008293258805356363,ZDT,True,0.5738753208725281,crossover_prob_02,1.048953958684028,2,10,ZDT3,1,ok,ZDT3_n10_m2
0.5754930655728686,1.0519109419273267,2000,crossover,0fa1bf7458c7aa99,0.012234908786881715,-0.051982604302620576,ZDT,True,0.5877279743597503,crossover_prob_02,1.074274433681293,2,10,ZDT3,2,ok,ZDT3_n10_m2
0.5858981045991506,1.0709297191423588,2000,crossover,0fa1bf7458c7aa99,0.00022046773462103264,-0.008601773377098857,ZDT,True,0.5861185723337716,crossover_prob_02,1.0713326995365002,2,10,ZDT3,3,ok,ZDT3_n10_m2
0.5796038045896712,1.0594247272530934,2000,crossover,0fa1bf7458c7aa99,-0.045120870013837466,0.0359394396188534,ZDT,True,0.5344829345758337,crossover_prob_02,0.9769508631595453,2,10,ZDT3,4,ok,ZDT3_n10_m2
0.520395980582304,0.9512021236339517,2000,crossover,0fa1bf7458c7aa99,0.05161323724245648,-0.1300110871070795,ZDT,True,0.5720092178247604,crossover_prob_02,1.0455430153866376,2,10,ZDT3,5,ok,ZDT3_n10_m2
0.5680528900907617,1.0383114696353413,2000,crossover,0fa1bf7458c7aa99,-0.054734630957184005,0.1359020572259525,ZDT,True,0.5133182591335776,crossover_prob_02,0.9382651603911065,2,10,ZDT3,6,ok,ZDT3_n10_m2
0.5563688576552304,1.0169548933357908,2000,crossover,0fa1bf7458c7aa99,-0.03874715986589483,0.15944642683596041,ZDT,True,0.5176216977893355,crossover_prob_02,0.946131170393153,2,10,ZDT3,7,ok,ZDT3_n10_m2
0.5907256901196891,1.0797537872952736,2000,crossover,0fa1bf7458c7aa99,-0.09112304975209734,0.07168884552935136,ZDT,True,0.4996026403675918,crossover_prob_02,0.9131951633427797,2,10,ZDT3,8,ok,ZDT3_n10_m2
0.5907874704203443,1.0798667119821945,2000,crossover,0fa1bf7458c7aa99,-0.008004307715678394,0.0035741917692521576,ZDT,True,0.5827831627046659,crossover_prob_02,1.0652360945649464,2,10,ZDT3,9,ok,ZDT3_n10_m2
0.5903598080857001,1.079085012399394,2000,crossover,d31e76d1f040c0b9,-0.03126766919919621,0.03121899973581089,ZDT,True,0.5590921388865039,crossover_prob_03,1.0219326237316733,2,10,ZDT3,0,ok,ZDT3_n10_m2
0.575068514521448,1.051134929281628,2000,crossover,d31e76d1f040c0b9,0.014643712774130568,-0.041473938692113146,ZDT,True,0.5897122272955786,crossover_prob_03,1.0779013364184638,2,10,ZDT3,1,ok,ZDT3_n10_m2
0.5754930655728686,1.0519109419273267,2000,crossover,d31e76d1f040c0b9,-0.002649258578948488,0.0029970512842247,ZDT,True,0.5728438069939201,crossover_prob_03,1.0470685133145394,2,10,ZDT3,2,ok,ZDT3_n10_m2
0.5858981045991506,1.0709297191423588,2000,crossover,d31e76d1f040c0b9,-0.00035780569848720134,-0.009271600760024166,ZDT,True,0.5855402989006634,crossover_prob_03,1.0702757065193782,2,10,ZDT3,3,ok,ZDT3_n10_m2
0.5796038045896712,1.0594247272530934,2000,crossover,d31e76d1f040c0b9,0.007468136251030155,-0.003307170372745888,ZDT,True,0.5870719408407014,crossover_prob_03,1.0730753074393942,2,10,ZDT3,4,ok,ZDT3_n10_m2
0.520395980582304,0.9512021236339517,2000,crossover,d31e76d1f040c0b9,0.05615977032723107,-0.13370995965698398,ZDT,True,0.576555750909535,crossover_prob_03,1.053853363826629,2,10,ZDT3,5,ok,ZDT3_n10_m2
0.5680528900907617,1.0383114696353413,2000,crossover,d31e76d1f040c0b9,0.01853913463996093,-0.054313270265817136,ZDT,True,0.5865920247307226,crossover_prob_03,1.0721980961618074,2,10,ZDT3,6,ok,ZDT3_n10_m2
0.5563688576552304,1.0169548933357908,2000,crossover,d31e76d1f040c0b9,0.03311758073823212,-0.026954671535163784,ZDT,True,0.5894864383934625,crossover_prob_03,1.077488629765837,2,10,ZDT3,7,ok,ZDT3_n10_m2
0.5907256901196891,1.0797537872952736,2000,crossover,d31e76d1f040c0b9,0.0005642181334564178,-0.0006497308555641519,ZDT,True,0.5912899082531455,crossover_prob_03,1.0807850894320352,2,10,ZDT3,8,ok,ZDT3_n10_m2
0.5907874704203443,1.0798667119821945,2000,crossover,d31e76d1f040c0b9,-0.015031485106350106,0.0528509776048568,ZDT,True,0.5757559853139942,crossover_prob_03,1.0523915179222136,2,10,ZDT3,9,ok,ZDT3_n10_m2
0.5903598080857001,1.079085012399394,2000,crossover,64c4d964e32cde2c,-0.008456502747112626,0.0010750975341616408,ZDT,True,0.5819033053385875,crossover_eta_01,1.063627853482507,2,10,ZDT3,0,ok,ZDT3_n10_m2
0.575068514521448,1.051134929281628,2000,crossover,64c4d964e32cde2c,0.013824824759827714,-0.053518026821625035,ZDT,True,0.5888933392812757,crossover_eta_01,1.076404537735753,2,10,ZDT3,1,ok,ZDT3_n10_m2
0.5754930655728686,1.0519109419273267,2000,crossover,64c4d964e32cde2c,0.013450130469962018,-0.04824196241314756,ZDT,True,0.5889431960428306,crossover_eta_01,1.076495668065806,2,10,ZDT3,2,ok,ZDT3_n10_m2
0.5858981045991506,1.0709297191423588,2000,crossover,64c4d964e32cde2c,0.0023754629399683758,-0.009982002849604689,ZDT,True,0.588273567539119,crossover_eta_01,1.0752716923270547,2,10,ZDT3,3,ok,ZDT3_n10_m2
0.5796038045896712,1.0594247272530934,2000,crossover,64c4d964e32cde2c,-0.0006030486513647348,5.650792256519516e-05,ZDT,True,0.5790007559383065,crossover_eta_01,1.0583224490279792,2,10,ZDT3,4,ok,ZDT3_n10_m2
0.520395980582304,0.9512021236339517,2000,crossover,64c4d964e32cde2c,-0.00022961669012211416,0.00010223597444200538,ZDT,True,0.5201663638921818,crossover_eta_01,0.9507824203860105,2,10,ZDT3,5,ok,ZDT3_n10_m2
0.5680528900907617,1.0383114696353413,2000,crossover,64c4d964e32cde2c,0.01386414689702442,-0.04407485681852681,ZDT,True,0.5819170369877861,crossover_eta_01,1.0636529527806686,2,10,ZDT3,6,ok,ZDT3_n10_m2
0.5563688576552304,1.0169548933357908,2000,crossover,64c4d964e32cde2c,0.03195199054228837,-0.026852822977526655,ZDT,True,0.5883208481975187,crossover_eta_01,1.0753581139451207,2,10,ZDT3,7,ok,ZDT3_n10_m2
0.5907256901196891,1.0797537872952736,2000,crossover,64c4d964e32cde2c,-0.004313632198039041,0.0005028446101624159,ZDT,True,0.5864120579216501,crossover_eta_01,1.0718691450988458,2,10,ZDT3,8,ok,ZDT3_n10_m2
0.5907874704203443,1.0798667119821945,2000,crossover,64c4d964e32cde2c,-0.021853287362523344,0.06628845541688107,ZDT,True,0.568934183057821,crossover_eta_01,1.0399223347709101,2,10,ZDT3,9,ok,ZDT3_n10_m2
0.5903598080857001,1.079085012399394,2000,crossover,99dc096b8b45476c,-0.03991651499670401,0.030511381153560578,ZDT,True,0.5504432930889961,crossover_eta_02,1.0061238919263922,2,10,ZDT3,0,ok,ZDT3_n10_m2
0.575068514521448,1.051134929281628,2000,crossover,99dc096b8b45476c,-0.0012048952988455985,0.0008862654542547282,ZDT,True,0.5738636192226024,crossover_eta_02,1.048932569905724,2,10,ZDT3,1,ok,ZDT3_n10_m2
0.5754930655728686,1.0519109419273267,2000,crossover,99dc096b8b45476c,-0.05659501175248738,0.13360236770065498,ZDT,True,0.5188980538203812,crossover_eta_02,0.9484641487645175,2,10,ZDT3,2,ok,ZDT3_n10_m2
0.5858981045991506,1.0709297191423588,2000,crossover,99dc096b8b45476c,0.006342039259011001,-0.01001323685903993,ZDT,True,0.5922401438581616,crossover_eta_02,1.082521970882258,2,10,ZDT3,3,ok,ZDT3_n10_m2
0.5796038045896712,1.0594247272530934,2000,crossover,99dc096b8b45476c,-0.009802748178207255,0.05545907549449222,ZDT,True,0.569801056411464,crossover_eta_02,1.0415068431177739,2,10,ZDT3,4,ok,ZDT3_n10_m2
0.520395980582304,0.9512021236339517,2000,crossover,99dc096b8b45476c,-0.00013774717212955423,-0.0009053300738338377,ZDT,True,0.5202582334101744,crossover_eta_02,0.9509503434366736,2,10,ZDT3,5,ok,ZDT3_n10_m2
0.5680528900907617,1.0383114696353413,2000,crossover,99dc096b8b45476c,0.007673495030670385,-0.0036831610864264813,ZDT,True,0.575726385121432,crossover_eta_02,1.0523374134189596,2,10,ZDT3,6,ok,ZDT3_n10_m2
0.5563688576552304,1.0169548933357908,2000,crossover,99dc096b8b45476c,-0.004783624184495849,0.00766074298708929,ZDT,True,0.5515852334707345,crossover_eta_02,1.0082111796009778,2,10,ZDT3,7,ok,ZDT3_n10_m2
0.5907256901196891,1.0797537872952736,2000,crossover,99dc096b8b45476c,-0.0006802753279504525,-0.00021985430942630252,ZDT,True,0.5900454147917387,crossover_eta_02,1.0785103508339111,2,10,ZDT3,8,ok,ZDT3_n10_m2
0.5907874704203443,1.0798667119821945,2000,crossover,99dc096b8b45476c,0.0020935136608863925,-0.0007493311919563976,ZDT,True,0.5928809840812307,crossover_eta_02,1.0836933261652315,2,10,ZDT3,9,ok,ZDT3_n10_m2
0.5903598080857001,1.079085012399394,2000,crossover,ce3e37c75e93ed43,-0.031081647227468312,0.02972222068437761,ZDT,True,0.5592781608582318,crossover_eta_03,1.0222726426809983,2,10,ZDT3,0,ok,ZDT3_n10_m2
0.575068514521448,1.051134929281628,2000,crossover,ce3e37c75e93ed43,0.015714192829617724,-0.05412118775892657,ZDT,True,0.5907827073510658,crossover_eta_03,1.0798580058395988,2,10,ZDT3,1,ok,ZDT3_n10_m2
0.5754930655728686,1.0519109419273267,2000,crossover,ce3e37c75e93ed43,0.0002947792547008943,-0.0008796282478838874,ZDT,True,0.5757878448275695,crossover_eta_03,1.0524497521094511,2,10,ZDT3,2,ok,ZDT3_n10_m2
0.5858981045991506,1.0709297191423588,2000,crossover,ce3e37c75e93ed43,-0.004802122025309163,0.007768202185620847,ZDT,True,0.5810959825738414,crossover_eta_03,1.0621521942596492,2,10,ZDT3,3,ok,ZDT3_n10_m2
0.5796038045896712,1.0594247272530934,2000,crossover,ce3e37c75e93ed43,-0.006842523941390732,0.013609601558095437,ZDT,True,0.5727612806482805,crossover_eta_03,1.0469176681155803,2,10,ZDT3,4,ok,ZDT3_n10_m2
0.520395980582304,0.9512021236339517,2000,crossover,ce3e37c75e93ed43,-0.10035755991006495,0.2209092877512652,ZDT,True,0.420038420672239,crossover_eta_03,0.7677642654046117,2,10,ZDT3,5,ok,ZDT3_n10_m2
0.5680528900907617,1.0383114696353413,2000,crossover,ce3e37c75e93ed43,-0.0012478420344931296,0.0015619651526373596,ZDT,True,0.5668050480562685,crossover_eta_03,1.0360306103715138,2,10,ZDT3,6,ok,ZDT3_n10_m2
0.5563688576552304,1.0169548933357908,2000,crossover,ce3e37c75e93ed43,1.424858126164441e-05,0.005715479063249082,ZDT,True,0.556383106236492,crossover_eta_03,1.016980937504579,2,10,ZDT3,7,ok,ZDT3_n10_m2
0.5907256901196891,1.0797537872952736,2000,crossover,ce3e37c75e93ed43,-0.03238662772845624,0.03281843575431909,ZDT,True,0.5583390623912329,crossover_eta_03,1.0205561181699676,2,10,ZDT3,8,ok,ZDT3_n10_m2
0.5907874704203443,1.0798667119821945,2000,crossover,ce3e37c75e93ed43,-0.0017494677959479787,-0.00018763448271276809,ZDT,True,0.5890380026243963,crossover_eta_03,1.07666895960741,2,10,ZDT3,9,ok,ZDT3_n10_m2
0.5903598080857001,1.079085012399394,2000,crossover,980a8b66ebd88dcc,-0.0010750565727347672,-0.0026973259862300442,ZDT,True,0.5892847515129653,crossover_eta_04,1.0771199778234788,2,10,ZDT3,0,ok,ZDT3_n10_m2
0.575068514521448,1.051134929281628,2000,crossover,980a8b66ebd88dcc,-0.007823176459945791,0.005565525016012915,ZDT,True,0.5672453380615022,crossover_eta_04,1.036835391352959,2,10,ZDT3,1,ok,ZDT3_n10_m2
0.5754930655728686,1.0519109419273267,2000,crossover,980a8b66ebd88dcc,-0.0011710909198160424,0.0016603269456338388,ZDT,True,0.5743219746530526,crossover_eta_04,1.0497703716472657,2,10,ZDT3,2,ok,ZDT3_n10_m2
0.5858981045991506,1.0709297191423588,2000,crossover,980a8b66ebd88dcc,-0.030630351047858606,0.02177678186650419,ZDT,True,0.555267753551292,crossover_eta_04,1.0149422479636332,2,10,ZDT3,3,ok,ZDT3_n10_m2
0.5796038045896712,1.0594247272530934,2000,crossover,980a8b66ebd88dcc,-0.04033214882524905,0.03437178837072536,ZDT,True,0.5392716557644222,crossover_eta_04,0.9857038934173491,2,10,ZDT3,4,ok,ZDT3_n10_m2
0.520395980582304,0.9512021236339517,2000,crossover,980a8b66ebd88dcc,-0.0021927526301960265,0.0032800818275466326,ZDT,True,0.5182032279521079,crossover_eta_04,0.9471941162006267,2,10,ZDT3,5,ok,ZDT3_n10_m2
0.5680528900907617,1.0383114696353413,2000,crossover,980a8b66ebd88dcc,-0.01767524586113367,-0.01595811097236225,ZDT,True,0.550377644229628,crossover_eta_04,1.0060038961217068,2,10,ZDT3,6,ok,ZDT3_n10_m2
0.5563688576552304,1.0169548933357908,2000,crossover,980a8b66ebd88dcc,0.03599107760540676,-0.027904857059586945,ZDT,True,0.5923599352606371,crossover_eta_04,1.0827409307525864,2,10,ZDT3,7,ok,ZDT3_n10_m2
0.5907256901196891,1.0797537872952736,2000,crossover,980a8b66ebd88dcc,-0.0008197774489278054,0.0005081144360007811,ZDT,True,0.5899059126707613,crossover_eta_04,1.0782553628657556,2,10,ZDT3,8,ok,ZDT3_n10_m2
0.5907874704203443,1.0798667119821945,2000,crossover,980a8b66ebd88dcc,-0.004842106044913752,0.006712772558052136,ZDT,True,0.5859453643754305,crossover_eta_04,1.071016102591189,2,10,ZDT3,9,ok,ZDT3_n10_m2
0.5903598080857001,1.079085012399394,2000,selection,974c5eeac5e2701d,-0.07605831397906737,0.18876504703119534,ZDT,True,0.5143014941066327,selection_tournament_01,0.9400623595035102,2,10,ZDT3,0,ok,ZDT3_n10_m2
0.575068514521448,1.051134929281628,2000,selection,974c5eeac5e2701d,-0.002815426640680352,0.0027947566752069136,ZDT,True,0.5722530878807677,selection_tournament_01,1.0459887715489073,2,10,ZDT3,1,ok,ZDT3_n10_m2
0.5754930655728686,1.0519109419273267,2000,selection,974c5eeac5e2701d,-0.011150012455523717,0.01615459849150651,ZDT,True,0.5643430531173449,selection_tournament_01,1.0315304702826926,2,10,ZDT3,2,ok,ZDT3_n10_m2
0.5858981045991506,1.0709297191423588,2000,selection,974c5eeac5e2701d,0.005671200879994065,-0.010862790506721147,ZDT,True,0.5915693054791447,selection_tournament_01,1.0812957836814607,2,10,ZDT3,3,ok,ZDT3_n10_m2
0.5796038045896712,1.0594247272530934,2000,selection,974c5eeac5e2701d,-0.011510006819756446,0.05256870993104816,ZDT,True,0.5680937977699148,selection_tournament_01,1.0383862424482293,2,10,ZDT3,4,ok,ZDT3_n10_m2
0.520395980582304,0.9512021236339517,2000,selection,974c5eeac5e2701d,0.05228090198401569,-0.13150039722376905,ZDT,True,0.5726768825663197,selection_tournament_01,1.0467634016765854,2,10,ZDT3,5,ok,ZDT3_n10_m2
0.5680528900907617,1.0383114696353413,2000,selection,974c5eeac5e2701d,0.009814137647922605,-0.005556519846077204,ZDT,True,0.5778670277386843,selection_tournament_01,1.0562501719325683,2,10,ZDT3,6,ok,ZDT3_n10_m2
0.5563688576552304,1.0169548933357908,2000,selection,974c5eeac5e2701d,0.009459796522223396,0.04060525773594367,ZDT,True,0.5658286541774538,selection_tournament_01,1.0342459157049788,2,10,ZDT3,7,ok,ZDT3_n10_m2
0.5907256901196891,1.0797537872952736,2000,selection,974c5eeac5e2701d,-0.0018372960698197494,0.012849311560689742,ZDT,True,0.5888883940498694,selection_tournament_01,1.076395498629398,2,10,ZDT3,8,ok,ZDT3_n10_m2
0.5907874704203443,1.0798667119821945,2000,selection,974c5eeac5e2701d,-0.04015295507620065,0.033249427121331485,ZDT,True,0.5506345153441436,selection_tournament_01,1.006473416177096,2,10,ZDT3,9,ok,ZDT3_n10_m2
0.5903598080857001,1.079085012399394,2000,selection,eefa04eaeb242e58,-0.0081768331041574,0.011321901478845474,ZDT,True,0.5821829749815427,selection_tournament_02,1.0641390456673459,2,10,ZDT3,0,ok,ZDT3_n10_m2
0.575068514521448,1.051134929281628,2000,selection,eefa04eaeb242e58,-0.1536914248130466,0.3515527387916496,ZDT,True,0.42137708970840143,selection_tournament_02,0.7702111421629906,2,10,ZDT3,1,ok,ZDT3_n10_m2
0.5754930655728686,1.0519109419273267,2000,selection,eefa04eaeb242e58,-0.002125106079507555,0.000781787425492203,ZDT,True,0.5733679594933611,selection_tournament_02,1.04802658176468,2,10,ZDT3,2,ok,ZDT3_n10_m2
0.5858981045991506,1.0709297191423588,2000,selection,eefa04eaeb242e58,-0.007729436335314976,0.04206067866612454,ZDT,True,0.5781686682638356,selection_tournament_02,1.0568015234395063,2,10,ZDT3,3,ok,ZDT3_n10_m2
0.5796038045896712,1.0594247272530934,2000,selection,eefa04eaeb242e58,0.0030497350401791357,-0.0038065852597641957,ZDT,True,0.5826535396298503,selection_tournament_02,1.0649991639416574,2,10,ZDT3,4,ok,ZDT3_n10_m2
0.520395980582304,0.9512021236339517,2000,selection,eefa04eaeb242e58,0.05479492922739604,-0.13195173657807685,ZDT,True,0.5751909098097,selection_tournament_02,1.0513586486462125,2,10,ZDT3,5,ok,ZDT3_n10_m2
0.5680528900907617,1.0383114696353413,2000,selection,eefa04eaeb242e58,0.007442617552747777,-0.004467775447761502,ZDT,True,0.5754955076435094,selection_tournament_02,1.0519154056489275,2,10,ZDT3,6,ok,ZDT3_n10_m2
0.5563688576552304,1.0169548933357908,2000,selection,eefa04eaeb242e58,-0.03563574332588926,0.15893475088069114,ZDT,True,0.5207331143293411,selection_tournament_02,0.9518183511762391,2,10,ZDT3,7,ok,ZDT3_n10_m2
0.5907256901196891,1.0797537872952736,2000,selection,eefa04eaeb242e58,-0.0005998359004127929,0.0010458556653252914,ZDT,True,0.5901258542192763,selection_tournament_02,1.0786573814743323,2,10,ZDT3,8,ok,ZDT3_n10_m2
0.5907874704203443,1.0798667119821945,2000,selection,eefa04eaeb242e58,0.0017911092469944379,-0.0011808682122715283,ZDT,True,0.5925785796673387,selection_tournament_02,1.0831405783896455,2,10,ZDT3,9,ok,ZDT3_n10_m2
0.5903598080857001,1.079085012399394,2000,selection,1f35ca3a202157c5,-0.06710692667211404,0.18126244453961857,ZDT,True,0.5232528814135861,selection_tournament_03,0.9564240896735178,2,10,ZDT3,0,ok,ZDT3_n10_m2
0.575068514521448,1.051134929281628,2000,selection,1f35ca3a202157c5,0.013081676863709202,-0.05277281636753932,ZDT,True,0.5881501913851572,selection_tournament_03,1.0750461800939992,2,10,ZDT3,1,ok,ZDT3_n10_m2
0.5754930655728686,1.0519109419273267,2000,selection,1f35ca3a202157c5,0.017148405166701353,-0.054938974536926914,ZDT,True,0.59264147073957,selection_tournament_03,1.0832555333925598,2,10,ZDT3,2,ok,ZDT3_n10_m2
0.5858981045991506,1.0709297191423588,2000,selection,1f35ca3a202157c5,0.006113508189005579,-0.010024584342047154,ZDT,True,0.5920116127881562,selection_tournament_03,1.0821042519773916,2,10,ZDT3,3,ok,ZDT3_n10_m2
0.5796038045896712,1.0594247272530934,2000,selection,1f35ca3a202157c5,-0.02120011110347031,0.0267317486597178,ZDT,True,0.5584036934862009,selection_tournament_03,1.020674253661172,2,10,ZDT3,4,ok,ZDT3_n10_m2
0.520395980582304,0.9512021236339517,2000,selection,1f35ca3a202157c5,0.05724547007653735,-0.1338570553230335,ZDT,True,0.5776414506588413,selection_tournament_03,1.055837852457792,2,10,ZDT3,5,ok,ZDT3_n10_m2
0.5680528900907617,1.0383114696353413,2000,selection,1f35ca3a202157c5,-0.010567305861151288,-0.024731813611782595,ZDT,True,0.5574855842296104,selection_tournament_03,1.0189960941303862,2,10,ZDT3,6,ok,ZDT3_n10_m2
0.5563688576552304,1.0169548933357908,2000,selection,1f35ca3a202157c5,-0.03377139819102293,0.15654288595528462,ZDT,True,0.5225974594642074,selection_tournament_03,0.9552260812849293,2,10,ZDT3,7,ok,ZDT3_n10_m2
0.5907256901196891,1.0797537872952736,2000,selection,1f35ca3a202157c5,-0.012630216822631768,0.05249572351219487,ZDT,True,0.5780954732970573,selection_tournament_03,1.0566677345356004,2,10,ZDT3,8,ok,ZDT3_n10_m2
0.5907874704203443,1.0798667119821945,2000,selection,1f35ca3a202157c5,0.005063311533550219,-0.002390159746716485,ZDT,True,0.5958507819538945,selection_tournament_03,1.0891216502658136,2,10,ZDT3,9,ok,ZDT3_n10_m2
0.5124226008247592,0.9366280376668967,2000,mutation,e182e908ecfd1785,0.04150448245641991,-0.12138375682387499,ZDT,True,0.5539270832811791,mutation_prob_02,1.012491713263889,2,20,ZDT3,0,ok,ZDT3_n20_m2
0.5549067079575384,1.0142823133209358,2000,mutation,e182e908ecfd1785,-0.009168871871578443,0.014643082104849922,ZDT,True,0.5457378360859599,mutation_prob_02,0.9975230555230294,2,20,ZDT3,1,ok,ZDT3_n20_m2
0.5448995946808699,0.9959908818814349,2000,mutation,e182e908ecfd1785,0.0240850799243012,-0.023210046886926572,ZDT,True,0.5689846746051711,mutation_prob_02,1.040014625389703,2,20,ZDT3,2,ok,ZDT3_n20_m2
0.4913006111705368,0.8980203578151249,2000,mutation,e182e908ecfd1785,0.08678299311111604,-0.14590379013326077,ZDT,True,0.5780836042816528,mutation_prob_02,1.0566460398394861,2,20,ZDT3,3,ok,ZDT3_n20_m2
0.5689865689921488,1.0400180880315826,2000,mutation,e182e908ecfd1785,-0.0033482166631561006,0.048892911529560795,ZDT,True,0.5656383523289927,mutation_prob_02,1.033898073813146,2,20,ZDT3,4,ok,ZDT3_n20_m2
0.5355696262188148,0.9789371648165687,2000,mutation,e182e908ecfd1785,0.023857513484269788,0.02438454540675912,ZDT,True,0.5594271397030846,mutation_prob_02,1.0225449526120658,2,20,ZDT3,5,ok,ZDT3_n20_m2
0.5558384887938306,1.015985462352277,2000,mutation,e182e908ecfd1785,-0.003702900313094948,0.0014780287923361612,ZDT,True,0.5521355884807356,mutation_prob_02,1.0092171421252842,2,20,ZDT3,6,ok,ZDT3_n20_m2
0.5234005919402752,0.9566940813181734,2000,mutation,e182e908ecfd1785,0.0007977010982673782,-0.013766665700958115,ZDT,True,0.5241982930385426,mutation_prob_02,0.9581521536458042,2,20,ZDT3,7,ok,ZDT3_n20_m2
0.553227563542149,1.011213101041434,2000,mutation,e182e908ecfd1785,0.019137772043713697,-0.0690026362056533,ZDT,True,0.5723653355858627,mutation_prob_02,1.046193942725172,2,20,ZDT3,8,ok,ZDT3_n20_m2
0.5657700073209045,1.0341387184617725,2000,mutation,e182e908ecfd1785,-0.02783964520305804,0.0685678951458236,ZDT,True,0.5379303621178465,mutation_prob_02,0.9832522192833331,2,20,ZDT3,9,ok,ZDT3_n20_m2
0.5124226008247592,0.9366280376668967,2000,mutation,bd39851ce028e7c6,0.06534451013993536,-0.1874054804361687,ZDT,True,0.5777671109646946,mutation_prob_03,1.0560675397617765,2,20,ZDT3,0,ok,ZDT3_n20_m2
0.5549067079575384,1.0142823133209358,2000,mutation,bd39851ce028e7c6,0.027325277918444635,-0.06420086516749879,ZDT,True,0.582231985875983,mutation_prob_03,1.0642286298851575,2,20,ZDT3,1,ok,ZDT3_n20_m2
0.5448995946808699,0.9959908818814349,2000,mutation,bd39851ce028e7c6,0.016830176838340982,-0.017734077099706758,ZDT,True,0.5617297715192109,mutation_prob_03,1.0267538019406015,2,20,ZDT3,2,ok,ZDT3_n20_m2
0.4913006111705368,0.8980203578151249,2000,mutation,bd39851ce028e7c6,-0.08872517380780504,0.27559889166291807,ZDT,True,0.40257543736273177,mutation_prob_03,0.7358446744992388,2,20,ZDT3,3,ok,ZDT3_n20_m2
0.5689865689921488,1.0400180880315826,2000,mutation,bd39851ce028e7c6,0.005735925216873161,-0.001196110601024307,ZDT,True,0.574722494209022,mutation_prob_03,1.050502458493457,2,20,ZDT3,4,ok,ZDT3_n20_m2
0.5355696262188148,0.9789371648165687,2000,mutation,bd39851ce028e7c6,0.04583304979186642,-0.03900328764124299,ZDT,True,0.5814026760106812,mutation_prob_03,1.0627127816955861,2,20,ZDT3,5,ok,ZDT3_n20_m2
0.5558384887938306,1.015985462352277,2000,mutation,bd39851ce028e7c6,0.021830139538805526,-0.061632791235836995,ZDT,True,0.5776686283326361,mutation_prob_03,1.0558875289771998,2,20,ZDT3,6,ok,ZDT3_n20_m2
0.5234005919402752,0.9566940813181734,2000,mutation,bd39851ce028e7c6,0.056511520566392304,-0.05595308210578087,ZDT,True,0.5799121125066675,mutation_prob_03,1.0599882657052013,2,20,ZDT3,7,ok,ZDT3_n20_m2
0.553227563542149,1.011213101041434,2000,mutation,bd39851ce028e7c6,0.005163005403610033,-0.01221471261997567,ZDT,True,0.558390568945759,mutation_prob_03,1.0206502640624704,2,20,ZDT3,8,ok,ZDT3_n20_m2
0.5657700073209045,1.0341387184617725,2000,mutation,bd39851ce028e7c6,0.013603235448384376,-0.010521530733007971,ZDT,True,0.5793732427692889,mutation_prob_03,1.059003296455471,2,20,ZDT3,9,ok,ZDT3_n20_m2
0.5124226008247592,0.9366280376668967,2000,mutation,7e3bd385a812e2c2,0.05030954229910056,-0.17669490498282883,ZDT,True,0.5627321431238598,mutation_prob_04,1.028585979810126,2,20,ZDT3,0,ok,ZDT3_n20_m2
0.5549067079575384,1.0142823133209358,2000,mutation,7e3bd385a812e2c2,0.009261881667916971,-0.05198018986924338,ZDT,True,0.5641685896254554,mutation_prob_04,1.0312115784192377,2,20,ZDT3,1,ok,ZDT3_n20_m2
0.5448995946808699,0.9959908818814349,2000,mutation,7e3bd385a812e2c2,0.005653279056201277,-0.006016857443725834,ZDT,True,0.5505528737370712,mutation_prob_04,1.006324188141289,2,20,ZDT3,2,ok,ZDT3_n20_m2
0.4913006111705368,0.8980203578151249,2000,mutation,7e3bd385a812e2c2,-0.0887541573510876,0.27273736937923265,ZDT,True,0.4025464538194492,mutation_prob_04,0.7357916971340215,2,20,ZDT3,3,ok,ZDT3_n20_m2
0.5689865689921488,1.0400180880315826,2000,mutation,7e3bd385a812e2c2,-0.010746069013487514,0.054291875171551235,ZDT,True,0.5582404999786613,mutation_prob_04,1.0203759615591432,2,20,ZDT3,4,ok,ZDT3_n20_m2
0.5355696262188148,0.9789371648165687,2000,mutation,7e3bd385a812e2c2,0.037290881554876254,-0.029952515113763522,ZDT,True,0.572860507773691,mutation_prob_04,1.0470990397170812,2,20,ZDT3,5,ok,ZDT3_n20_m2
0.5558384887938306,1.015985462352277,2000,mutation,7e3bd385a812e2c2,-0.008758475034439495,0.01049286859035907,ZDT,True,0.5470800137593911,mutation_prob_04,0.9999763455192994,2,20,ZDT3,6,ok,ZDT3_n20_m2
0.5234005919402752,0.9566940813181734,2000,mutation,7e3bd385a812e2c2,0.02268694087108858,-0.028164477945368305,ZDT,True,0.5460875328113638,mutation_prob_04,0.9981622462167382,2,20,ZDT3,7,ok,ZDT3_n20_m2
0.553227563542149,1.011213101041434,2000,mutation,7e3bd385a812e2c2,-0.14621569662340766,0.34556986470919254,ZDT,True,0.4070118669187413,mutation_prob_04,0.7439537709805504,2,20,ZDT3,8,ok,ZDT3_n20_m2
0.5657700073209045,1.0341387184617725,2000,mutation,7e3bd385a812e2c2,-0.0017491034331339472,0.004899253212178965,ZDT,True,0.5640209038877706,mutation_prob_04,1.030941632084989,2,20,ZDT3,9,ok,ZDT3_n20_m2
0.5124226008247592,0.9366280376668967,2000,mutation,77e2a0a8b831c36e,0.034847383058052794,-0.16145299173285593,ZDT,True,0.547269983882812,mutation_prob_05,1.0003235810698552,2,20,ZDT3,0,ok,ZDT3_n20_m2
0.5549067079575384,1.0142823133209358,2000,mutation,77e2a0a8b831c36e,-0.010801502911910288,-0.03321663623440621,ZDT,True,0.5441052050456281,mutation_prob_05,0.9945388623881461,2,20,ZDT3,1,ok,ZDT3_n20_m2
0.5448995946808699,0.9959908818814349,2000,mutation,77e2a0a8b831c36e,0.0033918124520739834,-0.04909551559476434,ZDT,True,0.5482914071329439,mutation_prob_05,1.0021905823552375,2,20,ZDT3,2,ok,ZDT3_n20_m2
0.4913006111705368,0.8980203578151249,2000,mutation,77e2a0a8b831c36e,-0.08912429701760938,0.219543623454539,ZDT,True,0.4021763141529274,mutation_prob_05,0.7351151399545394,2,20,ZDT3,3,ok,ZDT3_n20_m2
0.5689865689921488,1.0400180880315826,2000,mutation,77e2a0a8b831c36e,-0.017303003389374738,0.01493180935774539,ZDT,True,0.5516835656027741,mutation_prob_05,1.0083909152951558,2,20,ZDT3,4,ok,ZDT3_n20_m2
0.5355696262188148,0.9789371648165687,2000,mutation,77e2a0a8b831c36e,0.020595816787774113,-0.019217400103504742,ZDT,True,0.5561654430065889,mutation_prob_05,1.016583083304611,2,20,ZDT3,5,ok,ZDT3_n20_m2
0.5558384887938306,1.015985462352277,2000,mutation,77e2a0a8b831c36e,-0.014999110887086498,0.01231935580669355,ZDT,True,0.5408393779067441,mutation_prob_05,0.9885694432806973,2,20,ZDT3,6,ok,ZDT3_n20_m2
0.5234005919402752,0.9566940813181734,2000,mutation,77e2a0a8b831c36e,0.014710916831103926,-0.019377042025525475,ZDT,True,0.5381115087713791,mutation_prob_05,0.9835833269166713,2,20,ZDT3,7,ok,ZDT3_n20_m2
0.553227563542149,1.011213101041434,2000,mutation,77e2a0a8b831c36e,-0.0038924809522750126,-0.049365221094960755,ZDT,True,0.549335082589874,mutation_prob_05,1.0040982571799082,2,20,ZDT3,8,ok,ZDT3_n20_m2
0.5657700073209045,1.0341387184617725,2000,mutation,77e2a0a8b831c36e,-0.026121495737266298,0.06892159912000599,ZDT,True,0.5396485115836382,mutation_prob_05,0.9863927266691757,2,20,ZDT3,9,ok,ZDT3_n20_m2
0.5124226008247592,0.9366280376668967,2000,mutation,f47f8f106891bafe,0.04551692017852216,-0.16827984470962792,ZDT,True,0.5579395210032814,mutation_eta_01,1.0198258192612912,2,20,ZDT3,0,ok,ZDT3_n20_m2
0.5549067079575384,1.0142823133209358,2000,mutation,f47f8f106891bafe,0.005998380222791866,-0.05104303816681966,ZDT,True,0.5609050881803302,mutation_eta_01,1.0252464103147272,2,20,ZDT3,1,ok,ZDT3_n20_m2
0.5448995946808699,0.9959908818814349,2000,mutation,f47f8f106891bafe,0.020333745962526573,-0.06665936841248907,ZDT,True,0.5652333406433965,mutation_eta_01,1.033157776059492,2,20,ZDT3,2,ok,ZDT3_n20_m2
0.4913006111705368,0.8980203578151249,2000,mutation,f47f8f106891bafe,0.07095261836058542,-0.13107665696326187,ZDT,True,0.5622532295311222,mutation_eta_01,1.0277106009766093,2,20,ZDT3,3,ok,ZDT3_n20_m2
0.5689865689921488,1.0400180880315826,2000,mutation,f47f8f106891bafe,0.011796109261476673,-0.00755089884064462,ZDT,True,0.5807826782536255,mutation_eta_01,1.0615795231671483,2,20,ZDT3,4,ok,ZDT3_n20_m2
0.5355696262188148,0.9789371648165687,2000,mutation,f47f8f106891bafe,0.04026041266765934,-0.035043664497150635,ZDT,True,0.5758300388864741,mutation_eta_01,1.0525268762224973,2,20,ZDT3,5,ok,ZDT3_n20_m2
0.5558384887938306,1.015985462352277,2000,mutation,f47f8f106891bafe,0.012404324785281862,-0.043346086368446377,ZDT,True,0.5682428135791124,mutation_eta_01,1.0386586199443135,2,20,ZDT3,6,ok,ZDT3_n20_m2
0.5234005919402752,0.9566940813181734,2000,mutation,f47f8f106891bafe,0.053485468185804685,-0.05421798775336054,ZDT,True,0.5768860601260799,mutation_eta_01,1.0544571171989772,2,20,ZDT3,7,ok,ZDT3_n20_m2
0.553227563542149,1.011213101041434,2000,mutation,f47f8f106891bafe,0.023656015920130224,-0.07130763027713782,ZDT,True,0.5768835794622792,mutation_eta_01,1.0544525829351408,2,20,ZDT3,8,ok,ZDT3_n20_m2
0.5657700073209045,1.0341387184617725,2000,mutation,f47f8f106891bafe,0.012818556293890726,-0.009628737639581525,ZDT,True,0.5785885636147953,mutation_eta_01,1.0575690261959452,2,20,ZDT3,9,ok,ZDT3_n20_m2
0.5124226008247592,0.9366280376668967,2000,mutation,cf71a0efe0bfd44e,0.06484702486750216,-0.17738565203627782,ZDT,True,0.5772696256922614,mutation_eta_02,1.0551582148144816,2,20,ZDT3,0,ok,ZDT3_n20_m2
0.5549067079575384,1.0142823133209358,2000,mutation,cf71a0efe0bfd44e,0.011795646746447175,-0.0550140326631923,ZDT,True,0.5667023547039856,mutation_eta_02,1.0358429030516663,2,20,ZDT3,1,ok,ZDT3_n20_m2
0.5448995946808699,0.9959908818814349,2000,mutation,cf71a0efe0bfd44e,0.02539185794959431,-0.06339392192524872,ZDT,True,0.5702914526304642,mutation_eta_02,1.0424032103887377,2,20,ZDT3,2,ok,ZDT3_n20_m2
0.4913006111705368,0.8980203578151249,2000,mutation,cf71a0efe0bfd44e,0.04552903818803866,-0.06026946347578191,ZDT,True,0.5368296493585755,mutation_eta_02,0.9812402892277663,2,20,ZDT3,3,ok,ZDT3_n20_m2
0.5689865689921488,1.0400180880315826,2000,mutation,cf71a0efe0bfd44e,-0.004890524504955973,0.007561227886358938,ZDT,True,0.5640960444871929,mutation_eta_02,1.0310789772998032,2,20,ZDT3,4,ok,ZDT3_n20_m2
0.5355696262188148,0.9789371648165687,2000,mutation,cf71a0efe0bfd44e,0.03800076122640428,-0.034880416710635014,ZDT,True,0.573570387445219,mutation_eta_02,1.048396588269101,2,20,ZDT3,5,ok,ZDT3_n20_m2
0.5558384887938306,1.015985462352277,2000,mutation,cf71a0efe0bfd44e,0.018724710519612997,-0.06000622496194078,ZDT,True,0.5745631993134436,mutation_eta_02,1.050211292441811,2,20,ZDT3,6,ok,ZDT3_n20_m2
0.5234005919402752,0.9566940813181734,2000,mutation,cf71a0efe0bfd44e,0.05254271749913586,-0.05399821761031265,ZDT,True,0.5759433094394111,mutation_eta_02,1.052733917003976,2,20,ZDT3,7,ok,ZDT3_n20_m2
0.553227563542149,1.011213101041434,2000,mutation,cf71a0efe0bfd44e,0.006735498571913023,-0.011471363686736888,ZDT,True,0.559963062114062,mutation_eta_02,1.0235245346120159,2,20,ZDT3,8,ok,ZDT3_n20_m2
0.5657700073209045,1.0341387184617725,2000,mutation,cf71a0efe0bfd44e,0.001385849513309223,-0.003047834950590942,ZDT,True,0.5671558568342138,mutation_eta_02,1.0366718337226195,2,20,ZDT3,9,ok,ZDT3_n20_m2
0.5124226008247592,0.9366280376668967,2000,mutation,1a1588b54a509a71,0.06276798436205488,-0.1868070482528329,ZDT,True,0.5751905851868141,mutation_eta_03,1.0513580552865602,2,20,ZDT3,0,ok,ZDT3_n20_m2
0.5549067079575384,1.0142823133209358,2000,mutation,1a1588b54a509a71,0.01937744063066238,-0.06078507715333494,ZDT,True,0.5742841485882008,mutation_eta_03,1.0497012315413496,2,20,ZDT3,1,ok,ZDT3_n20_m2
0.5448995946808699,0.9959908818814349,2000,mutation,1a1588b54a509a71,0.03500805641074001,-0.07581585524759818,ZDT,True,0.5799076510916099,mutation_eta_03,1.059980110939146,2,20,ZDT3,2,ok,ZDT3_n20_m2
0.4913006111705368,0.8980203578151249,2000,mutation,1a1588b54a509a71,0.05694852959632224,-0.07396054405869772,ZDT,True,0.548249140766859,mutation_eta_03,1.0021133260760222,2,20,ZDT3,3,ok,ZDT3_n20_m2
0.5689865689921488,1.0400180880315826,2000,mutation,1a1588b54a509a71,0.0025340290068257554,-0.002135446674808028,ZDT,True,0.5715205979989746,mutation_eta_03,1.0446498950834848,2,20,ZDT3,4,ok,ZDT3_n20_m2
0.5355696262188148,0.9789371648165687,2000,mutation,1a1588b54a509a71,0.045944312818737676,-0.028156309325082972,ZDT,True,0.5815139390375524,mutation_eta_03,1.062916153034703,2,20,ZDT3,5,ok,ZDT3_n20_m2
0.5558384887938306,1.015985462352277,2000,mutation,1a1588b54a509a71,0.01840502538987676,-0.058990651984612806,ZDT,True,0.5742435141837073,mutation_eta_03,1.049626958231622,2,20,ZDT3,6,ok,ZDT3_n20_m2
0.5234005919402752,0.9566940813181734,2000,mutation,1a1588b54a509a71,0.055434492942205704,-0.05598342343181357,ZDT,True,0.5788350848824809,mutation_eta_03,1.0580196283567862,2,20,ZDT3,7,ok,ZDT3_n20_m2
0.553227563542149,1.011213101041434,2000,mutation,1a1588b54a509a71,0.021354277463426885,-0.06699536098449717,ZDT,True,0.5745818410055759,mutation_eta_03,1.0502453665273273,2,20,ZDT3,8,ok,ZDT3_n20_m2
0.5657700073209045,1.0341387184617725,2000,mutation,1a1588b54a509a71,-0.028375467385398312,0.030412626862666926,ZDT,True,0.5373945399355062,mutation_eta_03,0.9822728204855896,2,20,ZDT3,9,ok,ZDT3_n20_m2
0.5124226008247592,0.9366280376668967,2000,mutation,dc0fba8d7461ccba,0.05095103223244568,-0.17856211943347944,ZDT,True,0.5633736330572049,mutation_eta_04,1.0297585226614467,2,20,ZDT3,0,ok,ZDT3_n20_m2
0.5549067079575384,1.0142823133209358,2000,mutation,dc0fba8d7461ccba,-0.017833519123809705,-0.029228750355159136,ZDT,True,0.5370731888337287,mutation_eta_04,0.9816854411401527,2,20,ZDT3,1,ok,ZDT3_n20_m2
0.5448995946808699,0.9959908818814349,2000,mutation,dc0fba8d7461ccba,-0.0669917512810424,0.007871117161932645,ZDT,True,0.4779078433998275,mutation_eta_04,0.8735404816819914,2,20,ZDT3,2,ok,ZDT3_n20_m2
0.4913006111705368,0.8980203578151249,2000,mutation,dc0fba8d7461ccba,-0.01653986976601418,-0.013480823325956764,ZDT,True,0.4747607414045226,mutation_eta_04,0.8677880734910657,2,20,ZDT3,3,ok,ZDT3_n20_m2
0.5689865689921488,1.0400180880315826,2000,mutation,dc0fba8d7461ccba,-0.13911141447391062,0.10756795334596402,ZDT,True,0.4298751545182382,mutation_eta_04,0.7857442700031609,2,20,ZDT3,4,ok,ZDT3_n20_m2
0.5355696262188148,0.9789371648165687,2000,mutation,dc0fba8d7461ccba,-0.0273812525149012,0.02045384648230253,ZDT,True,0.5081883737039136,mutation_eta_04,0.9288885354809074,2,20,ZDT3,5,ok,ZDT3_n20_m2
0.5558384887938306,1.015985462352277,2000,mutation,dc0fba8d7461ccba,0.003557294399754052,-0.04896218984204099,ZDT,True,0.5593957831935846,mutation_eta_04,1.022487637837281,2,20,ZDT3,6,ok,ZDT3_n20_m2
0.5234005919402752,0.9566940813181734,2000,mutation,dc0fba8d7461ccba,-0.0053436445494788876,-0.0002015369270676054,ZDT,True,0.5180569473907963,mutation_eta_04,0.9469267383081034,2,20,ZDT3,7,ok,ZDT3_n20_m2
0.553227563542149,1.011213101041434,2000,mutation,dc0fba8d7461ccba,-0.04869484295883164,0.033503082628109374,ZDT,True,0.5045327205833173,mutation_eta_04,0.9222065757015694,2,20,ZDT3,8,ok,ZDT3_n20_m2
0.5657700073209045,1.0341387184617725,2000,mutation,dc0fba8d7461ccba,-0.06156573229744744,0.057423413677831006,ZDT,True,0.5042042750234571,mutation_eta_04,0.9216062288009502,2,20,ZDT3,9,ok,ZDT3_n20_m2
0.5124226008247592,0.9366280376668967,2000,mutation,ef5628ef585caf9b,-0.017607182744920513,-0.07621428478223513,ZDT,True,0.4948154180798387,mutation_eta_05,0.9044448728402984,2,20,ZDT3,0,ok,ZDT3_n20_m2
0.5549067079575384,1.0142823133209358,2000,mutation,ef5628ef585caf9b,-0.0272438691897382,-0.012612479308216198,ZDT,True,0.5276628387678002,mutation_eta_05,0.9644847991274417,2,20,ZDT3,1,ok,ZDT3_n20_m2
0.5448995946808699,0.9959908818814349,2000,mutation,ef5628ef585caf9b,-0.05769206391874476,0.013199066768769974,ZDT,True,0.48720753076212514,mutation_eta_05,0.8905388496521883,2,20,ZDT3,2,ok,ZDT3_n20_m2
0.4913006111705368,0.8980203578151249,2000,mutation,ef5628ef585caf9b,-0.004405705329697862,-0.02806042931942268,ZDT,True,0.48689490584083894,mutation_eta_05,0.8899674203942302,2,20,ZDT3,3,ok,ZDT3_n20_m2
0.5689865689921488,1.0400180880315826,2000,mutation,ef5628ef585caf9b,-0.08458297921972296,0.06914559190690941,ZDT,True,0.48440358977242587,mutation_eta_05,0.885413685885624,2,20,ZDT3,4,ok,ZDT3_n20_m2
0.5355696262188148,0.9789371648165687,2000,mutation,ef5628ef585caf9b,-0.06193536486611145,0.04881981871341681,ZDT,True,0.4736342613527033,mutation_eta_05,0.8657290448715077,2,20,ZDT3,5,ok,ZDT3_n20_m2
0.5558384887938306,1.015985462352277,2000,mutation,ef5628ef585caf9b,-0.04133090473014833,-0.004696830056039172,ZDT,True,0.5145075840636822,mutation_eta_05,0.9404390595782993,2,20,ZDT3,6,ok,ZDT3_n20_m2
0.5234005919402752,0.9566940813181734,2000,mutation,ef5628ef585caf9b,0.01860201858822641,-0.02676252841028246,ZDT,True,0.5420026105285016,mutation_eta_05,0.9906956498260625,2,20,ZDT3,7,ok,ZDT3_n20_m2
0.553227563542149,1.011213101041434,2000,mutation,ef5628ef585caf9b,-0.15403574148973004,0.11096298263340211,ZDT,True,0.39919182205241893,mutation_eta_05,0.7296599571132039,2,20,ZDT3,8,ok,ZDT3_n20_m2
0.5657700073209045,1.0341387184617725,2000,mutation,ef5628ef585caf9b,-0.07932737427609321,0.07469666740722526,ZDT,True,0.48644263304481133,mutation_eta_05,0.8891407367531273,2,20,ZDT3,9,ok,ZDT3_n20_m2
0.5124226008247592,0.9366280376668967,2000,crossover,a34e02719106797a,0.0012481878355876663,-0.13388940514932857,ZDT,True,0.5136707886603469,crossover_prob_01,0.9389095290008161,2,20,ZDT3,0,ok,ZDT3_n20_m2
0.5549067079575384,1.0142823133209358,2000,crossover,a34e02719106797a,-0.1110504386078891,0.14083662387678075,ZDT,True,0.4438562693496493,crossover_prob_01,0.81129955216258,2,20,ZDT3,1,ok,ZDT3_n20_m2
0.5448995946808699,0.9959908818814349,2000,crossover,a34e02719106797a,-0.04387095845595168,0.05528582954025657,ZDT,True,0.5010286362249182,crossover_prob_01,0.9158016598154546,2,20,ZDT3,2,ok,ZDT3_n20_m2
0.4913006111705368,0.8980203578151249,2000,crossover,a34e02719106797a,-0.052562707676349074,0.03455863630775516,ZDT,True,0.43873790349418773,crossover_prob_01,0.8019439832248593,2,20,ZDT3,3,ok,ZDT3_n20_m2
0.5689865689921488,1.0400180880315826,2000,crossover,a34e02719106797a,-0.2348047079835014,0.5110842370676434,ZDT,True,0.33418186100864744,crossover_prob_01,0.6108319582247385,2,20,ZDT3,4,ok,ZDT3_n20_m2
0.5355696262188148,0.9789371648165687,2000,crossover,a34e02719106797a,0.01382791186205179,-0.010043540931768492,ZDT,True,0.5493975380808666,crossover_prob_01,1.0042124160087262,2,20,ZDT3,5,ok,ZDT3_n20_m2
0.5558384887938306,1.015985462352277,2000,crossover,a34e02719106797a,-0.050903497841394696,0.06124639276100741,ZDT,True,0.5049349909524359,crossover_prob_01,0.922941862759229,2,20,ZDT3,6,ok,ZDT3_n20_m2
0.5234005919402752,0.9566940813181734,2000,crossover,a34e02719106797a,-0.029774734636187572,0.013232068193132315,ZDT,True,0.49362585730408765,crossover_prob_01,0.9022705425643038,2,20,ZDT3,7,ok,ZDT3_n20_m2
0.553227563542149,1.011213101041434,2000,crossover,a34e02719106797a,-0.15899840491675543,0.07063706116365952,ZDT,True,0.39422915862539354,crossover_prob_01,0.7205889877613937,2,20,ZDT3,8,ok,ZDT3_n20_m2
0.5657700073209045,1.0341387184617725,2000,crossover,a34e02719106797a,-0.01900002496320896,0.062197926337179035,ZDT,True,0.5467699823576956,crossover_prob_01,0.9994096568078383,2,20,ZDT3,9,ok,ZDT3_n20_m2
0.5124226008247592,0.9366280376668967,2000,crossover,d3dd9e92d9ec8b5e,0.028167267180260525,-0.15483706160973937,ZDT,True,0.5405898680050197,crossover_prob_02,0.988113378366201,2,20,ZDT3,0,ok,ZDT3_n20_m2
0.5549067079575384,1.0142823133209358,2000,crossover,d3dd9e92d9ec8b5e,-0.08675227772969452,0.17475143762932402,ZDT,True,0.46815443022784387,crossover_prob_02,0.8557127741899218,2,20,ZDT3,1,ok,ZDT3_n20_m2
0.5448995946808699,0.9959908818814349,2000,crossover,d3dd9e92d9ec8b5e,-0.053510309356559704,0.03669687102242908,ZDT,True,0.4913892853243102,crossover_prob_02,0.8981824402418304,2,20,ZDT3,2,ok,ZDT3_n20_m2
0.4913006111705368,0.8980203578151249,2000,crossover,d3dd9e92d9ec8b5e,0.0588328475122144,-0.08047080722200779,ZDT,True,0.5501334586827512,crossover_prob_02,1.0055575632916762,2,20,ZDT3,3,ok,ZDT3_n20_m2
0.5689865689921488,1.0400180880315826,2000,crossover,d3dd9e92d9ec8b5e,-0.047453508499342045,0.09041717531461099,ZDT,True,0.5215330604928068,crossover_prob_02,0.9532805271304613,2,20,ZDT3,4,ok,ZDT3_n20_m2
0.5355696262188148,0.9789371648165687,2000,crossover,d3dd9e92d9ec8b5e,-0.006230932472463313,0.049644669653409065,ZDT,True,0.5293386937463515,crossover_prob_02,0.9675479988330132,2,20,ZDT3,5,ok,ZDT3_n20_m2
0.5558384887938306,1.015985462352277,2000,crossover,d3dd9e92d9ec8b5e,-0.010591665691516816,0.0104079414175864,ZDT,True,0.5452468231023138,crossover_prob_02,0.9966255609031566,2,20,ZDT3,6,ok,ZDT3_n20_m2
0.5234005919402752,0.9566940813181734,2000,crossover,d3dd9e92d9ec8b5e,0.037388072888638546,-0.033102828410509204,ZDT,True,0.5607886648289138,crossover_prob_02,1.0250336067127774,2,20,ZDT3,7,ok,ZDT3_n20_m2
0.553227563542149,1.011213101041434,2000,crossover,d3dd9e92d9ec8b5e,-0.00294318443074304,-0.0458062162357362,ZDT,True,0.5502843791114059,crossover_prob_02,1.0058334221330063,2,20,ZDT3,8,ok,ZDT3_n20_m2
0.5657700073209045,1.0341387184617725,2000,crossover,d3dd9e92d9ec8b5e,-0.001887257846114876,-0.00033803794086509353,ZDT,True,0.5638827494747897,crossover_prob_02,1.0306891075153914,2,20,ZDT3,9,ok,ZDT3_n20_m2
0.5124226008247592,0.9366280376668967,2000,crossover,e78e1dc83ea9a86d,0.0050828494083932085,-0.09314779300679821,ZDT,True,0.5175054502331524,crossover_prob_03,0.9459186881172811,2,20,ZDT3,0,ok,ZDT3_n20_m2
0.5549067079575384,1.0142823133209358,2000,crossover,e78e1dc83ea9a86d,0.012418719430799308,-0.010900595952576572,ZDT,True,0.5673254273883377,crossover_prob_03,1.0369817820642808,2,20,ZDT3,1,ok,ZDT3_n20_m2
0.5448995946808699,0.9959908818814349,2000,crossover,e78e1dc83ea9a86d,-0.012911167785304767,-0.036586142415272575,ZDT,True,0.5319884268955651,crossover_prob_03,0.9723912948857132,2,20,ZDT3,2,ok,ZDT3_n20_m2
0.4913006111705368,0.8980203578151249,2000,crossover,e78e1dc83ea9a86d,0.06406313174330502,-0.1267570487293009,ZDT,True,0.5553637429138418,crossover_prob_03,1.0151177014431194,2,20,ZDT3,3,ok,ZDT3_n20_m2
0.5689865689921488,1.0400180880315826,2000,crossover,e78e1dc83ea9a86d,-0.05609995666547363,0.09272605101355658,ZDT,True,0.5128866123266752,crossover_prob_03,0.9374761778187852,2,20,ZDT3,4,ok,ZDT3_n20_m2
0.5355696262188148,0.9789371648165687,2000,crossover,e78e1dc83ea9a86d,-0.00027588807868383913,0.0037965352400557636,ZDT,True,0.5352937381401309,crossover_prob_03,0.9784328847373185,2,20,ZDT3,5,ok,ZDT3_n20_m2
0.5558384887938306,1.015985462352277,2000,crossover,e78e1dc83ea9a86d,-0.013826667646414936,-0.02879042248205066,ZDT,True,0.5420118211474156,crossover_prob_03,0.9907124853908978,2,20,ZDT3,6,ok,ZDT3_n20_m2
0.5234005919402752,0.9566940813181734,2000,crossover,e78e1dc83ea9a86d,0.017520573486529356,0.020939447515754883,ZDT,True,0.5409211654268046,crossover_prob_03,0.9887189380225302,2,20,ZDT3,7,ok,ZDT3_n20_m2
0.553227563542149,1.011213101041434,2000,crossover,e78e1dc83ea9a86d,-0.052820025088112454,0.12836874544527943,ZDT,True,0.5004075384540365,crossover_prob_03,0.9146663906345016,2,20,ZDT3,8,ok,ZDT3_n20_m2
0.5657700073209045,1.0341387184617725,2000,crossover,e78e1dc83ea9a86d,-0.02886472881405,0.026056716280266044,ZDT,True,0.5369052785068545,crossover_prob_03,0.9813785274331633,2,20,ZDT3,9,ok,ZDT3_n20_m2
0.5124226008247592,0.9366280376668967,2000,crossover,621ef7f3c646bc12,0.054096470131088426,-0.13454734435768753,ZDT,True,0.5665190709558476,crossover_eta_01,1.035507889145023,2,20,ZDT3,0,ok,ZDT3_n20_m2
0.5549067079575384,1.0142823133209358,2000,crossover,621ef7f3c646bc12,0.016146740348380928,-0.05555255276008168,ZDT,True,0.5710534483059193,crossover_eta_01,1.0437960188110513,2,20,ZDT3,1,ok,ZDT3_n20_m2
0.5448995946808699,0.9959908818814349,2000,crossover,621ef7f3c646bc12,0.02734324466028415,-0.07081946295347594,ZDT,True,0.572242839341154,crossover_eta_01,1.0459700388280397,2,20,ZDT3,2,ok,ZDT3_n20_m2
0.4913006111705368,0.8980203578151249,2000,crossover,621ef7f3c646bc12,0.08623433508028899,-0.14487937730221284,ZDT,True,0.5775349462508258,crossover_eta_01,1.055643179126597,2,20,ZDT3,3,ok,ZDT3_n20_m2
0.5689865689921488,1.0400180880315826,2000,crossover,621ef7f3c646bc12,-0.001736501473886709,0.002397054325747768,ZDT,True,0.5672500675182621,crossover_eta_01,1.0368440360571491,2,20,ZDT3,4,ok,ZDT3_n20_m2
0.5355696262188148,0.9789371648165687,2000,crossover,621ef7f3c646bc12,0.04812200965952229,-0.0405734052490452,ZDT,True,0.5836916358783371,crossover_eta_01,1.0668966408495153,2,20,ZDT3,5,ok,ZDT3_n20_m2
0.5558384887938306,1.015985462352277,2000,crossover,621ef7f3c646bc12,0.0208364159339387,-0.061394108770338275,ZDT,True,0.5766749047277693,crossover_eta_01,1.0540711582930964,2,20,ZDT3,6,ok,ZDT3_n20_m2
0.5234005919402752,0.9566940813181734,2000,crossover,621ef7f3c646bc12,0.05852389386358192,-0.05781494504432014,ZDT,True,0.5819244858038571,crossover_eta_01,1.0636665680466006,2,20,ZDT3,7,ok,ZDT3_n20_m2
0.553227563542149,1.011213101041434,2000,crossover,621ef7f3c646bc12,0.02382416161456269,-0.06908667110900174,ZDT,True,0.5770517251567117,crossover_eta_01,1.0547599268570613,2,20,ZDT3,8,ok,ZDT3_n20_m2
0.5657700073209045,1.0341387184617725,2000,crossover,621ef7f3c646bc12,0.0013540428680465233,-0.0022466734345632094,ZDT,True,0.5671240501889511,crossover_eta_01,1.0366136961703551,2,20,ZDT3,9,ok,ZDT3_n20_m2
0.5124226008247592,0.9366280376668967,2000,crossover,edb636f6c4b619d1,0.022030245153855654,-0.15345324490135012,ZDT,True,0.5344528459786149,crossover_eta_02,0.9768958659292829,2,20,ZDT3,0,ok,ZDT3_n20_m2
0.5549067079575384,1.0142823133209358,2000,crossover,edb636f6c4b619d1,0.014945686524098667,-0.05727237409689441,ZDT,True,0.569852394481637,crossover_eta_02,1.0416006810473395,2,20,ZDT3,1,ok,ZDT3_n20_m2
0.5448995946808699,0.9959908818814349,2000,crossover,edb636f6c4b619d1,0.005540637571525675,-0.0029670287432203846,ZDT,True,0.5504402322523956,crossover_eta_02,1.0061182971977953,2,20,ZDT3,2,ok,ZDT3_n20_m2
0.4913006111705368,0.8980203578151249,2000,crossover,edb636f6c4b619d1,0.05478872760731901,-0.07336295935405117,ZDT,True,0.5460893387778558,crossover_eta_02,0.9981655472398564,2,20,ZDT3,3,ok,ZDT3_n20_m2
0.5689865689921488,1.0400180880315826,2000,crossover,edb636f6c4b619d1,0.0022030169192784887,-2.767650815093184e-05,ZDT,True,0.5711895859114273,crossover_eta_02,1.0440448569733298,2,20,ZDT3,4,ok,ZDT3_n20_m2
0.5355696262188148,0.9789371648165687,2000,crossover,edb636f6c4b619d1,0.016616658597268907,-0.00847105847194976,ZDT,True,0.5521862848160837,crossover_eta_02,1.009309807064375,2,20,ZDT3,5,ok,ZDT3_n20_m2
0.5558384887938306,1.015985462352277,2000,crossover,edb636f6c4b619d1,0.020586430210933315,-0.05117624297185766,ZDT,True,0.5764249190047639,crossover_eta_02,1.0536142236520287,2,20,ZDT3,6,ok,ZDT3_n20_m2
0.5234005919402752,0.9566940813181734,2000,crossover,edb636f6c4b619d1,0.03598746807535225,-0.03857784526225455,ZDT,True,0.5593880600156275,crossover_eta_02,1.0224735210809102,2,20,ZDT3,7,ok,ZDT3_n20_m2
0.553227563542149,1.011213101041434,2000,crossover,edb636f6c4b619d1,-0.02837302068922276,0.01269410863684585,ZDT,True,0.5248545428529262,crossover_eta_02,0.9593516752416036,2,20,ZDT3,8,ok,ZDT3_n20_m2
0.5657700073209045,1.0341387184617725,2000,crossover,edb636f6c4b619d1,0.005945725978034111,0.0012293597594678837,ZDT,True,0.5717157332989387,crossover_eta_02,1.0450065717655643,2,20,ZDT3,9,ok,ZDT3_n20_m2
0.5124226008247592,0.9366280376668967,2000,crossover,625faff426c8963c,-0.00816811937458728,0.00694489358468528,ZDT,True,0.5042544814501719,crossover_eta_03,0.9216979982639997,2,20,ZDT3,0,ok,ZDT3_n20_m2
0.5549067079575384,1.0142823133209358,2000,crossover,625faff426c8963c,-0.028559613285481733,-0.01723563143560551,ZDT,True,0.5263470946720566,crossover_eta_03,0.9620798255597562,2,20,ZDT3,1,ok,ZDT3_n20_m2
0.5448995946808699,0.9959908818814349,2000,crossover,625faff426c8963c,0.00977485666996325,-0.013772059126046066,ZDT,True,0.5546744513508332,crossover_eta_03,1.013857784720083,2,20,ZDT3,2,ok,ZDT3_n20_m2
0.4913006111705368,0.8980203578151249,2000,crossover,625faff426c8963c,0.06103233521706941,-0.08011500275783166,ZDT,True,0.5523329463876062,crossover_eta_03,1.0095778813837253,2,20,ZDT3,3,ok,ZDT3_n20_m2
0.5689865689921488,1.0400180880315826,2000,crossover,625faff426c8963c,-0.0345103311378443,0.030188293645851846,ZDT,True,0.5344762378543045,crossover_eta_03,0.976938622604319,2,20,ZDT3,4,ok,ZDT3_n20_m2
0.5355696262188148,0.9789371648165687,2000,crossover,625faff426c8963c,0.004686416637325164,-0.0007652466424147714,ZDT,True,0.5402560428561399,crossover_eta_03,0.9875031984217265,2,20,ZDT3,5,ok,ZDT3_n20_m2
0.5558384887938306,1.015985462352277,2000,crossover,625faff426c8963c,0.010718503962886095,-0.009287502368676565,ZDT,True,0.5665569927567167,crossover_eta_03,1.0355772042413434,2,20,ZDT3,6,ok,ZDT3_n20_m2
0.5234005919402752,0.9566940813181734,2000,crossover,625faff426c8963c,0.019528408204899206,-0.020790977234392022,ZDT,True,0.5429290001451744,crossover_eta_03,0.9923889445546372,2,20,ZDT3,7,ok,ZDT3_n20_m2
0.553227563542149,1.011213101041434,2000,crossover,625faff426c8963c,0.005857067395156679,-0.009483136760438743,ZDT,True,0.5590846309373056,crossover_eta_03,1.0219189003796723,2,20,ZDT3,8,ok,ZDT3_n20_m2
0.5657700073209045,1.0341387184617725,2000,crossover,625faff426c8963c,0.01218112501915658,-0.009670609743378217,ZDT,True,0.5779511323400611,crossover_eta_03,1.0564039019351474,2,20,ZDT3,9,ok,ZDT3_n20_m2
0.5124226008247592,0.9366280376668967,2000,crossover,61d67c6269d42a4a,0.03431981193273759,-0.11814554209751026,ZDT,True,0.5467424127574968,crossover_eta_04,0.9993592639085166,2,20,ZDT3,0,ok,ZDT3_n20_m2
0.5549067079575384,1.0142823133209358,2000,crossover,61d67c6269d42a4a,0.002917384474593998,-0.046465444649522375,ZDT,True,0.5578240924321324,crossover_eta_04,1.01961483396144,2,20,ZDT3,1,ok,ZDT3_n20_m2
0.5448995946808699,0.9959908818814349,2000,crossover,61d67c6269d42a4a,-0.04106562842230188,0.041528728153579525,ZDT,True,0.503833966258568,crossover_eta_04,0.9209293625362095,2,20,ZDT3,2,ok,ZDT3_n20_m2
0.4913006111705368,0.8980203578151249,2000,crossover,61d67c6269d42a4a,0.05691202096811554,-0.07316208578537334,ZDT,True,0.5482126321386523,crossover_eta_04,1.0020465940373884,2,20,ZDT3,3,ok,ZDT3_n20_m2
0.5689865689921488,1.0400180880315826,2000,crossover,61d67c6269d42a4a,-0.0439775189643159,0.08612851957289477,ZDT,True,0.5250090500278329,crossover_eta_04,0.9596340900917798,2,20,ZDT3,4,ok,ZDT3_n20_m2
0.5355696262188148,0.9789371648165687,2000,crossover,61d67c6269d42a4a,-0.00048186040193165525,0.001037693694247041,ZDT,True,0.5350877658168831,crossover_eta_04,0.9780563996786448,2,20,ZDT3,5,ok,ZDT3_n20_m2
0.5558384887938306,1.015985462352277,2000,crossover,61d67c6269d42a4a,0.01373745256202108,-0.053430264500488434,ZDT,True,0.5695759413558517,crossover_eta_04,1.0410953681507291,2,20,ZDT3,6,ok,ZDT3_n20_m2
0.5234005919402752,0.9566940813181734,2000,crossover,61d67c6269d42a4a,0.04003533584694896,-0.04336058568542943,ZDT,True,0.5634359277872242,crossover_eta_04,1.0298723876444529,2,20,ZDT3,7,ok,ZDT3_n20_m2
0.553227563542149,1.011213101041434,2000,crossover,61d67c6269d42a4a,-0.06781439785063315,0.14490567074168864,ZDT,True,0.4854131656915158,crossover_eta_04,0.8872590321104995,2,20,ZDT3,8,ok,ZDT3_n20_m2
0.5657700073209045,1.0341387184617725,2000,crossover,61d67c6269d42a4a,-0.03949273377104634,0.031782350955451955,ZDT,True,0.5262772735498582,crossover_eta_04,0.9619522035138756,2,20,ZDT3,9,ok,ZDT3_n20_m2
0.5124226008247592,0.9366280376668967,2000,selection,c4462e764d6586c5,0.03370542011695343,-0.15645118847417094,ZDT,True,0.5461280209417126,selection_tournament_01,0.9982362521603023,2,20,ZDT3,0,ok,ZDT3_n20_m2
0.5549067079575384,1.0142823133209358,2000,selection,c4462e764d6586c5,-0.021330715517697496,0.01984581195318469,ZDT,True,0.5335759924398409,selection_tournament_01,0.9752931153714011,2,20,ZDT3,1,ok,ZDT3_n20_m2
0.5448995946808699,0.9959908818814349,2000,selection,c4462e764d6586c5,0.013348910693385063,-0.01599955001395989,ZDT,True,0.558248505374255,selection_tournament_01,1.020390594165031,2,20,ZDT3,2,ok,ZDT3_n20_m2
0.4913006111705368,0.8980203578151249,2000,selection,c4462e764d6586c5,0.054204514451604346,-0.07491096595340692,ZDT,True,0.5455051256221412,selection_tournament_01,0.9970976973426524,2,20,ZDT3,3,ok,ZDT3_n20_m2
0.5689865689921488,1.0400180880315826,2000,selection,c4462e764d6586c5,-0.011993908508055151,0.053991992559008425,ZDT,True,0.5569926604840937,selection_tournament_01,1.0180951069379012,2,20,ZDT3,4,ok,ZDT3_n20_m2
0.5355696262188148,0.9789371648165687,2000,selection,c4462e764d6586c5,0.034625520109573316,-0.031242947542390424,ZDT,True,0.5701951463283881,selection_tournament_01,1.0422271775935743,2,20,ZDT3,5,ok,ZDT3_n20_m2
0.5558384887938306,1.015985462352277,2000,selection,c4462e764d6586c5,-0.013348322437579663,0.016062274561723267,ZDT,True,0.5424901663562509,selection_tournament_01,0.9915868253079061,2,20,ZDT3,6,ok,ZDT3_n20_m2
0.5234005919402752,0.9566940813181734,2000,selection,c4462e764d6586c5,-0.03041412110512487,0.055052135217111026,ZDT,True,0.49298647083515035,selection_tournament_01,0.9011018445155686,2,20,ZDT3,7,ok,ZDT3_n20_m2
0.553227563542149,1.011213101041434,2000,selection,c4462e764d6586c5,-0.021623798821796325,0.013241808936299213,ZDT,True,0.5316037647203526,selection_tournament_01,0.9716881928411236,2,20,ZDT3,8,ok,ZDT3_n20_m2
0.5657700073209045,1.0341387184617725,2000,selection,c4462e764d6586c5,0.005054136283405564,-0.005004215346197331,ZDT,True,0.5708241436043101,selection_tournament_01,1.0433768858291133,2,20,ZDT3,9,ok,ZDT3_n20_m2
0.5124226008247592,0.9366280376668967,2000,selection,78e634a57e1b3e0d,-0.022203593885383233,0.026128062379416006,ZDT,True,0.490219006939376,selection_tournament_02,0.8960433551479242,2,20,ZDT3,0,ok,ZDT3_n20_m2
0.5549067079575384,1.0142823133209358,2000,selection,78e634a57e1b3e0d,-0.0021258525156847563,0.010091630613549923,ZDT,True,0.5527808554418536,selection_tournament_02,1.0103965887901858,2,20,ZDT3,1,ok,ZDT3_n20_m2
0.5448995946808699,0.9959908818814349,2000,selection,78e634a57e1b3e0d,0.011835667951550333,-0.0589052586040455,ZDT,True,0.5567352626324202,selection_tournament_02,1.0176246240897124,2,20,ZDT3,2,ok,ZDT3_n20_m2
0.4913006111705368,0.8980203578151249,2000,selection,78e634a57e1b3e0d,0.03359117902431774,-0.054883965643539714,ZDT,True,0.5248917901948545,selection_tournament_02,0.9594197575329052,2,20,ZDT3,3,ok,ZDT3_n20_m2
0.5689865689921488,1.0400180880315826,2000,selection,78e634a57e1b3e0d,-0.030519557610777404,0.02590268146422262,ZDT,True,0.5384670113813714,selection_tournament_02,0.9842331298555863,2,20,ZDT3,4,ok,ZDT3_n20_m2
0.5355696262188148,0.9789371648165687,2000,selection,78e634a57e1b3e0d,0.03991852326939205,0.010762736330253445,ZDT,True,0.5754881494882068,selection_tournament_02,1.0519019560966416,2,20,ZDT3,5,ok,ZDT3_n20_m2
0.5558384887938306,1.015985462352277,2000,selection,78e634a57e1b3e0d,0.02220204643306367,-0.051492541589905225,ZDT,True,0.5780405352268942,selection_tournament_02,1.0565673163714384,2,20,ZDT3,6,ok,ZDT3_n20_m2
0.5234005919402752,0.9566940813181734,2000,selection,78e634a57e1b3e0d,-0.003205816579835208,0.1252865354949725,ZDT,True,0.52019477536044,selection_tournament_02,0.9508343520879284,2,20,ZDT3,7,ok,ZDT3_n20_m2
0.553227563542149,1.011213101041434,2000,selection,78e634a57e1b3e0d,-0.008495763520317223,-0.04176057654108978,ZDT,True,0.5447318000218317,selection_tournament_02,0.9956841795970849,2,20,ZDT3,8,ok,ZDT3_n20_m2
0.5657700073209045,1.0341387184617725,2000,selection,78e634a57e1b3e0d,0.007974774858119371,-0.006103599006332512,ZDT,True,0.5737447821790239,selection_tournament_02,1.0487153544535752,2,20,ZDT3,9,ok,ZDT3_n20_m2
0.5124226008247592,0.9366280376668967,2000,selection,bbdeae549bcfcc64,0.031330444324794926,-0.11738559566991538,ZDT,True,0.5437530451495541,selection_tournament_03,0.9938951694052959,2,20,ZDT3,0,ok,ZDT3_n20_m2
0.5549067079575384,1.0142823133209358,2000,selection,bbdeae549bcfcc64,0.007304130089786476,-0.05173478789730228,ZDT,True,0.5622108380473249,selection_tournament_03,1.0276331160018652,2,20,ZDT3,1,ok,ZDT3_n20_m2
0.5448995946808699,0.9959908818814349,2000,selection,bbdeae549bcfcc64,0.013613377134072291,-0.05774856675023273,ZDT,True,0.5585129718149422,selection_tournament_03,1.020873997283806,2,20,ZDT3,2,ok,ZDT3_n20_m2
0.4913006111705368,0.8980203578151249,2000,selection,bbdeae549bcfcc64,0.020021020896872743,-0.04341588389602136,ZDT,True,0.5113216320674095,selection_tournament_03,0.9346156396870479,2,20,ZDT3,3,ok,ZDT3_n20_m2
0.5689865689921488,1.0400180880315826,2000,selection,bbdeae549bcfcc64,-0.01848849250010487,0.021688046294129137,ZDT,True,0.550498076492044,selection_tournament_03,1.0062240273833591,2,20,ZDT3,4,ok,ZDT3_n20_m2
0.5355696262188148,0.9789371648165687,2000,selection,bbdeae549bcfcc64,-0.004946537915331839,0.0037728158784212235,ZDT,True,0.5306230883034829,selection_tournament_03,0.9698956703676013,2,20,ZDT3,5,ok,ZDT3_n20_m2
0.5558384887938306,1.015985462352277,2000,selection,bbdeae549bcfcc64,0.012706630050304923,-0.009987152274123001,ZDT,True,0.5685451188441355,selection_tournament_03,1.039211186491338,2,20,ZDT3,6,ok,ZDT3_n20_m2
0.5234005919402752,0.9566940813181734,2000,selection,bbdeae549bcfcc64,0.018371163104666688,-0.02040585473423495,ZDT,True,0.5417717550449419,selection_tournament_03,0.9902736822582717,2,20,ZDT3,7,ok,ZDT3_n20_m2
0.553227563542149,1.011213101041434,2000,selection,bbdeae549bcfcc64,-0.028264433105142484,0.02150847255086437,ZDT,True,0.5249631304370065,selection_tournament_03,0.9595501562914805,2,20,ZDT3,8,ok,ZDT3_n20_m2
0.5657700073209045,1.0341387184617725,2000,selection,bbdeae549bcfcc64,-0.002223110422565844,7.547775026799444e-05,ZDT,True,0.5635468968983387,selection_tournament_03,1.0300752217517264,2,20,ZDT3,9,ok,ZDT3_n20_m2
0.4388043890712081,0.5309533107761619,10000,mutation,6307159b5e7da582,-0.10103319004181244,0.06731778561109181,ZDT,True,0.3377711990293957,mutation_prob_01,0.40870315082556885,2,10,ZDT4,0,ok,ZDT4_n10_m2
0.6754887150595978,0.8173413452221135,10000,mutation,6307159b5e7da582,0.026071641997126305,-0.031779644588322414,ZDT,True,0.7015603570567241,mutation_prob_01,0.8488880320386364,2,10,ZDT4,1,ok,ZDT4_n10_m2
0.5436137832916716,0.6577726777829228,10000,mutation,6307159b5e7da582,-0.23768418437074446,0.19660988593529943,ZDT,True,0.3059295989209272,mutation_prob_01,0.37017481469432195,2,10,ZDT4,2,ok,ZDT4_n10_m2
0.6517733339133339,0.7886457340351342,10000,mutation,6307159b5e7da582,-0.04144639729872235,0.10102347573327411,ZDT,True,0.6103269366146116,mutation_prob_01,0.7384955933036801,2,10,ZDT4,3,ok,ZDT4_n10_m2
0.2941540451138473,0.35592639458775527,10000,mutation,6307159b5e7da582,0.14639303612316468,-0.19932186064306773,ZDT,True,0.440547081237012,mutation_prob_01,0.5330619682967845,2,10,ZDT4,4,ok,ZDT4_n10_m2
0.5918366247480381,0.7161223159451262,10000,mutation,6307159b5e7da582,-0.05100481561255443,-0.02254805676939925,ZDT,True,0.5408318091354837,mutation_prob_01,0.6544064890539354,2,10,ZDT4,5,ok,ZDT4_n10_m2
0.2377302741358952,0.28765363170443325,10000,mutation,6307159b5e7da582,-0.04901869786485344,0.09423882633427483,ZDT,True,0.18871157627104176,mutation_prob_01,0.22834100728796056,2,10,ZDT4,6,ok,ZDT4_n10_m2
0.43012728853701576,0.5204540191297892,10000,mutation,6307159b5e7da582,0.050308991412437276,-0.19896068761707034,ZDT,True,0.48043627994945304,mutation_prob_01,0.5813278987388383,2,10,ZDT4,7,ok,ZDT4_n10_m2
0.5974083145351196,0.7228640605874948,10000,mutation,6307159b5e7da582,-0.023293329301065313,0.09447393354459231,ZDT,True,0.5741149852340542,mutation_prob_01,0.6946791321332058,2,10,ZDT4,8,ok,ZDT4_n10_m2
0.7050630191893709,0.8531262532191388,10000,mutation,6307159b5e7da582,-0.13221618520707723,0.1957434812919651,ZDT,True,0.5728468339822936,mutation_prob_01,0.6931446691185754,2,10,ZDT4,9,ok,ZDT4_n10_m2
0.4388043890712081,0.5309533107761619,10000,mutation,6eda006768cdbdb7,-0.29022760419445714,0.4151216804553883,ZDT,True,0.14857678487675094,mutation_prob_03,0.17977790970086865,2,10,ZDT4,0,ok,ZDT4_n10_m2
0.6754887150595978,0.8173413452221135,10000,mutation,6eda006768cdbdb7,-0.39356054349653996,0.4272251362779012,ZDT,True,0.2819281715630579,mutation_prob_03,0.3411330875913001,2,10,ZDT4,1,ok,ZDT4_n10_m2
0.5436137832916716,0.6577726777829228,10000,mutation,6eda006768cdbdb7,-0.5436137832916716,1.2617282707357707,ZDT,True,0.0,mutation_prob_03,0.0,2,10,ZDT4,2,ok,ZDT4_n10_m2
0.6517733339133339,0.7886457340351342,10000,mutation,6eda006768cdbdb7,-0.6517733339133339,0.8910673718988238,ZDT,True,0.0,mutation_prob_03,0.0,2,10,ZDT4,3,ok,ZDT4_n10_m2
0.2941540451138473,0.35592639458775527,10000,mutation,6eda006768cdbdb7,-0.08643726745549993,0.039569644428732675,ZDT,True,0.20771677765834737,mutation_prob_03,0.25133730096660034,2,10,ZDT4,4,ok,ZDT4_n10_m2
0.5918366247480381,0.7161223159451262,10000,mutation,6eda006768cdbdb7,-0.5408516586196245,0.6021389908998398,ZDT,True,0.05098496612841366,mutation_prob_03,0.06169180901538054,2,10,ZDT4,5,ok,ZDT4_n10_m2
0.2377302741358952,0.28765363170443325,10000,mutation,6eda006768cdbdb7,-0.2377302741358952,0.6494502613333591,ZDT,True,0.0,mutation_prob_03,0.0,2,10,ZDT4,6,ok,ZDT4_n10_m2
0.43012728853701576,0.5204540191297892,10000,mutation,6eda006768cdbdb7,-0.42829846968723206,0.37051489813120786,ZDT,True,0.0018288188497837083,mutation_prob_03,0.0022128708082382875,2,10,ZDT4,7,ok,ZDT4_n10_m2
0.5974083145351196,0.7228640605874948,10000,mutation,6eda006768cdbdb7,-0.23376515362172812,0.2850018337736217,ZDT,True,0.36364316091339144,mutation_prob_03,0.44000822470520373,2,10,ZDT4,8,ok,ZDT4_n10_m2
0.7050630191893709,0.8531262532191388,10000,mutation,6eda006768cdbdb7,-0.5998998723048411,0.6505646806243098,ZDT,True,0.10516314688452977,mutation_prob_03,0.12724740773028104,2,10,ZDT4,9,ok,ZDT4_n10_m2
0.4388043890712081,0.5309533107761619,10000,mutation,a038b5396eb938b5,-0.4388043890712081,2.852969582855514,ZDT,True,0.0,mutation_prob_04,0.0,2,10,ZDT4,0,ok,ZDT4_n10_m2
0.6754887150595978,0.8173413452221135,10000,mutation,a038b5396eb938b5,-0.6754887150595978,2.6554521862982945,ZDT,True,0.0,mutation_prob_04,0.0,2,10,ZDT4,1,ok,ZDT4_n10_m2
0.5436137832916716,0.6577726777829228,10000,mutation,a038b5396eb938b5,-0.5436137832916716,2.2051352979920154,ZDT,True,0.0,mutation_prob_04,0.0,2,10,ZDT4,2,ok,ZDT4_n10_m2
0.6517733339133339,0.7886457340351342,10000,mutation,a038b5396eb938b5,-0.6517733339133339,1.5258597628278208,ZDT,True,0.0,mutation_prob_04,0.0,2,10,ZDT4,3,ok,ZDT4_n10_m2
0.2941540451138473,0.35592639458775527,10000,mutation,a038b5396eb938b5,-0.2941540451138473,2.9737354815430215,ZDT,True,0.0,mutation_prob_04,0.0,2,10,ZDT4,4,ok,ZDT4_n10_m2
0.5918366247480381,0.7161223159451262,10000,mutation,a038b5396eb938b5,-0.5918366247480381,3.3462059130271706,ZDT,True,0.0,mutation_prob_04,0.0,2,10,ZDT4,5,ok,ZDT4_n10_m2
0.2377302741358952,0.28765363170443325,10000,mutation,a038b5396eb938b5,-0.2377302741358952,1.2700648981857992,ZDT,True,0.0,mutation_prob_04,0.0,2,10,ZDT4,6,ok,ZDT4_n10_m2
0.43012728853701576,0.5204540191297892,10000,mutation,a038b5396eb938b5,-0.43012728853701576,3.058437021767642,ZDT,True,0.0,mutation_prob_04,0.0,2,10,ZDT4,7,ok,ZDT4_n10_m2
0.5974083145351196,0.7228640605874948,10000,mutation,a038b5396eb938b5,-0.5974083145351196,1.5200019082241456,ZDT,True,0.0,mutation_prob_04,0.0,2,10,ZDT4,8,ok,ZDT4_n10_m2
0.7050630191893709,0.8531262532191388,10000,mutation,a038b5396eb938b5,-0.7050630191893709,1.8722091201903122,ZDT,True,0.0,mutation_prob_04,0.0,2,10,ZDT4,9,ok,ZDT4_n10_m2
0.4388043890712081,0.5309533107761619,10000,mutation,d42445323b9cf66d,-0.4388043890712081,5.4112698286620775,ZDT,True,0.0,mutation_prob_05,0.0,2,10,ZDT4,0,ok,ZDT4_n10_m2
0.6754887150595978,0.8173413452221135,10000,mutation,d42445323b9cf66d,-0.6754887150595978,9.845101626716819,ZDT,True,0.0,mutation_prob_05,0.0,2,10,ZDT4,1,ok,ZDT4_n10_m2
0.5436137832916716,0.6577726777829228,10000,mutation,d42445323b9cf66d,-0.5436137832916716,8.779360537108786,ZDT,True,0.0,mutation_prob_05,0.0,2,10,ZDT4,2,ok,ZDT4_n10_m2
0.6517733339133339,0.7886457340351342,10000,mutation,d42445323b9cf66d,-0.6517733339133339,5.732425379689822,ZDT,True,0.0,mutation_prob_05,0.0,2,10,ZDT4,3,ok,ZDT4_n10_m2
0.2941540451138473,0.35592639458775527,10000,mutation,d42445323b9cf66d,-0.2941540451138473,7.146883995983669,ZDT,True,0.0,mutation_prob_05,0.0,2,10,ZDT4,4,ok,ZDT4_n10_m2
0.5918366247480381,0.7161223159451262,10000,mutation,d42445323b9cf66d,-0.5918366247480381,8.551938369595462,ZDT,True,0.0,mutation_prob_05,0.0,2,10,ZDT4,5,ok,ZDT4_n10_m2
0.2377302741358952,0.28765363170443325,10000,mutation,d42445323b9cf66d,-0.2377302741358952,8.764437596431444,ZDT,True,0.0,mutation_prob_05,0.0,2,10,ZDT4,6,ok,ZDT4_n10_m2
0.43012728853701576,0.5204540191297892,10000,mutation,d42445323b9cf66d,-0.43012728853701576,6.982657318137312,ZDT,True,0.0,mutation_prob_05,0.0,2,10,ZDT4,7,ok,ZDT4_n10_m2
0.5974083145351196,0.7228640605874948,10000,mutation,d42445323b9cf66d,-0.5974083145351196,9.562130887973357,ZDT,True,0.0,mutation_prob_05,0.0,2,10,ZDT4,8,ok,ZDT4_n10_m2
0.7050630191893709,0.8531262532191388,10000,mutation,d42445323b9cf66d,-0.7050630191893709,6.4803537864860985,ZDT,True,0.0,mutation_prob_05,0.0,2,10,ZDT4,9,ok,ZDT4_n10_m2
0.4388043890712081,0.5309533107761619,10000,mutation,7cb2ae6595447091,0.02284565364361857,-0.09372906573305984,ZDT,True,0.4616500427148267,mutation_eta_01,0.5585965516849404,2,10,ZDT4,0,ok,ZDT4_n10_m2
0.6754887150595978,0.8173413452221135,10000,mutation,7cb2ae6595447091,-0.2558324155697587,0.1774237716158472,ZDT,True,0.4196562994898391,mutation_eta_01,0.5077841223827054,2,10,ZDT4,1,ok,ZDT4_n10_m2
0.5436137832916716,0.6577726777829228,10000,mutation,7cb2ae6595447091,-0.14708861286434755,0.0549372201173467,ZDT,True,0.3965251704273241,mutation_eta_01,0.47979545621706227,2,10,ZDT4,2,ok,ZDT4_n10_m2
0.6517733339133339,0.7886457340351342,10000,mutation,7cb2ae6595447091,-0.41131550108611875,0.36089502035593374,ZDT,True,0.24045783282721517,mutation_eta_01,0.2909539777209304,2,10,ZDT4,3,ok,ZDT4_n10_m2
0.2941540451138473,0.35592639458775527,10000,mutation,7cb2ae6595447091,-0.14451966189668908,0.07262524994117492,ZDT,True,0.14963438321715822,mutation_eta_01,0.18105760369276147,2,10,ZDT4,4,ok,ZDT4_n10_m2
0.5918366247480381,0.7161223159451262,10000,mutation,7cb2ae6595447091,0.09265661842794026,-0.13854861497494803,ZDT,True,0.6844932431759784,mutation_eta_01,0.828236824242934,2,10,ZDT4,5,ok,ZDT4_n10_m2
0.2377302741358952,0.28765363170443325,10000,mutation,7cb2ae6595447091,0.23360813389384855,-0.3156847132084375,ZDT,True,0.47133840802974375,mutation_eta_01,0.57031947371599,2,10,ZDT4,6,ok,ZDT4_n10_m2
0.43012728853701576,0.5204540191297892,10000,mutation,7cb2ae6595447091,-0.10037438820630629,-0.1242358339119427,ZDT,True,0.3297529003307095,mutation_eta_01,0.39900100940015854,2,10,ZDT4,7,ok,ZDT4_n10_m2
0.5974083145351196,0.7228640605874948,10000,mutation,7cb2ae6595447091,-0.2556773471145253,0.22726747929982172,ZDT,True,0.3417309674205943,mutation_eta_01,0.41349447057891914,2,10,ZDT4,8,ok,ZDT4_n10_m2
0.7050630191893709,0.8531262532191388,10000,mutation,7cb2ae6595447091,-0.36904947917172154,0.3179389514044447,ZDT,True,0.3360135400176493,mutation_eta_01,0.40657638342135577,2,10,ZDT4,9,ok,ZDT4_n10_m2
0.4388043890712081,0.5309533107761619,10000,mutation,5c54d29cb77351af,-0.09919580773743114,0.02796385538660273,ZDT,True,0.33960858133377697,mutation_eta_02,0.4109263834138702,2,10,ZDT4,0,ok,ZDT4_n10_m2
0.6754887150595978,0.8173413452221135,10000,mutation,5c54d29cb77351af,-0.29533547365635526,0.23897094273062733,ZDT,True,0.3801532414032426,mutation_eta_02,0.4599854220979236,2,10,ZDT4,1,ok,ZDT4_n10_m2
0.5436137832916716,0.6577726777829228,10000,mutation,5c54d29cb77351af,0.07736475531988296,-0.1476617726132856,ZDT,True,0.6209785386115546,mutation_eta_02,0.7513840317199811,2,10,ZDT4,2,ok,ZDT4_n10_m2
0.6517733339133339,0.7886457340351342,10000,mutation,5c54d29cb77351af,-0.26710365509665335,0.1988243312388302,ZDT,True,0.38466967881668057,mutation_eta_02,0.46545031136818354,2,10,ZDT4,3,ok,ZDT4_n10_m2
0.2941540451138473,0.35592639458775527,10000,mutation,5c54d29cb77351af,-0.08115149512185538,-0.011684505203505668,ZDT,True,0.21300254999199192,mutation_eta_02,0.25773308549031027,2,10,ZDT4,4,ok,ZDT4_n10_m2
0.5918366247480381,0.7161223159451262,10000,mutation,5c54d29cb77351af,-0.2807856754541577,0.1899027946167596,ZDT,True,0.3110509492938804,mutation_eta_02,0.3763716486455953,2,10,ZDT4,5,ok,ZDT4_n10_m2
0.2377302741358952,0.28765363170443325,10000,mutation,5c54d29cb77351af,-0.006503713655302001,-0.06869065072899694,ZDT,True,0.2312265604805932,mutation_eta_02,0.2797841381815178,2,10,ZDT4,6,ok,ZDT4_n10_m2
0.43012728853701576,0.5204540191297892,10000,mutation,5c54d29cb77351af,0.043944208867221835,-0.26465834315724224,ZDT,True,0.4740714974042376,mutation_eta_02,0.5736265118591276,2,10,ZDT4,7,ok,ZDT4_n10_m2
0.5974083145351196,0.7228640605874948,10000,mutation,5c54d29cb77351af,-0.2062142451167654,0.18069582035606718,ZDT,True,0.39119406941835416,mutation_eta_02,0.4733448239962086,2,10,ZDT4,8,ok,ZDT4_n10_m2
0.7050630191893709,0.8531262532191388,10000,mutation,5c54d29cb77351af,-0.016810726170331636,0.011626569307787719,ZDT,True,0.6882522930190392,mutation_eta_02,0.8327852745530376,2,10,ZDT4,9,ok,ZDT4_n10_m2
0.4388043890712081,0.5309533107761619,10000,mutation,6342072d53a78be8,0.2329028995706709,-0.2642808539640763,ZDT,True,0.671707288641879,mutation_eta_03,0.8127658192566737,2,10,ZDT4,0,ok,ZDT4_n10_m2
0.6754887150595978,0.8173413452221135,10000,mutation,6342072d53a78be8,-0.006253149827441629,-0.008065618933064886,ZDT,True,0.6692355652321562,mutation_eta_03,0.8097750339309091,2,10,ZDT4,1,ok,ZDT4_n10_m2
0.5436137832916716,0.6577726777829228,10000,mutation,6342072d53a78be8,-0.22350963845237648,0.13332586062670204,ZDT,True,0.32010414483929517,mutation_eta_03,0.3873260152555472,2,10,ZDT4,2,ok,ZDT4_n10_m2
0.6517733339133339,0.7886457340351342,10000,mutation,6342072d53a78be8,-0.29206024156702043,0.23573638354057697,ZDT,True,0.3597130923463135,mutation_eta_03,0.4352528417390394,2,10,ZDT4,3,ok,ZDT4_n10_m2
0.2941540451138473,0.35592639458775527,10000,mutation,6342072d53a78be8,0.22077365997895265,-0.3248883216695156,ZDT,True,0.5149277050928,mutation_eta_03,0.623062523162288,2,10,ZDT4,4,ok,ZDT4_n10_m2
0.5918366247480381,0.7161223159451262,10000,mutation,6342072d53a78be8,-0.21779345444305753,0.11890316520282743,ZDT,True,0.3740431703049806,mutation_eta_03,0.4525922360690266,2,10,ZDT4,5,ok,ZDT4_n10_m2
0.2377302741358952,0.28765363170443325,10000,mutation,6342072d53a78be8,0.44589958096148075,-0.4746665804697964,ZDT,True,0.683629855097376,mutation_eta_03,0.827192124667825,2,10,ZDT4,6,ok,ZDT4_n10_m2
0.43012728853701576,0.5204540191297892,10000,mutation,6342072d53a78be8,0.05855692886647784,-0.2590142121821496,ZDT,True,0.4886842174034936,mutation_eta_03,0.5913079030582273,2,10,ZDT4,7,ok,ZDT4_n10_m2
0.5974083145351196,0.7228640605874948,10000,mutation,6342072d53a78be8,0.09428830516338038,-0.07199759685830105,ZDT,True,0.6916966196984999,mutation_eta_03,0.8369529098351851,2,10,ZDT4,8,ok,ZDT4_n10_m2
0.7050630191893709,0.8531262532191388,10000,mutation,6342072d53a78be8,-0.03569232584645765,0.028674034083811327,ZDT,True,0.6693706933429132,mutation_eta_03,0.8099385389449251,2,10,ZDT4,9,ok,ZDT4_n10_m2
0.4388043890712081,0.5309533107761619,10000,mutation,8f3e4d6aee6fa15c,-0.2756496232923489,0.34436267814143745,ZDT,True,0.16315476577885923,mutation_eta_04,0.1974172665924197,2,10,ZDT4,0,ok,ZDT4_n10_m2
0.6754887150595978,0.8173413452221135,10000,mutation,8f3e4d6aee6fa15c,-0.6754887150595978,1.0803560831708734,ZDT,True,0.0,mutation_eta_04,0.0,2,10,ZDT4,1,ok,ZDT4_n10_m2
0.5436137832916716,0.6577726777829228,10000,mutation,8f3e4d6aee6fa15c,-0.5273882729534709,0.6309272462517705,ZDT,True,0.01622551033820078,mutation_eta_04,0.019632867509222947,2,10,ZDT4,2,ok,ZDT4_n10_m2
0.6517733339133339,0.7886457340351342,10000,mutation,8f3e4d6aee6fa15c,-0.6517733339133339,0.8436242027845644,ZDT,True,0.0,mutation_eta_04,0.0,2,10,ZDT4,3,ok,ZDT4_n10_m2
0.2941540451138473,0.35592639458775527,10000,mutation,8f3e4d6aee6fa15c,-0.08950654100138361,0.18065328303956563,ZDT,True,0.20464750411246369,mutation_eta_04,0.24762347997608108,2,10,ZDT4,4,ok,ZDT4_n10_m2
0.5918366247480381,0.7161223159451262,10000,mutation,8f3e4d6aee6fa15c,-0.5331990701949081,0.6188083007534073,ZDT,True,0.058637554553129974,mutation_eta_04,0.07095144100928728,2,10,ZDT4,5,ok,ZDT4_n10_m2
0.2377302741358952,0.28765363170443325,10000,mutation,8f3e4d6aee6fa15c,0.10394663932265369,-0.04956486727502529,ZDT,True,0.3416769134585489,mutation_eta_04,0.41342906528484424,2,10,ZDT4,6,ok,ZDT4_n10_m2
0.43012728853701576,0.5204540191297892,10000,mutation,8f3e4d6aee6fa15c,-0.11185124864163148,0.04638492957069701,ZDT,True,0.3182760398953843,mutation_eta_04,0.385114008273415,2,10,ZDT4,7,ok,ZDT4_n10_m2
0.5974083145351196,0.7228640605874948,10000,mutation,8f3e4d6aee6fa15c,-0.16948394552240853,0.3549226916097443,ZDT,True,0.427924369012711,mutation_eta_04,0.5177884865053805,2,10,ZDT4,8,ok,ZDT4_n10_m2
0.7050630191893709,0.8531262532191388,10000,mutation,8f3e4d6aee6fa15c,-0.547880196736996,0.6330119952392181,ZDT,True,0.15718282245237492,mutation_eta_04,0.19019121516737367,2,10,ZDT4,9,ok,ZDT4_n10_m2
0.4388043890712081,0.5309533107761619,10000,mutation,db9207300c9c0366,-0.4388043890712081,3.9710662565502264,ZDT,True,0.0,mutation_eta_05,0.0,2,10,ZDT4,0,ok,ZDT4_n10_m2
0.6754887150595978,0.8173413452221135,10000,mutation,db9207300c9c0366,-0.6421853229570957,0.7341502839402871,ZDT,True,0.03330339210250212,mutation_eta_05,0.04029710444402757,2,10,ZDT4,1,ok,ZDT4_n10_m2
0.5436137832916716,0.6577726777829228,10000,mutation,db9207300c9c0366,-0.5436137832916716,0.7569991005247272,ZDT,True,0.0,mutation_eta_05,0.0,2,10,ZDT4,2,ok,ZDT4_n10_m2
0.6517733339133339,0.7886457340351342,10000,mutation,db9207300c9c0366,-0.6517733339133339,3.031128492527785,ZDT,True,0.0,mutation_eta_05,0.0,2,10,ZDT4,3,ok,ZDT4_n10_m2
0.2941540451138473,0.35592639458775527,10000,mutation,db9207300c9c0366,-0.2941540451138473,1.7316616236670512,ZDT,True,0.0,mutation_eta_05,0.0,2,10,ZDT4,4,ok,ZDT4_n10_m2
0.5918366247480381,0.7161223159451262,10000,mutation,db9207300c9c0366,-0.5918366247480381,1.845662999292519,ZDT,True,0.0,mutation_eta_05,0.0,2,10,ZDT4,5,ok,ZDT4_n10_m2
0.2377302741358952,0.28765363170443325,10000,mutation,db9207300c9c0366,-0.2377302741358952,2.012011727102184,ZDT,True,0.0,mutation_eta_05,0.0,2,10,ZDT4,6,ok,ZDT4_n10_m2
0.43012728853701576,0.5204540191297892,10000,mutation,db9207300c9c0366,-0.43012728853701576,7.801847574462709,ZDT,True,0.0,mutation_eta_05,0.0,2,10,ZDT4,7,ok,ZDT4_n10_m2
0.5974083145351196,0.7228640605874948,10000,mutation,db9207300c9c0366,-0.5974083145351196,1.5276844017129225,ZDT,True,0.0,mutation_eta_05,0.0,2,10,ZDT4,8,ok,ZDT4_n10_m2
0.7050630191893709,0.8531262532191388,10000,mutation,db9207300c9c0366,-0.7050630191893709,5.179434427759932,ZDT,True,0.0,mutation_eta_05,0.0,2,10,ZDT4,9,ok,ZDT4_n10_m2
0.4388043890712081,0.5309533107761619,10000,crossover,139d159a6fb0bf55,0.08579182343088498,-0.07980223930866806,ZDT,True,0.5245962125020931,crossover_prob_01,0.6347614171275328,2,10,ZDT4,0,ok,ZDT4_n10_m2
0.6754887150595978,0.8173413452221135,10000,crossover,139d159a6fb0bf55,-0.16687051810087916,0.2093368008762845,ZDT,True,0.5086181969587187,crossover_prob_01,0.6154280183200497,2,10,ZDT4,1,ok,ZDT4_n10_m2
0.5436137832916716,0.6577726777829228,10000,crossover,139d159a6fb0bf55,-0.2515925432103626,0.15624008751697005,ZDT,True,0.29202124008130903,crossover_prob_01,0.353345700498384,2,10,ZDT4,2,ok,ZDT4_n10_m2
0.6517733339133339,0.7886457340351342,10000,crossover,139d159a6fb0bf55,-0.19846714508762614,0.14778155040408017,ZDT,True,0.4533061888257078,crossover_prob_01,0.5485004884791065,2,10,ZDT4,3,ok,ZDT4_n10_m2
0.2941540451138473,0.35592639458775527,10000,crossover,139d159a6fb0bf55,0.24546660531180248,-0.21607831418496432,ZDT,True,0.5396206504256498,crossover_prob_01,0.6529409870150363,2,10,ZDT4,4,ok,ZDT4_n10_m2
0.5918366247480381,0.7161223159451262,10000,crossover,139d159a6fb0bf55,-0.1837561940574986,0.1661286904639944,ZDT,True,0.4080804306905395,crossover_prob_01,0.4937773211355529,2,10,ZDT4,5,ok,ZDT4_n10_m2
0.2377302741358952,0.28765363170443325,10000,crossover,139d159a6fb0bf55,-0.20494824423612357,0.28147647628289196,ZDT,True,0.03278202989977165,crossover_prob_01,0.039666256178723706,2,10,ZDT4,6,ok,ZDT4_n10_m2
0.43012728853701576,0.5204540191297892,10000,crossover,139d159a6fb0bf55,0.10681480449957625,-0.17842212493164666,ZDT,True,0.536942093036592,crossover_prob_01,0.6496999325742765,2,10,ZDT4,7,ok,ZDT4_n10_m2
0.5974083145351196,0.7228640605874948,10000,crossover,139d159a6fb0bf55,-0.0817568823574144,0.21172672093076744,ZDT,True,0.5156514321777051,crossover_prob_01,0.6239382329350233,2,10,ZDT4,8,ok,ZDT4_n10_m2
0.7050630191893709,0.8531262532191388,10000,crossover,139d159a6fb0bf55,-0.27741836451840635,0.37031471813181394,ZDT,True,0.4276446546709645,crossover_prob_01,0.5174500321518671,2,10,ZDT4,9,ok,ZDT4_n10_m2
0.4388043890712081,0.5309533107761619,10000,crossover,94e20188ecbd191f,0.13988478989848852,-0.11955750827218584,ZDT,True,0.5786891789696966,crossover_prob_02,0.700213906553333,2,10,ZDT4,0,ok,ZDT4_n10_m2
0.6754887150595978,0.8173413452221135,10000,crossover,94e20188ecbd191f,-0.10366567490359124,0.13960641710809038,ZDT,True,0.5718230401560066,crossover_prob_02,0.6919058785887681,2,10,ZDT4,1,ok,ZDT4_n10_m2
0.5436137832916716,0.6577726777829228,10000,crossover,94e20188ecbd191f,0.010126544191111586,0.05244852085481816,ZDT,True,0.5537403274827832,crossover_prob_02,0.6700257962541678,2,10,ZDT4,2,ok,ZDT4_n10_m2
0.6517733339133339,0.7886457340351342,10000,crossover,94e20188ecbd191f,-0.0408776542620749,0.0797483431196584,ZDT,True,0.610895679651259,crossover_prob_02,0.7391837723780236,2,10,ZDT4,3,ok,ZDT4_n10_m2
0.2941540451138473,0.35592639458775527,10000,crossover,94e20188ecbd191f,0.2988500638221205,-0.3078628801872926,ZDT,True,0.5930041089359678,crossover_prob_02,0.7175349718125211,2,10,ZDT4,4,ok,ZDT4_n10_m2
0.5918366247480381,0.7161223159451262,10000,crossover,94e20188ecbd191f,-0.164874778528948,0.2569730671147391,ZDT,True,0.4269618462190901,crossover_prob_02,0.5166238339250991,2,10,ZDT4,5,ok,ZDT4_n10_m2
0.2377302741358952,0.28765363170443325,10000,crossover,94e20188ecbd191f,0.19836708522743368,-0.24428024827207517,ZDT,True,0.4360973593633289,crossover_prob_02,0.527677804829628,2,10,ZDT4,6,ok,ZDT4_n10_m2
0.43012728853701576,0.5204540191297892,10000,crossover,94e20188ecbd191f,0.16630095619899088,-0.30183062619366674,ZDT,True,0.5964282447360066,crossover_prob_02,0.7216781761305682,2,10,ZDT4,7,ok,ZDT4_n10_m2
0.5974083145351196,0.7228640605874948,10000,crossover,94e20188ecbd191f,-0.024206245244122293,0.02055184005378742,ZDT,True,0.5732020692909973,crossover_prob_02,0.6935745038421068,2,10,ZDT4,8,ok,ZDT4_n10_m2
0.7050630191893709,0.8531262532191388,10000,crossover,94e20188ecbd191f,-0.06526201720536617,0.055864026248922706,ZDT,True,0.6398010019840047,crossover_prob_02,0.7741592124006458,2,10,ZDT4,9,ok,ZDT4_n10_m2
0.4388043890712081,0.5309533107761619,10000,crossover,a14de0fa47034652,0.03995876432682921,-0.06026325650318698,ZDT,True,0.4787631533980373,crossover_prob_03,0.5793034156116252,2,10,ZDT4,0,ok,ZDT4_n10_m2
0.6754887150595978,0.8173413452221135,10000,crossover,a14de0fa47034652,-0.07267882113850987,0.12118622254731554,ZDT,True,0.602809893921088,crossover_prob_03,0.7293999716445165,2,10,ZDT4,1,ok,ZDT4_n10_m2
0.5436137832916716,0.6577726777829228,10000,crossover,a14de0fa47034652,-0.10485435360967327,0.04243208234985402,ZDT,True,0.4387594296819984,crossover_prob_03,0.5308989099152182,2,10,ZDT4,2,ok,ZDT4_n10_m2
0.6517733339133339,0.7886457340351342,10000,crossover,a14de0fa47034652,-0.20262140843930804,0.23179204259113512,ZDT,True,0.4491519254740259,crossover_prob_03,0.5434738298235714,2,10,ZDT4,3,ok,ZDT4_n10_m2
0.2941540451138473,0.35592639458775527,10000,crossover,a14de0fa47034652,0.15935767706359888,-0.08256043041616817,ZDT,True,0.4535117221774462,crossover_prob_03,0.5487491838347099,2,10,ZDT4,4,ok,ZDT4_n10_m2
0.5918366247480381,0.7161223159451262,10000,crossover,a14de0fa47034652,0.052142147294784835,-0.05900152329746118,ZDT,True,0.643978772042823,crossover_prob_03,0.7792143141718159,2,10,ZDT4,5,ok,ZDT4_n10_m2
0.2377302741358952,0.28765363170443325,10000,crossover,a14de0fa47034652,0.41623388278007434,-0.4285965902860334,ZDT,True,0.6539641569159695,crossover_prob_03,0.7912966298683233,2,10,ZDT4,6,ok,ZDT4_n10_m2
0.43012728853701576,0.5204540191297892,10000,crossover,a14de0fa47034652,0.1305953841552553,-0.2181663879947237,ZDT,True,0.560722672692271,crossover_prob_03,0.6784744339576481,2,10,ZDT4,7,ok,ZDT4_n10_m2
0.5974083145351196,0.7228640605874948,10000,crossover,a14de0fa47034652,-0.22923542061130014,0.40212579177416163,ZDT,True,0.3681728939238194,crossover_prob_03,0.4454892016478216,2,10,ZDT4,8,ok,ZDT4_n10_m2
0.7050630191893709,0.8531262532191388,10000,crossover,a14de0fa47034652,-0.10902493388367485,0.07866158570169796,ZDT,True,0.596038085305696,crossover_prob_03,0.7212060832198923,2,10,ZDT4,9,ok,ZDT4_n10_m2
0.4388043890712081,0.5309533107761619,10000,crossover,925db6d0b8cac009,-0.1251839470204158,0.18832635599486558,ZDT,True,0.3136204420507923,crossover_eta_01,0.3794807348814587,2,10,ZDT4,0,ok,ZDT4_n10_m2
0.6754887150595978,0.8173413452221135,10000,crossover,925db6d0b8cac009,-0.5066200436003059,0.509871856371582,ZDT,True,0.168868671459292,crossover_eta_01,0.20433109246574332,2,10,ZDT4,1,ok,ZDT4_n10_m2
0.5436137832916716,0.6577726777829228,10000,crossover,925db6d0b8cac009,-0.07662683120905928,0.02476113601905164,ZDT,True,0.46698695208261237,crossover_eta_01,0.5650542120199611,2,10,ZDT4,2,ok,ZDT4_n10_m2
0.6517733339133339,0.7886457340351342,10000,crossover,925db6d0b8cac009,-0.6412086259671067,0.7371269140361234,ZDT,True,0.010564707946227232,crossover_eta_01,0.012783296614934951,2,10,ZDT4,3,ok,ZDT4_n10_m2
0.2941540451138473,0.35592639458775527,10000,crossover,925db6d0b8cac009,0.054729245233207324,-0.05259989332133719,ZDT,True,0.3488832903470546,crossover_eta_01,0.42214878131993616,2,10,ZDT4,4,ok,ZDT4_n10_m2
0.5918366247480381,0.7161223159451262,10000,crossover,925db6d0b8cac009,-0.14978580199136715,0.0796625253519791,ZDT,True,0.44205082275667096,crossover_eta_01,0.534881495535572,2,10,ZDT4,5,ok,ZDT4_n10_m2
0.2377302741358952,0.28765363170443325,10000,crossover,925db6d0b8cac009,0.06312667701838803,-0.15355287867183792,ZDT,True,0.30085695115428324,crossover_eta_01,0.3640369108966828,2,10,ZDT4,6,ok,ZDT4_n10_m2
0.43012728853701576,0.5204540191297892,10000,crossover,925db6d0b8cac009,-0.14501918714012424,0.04213573108163954,ZDT,True,0.2851081013968915,crossover_eta_01,0.3449808026902388,2,10,ZDT4,7,ok,ZDT4_n10_m2
0.5974083145351196,0.7228640605874948,10000,crossover,925db6d0b8cac009,-0.08775939294040003,0.06989889610382068,ZDT,True,0.5096489215947195,crossover_eta_01,0.6166751951296107,2,10,ZDT4,8,ok,ZDT4_n10_m2
0.7050630191893709,0.8531262532191388,10000,crossover,925db6d0b8cac009,-0.25711697894299357,0.2861974071562837,ZDT,True,0.4479460402463773,crossover_eta_01,0.5420147086981166,2,10,ZDT4,9,ok,ZDT4_n10_m2
0.4388043890712081,0.5309533107761619,10000,crossover,4407d99793458e41,-0.11477546251957765,0.1615894932020004,ZDT,True,0.32402892655163046,crossover_eta_02,0.3920750011274729,2,10,ZDT4,0,ok,ZDT4_n10_m2
0.6754887150595978,0.8173413452221135,10000,crossover,4407d99793458e41,-0.15635973532658698,0.18170008388291048,ZDT,True,0.5191289797330109,crossover_eta_02,0.6281460654769433,2,10,ZDT4,1,ok,ZDT4_n10_m2
0.5436137832916716,0.6577726777829228,10000,crossover,4407d99793458e41,-0.02460268747379213,0.08694412137322671,ZDT,True,0.5190110958178795,crossover_eta_02,0.6280034259396343,2,10,ZDT4,2,ok,ZDT4_n10_m2
0.6517733339133339,0.7886457340351342,10000,crossover,4407d99793458e41,-0.11740287016864459,0.20219391045792756,ZDT,True,0.5343704637446893,crossover_eta_02,0.6465882611310741,2,10,ZDT4,3,ok,ZDT4_n10_m2
0.2941540451138473,0.35592639458775527,10000,crossover,4407d99793458e41,0.24106557312092441,-0.19388969695088104,ZDT,True,0.5352196182347717,crossover_eta_02,0.6476157380640739,2,10,ZDT4,4,ok,ZDT4_n10_m2
0.5918366247480381,0.7161223159451262,10000,crossover,4407d99793458e41,-0.1703155410779943,0.12204287650734133,ZDT,True,0.4215210836700438,crossover_eta_02,0.5100405112407531,2,10,ZDT4,5,ok,ZDT4_n10_m2
0.2377302741358952,0.28765363170443325,10000,crossover,4407d99793458e41,0.1528280139401576,-0.15735467244910967,ZDT,True,0.3905582880760528,crossover_eta_02,0.47257552857202395,2,10,ZDT4,6,ok,ZDT4_n10_m2
0.43012728853701576,0.5204540191297892,10000,crossover,4407d99793458e41,0.1312875391709286,-0.3286629750734794,ZDT,True,0.5614148277079444,crossover_eta_02,0.6793119415266128,2,10,ZDT4,7,ok,ZDT4_n10_m2
0.5974083145351196,0.7228640605874948,10000,crossover,4407d99793458e41,-0.37389244016531326,0.3820522506268212,ZDT,True,0.2235158743698063,crossover_eta_02,0.27045420798746567,2,10,ZDT4,8,ok,ZDT4_n10_m2
0.7050630191893709,0.8531262532191388,10000,crossover,4407d99793458e41,-0.037190023555660034,0.026325671785123878,ZDT,True,0.6678729956337108,crossover_eta_02,0.8081263247167902,2,10,ZDT4,9,ok,ZDT4_n10_m2
0.4388043890712081,0.5309533107761619,10000,crossover,06b3044390149688,0.03422931781315308,-0.05415277860117401,ZDT,True,0.4730337068843612,crossover_eta_03,0.5723707853300771,2,10,ZDT4,0,ok,ZDT4_n10_m2
0.6754887150595978,0.8173413452221135,10000,crossover,06b3044390149688,-0.03666863273772736,0.011845615722506857,ZDT,True,0.6388200823218705,crossover_eta_03,0.7729722996094635,2,10,ZDT4,1,ok,ZDT4_n10_m2
0.5436137832916716,0.6577726777829228,10000,crossover,06b3044390149688,0.10103612337499601,-0.13478441762207957,ZDT,True,0.6446499066666677,crossover_eta_03,0.7800263870666679,2,10,ZDT4,2,ok,ZDT4_n10_m2
0.6517733339133339,0.7886457340351342,10000,crossover,06b3044390149688,0.03279217046201388,-0.04500562253691588,ZDT,True,0.6845655043753478,crossover_eta_03,0.8283242602941709,2,10,ZDT4,3,ok,ZDT4_n10_m2
0.2941540451138473,0.35592639458775527,10000,crossover,06b3044390149688,0.2071205334317215,-0.17057406088036742,ZDT,True,0.5012745785455688,crossover_eta_03,0.6065422400401383,2,10,ZDT4,4,ok,ZDT4_n10_m2
0.5918366247480381,0.7161223159451262,10000,crossover,06b3044390149688,-0.1354177681387692,0.07294344338855799,ZDT,True,0.4564188566092689,crossover_eta_03,0.5522668164972154,2,10,ZDT4,5,ok,ZDT4_n10_m2
0.2377302741358952,0.28765363170443325,10000,crossover,06b3044390149688,0.28613284144879947,-0.3327719976434106,ZDT,True,0.5238631155846947,crossover_eta_03,0.6338743698574807,2,10,ZDT4,6,ok,ZDT4_n10_m2
0.43012728853701576,0.5204540191297892,10000,crossover,06b3044390149688,0.2195887649537187,-0.3920636927969009,ZDT,True,0.6497160534907345,crossover_eta_03,0.7861564247237889,2,10,ZDT4,7,ok,ZDT4_n10_m2
0.5974083145351196,0.7228640605874948,10000,crossover,06b3044390149688,-0.06012688696725377,0.050899571442116556,ZDT,True,0.5372814275678658,crossover_eta_03,0.6501105273571177,2,10,ZDT4,8,ok,ZDT4_n10_m2
0.7050630191893709,0.8531262532191388,10000,crossover,06b3044390149688,-0.20567622147101228,0.20334796134406255,ZDT,True,0.4993867977183586,crossover_eta_03,0.604258025239214,2,10,ZDT4,9,ok,ZDT4_n10_m2
0.4388043890712081,0.5309533107761619,10000,crossover,f75059cf34af1226,0.17189089537298752,-0.122222101174017,ZDT,True,0.6106952844441956,crossover_eta_04,0.7389412941774769,2,10,ZDT4,0,ok,ZDT4_n10_m2
0.6754887150595978,0.8173413452221135,10000,crossover,f75059cf34af1226,-0.19283694161492748,0.17987371810879876,ZDT,True,0.48265177344467036,crossover_eta_04,0.5840086458680512,2,10,ZDT4,1,ok,ZDT4_n10_m2
0.5436137832916716,0.6577726777829228,10000,crossover,f75059cf34af1226,0.04010708784431949,-0.10880559530846126,ZDT,True,0.5837208711359911,crossover_eta_04,0.7063022540745494,2,10,ZDT4,2,ok,ZDT4_n10_m2
0.6517733339133339,0.7886457340351342,10000,crossover,f75059cf34af1226,-0.07468591833027105,0.13676485813141895,ZDT,True,0.5770874155830629,crossover_eta_04,0.6982757728555062,2,10,ZDT4,3,ok,ZDT4_n10_m2
0.2941540451138473,0.35592639458775527,10000,crossover,f75059cf34af1226,0.31306033191377075,-0.3011138323739897,ZDT,True,0.607214377027618,crossover_eta_04,0.7347293962034179,2,10,ZDT4,4,ok,ZDT4_n10_m2
0.5918366247480381,0.7161223159451262,10000,crossover,f75059cf34af1226,0.09889852123080733,-0.1425372947305295,ZDT,True,0.6907351459788454,crossover_eta_04,0.8357895266344031,2,10,ZDT4,5,ok,ZDT4_n10_m2
0.2377302741358952,0.28765363170443325,10000,crossover,f75059cf34af1226,0.2897309553617414,-0.34163115673462746,ZDT,True,0.5274612294976366,crossover_eta_04,0.6382280876921405,2,10,ZDT4,6,ok,ZDT4_n10_m2
0.43012728853701576,0.5204540191297892,10000,crossover,f75059cf34af1226,0.1167975317328036,-0.30804267061720125,ZDT,True,0.5469248202698194,crossover_eta_04,0.6617790325264815,2,10,ZDT4,7,ok,ZDT4_n10_m2
0.5974083145351196,0.7228640605874948,10000,crossover,f75059cf34af1226,0.07869833540616811,-0.04615759609975941,ZDT,True,0.6761066499412877,crossover_eta_04,0.8180890464289582,2,10,ZDT4,8,ok,ZDT4_n10_m2
0.7050630191893709,0.8531262532191388,10000,crossover,f75059cf34af1226,-0.11370642911320628,0.1795247530488661,ZDT,True,0.5913565900761646,crossover_eta_04,0.7155414739921593,2,10,ZDT4,9,ok,ZDT4_n10_m2
0.4388043890712081,0.5309533107761619,10000,selection,f3d508baa76c7709,0.21364149849265213,-0.2468044256816883,ZDT,True,0.6524458875638602,selection_tournament_01,0.789459523952271,2,10,ZDT4,0,ok,ZDT4_n10_m2
0.6754887150595978,0.8173413452221135,10000,selection,f3d508baa76c7709,-0.05466386101726861,0.059156712907210786,ZDT,True,0.6208248540423292,selection_tournament_01,0.7511980733912185,2,10,ZDT4,1,ok,ZDT4_n10_m2
0.5436137832916716,0.6577726777829228,10000,selection,f3d508baa76c7709,-0.005552843796521878,-0.05773171662806073,ZDT,True,0.5380609394951498,selection_tournament_01,0.6510537367891314,2,10,ZDT4,2,ok,ZDT4_n10_m2
0.6517733339133339,0.7886457340351342,10000,selection,f3d508baa76c7709,-0.1370971227242056,0.09717015471966939,ZDT,True,0.5146762111891283,selection_tournament_01,0.6227582155388454,2,10,ZDT4,3,ok,ZDT4_n10_m2
0.2941540451138473,0.35592639458775527,10000,selection,f3d508baa76c7709,0.16923963598874697,-0.22042141129317494,ZDT,True,0.46339368110259427,selection_tournament_01,0.5607063541341392,2,10,ZDT4,4,ok,ZDT4_n10_m2
0.5918366247480381,0.7161223159451262,10000,selection,f3d508baa76c7709,0.08069130313018502,-0.12975507719938983,ZDT,True,0.6725279278782231,selection_tournament_01,0.8137587927326502,2,10,ZDT4,5,ok,ZDT4_n10_m2
0.2377302741358952,0.28765363170443325,10000,selection,f3d508baa76c7709,0.26679167930135106,-0.17547363922981057,ZDT,True,0.5045219534372463,selection_tournament_01,0.6104715636590681,2,10,ZDT4,6,ok,ZDT4_n10_m2
0.43012728853701576,0.5204540191297892,10000,selection,f3d508baa76c7709,-0.0060093947594296315,-0.13199888654380926,ZDT,True,0.42411789377758613,selection_tournament_01,0.5131826514708793,2,10,ZDT4,7,ok,ZDT4_n10_m2
0.5974083145351196,0.7228640605874948,10000,selection,f3d508baa76c7709,-0.18454885373686808,0.2550065109112891,ZDT,True,0.4128594607982515,selection_tournament_01,0.49955994756588434,2,10,ZDT4,8,ok,ZDT4_n10_m2
0.7050630191893709,0.8531262532191388,10000,selection,f3d508baa76c7709,-0.0254250629470244,0.0322351833697585,ZDT,True,0.6796379562423465,selection_tournament_01,0.8223619270532394,2,10,ZDT4,9,ok,ZDT4_n10_m2
0.4388043890712081,0.5309533107761619,10000,selection,3f4f833666b33e40,0.24021253415727295,-0.26859760611640177,ZDT,True,0.6790169232284811,selection_tournament_02,0.8216104771064622,2,10,ZDT4,0,ok,ZDT4_n10_m2
0.6754887150595978,0.8173413452221135,10000,selection,3f4f833666b33e40,-0.01679838603309114,0.020001248988977226,ZDT,True,0.6586903290265067,selection_tournament_02,0.7970152981220733,2,10,ZDT4,1,ok,ZDT4_n10_m2
0.5436137832916716,0.6577726777829228,10000,selection,3f4f833666b33e40,0.10086571337277239,-0.13513143116787416,ZDT,True,0.644479496664444,selection_tournament_02,0.7798201909639774,2,10,ZDT4,2,ok,ZDT4_n10_m2
0.6517733339133339,0.7886457340351342,10000,selection,3f4f833666b33e40,-0.10880636096310059,0.06522421987261798,ZDT,True,0.5429669729502333,selection_tournament_02,0.6569900372697824,2,10,ZDT4,3,ok,ZDT4_n10_m2
0.2941540451138473,0.35592639458775527,10000,selection,3f4f833666b33e40,0.3265291342503636,-0.38159070312058824,ZDT,True,0.6206831793642109,selection_tournament_02,0.7510266470306953,2,10,ZDT4,4,ok,ZDT4_n10_m2
0.5918366247480381,0.7161223159451262,10000,selection,3f4f833666b33e40,0.10584001018527378,-0.14788698171871978,ZDT,True,0.6976766349333119,selection_tournament_02,0.8441887282693075,2,10,ZDT4,5,ok,ZDT4_n10_m2
0.2377302741358952,0.28765363170443325,10000,selection,3f4f833666b33e40,0.4389154808001515,-0.45909118277643973,ZDT,True,0.6766457549360467,selection_tournament_02,0.8187413634726166,2,10,ZDT4,6,ok,ZDT4_n10_m2
0.43012728853701576,0.5204540191297892,10000,selection,3f4f833666b33e40,0.166102731796693,-0.2575890491555073,ZDT,True,0.5962300203337088,selection_tournament_02,0.7214383246037878,2,10,ZDT4,7,ok,ZDT4_n10_m2
0.5974083145351196,0.7228640605874948,10000,selection,3f4f833666b33e40,0.0760025834047684,-0.0423876731957292,ZDT,True,0.673410897939888,selection_tournament_02,0.8148271865072646,2,10,ZDT4,8,ok,ZDT4_n10_m2
0.7050630191893709,0.8531262532191388,10000,selection,3f4f833666b33e40,-0.21178590474842968,0.21475545907516919,ZDT,True,0.4932771144409412,selection_tournament_02,0.5968653084735389,2,10,ZDT4,9,ok,ZDT4_n10_m2
0.4388043890712081,0.5309533107761619,10000,selection,fbecefb944a4cb95,0.10584856156905498,-0.15902413347050126,ZDT,True,0.5446529506402631,selection_tournament_03,0.6590300702747184,2,10,ZDT4,0,ok,ZDT4_n10_m2
0.6754887150595978,0.8173413452221135,10000,selection,fbecefb944a4cb95,-0.23366396483633028,0.26487268875053016,ZDT,True,0.44182475022326756,selection_tournament_03,0.5346079477701539,2,10,ZDT4,1,ok,ZDT4_n10_m2
0.5436137832916716,0.6577726777829228,10000,selection,fbecefb944a4cb95,0.14060350173977376,-0.18588526033050434,ZDT,True,0.6842172850314454,selection_tournament_03,0.827902914888049,2,10,ZDT4,2,ok,ZDT4_n10_m2
0.6517733339133339,0.7886457340351342,10000,selection,fbecefb944a4cb95,0.010274529970608182,-0.007129574061842489,ZDT,True,0.6620478638839421,selection_tournament_03,0.8010779152995701,2,10,ZDT4,3,ok,ZDT4_n10_m2
0.2941540451138473,0.35592639458775527,10000,selection,fbecefb944a4cb95,0.34329916460427273,-0.3901002379378208,ZDT,True,0.63745320971812,selection_tournament_03,0.7713183837589254,2,10,ZDT4,4,ok,ZDT4_n10_m2
0.5918366247480381,0.7161223159451262,10000,selection,fbecefb944a4cb95,-0.03828344685904839,-0.032887485437588904,ZDT,True,0.5535531778889897,selection_tournament_03,0.6697993452456776,2,10,ZDT4,5,ok,ZDT4_n10_m2
0.2377302741358952,0.28765363170443325,10000,selection,fbecefb944a4cb95,0.46395650714432346,-0.4877155748289214,ZDT,True,0.7016867812802187,selection_tournament_03,0.8490410053490647,2,10,ZDT4,6,ok,ZDT4_n10_m2
0.43012728853701576,0.5204540191297892,10000,selection,fbecefb944a4cb95,0.23999811006299798,-0.40767423976240835,ZDT,True,0.6701253986000137,selection_tournament_03,0.8108517323060167,2,10,ZDT4,7,ok,ZDT4_n10_m2
0.5974083145351196,0.7228640605874948,10000,selection,fbecefb944a4cb95,0.07255742770471763,-0.058465186865362985,ZDT,True,0.6699657422398372,selection_tournament_03,0.8106585481102031,2,10,ZDT4,8,ok,ZDT4_n10_m2
0.7050630191893709,0.8531262532191388,10000,selection,fbecefb944a4cb95,-0.02618581517953178,0.018746968008334988,ZDT,True,0.6788772040098391,selection_tournament_03,0.8214414168519054,2,10,ZDT4,9,ok,ZDT4_n10_m2
0.3373763357009581,0.2704594133963317,5000,mutation,ff95b52f4295a31e,-0.01887854179013454,0.012286066269796017,ZDT,True,0.31849779391082356,mutation_prob_01,0.25532533670500257,2,10,ZDT6,0,ok,ZDT6_n10_m2
0.30694933103082617,0.24606745413993156,5000,mutation,ff95b52f4295a31e,-0.08438629359847138,0.07916087341135691,ZDT,True,0.22256303743235478,mutation_prob_01,0.17841876319688046,2,10,ZDT6,1,ok,ZDT6_n10_m2
0.3475755939341482,0.2786356993622549,5000,mutation,ff95b52f4295a31e,-0.11613939947023508,0.09491271027059243,ZDT,True,0.23143619446391314,mutation_prob_01,0.18553197355510762,2,10,ZDT6,2,ok,ZDT6_n10_m2
0.36442828943743916,0.2921457463265657,5000,mutation,ff95b52f4295a31e,-0.13567670321843414,0.10379725782000206,ZDT,True,0.22875158621900502,mutation_prob_01,0.18337984403598098,2,10,ZDT6,3,ok,ZDT6_n10_m2
0.36180842660101936,0.2900455202853861,5000,mutation,ff95b52f4295a31e,-0.07265030385460292,0.05575104191117626,ZDT,True,0.28915812274641645,mutation_prob_01,0.23180504374823627,2,10,ZDT6,4,ok,ZDT6_n10_m2
0.3639601505286457,0.2917704604476755,5000,mutation,ff95b52f4295a31e,-0.0808430310844796,0.05591235811903307,ZDT,True,0.2831171194441661,mutation_prob_01,0.2269622434787471,2,10,ZDT6,5,ok,ZDT6_n10_m2
0.3425151853757033,0.2745789977343258,5000,mutation,ff95b52f4295a31e,-0.1263826971749799,0.10450829564060679,ZDT,True,0.2161324882007234,mutation_prob_01,0.17326368150038338,2,10,ZDT6,6,ok,ZDT6_n10_m2
0.38191438374030817,0.3061635605811458,5000,mutation,ff95b52f4295a31e,-0.09982865702069849,0.07326630799410254,ZDT,True,0.2820857267196097,mutation_prob_01,0.226135422383885,2,10,ZDT6,7,ok,ZDT6_n10_m2
0.29642571874717627,0.23763114814018535,5000,mutation,ff95b52f4295a31e,0.054672378221785056,-0.037262055193342344,ZDT,True,0.3510980969689613,mutation_prob_01,0.28145953139689633,2,10,ZDT6,8,ok,ZDT6_n10_m2
0.3647371228195563,0.29239332413960667,5000,mutation,ff95b52f4295a31e,-0.052621040478098347,0.03531243439544349,ZDT,True,0.31211608234145793,mutation_prob_01,0.25020940596276725,2,10,ZDT6,9,ok,ZDT6_n10_m2
0.3373763357009581,0.2704594133963317,5000,mutation,218d09eec25f0e90,0.03432164052574771,-0.023048863730051758,ZDT,True,0.3716979762267058,mutation_prob_03,0.29797352680949457,2,10,ZDT6,0,ok,ZDT6_n10_m2
0.30694933103082617,0.24606745413993156,5000,mutation,218d09eec25f0e90,0.004693188171832119,-0.002609147001566184,ZDT,True,0.3116425192026583,mutation_prob_03,0.2498297717229805,2,10,ZDT6,1,ok,ZDT6_n10_m2
0.3475755939341482,0.2786356993622549,5000,mutation,218d09eec25f0e90,0.025031320489563524,-0.018034689900570222,ZDT,True,0.37260691442371174,mutation_prob_03,0.2987021816247915,2,10,ZDT6,2,ok,ZDT6_n10_m2
0.36442828943743916,0.2921457463265657,5000,mutation,218d09eec25f0e90,-0.04553271389553404,0.03038969294179726,ZDT,True,0.3188955755419051,mutation_prob_03,0.25564422032313966,2,10,ZDT6,3,ok,ZDT6_n10_m2
0.36180842660101936,0.2900455202853861,5000,mutation,218d09eec25f0e90,-0.05719436434872732,0.03764777220891695,ZDT,True,0.30461406225229204,mutation_prob_03,0.24419537433726002,2,10,ZDT6,4,ok,ZDT6_n10_m2
0.3639601505286457,0.2917704604476755,5000,mutation,218d09eec25f0e90,-0.0015219139269596615,-0.0007066538656223115,ZDT,True,0.36243823660168606,mutation_prob_03,0.29055041059720227,2,10,ZDT6,5,ok,ZDT6_n10_m2
0.3425151853757033,0.2745789977343258,5000,mutation,218d09eec25f0e90,-0.024050003326684666,0.01100164333041817,ZDT,True,0.31846518204901864,mutation_prob_03,0.25529919324418393,2,10,ZDT6,6,ok,ZDT6_n10_m2
0.38191438374030817,0.3061635605811458,5000,mutation,218d09eec25f0e90,-0.010326378512033219,0.004620592247758529,ZDT,True,0.37158800522827495,mutation_prob_03,0.2978853680129849,2,10,ZDT6,7,ok,ZDT6_n10_m2
0.29642571874717627,0.23763114814018535,5000,mutation,218d09eec25f0e90,0.00098861825339569,-0.002660569065850188,ZDT,True,0.29741433700057196,mutation_prob_03,0.23842367886801713,2,10,ZDT6,8,ok,ZDT6_n10_m2
0.3647371228195563,0.29239332413960667,5000,mutation,218d09eec25f0e90,0.010258013061731408,-0.00871396500685781,ZDT,True,0.3749951358812877,mutation_prob_03,0.30061671120534,2,10,ZDT6,9,ok,ZDT6_n10_m2
0.3373763357009581,0.2704594133963317,5000,mutation,bbbdd00c253dacb1,-0.15261770929323923,0.11270866275029526,ZDT,True,0.18475862640771887,mutation_prob_04,0.1481126695336318,2,10,ZDT6,0,ok,ZDT6_n10_m2
0.30694933103082617,0.24606745413993156,5000,mutation,bbbdd00c253dacb1,-0.05532481561239411,0.036592711825300384,ZDT,True,0.25162451541843206,mutation_prob_04,0.20171604121199216,2,10,ZDT6,1,ok,ZDT6_n10_m2
0.3475755939341482,0.2786356993622549,5000,mutation,bbbdd00c253dacb1,-0.06241975117833287,0.04236752477172452,ZDT,True,0.28515584275581535,mutation_prob_04,0.22859659613658959,2,10,ZDT6,2,ok,ZDT6_n10_m2
0.36442828943743916,0.2921457463265657,5000,mutation,bbbdd00c253dacb1,-0.12245541149623404,0.08562738036256858,ZDT,True,0.24197287794120512,mutation_prob_04,0.19397875814208942,2,10,ZDT6,3,ok,ZDT6_n10_m2
0.36180842660101936,0.2900455202853861,5000,mutation,bbbdd00c253dacb1,-0.11741572524215735,0.08041605594742361,ZDT,True,0.244392701358862,mutation_prob_04,0.19591862159072876,2,10,ZDT6,4,ok,ZDT6_n10_m2
0.3639601505286457,0.2917704604476755,5000,mutation,bbbdd00c253dacb1,-0.15497736049941085,0.12590198893694432,ZDT,True,0.20898279002923487,mutation_prob_04,0.16753209048821582,2,10,ZDT6,5,ok,ZDT6_n10_m2
0.3425151853757033,0.2745789977343258,5000,mutation,bbbdd00c253dacb1,-0.07021897250642828,0.0498544693279947,ZDT,True,0.272296212869275,mutation_prob_04,0.2182876100354114,2,10,ZDT6,6,ok,ZDT6_n10_m2
0.38191438374030817,0.3061635605811458,5000,mutation,bbbdd00c253dacb1,-0.06637812072554139,0.03622263009939619,ZDT,True,0.3155362630147668,mutation_prob_04,0.2529512107686399,2,10,ZDT6,7,ok,ZDT6_n10_m2
0.29642571874717627,0.23763114814018535,5000,mutation,bbbdd00c253dacb1,-0.08657295559244332,0.06537904081344484,ZDT,True,0.20985276315473295,mutation_prob_04,0.16822950876061463,2,10,ZDT6,8,ok,ZDT6_n10_m2
0.3647371228195563,0.29239332413960667,5000,mutation,bbbdd00c253dacb1,-0.06858592611510406,0.04436372724430032,ZDT,True,0.2961511967044522,mutation_prob_04,0.23741107618260354,2,10,ZDT6,9,ok,ZDT6_n10_m2
0.3373763357009581,0.2704594133963317,5000,mutation,2e82e6c84d1014da,-0.30748963687399095,0.41817798934750355,ZDT,True,0.029886698826967126,mutation_prob_05,0.023958820396517224,2,10,ZDT6,0,ok,ZDT6_n10_m2
0.30694933103082617,0.24606745413993156,5000,mutation,2e82e6c84d1014da,-0.28643738982505534,0.40708649767800076,ZDT,True,0.020511941205770844,mutation_prob_05,0.0164434994369318,2,10,ZDT6,1,ok,ZDT6_n10_m2
0.3475755939341482,0.2786356993622549,5000,mutation,2e82e6c84d1014da,-0.2685618417226115,0.29879165896719606,ZDT,True,0.07901375221153671,mutation_prob_05,0.06334176648452651,2,10,ZDT6,2,ok,ZDT6_n10_m2
0.36442828943743916,0.2921457463265657,5000,mutation,2e82e6c84d1014da,-0.32324874769682826,0.3670312395405841,ZDT,True,0.04117954174061089,mutation_prob_05,0.033011783947310615,2,10,ZDT6,3,ok,ZDT6_n10_m2
0.36180842660101936,0.2900455202853861,5000,mutation,2e82e6c84d1014da,-0.34775846575397457,0.4719162107943649,ZDT,True,0.014049960847044792,mutation_prob_05,0.011263220821454797,2,10,ZDT6,4,ok,ZDT6_n10_m2
0.3639601505286457,0.2917704604476755,5000,mutation,2e82e6c84d1014da,-0.3620272924924312,0.5002738799378698,ZDT,True,0.0019328580362144977,mutation_prob_05,0.0015494852345432925,2,10,ZDT6,5,ok,ZDT6_n10_m2
0.3425151853757033,0.2745789977343258,5000,mutation,2e82e6c84d1014da,-0.32366534516451867,0.3900095225115429,ZDT,True,0.01884984021118464,mutation_prob_05,0.015111067928162027,2,10,ZDT6,6,ok,ZDT6_n10_m2
0.38191438374030817,0.3061635605811458,5000,mutation,2e82e6c84d1014da,-0.3708023800411589,0.5054631358913741,ZDT,True,0.011112003699149284,mutation_prob_05,0.008907992897266044,2,10,ZDT6,7,ok,ZDT6_n10_m2
0.29642571874717627,0.23763114814018535,5000,mutation,2e82e6c84d1014da,-0.27719178254829185,0.3863880684518597,ZDT,True,0.019233936198884426,mutation_prob_05,0.01541898038238125,2,10,ZDT6,8,ok,ZDT6_n10_m2
0.3647371228195563,0.29239332413960667,5000,mutation,2e82e6c84d1014da,-0.3126409692159093,0.3402760341262671,ZDT,True,0.052096153603646986,mutation_prob_05,0.041763140009726314,2,10,ZDT6,9,ok,ZDT6_n10_m2
0.3373763357009581,0.2704594133963317,5000,mutation,f8b25c198e3c4346,0.0037338987362005582,-0.001711303512980475,ZDT,True,0.34111023443715865,mutation_eta_01,0.27345271184382336,2,10,ZDT6,0,ok,ZDT6_n10_m2
0.30694933103082617,0.24606745413993156,5000,mutation,f8b25c198e3c4346,0.05997469981666881,-0.03987461207000448,ZDT,True,0.366924030847495,mutation_eta_01,0.2941464698104764,2,10,ZDT6,1,ok,ZDT6_n10_m2
0.3475755939341482,0.2786356993622549,5000,mutation,f8b25c198e3c4346,-0.0008130844865458231,0.004152188345742616,ZDT,True,0.3467625094476024,mutation_eta_01,0.27798388614952313,2,10,ZDT6,2,ok,ZDT6_n10_m2
0.36442828943743916,0.2921457463265657,5000,mutation,f8b25c198e3c4346,-0.050610272515391075,0.03813037289828068,ZDT,True,0.3138180169220481,mutation_eta_01,0.2515737702633902,2,10,ZDT6,3,ok,ZDT6_n10_m2
0.36180842660101936,0.2900455202853861,5000,mutation,f8b25c198e3c4346,-0.047032383917236076,0.032242398433159306,ZDT,True,0.3147760426837833,mutation_eta_01,0.2523417763684987,2,10,ZDT6,4,ok,ZDT6_n10_m2
0.3639601505286457,0.2917704604476755,5000,mutation,f8b25c198e3c4346,0.0010568228733456864,-0.00127890579991706,ZDT,True,0.3650169734019914,mutation_eta_01,0.29261766774748527,2,10,ZDT6,5,ok,ZDT6_n10_m2
0.3425151853757033,0.2745789977343258,5000,mutation,f8b25c198e3c4346,0.014651601467890352,-0.010516766652798978,ZDT,True,0.35716678684359365,mutation_eta_01,0.2863245267445018,2,10,ZDT6,6,ok,ZDT6_n10_m2
0.38191438374030817,0.3061635605811458,5000,mutation,f8b25c198e3c4346,-0.022475154455016688,0.012721609254693525,ZDT,True,0.3594392292852915,mutation_eta_01,0.28814624150253776,2,10,ZDT6,7,ok,ZDT6_n10_m2
0.29642571874717627,0.23763114814018535,5000,mutation,f8b25c198e3c4346,0.05972355251581751,-0.04214745225715415,ZDT,True,0.3561492712629938,mutation_eta_01,0.2855088303309436,2,10,ZDT6,8,ok,ZDT6_n10_m2
0.3647371228195563,0.29239332413960667,5000,mutation,f8b25c198e3c4346,0.035104683630038214,-0.021058596124744818,ZDT,True,0.3998418064495945,mutation_eta_01,0.32053516794236675,2,10,ZDT6,9,ok,ZDT6_n10_m2
0.3373763357009581,0.2704594133963317,5000,mutation,0414c1934687e231,0.021718601478555644,-0.015619687553457468,ZDT,True,0.35909493717951374,mutation_eta_02,0.28787023802774697,2,10,ZDT6,0,ok,ZDT6_n10_m2
0.30694933103082617,0.24606745413993156,5000,mutation,0414c1934687e231,-0.03996750428805962,0.032388821343501795,ZDT,True,0.26698182674276655,mutation_eta_02,0.21402730602994294,2,10,ZDT6,1,ok,ZDT6_n10_m2
0.3475755939341482,0.2786356993622549,5000,mutation,0414c1934687e231,-0.021235912121070455,0.017159553087981602,ZDT,True,0.32633968181307776,mutation_eta_02,0.261611825049115,2,10,ZDT6,2,ok,ZDT6_n10_m2
0.36442828943743916,0.2921457463265657,5000,mutation,0414c1934687e231,0.00490000285371478,-0.005054982506463912,ZDT,True,0.36932829229115394,mutation_eta_02,0.2960738579254503,2,10,ZDT6,3,ok,ZDT6_n10_m2
0.36180842660101936,0.2900455202853861,5000,mutation,0414c1934687e231,0.003667060048656745,-0.0025975411010024096,ZDT,True,0.3654754866496761,mutation_eta_02,0.29298523716739,2,10,ZDT6,4,ok,ZDT6_n10_m2
0.3639601505286457,0.2917704604476755,5000,mutation,0414c1934687e231,0.002245141231863701,-0.004474908735888711,ZDT,True,0.3662052917605094,mutation_eta_02,0.29357028905539384,2,10,ZDT6,5,ok,ZDT6_n10_m2
0.3425151853757033,0.2745789977343258,5000,mutation,0414c1934687e231,-0.0267438404869228,0.01883153230286204,ZDT,True,0.3157713448887805,mutation_eta_02,0.25313966531929405,2,10,ZDT6,6,ok,ZDT6_n10_m2
0.38191438374030817,0.3061635605811458,5000,mutation,0414c1934687e231,-0.048825281517000885,0.028672373010863006,ZDT,True,0.3330891022233073,mutation_eta_02,0.26702253140800414,2,10,ZDT6,7,ok,ZDT6_n10_m2
0.29642571874717627,0.23763114814018535,5000,mutation,0414c1934687e231,0.05731168008555099,-0.039450351653777,ZDT,True,0.35373739883272726,mutation_eta_02,0.2835753408307942,2,10,ZDT6,8,ok,ZDT6_n10_m2
0.3647371228195563,0.29239332413960667,5000,mutation,0414c1934687e231,0.02899841276753784,-0.01906111904931171,ZDT,True,0.3937355355870941,mutation_eta_02,0.31564004560938025,2,10,ZDT6,9,ok,ZDT6_n10_m2
0.3373763357009581,0.2704594133963317,5000,mutation,659df5247259bca3,0.0316506436268878,-0.02059026788024905,ZDT,True,0.3690269793278459,mutation_eta_03,0.2958323088934598,2,10,ZDT6,0,ok,ZDT6_n10_m2
0.30694933103082617,0.24606745413993156,5000,mutation,659df5247259bca3,0.023279688786272956,-0.015089069069548947,ZDT,True,0.3302290198170991,mutation_eta_03,0.26472973215686213,2,10,ZDT6,1,ok,ZDT6_n10_m2
0.3475755939341482,0.2786356993622549,5000,mutation,659df5247259bca3,-0.06233853405713036,0.04713824513761809,ZDT,True,0.28523705987701786,mutation_eta_03,0.22866170424475776,2,10,ZDT6,2,ok,ZDT6_n10_m2
0.36442828943743916,0.2921457463265657,5000,mutation,659df5247259bca3,0.013443033579660202,-0.0068968371951695084,ZDT,True,0.37787132301709936,mutation_eta_03,0.30292242089287186,2,10,ZDT6,3,ok,ZDT6_n10_m2
0.36180842660101936,0.2900455202853861,5000,mutation,659df5247259bca3,-0.01464805311006434,0.012477729933058651,ZDT,True,0.347160373490955,mutation_eta_03,0.2783028358338663,2,10,ZDT6,4,ok,ZDT6_n10_m2
0.3639601505286457,0.2917704604476755,5000,mutation,659df5247259bca3,-0.03505145285170164,0.023132267777608767,ZDT,True,0.3289086976769441,mutation_eta_03,0.2636712893624717,2,10,ZDT6,5,ok,ZDT6_n10_m2
0.3425151853757033,0.2745789977343258,5000,mutation,659df5247259bca3,0.003040883007198514,-0.0025977144648261924,ZDT,True,0.3455560683829018,mutation_eta_03,0.27701673668428806,2,10,ZDT6,6,ok,ZDT6_n10_m2
0.38191438374030817,0.3061635605811458,5000,mutation,659df5247259bca3,-0.023232250149264166,0.013322015087719921,ZDT,True,0.358682133591044,mutation_eta_03,0.2875393119829387,2,10,ZDT6,7,ok,ZDT6_n10_m2
0.29642571874717627,0.23763114814018535,5000,mutation,659df5247259bca3,0.08823420706757923,-0.060078454592527045,ZDT,True,0.3846599258147555,mutation_eta_03,0.3083645380070437,2,10,ZDT6,8,ok,ZDT6_n10_m2
0.3647371228195563,0.29239332413960667,5000,mutation,659df5247259bca3,0.0012599860750284186,-0.0032250333381627083,ZDT,True,0.3659971088945847,mutation_eta_03,0.29340339822803285,2,10,ZDT6,9,ok,ZDT6_n10_m2
0.3373763357009581,0.2704594133963317,5000,mutation,670b52a5f5bd9f60,0.00531678675491748,-0.003994287502658289,ZDT,True,0.3426931224558756,mutation_eta_04,0.2747216418774751,2,10,ZDT6,0,ok,ZDT6_n10_m2
0.30694933103082617,0.24606745413993156,5000,mutation,670b52a5f5bd9f60,0.04260932501337428,-0.02678897410282488,ZDT,True,0.34955865604420044,mutation_eta_04,0.2802254309416759,2,10,ZDT6,1,ok,ZDT6_n10_m2
0.3475755939341482,0.2786356993622549,5000,mutation,670b52a5f5bd9f60,-0.030055314966866642,0.022874986100720626,ZDT,True,0.3175202789672816,mutation_eta_04,0.2545417070006037,2,10,ZDT6,2,ok,ZDT6_n10_m2
0.36442828943743916,0.2921457463265657,5000,mutation,670b52a5f5bd9f60,-0.02323765205310807,0.013974803739624245,ZDT,True,0.3411906373843311,mutation_eta_04,0.27351716726534087,2,10,ZDT6,3,ok,ZDT6_n10_m2
0.36180842660101936,0.2900455202853861,5000,mutation,670b52a5f5bd9f60,-0.023649915486035733,0.015333376325300213,ZDT,True,0.33815851111498363,mutation_eta_04,0.27108644819772293,2,10,ZDT6,4,ok,ZDT6_n10_m2
0.3639601505286457,0.2917704604476755,5000,mutation,670b52a5f5bd9f60,0.009413170153549144,-0.005286366934253051,ZDT,True,0.37337332068219486,mutation_eta_04,0.299316575004404,2,10,ZDT6,5,ok,ZDT6_n10_m2
0.3425151853757033,0.2745789977343258,5000,mutation,670b52a5f5bd9f60,-0.02593674170618321,0.012602174152464243,ZDT,True,0.3165784436695201,mutation_eta_04,0.253786680061268,2,10,ZDT6,6,ok,ZDT6_n10_m2
0.38191438374030817,0.3061635605811458,5000,mutation,670b52a5f5bd9f60,-0.017651820507971316,0.010998978649236421,ZDT,True,0.36426256323233686,mutation_eta_04,0.29201289109200024,2,10,ZDT6,7,ok,ZDT6_n10_m2
0.29642571874717627,0.23763114814018535,5000,mutation,670b52a5f5bd9f60,0.006314242843596496,-0.005389436739025685,ZDT,True,0.30273996159077277,mutation_eta_04,0.24269299224366386,2,10,ZDT6,8,ok,ZDT6_n10_m2
0.3647371228195563,0.29239332413960667,5000,mutation,670b52a5f5bd9f60,0.009688589372311152,-0.006994965278141377,ZDT,True,0.37442571219186743,mutation_eta_04,0.3001602298795394,2,10,ZDT6,9,ok,ZDT6_n10_m2
0.3373763357009581,0.2704594133963317,5000,mutation,52c4857473f1cd6c,-0.08290885313841873,0.07877165624133473,ZDT,True,0.25446748256253937,mutation_eta_05,0.20399511992835434,2,10,ZDT6,0,ok,ZDT6_n10_m2
0.30694933103082617,0.24606745413993156,5000,mutation,52c4857473f1cd6c,-0.06990275710224442,0.052150238372489444,ZDT,True,0.23704657392858175,mutation_eta_05,0.19002956208867353,2,10,ZDT6,1,ok,ZDT6_n10_m2
0.3475755939341482,0.2786356993622549,5000,mutation,52c4857473f1cd6c,-0.011171596832459163,0.009959393086341709,ZDT,True,0.33640399710168906,mutation_eta_05,0.2696799333340014,2,10,ZDT6,2,ok,ZDT6_n10_m2
0.36442828943743916,0.2921457463265657,5000,mutation,52c4857473f1cd6c,-0.079560524507159,0.05812155469278897,ZDT,True,0.28486776493028015,mutation_eta_05,0.22836565711846063,2,10,ZDT6,3,ok,ZDT6_n10_m2
0.36180842660101936,0.2900455202853861,5000,mutation,52c4857473f1cd6c,-0.02544200009174158,0.01891190229208753,ZDT,True,0.3363664265092778,mutation_eta_05,0.26964981468218974,2,10,ZDT6,4,ok,ZDT6_n10_m2
0.3639601505286457,0.2917704604476755,5000,mutation,52c4857473f1cd6c,0.004105863601855941,-0.0044106551229264185,ZDT,True,0.36806601413050166,mutation_eta_05,0.2950619463752115,2,10,ZDT6,5,ok,ZDT6_n10_m2
0.3425151853757033,0.2745789977343258,5000,mutation,52c4857473f1cd6c,-0.08793533341637755,0.06915457561901506,ZDT,True,0.25457985195932575,mutation_eta_05,0.20408520141280523,2,10,ZDT6,6,ok,ZDT6_n10_m2
0.38191438374030817,0.3061635605811458,5000,mutation,52c4857473f1cd6c,-0.06473300471422999,0.04437780491304162,ZDT,True,0.3171813790260782,mutation_eta_05,0.25427002618129707,2,10,ZDT6,7,ok,ZDT6_n10_m2
0.29642571874717627,0.23763114814018535,5000,mutation,52c4857473f1cd6c,0.05382863584246861,-0.03705909127000709,ZDT,True,0.3502543545896449,mutation_eta_05,0.2807831411323171,2,10,ZDT6,8,ok,ZDT6_n10_m2
0.3647371228195563,0.29239332413960667,5000,mutation,52c4857473f1cd6c,-0.044085069623653494,0.029314484470230412,ZDT,True,0.3206520531959028,mutation_eta_05,0.25705230934917334,2,10,ZDT6,9,ok,ZDT6_n10_m2
0.3373763357009581,0.2704594133963317,5000,crossover,699f083938ca2305,-0.04650162261412932,0.03199624484901564,ZDT,True,0.2908747130868288,crossover_prob_01,0.2331811569114347,2,10,ZDT6,0,ok,ZDT6_n10_m2
0.30694933103082617,0.24606745413993156,5000,crossover,699f083938ca2305,0.04024360536779503,-0.029174733227785382,ZDT,True,0.3471929363986212,crossover_prob_01,0.2783289400503568,2,10,ZDT6,1,ok,ZDT6_n10_m2
0.3475755939341482,0.2786356993622549,5000,crossover,699f083938ca2305,-0.039413280244569804,0.0263198136432216,ZDT,True,0.3081623136895784,crossover_prob_01,0.24703984770649406,2,10,ZDT6,2,ok,ZDT6_n10_m2
0.36442828943743916,0.2921457463265657,5000,crossover,699f083938ca2305,-0.027183572746473872,0.019091315841930787,ZDT,True,0.3372447166909653,crossover_prob_01,0.27035390036394763,2,10,ZDT6,3,ok,ZDT6_n10_m2
0.36180842660101936,0.2900455202853861,5000,crossover,699f083938ca2305,-0.039183918640233295,0.024094230743505515,ZDT,True,0.32262450796078607,crossover_prob_01,0.25863353749771173,2,10,ZDT6,4,ok,ZDT6_n10_m2
0.3639601505286457,0.2917704604476755,5000,crossover,699f083938ca2305,-0.004516648153156999,-0.0006480094050488189,ZDT,True,0.3594435023754887,crossover_prob_01,0.28814966704649514,2,10,ZDT6,5,ok,ZDT6_n10_m2
0.3425151853757033,0.2745789977343258,5000,crossover,699f083938ca2305,-0.04066021711508505,0.02632497290115296,ZDT,True,0.30185496826061825,crossover_prob_01,0.2419835329496802,2,10,ZDT6,6,ok,ZDT6_n10_m2
0.38191438374030817,0.3061635605811458,5000,crossover,699f083938ca2305,-0.1400765309727923,0.10288908871131978,ZDT,True,0.24183785276751588,crossover_prob_01,0.19387051454167845,2,10,ZDT6,7,ok,ZDT6_n10_m2
0.29642571874717627,0.23763114814018535,5000,crossover,699f083938ca2305,-0.006690752118765075,0.004428419639555231,ZDT,True,0.2897349666284112,crossover_prob_01,0.23226747350822943,2,10,ZDT6,8,ok,ZDT6_n10_m2
0.3647371228195563,0.29239332413960667,5000,crossover,699f083938ca2305,-0.039528117870842205,0.024373897242009182,ZDT,True,0.3252090049487141,crossover_prob_01,0.26070541233098166,2,10,ZDT6,9,ok,ZDT6_n10_m2
0.3373763357009581,0.2704594133963317,5000,crossover,bb5a61649bd7e077,-0.07644726044690064,0.05230010297110002,ZDT,True,0.26092907525405745,crossover_prob_02,0.2091750877684905,2,10,ZDT6,0,ok,ZDT6_n10_m2
0.30694933103082617,0.24606745413993156,5000,crossover,bb5a61649bd7e077,-0.023832362931060835,0.024451464829591846,ZDT,True,0.28311696809976533,crossover_prob_02,0.22696212215275732,2,10,ZDT6,1,ok,ZDT6_n10_m2
0.3475755939341482,0.2786356993622549,5000,crossover,bb5a61649bd7e077,0.006453158771156153,-0.002983812606189351,ZDT,True,0.3540287527053044,crossover_prob_02,0.2838089061082883,2,10,ZDT6,2,ok,ZDT6_n10_m2
0.36442828943743916,0.2921457463265657,5000,crossover,bb5a61649bd7e077,-0.060134527575798624,0.03890662476314226,ZDT,True,0.30429376186164053,crossover_prob_02,0.24393860393993427,2,10,ZDT6,3,ok,ZDT6_n10_m2
0.36180842660101936,0.2900455202853861,5000,crossover,bb5a61649bd7e077,-0.07413228210739342,0.05594629134135222,ZDT,True,0.28767614449362594,crossover_prob_02,0.23061700852910016,2,10,ZDT6,4,ok,ZDT6_n10_m2
0.3639601505286457,0.2917704604476755,5000,crossover,bb5a61649bd7e077,-0.06878098384937953,0.04250437206592321,ZDT,True,0.2951791666792662,crossover_prob_02,0.23663184349021793,2,10,ZDT6,5,ok,ZDT6_n10_m2
0.3425151853757033,0.2745789977343258,5000,crossover,bb5a61649bd7e077,-0.04872647119411849,0.03047979448659166,ZDT,True,0.2937887141815848,crossover_prob_02,0.2355171803467671,2,10,ZDT6,6,ok,ZDT6_n10_m2
0.38191438374030817,0.3061635605811458,5000,crossover,bb5a61649bd7e077,-0.12167973753860983,0.08612707225108772,ZDT,True,0.26023464620169834,crossover_prob_02,0.20861839527327977,2,10,ZDT6,7,ok,ZDT6_n10_m2
0.29642571874717627,0.23763114814018535,5000,crossover,bb5a61649bd7e077,-0.036770680625319685,0.029532776541005945,ZDT,True,0.2596550381218566,crossover_prob_02,0.20815374958036817,2,10,ZDT6,8,ok,ZDT6_n10_m2
0.3647371228195563,0.29239332413960667,5000,crossover,bb5a61649bd7e077,-0.11962566863690902,0.09080684279464521,ZDT,True,0.24511145418264726,crossover_prob_02,0.1964948133579848,2,10,ZDT6,9,ok,ZDT6_n10_m2
0.3373763357009581,0.2704594133963317,5000,crossover,2e10f76f7c70546b,0.035485830983362,-0.024800690829359096,ZDT,True,0.3728621666843201,crossover_prob_03,0.2989068058659341,2,10,ZDT6,0,ok,ZDT6_n10_m2
0.30694933103082617,0.24606745413993156,5000,crossover,2e10f76f7c70546b,0.04485009382120425,-0.02989668334198141,ZDT,True,0.3517994248520304,crossover_prob_03,0.28202175437397403,2,10,ZDT6,1,ok,ZDT6_n10_m2
0.3475755939341482,0.2786356993622549,5000,crossover,2e10f76f7c70546b,0.04595159252266012,-0.026912004285041216,ZDT,True,0.39352718645680834,crossover_prob_03,0.31547302149536904,2,10,ZDT6,2,ok,ZDT6_n10_m2
0.36442828943743916,0.2921457463265657,5000,crossover,2e10f76f7c70546b,0.007850147959194753,-0.005304884574775057,ZDT,True,0.3722784373966339,crossover_prob_03,0.2984388563863068,2,10,ZDT6,3,ok,ZDT6_n10_m2
0.36180842660101936,0.2900455202853861,5000,crossover,2e10f76f7c70546b,-0.037262268637471785,0.027789674224004135,ZDT,True,0.3245461579635476,crossover_prob_03,0.2601740377566291,2,10,ZDT6,4,ok,ZDT6_n10_m2
0.3639601505286457,0.2917704604476755,5000,crossover,2e10f76f7c70546b,-0.047619318807343713,0.03236818258177242,ZDT,True,0.316340831721302,crossover_prob_03,0.2535961972640751,2,10,ZDT6,5,ok,ZDT6_n10_m2
0.3425151853757033,0.2745789977343258,5000,crossover,2e10f76f7c70546b,-0.012408634085809722,0.005761877407239088,ZDT,True,0.3301065512898936,crossover_prob_03,0.2646315546544041,2,10,ZDT6,6,ok,ZDT6_n10_m2
0.38191438374030817,0.3061635605811458,5000,crossover,2e10f76f7c70546b,0.023946100081692345,-0.018157612187408217,ZDT,True,0.4058604838220005,crossover_prob_03,0.325360070519427,2,10,ZDT6,7,ok,ZDT6_n10_m2
0.29642571874717627,0.23763114814018535,5000,crossover,2e10f76f7c70546b,0.06763663798511638,-0.04603092753763252,ZDT,True,0.36406235673229265,crossover_prob_03,0.2918523945579219,2,10,ZDT6,8,ok,ZDT6_n10_m2
0.3647371228195563,0.29239332413960667,5000,crossover,2e10f76f7c70546b,0.014048994260085268,-0.006396296776756336,ZDT,True,0.37878611707964155,crossover_prob_03,0.3036557700918296,2,10,ZDT6,9,ok,ZDT6_n10_m2
0.3373763357009581,0.2704594133963317,5000,crossover,fda59b03100ddf41,0.04736517572766452,-0.031077169789751516,ZDT,True,0.3847415114286226,crossover_eta_01,0.3084299415191846,2,10,ZDT6,0,ok,ZDT6_n10_m2
0.30694933103082617,0.24606745413993156,5000,crossover,fda59b03100ddf41,0.0349699079003718,-0.02152596713815423,ZDT,True,0.34191923893119797,crossover_eta_01,0.2741012543103194,2,10,ZDT6,1,ok,ZDT6_n10_m2
0.3475755939341482,0.2786356993622549,5000,crossover,fda59b03100ddf41,0.033922002119642414,-0.020340248163820407,ZDT,True,0.38149759605379063,crossover_eta_01,0.3058294406643705,2,10,ZDT6,2,ok,ZDT6_n10_m2
0.36442828943743916,0.2921457463265657,5000,crossover,fda59b03100ddf41,-0.021412588088781104,0.01583608404682775,ZDT,True,0.34301570134865805,crossover_eta_01,0.2749802388473386,2,10,ZDT6,3,ok,ZDT6_n10_m2
0.36180842660101936,0.2900455202853861,5000,crossover,fda59b03100ddf41,-0.0025060306409925293,0.0032523846007201512,ZDT,True,0.35930239596002683,crossover_eta_01,0.28803654838844517,2,10,ZDT6,4,ok,ZDT6_n10_m2
0.3639601505286457,0.2917704604476755,5000,crossover,fda59b03100ddf41,0.03157815949764403,-0.019890393133076403,ZDT,True,0.39553831002628975,crossover_eta_01,0.3170852486829678,2,10,ZDT6,5,ok,ZDT6_n10_m2
0.3425151853757033,0.2745789977343258,5000,crossover,fda59b03100ddf41,-0.026193606318341833,0.01559875573143199,ZDT,True,0.31632157905736147,crossover_eta_01,0.25358076327050577,2,10,ZDT6,6,ok,ZDT6_n10_m2
0.38191438374030817,0.3061635605811458,5000,crossover,fda59b03100ddf41,-0.0282222445293423,0.019139815842727156,ZDT,True,0.3536921392109659,crossover_eta_01,0.28353905823045494,2,10,ZDT6,7,ok,ZDT6_n10_m2
0.29642571874717627,0.23763114814018535,5000,crossover,fda59b03100ddf41,0.08263530587944262,-0.0562357244606259,ZDT,True,0.3790610246266189,crossover_eta_01,0.3038761510908087,2,10,ZDT6,8,ok,ZDT6_n10_m2
0.3647371228195563,0.29239332413960667,5000,crossover,fda59b03100ddf41,0.0009653038543134262,9.17538682309732e-05,ZDT,True,0.3657024266738697,crossover_eta_01,0.29316716476374055,2,10,ZDT6,9,ok,ZDT6_n10_m2
0.3373763357009581,0.2704594133963317,5000,crossover,35d7410f5e4329d4,-0.013433971453872984,0.009789547218609473,ZDT,True,0.3239423642470851,crossover_eta_02,0.2596900035281244,2,10,ZDT6,0,ok,ZDT6_n10_m2
0.30694933103082617,0.24606745413993156,5000,crossover,35d7410f5e4329d4,0.0035698397784506564,0.0005717259101648553,ZDT,True,0.3105191708092768,crossover_eta_02,0.24892923390996996,2,10,ZDT6,1,ok,ZDT6_n10_m2
0.3475755939341482,0.2786356993622549,5000,crossover,35d7410f5e4329d4,-0.07055360173095693,0.05589724716349985,ZDT,True,0.2770219922031913,crossover_eta_02,0.22207605448524506,2,10,ZDT6,2,ok,ZDT6_n10_m2
0.36442828943743916,0.2921457463265657,5000,crossover,35d7410f5e4329d4,-0.003874751965622092,0.0028518571597550835,ZDT,True,0.36055353747181706,crossover_eta_02,0.2890395321888695,2,10,ZDT6,3,ok,ZDT6_n10_m2
0.36180842660101936,0.2900455202853861,5000,crossover,35d7410f5e4329d4,0.022692302446030987,-0.012078423442609953,ZDT,True,0.38450072904705035,crossover_eta_02,0.30823691712836354,2,10,ZDT6,4,ok,ZDT6_n10_m2
0.3639601505286457,0.2917704604476755,5000,crossover,35d7410f5e4329d4,0.006545644360136493,-0.004721120590323202,ZDT,True,0.3705057948887822,crossover_eta_02,0.29701780872497935,2,10,ZDT6,5,ok,ZDT6_n10_m2
0.3425151853757033,0.2745789977343258,5000,crossover,35d7410f5e4329d4,-0.021138127696589903,0.0154512124714027,ZDT,True,0.3213770576791134,crossover_eta_02,0.257633512790225,2,10,ZDT6,6,ok,ZDT6_n10_m2
0.38191438374030817,0.3061635605811458,5000,crossover,35d7410f5e4329d4,-0.026816394665975962,0.017606090666996935,ZDT,True,0.3550979890743322,crossover_eta_02,0.2846660647485007,2,10,ZDT6,7,ok,ZDT6_n10_m2
0.29642571874717627,0.23763114814018535,5000,crossover,35d7410f5e4329d4,0.04150782251663743,-0.03127495918984921,ZDT,True,0.3379335412638137,crossover_eta_02,0.2709061000003521,2,10,ZDT6,8,ok,ZDT6_n10_m2
0.3647371228195563,0.29239332413960667,5000,crossover,35d7410f5e4329d4,-0.0033045930491173436,0.0007506794377572512,ZDT,True,0.36143252977043894,crossover_eta_02,0.2897441807261515,2,10,ZDT6,9,ok,ZDT6_n10_m2
0.3373763357009581,0.2704594133963317,5000,crossover,5b4d0683ad643c51,0.021949667235946713,-0.01707608304024212,ZDT,True,0.3593260029369048,crossover_eta_03,0.2880554730385847,2,10,ZDT6,0,ok,ZDT6_n10_m2
0.30694933103082617,0.24606745413993156,5000,crossover,5b4d0683ad643c51,0.04593470354851653,-0.031101095443582763,ZDT,True,0.3528840345793427,crossover_eta_03,0.28289123714312964,2,10,ZDT6,1,ok,ZDT6_n10_m2
0.3475755939341482,0.2786356993622549,5000,crossover,5b4d0683ad643c51,-0.019994055208283346,0.01679654206604872,ZDT,True,0.3275815387258649,crossover_eta_03,0.2626073658046832,2,10,ZDT6,2,ok,ZDT6_n10_m2
0.36442828943743916,0.2921457463265657,5000,crossover,5b4d0683ad643c51,0.01157998360443141,-0.0068530253618087345,ZDT,True,0.37600827304187057,crossover_eta_03,0.3014288976367683,2,10,ZDT6,3,ok,ZDT6_n10_m2
0.36180842660101936,0.2900455202853861,5000,crossover,5b4d0683ad643c51,-0.02309419016333558,0.012183757868484302,ZDT,True,0.3387142364376838,crossover_eta_03,0.2715319481598785,2,10,ZDT6,4,ok,ZDT6_n10_m2
0.3639601505286457,0.2917704604476755,5000,crossover,5b4d0683ad643c51,-0.016675650094289618,0.011697977472346271,ZDT,True,0.3472845004343561,crossover_eta_03,0.27840234281389564,2,10,ZDT6,5,ok,ZDT6_n10_m2
0.3425151853757033,0.2745789977343258,5000,crossover,5b4d0683ad643c51,0.019826210914309805,-0.016264284591007122,ZDT,True,0.3623413962900131,crossover_eta_03,0.2904727780808797,2,10,ZDT6,6,ok,ZDT6_n10_m2
0.38191438374030817,0.3061635605811458,5000,crossover,5b4d0683ad643c51,0.02953185772917105,-0.018757577687206588,ZDT,True,0.4114462414694792,crossover_eta_03,0.32983792085108216,2,10,ZDT6,7,ok,ZDT6_n10_m2
0.29642571874717627,0.23763114814018535,5000,crossover,5b4d0683ad643c51,0.000590724662369313,-0.0017167730984272156,ZDT,True,0.2970164434095456,crossover_eta_03,0.23810470549663484,2,10,ZDT6,8,ok,ZDT6_n10_m2
0.3647371228195563,0.29239332413960667,5000,crossover,5b4d0683ad643c51,-0.08584949965486416,0.061847844213388736,ZDT,True,0.2788876231646921,crossover_eta_03,0.22357164680179922,2,10,ZDT6,9,ok,ZDT6_n10_m2
0.3373763357009581,0.2704594133963317,5000,crossover,30cd427e36d11980,-0.04790403176157576,0.03255521867934194,ZDT,True,0.28947230393938234,crossover_eta_04,0.23205690866037712,2,10,ZDT6,0,ok,ZDT6_n10_m2
0.30694933103082617,0.24606745413993156,5000,crossover,30cd427e36d11980,-0.040171466847378046,0.031616474364574015,ZDT,True,0.2667778641834481,crossover_eta_04,0.2138637984323117,2,10,ZDT6,1,ok,ZDT6_n10_m2
0.3475755939341482,0.2786356993622549,5000,crossover,30cd427e36d11980,0.026914152053747753,-0.017179679609811788,ZDT,True,0.37448974598789597,crossover_eta_04,0.3002115628898271,2,10,ZDT6,2,ok,ZDT6_n10_m2
0.36442828943743916,0.2921457463265657,5000,crossover,30cd427e36d11980,-0.004763112634206423,0.0030446823191890154,ZDT,True,0.35966517680323273,crossover_eta_04,0.28832737345132653,2,10,ZDT6,3,ok,ZDT6_n10_m2
0.36180842660101936,0.2900455202853861,5000,crossover,30cd427e36d11980,-0.018766726242329335,0.010814630895042657,ZDT,True,0.34304170035869,crossover_eta_04,0.275001081082724,2,10,ZDT6,4,ok,ZDT6_n10_m2
0.3639601505286457,0.2917704604476755,5000,crossover,30cd427e36d11980,0.02537028478872172,-0.01738952742627732,ZDT,True,0.38933043531736744,crossover_eta_04,0.3121086751223928,2,10,ZDT6,5,ok,ZDT6_n10_m2
0.3425151853757033,0.2745789977343258,5000,crossover,30cd427e36d11980,-0.02012727952421678,0.010338233025702095,ZDT,True,0.3223879058514865,crossover_eta_04,0.2584438642428982,2,10,ZDT6,6,ok,ZDT6_n10_m2
0.38191438374030817,0.3061635605811458,5000,crossover,30cd427e36d11980,-0.05488217432393838,0.03482298336052153,ZDT,True,0.3270322094163698,crossover_eta_04,0.2621669932382471,2,10,ZDT6,7,ok,ZDT6_n10_m2
0.29642571874717627,0.23763114814018535,5000,crossover,30cd427e36d11980,0.051735933424505276,-0.03589335056510032,ZDT,True,0.34816165217168155,crossover_eta_04,0.2791055158560822,2,10,ZDT6,8,ok,ZDT6_n10_m2
0.3647371228195563,0.29239332413960667,5000,crossover,30cd427e36d11980,0.029513474128968487,-0.019822803304174533,ZDT,True,0.39425059694852477,crossover_eta_04,0.31605294710523113,2,10,ZDT6,9,ok,ZDT6_n10_m2
0.3373763357009581,0.2704594133963317,5000,selection,4f67f9dad5f5b7e4,0.06873427128390491,-0.04416523248362615,ZDT,True,0.406110606984863,selection_tournament_01,0.3255605829939139,2,10,ZDT6,0,ok,ZDT6_n10_m2
0.30694933103082617,0.24606745413993156,5000,selection,4f67f9dad5f5b7e4,0.10625128567198144,-0.06693564792373832,ZDT,True,0.4132006167028076,selection_tournament_01,0.33124432446115537,2,10,ZDT6,1,ok,ZDT6_n10_m2
0.3475755939341482,0.2786356993622549,5000,selection,4f67f9dad5f5b7e4,0.05362568055643885,-0.032685829305530045,ZDT,True,0.40120127449058707,selection_tournament_01,0.3216249922423848,2,10,ZDT6,2,ok,ZDT6_n10_m2
0.36442828943743916,0.2921457463265657,5000,selection,4f67f9dad5f5b7e4,0.011303780617083703,-0.00787085657482614,ZDT,True,0.37573207005452286,selection_tournament_01,0.3012074781415888,2,10,ZDT6,3,ok,ZDT6_n10_m2
0.36180842660101936,0.2900455202853861,5000,selection,4f67f9dad5f5b7e4,0.04965627115580812,-0.03081813184305629,ZDT,True,0.4114646977568275,selection_tournament_01,0.3298527164254053,2,10,ZDT6,4,ok,ZDT6_n10_m2
0.3639601505286457,0.2917704604476755,5000,selection,4f67f9dad5f5b7e4,0.07269104364591972,-0.044329822807323414,ZDT,True,0.43665119417456544,selection_tournament_01,0.3500435962406634,2,10,ZDT6,5,ok,ZDT6_n10_m2
0.3425151853757033,0.2745789977343258,5000,selection,4f67f9dad5f5b7e4,0.07359764412292152,-0.046969299525410825,ZDT,True,0.4161128294986248,selection_tournament_01,0.3335789142977706,2,10,ZDT6,6,ok,ZDT6_n10_m2
0.38191438374030817,0.3061635605811458,5000,selection,4f67f9dad5f5b7e4,0.0015752198172374055,-0.0019107211348718123,ZDT,True,0.3834896035575456,selection_tournament_01,0.3074263433630359,2,10,ZDT6,7,ok,ZDT6_n10_m2
0.29642571874717627,0.23763114814018535,5000,selection,4f67f9dad5f5b7e4,0.10551391938862892,-0.0699823782691884,ZDT,True,0.4019396381358052,selection_tournament_01,0.32221690512194084,2,10,ZDT6,8,ok,ZDT6_n10_m2
0.3647371228195563,0.29239332413960667,5000,selection,4f67f9dad5f5b7e4,0.022521760419834336,-0.016531602949705154,ZDT,True,0.3872588832393906,selection_tournament_01,0.31044800512114473,2,10,ZDT6,9,ok,ZDT6_n10_m2
0.3373763357009581,0.2704594133963317,5000,selection,b1b9a82cba466833,0.056389608863215646,-0.0391567331122952,ZDT,True,0.39376594456417374,selection_tournament_02,0.31566442311672915,2,10,ZDT6,0,ok,ZDT6_n10_m2
0.30694933103082617,0.24606745413993156,5000,selection,b1b9a82cba466833,0.09819973140807703,-0.06114681493914428,ZDT,True,0.4051490624389032,selection_tournament_02,0.3247897560379732,2,10,ZDT6,1,ok,ZDT6_n10_m2
0.3475755939341482,0.2786356993622549,5000,selection,b1b9a82cba466833,0.08258411311370889,-0.049439211369313264,ZDT,True,0.4301597070478571,selection_tournament_02,0.3448396633782365,2,10,ZDT6,2,ok,ZDT6_n10_m2
0.36442828943743916,0.2921457463265657,5000,selection,b1b9a82cba466833,0.05471388547699063,-0.032331829881811304,ZDT,True,0.4191421749144298,selection_tournament_02,0.336007404080349,2,10,ZDT6,3,ok,ZDT6_n10_m2
0.36180842660101936,0.2900455202853861,5000,selection,b1b9a82cba466833,0.04575483136824665,-0.027502272950592113,ZDT,True,0.407563257969266,selection_tournament_02,0.32672510786284104,2,10,ZDT6,4,ok,ZDT6_n10_m2
0.3639601505286457,0.2917704604476755,5000,selection,b1b9a82cba466833,0.08058429907021886,-0.049342263904560375,ZDT,True,0.4445444495988646,selection_tournament_02,0.3563712636136815,2,10,ZDT6,5,ok,ZDT6_n10_m2
0.3425151853757033,0.2745789977343258,5000,selection,b1b9a82cba466833,0.09474801697898377,-0.0601671946525194,ZDT,True,0.4372632023546871,selection_tournament_02,0.3505342156347167,2,10,ZDT6,6,ok,ZDT6_n10_m2
0.38191438374030817,0.3061635605811458,5000,selection,b1b9a82cba466833,0.05548470133444777,-0.03353878023097906,ZDT,True,0.43739908507475594,selection_tournament_02,0.3506431466914372,2,10,ZDT6,7,ok,ZDT6_n10_m2
0.29642571874717627,0.23763114814018535,5000,selection,b1b9a82cba466833,0.12966504751219649,-0.08412406745414067,ZDT,True,0.42609076625937276,selection_tournament_02,0.34157777680723156,2,10,ZDT6,8,ok,ZDT6_n10_m2
0.3647371228195563,0.29239332413960667,5000,selection,b1b9a82cba466833,0.06877891927713342,-0.04066017382018619,ZDT,True,0.4335160420966897,selection_tournament_02,0.3475302860224796,2,10,ZDT6,9,ok,ZDT6_n10_m2
0.3373763357009581,0.2704594133963317,5000,selection,b78beb1ba7c26aaa,0.09173632292998612,-0.05899153370102398,ZDT,True,0.4291126586309442,selection_tournament_03,0.34400029181992176,2,10,ZDT6,0,ok,ZDT6_n10_m2
0.30694933103082617,0.24606745413993156,5000,selection,b78beb1ba7c26aaa,0.1253889673478985,-0.07773817361302722,ZDT,True,0.4323382983787247,selection_tournament_03,0.34658614192763615,2,10,ZDT6,1,ok,ZDT6_n10_m2
0.3475755939341482,0.2786356993622549,5000,selection,b78beb1ba7c26aaa,0.0939652411265714,-0.05641081863024253,ZDT,True,0.4415408350607196,selection_tournament_03,0.35396340111684227,2,10,ZDT6,2,ok,ZDT6_n10_m2
0.36442828943743916,0.2921457463265657,5000,selection,b78beb1ba7c26aaa,0.06410326530446747,-0.03894017257881728,ZDT,True,0.42853155474190663,selection_tournament_03,0.34353444700414726,2,10,ZDT6,3,ok,ZDT6_n10_m2
0.36180842660101936,0.2900455202853861,5000,selection,b78beb1ba7c26aaa,0.07638431838635268,-0.04538433774802515,ZDT,True,0.43819274498737204,selection_tournament_03,0.3512793880981038,2,10,ZDT6,4,ok,ZDT6_n10_m2
0.3639601505286457,0.2917704604476755,5000,selection,b78beb1ba7c26aaa,0.0825500391645892,-0.051153890812899304,ZDT,True,0.4465101896932349,selection_tournament_03,0.3579471089132888,2,10,ZDT6,5,ok,ZDT6_n10_m2
0.3425151853757033,0.2745789977343258,5000,selection,b78beb1ba7c26aaa,0.06396644925434636,-0.04419091468617241,ZDT,True,0.40648163463004966,selection_tournament_03,0.325858019146519,2,10,ZDT6,6,ok,ZDT6_n10_m2
0.38191438374030817,0.3061635605811458,5000,selection,b78beb1ba7c26aaa,0.03268655242346358,-0.01956087016164714,ZDT,True,0.41460093616377175,selection_tournament_03,0.3323668975046764,2,10,ZDT6,7,ok,ZDT6_n10_m2
0.29642571874717627,0.23763114814018535,5000,selection,b78beb1ba7c26aaa,0.12087639075031759,-0.07946983027801799,ZDT,True,0.41730210949749386,selection_tournament_03,0.334532306509438,2,10,ZDT6,8,ok,ZDT6_n10_m2
0.3647371228195563,0.29239332413960667,5000,selection,b78beb1ba7c26aaa,0.033223587558271706,-0.020063327990897724,ZDT,True,0.397960710377828,selection_tournament_03,0.3190271779434387,2,10,ZDT6,9,ok,ZDT6_n10_m2
0.5122589755767386,0.15495834011196344,10000,mutation,c3b4f307945fd45c,-0.5122589755767386,0.4118501622055699,DTLZ,True,0.0,mutation_prob_01,0.0,2,6,DTLZ1,0,ok,DTLZ1_n6_m2
0.5492852441253756,0.16615878634792614,10000,mutation,c3b4f307945fd45c,0.016705152020573766,-0.005480223402539616,DTLZ,True,0.5659903961459494,mutation_prob_01,0.1712120948341497,2,6,DTLZ1,1,ok,DTLZ1_n6_m2
0.5172781262781792,0.1564766331991492,10000,mutation,c3b4f307945fd45c,-0.5172781262781792,0.7354427551681981,DTLZ,True,0.0,mutation_prob_01,0.0,2,6,DTLZ1,2,ok,DTLZ1_n6_m2
0.5717318850258172,0.1729488952203097,10000,mutation,c3b4f307945fd45c,-0.5615466009368525,0.35324340601057097,DTLZ,True,0.010185284088964647,mutation_prob_01,0.0030810484369118065,2,6,DTLZ1,3,ok,DTLZ1_n6_m2
0.5629482138645081,0.17029183469401374,10000,mutation,c3b4f307945fd45c,-0.020412661959580358,0.007027928061162582,DTLZ,True,0.5425355519049277,mutation_prob_01,0.16411700445124067,2,6,DTLZ1,4,ok,DTLZ1_n6_m2
0.5644922890680741,0.17075891744309246,10000,mutation,c3b4f307945fd45c,-0.5546974318041292,0.352261227015276,DTLZ,True,0.00979485726394492,mutation_prob_01,0.002962944322343339,2,6,DTLZ1,5,ok,DTLZ1_n6_m2
0.5430447142928505,0.1642710260735873,10000,mutation,c3b4f307945fd45c,-0.5314661656222114,0.33918500427762216,DTLZ,True,0.011578548670639151,mutation_prob_01,0.0035025109728683435,2,6,DTLZ1,6,ok,DTLZ1_n6_m2
0.5563292488070685,0.16828959776413824,10000,mutation,c3b4f307945fd45c,-0.06208495585207563,0.021780220189794676,DTLZ,True,0.49424429295499284,mutation_prob_01,0.14950889861888536,2,6,DTLZ1,7,ok,DTLZ1_n6_m2
0.5677043154955126,0.1717305554373926,10000,mutation,c3b4f307945fd45c,-0.5566562316354816,0.27416992066633405,DTLZ,True,0.011048083860030927,mutation_prob_01,0.0033420453676593557,2,6,DTLZ1,8,ok,DTLZ1_n6_m2
0.0,0.0,10000,mutation,c3b4f307945fd45c,0.0,-0.003488538037674571,DTLZ,True,0.0,mutation_prob_01,0.0,2,6,DTLZ1,9,ok,DTLZ1_n6_m2
0.5122589755767386,0.15495834011196344,10000,mutation,cf1822986469ebaa,0.04361852180120529,-0.016244970546702424,DTLZ,True,0.5558774973779439,mutation_prob_02,0.16815294295682806,2,6,DTLZ1,0,ok,DTLZ1_n6_m2
0.5492852441253756,0.16615878634792614,10000,mutation,cf1822986469ebaa,-0.026253890980969974,0.010284401650166551,DTLZ,True,0.5230313531444056,mutation_prob_02,0.15821698432618272,2,6,DTLZ1,1,ok,DTLZ1_n6_m2
0.5172781262781792,0.1564766331991492,10000,mutation,cf1822986469ebaa,0.02515901459870895,-0.008643629608627244,DTLZ,True,0.5424371408768881,mutation_prob_02,0.1640872351152587,2,6,DTLZ1,2,ok,DTLZ1_n6_m2
0.5717318850258172,0.1729488952203097,10000,mutation,cf1822986469ebaa,-0.08218798118463455,0.03175435281617111,DTLZ,True,0.4895439038411826,mutation_prob_02,0.14808703091195777,2,6,DTLZ1,3,ok,DTLZ1_n6_m2
0.5629482138645081,0.17029183469401374,10000,mutation,cf1822986469ebaa,-0.08205551330886213,0.030096691125486158,DTLZ,True,0.480892700555646,mutation_prob_02,0.14547004191808294,2,6,DTLZ1,4,ok,DTLZ1_n6_m2
0.5644922890680741,0.17075891744309246,10000,mutation,cf1822986469ebaa,-0.006795217901710338,0.002043981800427322,DTLZ,True,0.5576970711663638,mutation_prob_02,0.16870336402782507,2,6,DTLZ1,5,ok,DTLZ1_n6_m2
0.5430447142928505,0.1642710260735873,10000,mutation,cf1822986469ebaa,-0.5317866899312051,0.3438287738662616,DTLZ,True,0.011258024361645377,mutation_prob_02,0.003405552369397727,2,6,DTLZ1,6,ok,DTLZ1_n6_m2
0.5563292488070685,0.16828959776413824,10000,mutation,cf1822986469ebaa,-0.5437048332235077,0.3459366110815958,DTLZ,True,0.012624415583560715,mutation_prob_02,0.003818885714027117,2,6,DTLZ1,7,ok,DTLZ1_n6_m2
0.5677043154955126,0.1717305554373926,10000,mutation,cf1822986469ebaa,-0.017439545144647184,0.005675132030382795,DTLZ,True,0.5502647703508654,mutation_prob_02,0.1664550930311368,2,6,DTLZ1,8,ok,DTLZ1_n6_m2
0.0,0.0,10000,mutation,cf1822986469ebaa,0.5642917374494325,-0.7140899363828026,DTLZ,True,0.5642917374494325,mutation_prob_02,0.17069825057845336,2,6,DTLZ1,9,ok,DTLZ1_n6_m2
0.5122589755767386,0.15495834011196344,10000,mutation,71f61ec76bb32f09,0.008459690797512742,-0.0034567872441417097,DTLZ,True,0.5207186663742513,mutation_prob_03,0.15751739657821107,2,6,DTLZ1,0,ok,DTLZ1_n6_m2
0.5492852441253756,0.16615878634792614,10000,mutation,71f61ec76bb32f09,-0.0012451247810019161,0.0005216716914550838,DTLZ,True,0.5480401193443737,mutation_prob_03,0.16578213610167306,2,6,DTLZ1,1,ok,DTLZ1_n6_m2
0.5172781262781792,0.1564766331991492,10000,mutation,71f61ec76bb32f09,0.03625168290459613,-0.012504094449259434,DTLZ,True,0.5535298091827753,mutation_prob_03,0.16744276727778953,2,6,DTLZ1,2,ok,DTLZ1_n6_m2
0.5717318850258172,0.1729488952203097,10000,mutation,71f61ec76bb32f09,-0.011804814098425154,0.0035342999945081038,DTLZ,True,0.559927070927392,mutation_prob_03,0.1693779389555361,2,6,DTLZ1,3,ok,DTLZ1_n6_m2
0.5629482138645081,0.17029183469401374,10000,mutation,71f61ec76bb32f09,-0.01643954203441833,0.0050515495069843,DTLZ,True,0.5465086718300898,mutation_prob_03,0.1653188732286022,2,6,DTLZ1,4,ok,DTLZ1_n6_m2
0.5644922890680741,0.17075891744309246,10000,mutation,71f61ec76bb32f09,-0.5644922890680741,0.44185032415387737,DTLZ,True,0.0,mutation_prob_03,0.0,2,6,DTLZ1,5,ok,DTLZ1_n6_m2
0.5430447142928505,0.1642710260735873,10000,mutation,71f61ec76bb32f09,-0.010683014525858736,0.003190086370742617,DTLZ,True,0.5323616997669918,mutation_prob_03,0.16103941417951503,2,6,DTLZ1,6,ok,DTLZ1_n6_m2
0.5563292488070685,0.16828959776413824,10000,mutation,71f61ec76bb32f09,-0.15060216957665923,0.04754235217178994,DTLZ,True,0.40572707923040924,mutation_prob_03,0.12273244146719882,2,6,DTLZ1,7,ok,DTLZ1_n6_m2
0.5677043154955126,0.1717305554373926,10000,mutation,71f61ec76bb32f09,-0.0039638578185844375,0.0018137532585608043,DTLZ,True,0.5637404576769282,mutation_prob_03,0.17053148844727078,2,6,DTLZ1,8,ok,DTLZ1_n6_m2
0.0,0.0,10000,mutation,71f61ec76bb32f09,0.5317101998589773,-0.7024772803996108,DTLZ,True,0.5317101998589773,mutation_prob_03,0.16084233545734064,2,6,DTLZ1,9,ok,DTLZ1_n6_m2
0.5122589755767386,0.15495834011196344,10000,mutation,aa9393b072c4ef0f,-0.5122589755767386,0.47016479675083345,DTLZ,True,0.0,mutation_prob_04,0.0,2,6,DTLZ1,0,ok,DTLZ1_n6_m2
0.5492852441253756,0.16615878634792614,10000,mutation,aa9393b072c4ef0f,-0.05467558006645723,0.02094397799288236,DTLZ,True,0.4946096640589184,mutation_prob_04,0.14961942337782283,2,6,DTLZ1,1,ok,DTLZ1_n6_m2
0.5172781262781792,0.1564766331991492,10000,mutation,aa9393b072c4ef0f,-0.5172781262781792,0.4151178073142434,DTLZ,True,0.0,mutation_prob_04,0.0,2,6,DTLZ1,2,ok,DTLZ1_n6_m2
0.5717318850258172,0.1729488952203097,10000,mutation,aa9393b072c4ef0f,-0.34655084531935265,0.11304357231600991,DTLZ,True,0.2251810397064645,mutation_prob_04,0.06811726451120552,2,6,DTLZ1,3,ok,DTLZ1_n6_m2
0.5629482138645081,0.17029183469401374,10000,mutation,aa9393b072c4ef0f,-0.5629482138645081,0.46747964900343364,DTLZ,True,0.0,mutation_prob_04,0.0,2,6,DTLZ1,4,ok,DTLZ1_n6_m2
0.5644922890680741,0.17075891744309246,10000,mutation,aa9393b072c4ef0f,-0.5644922890680741,0.4939325816618545,DTLZ,True,0.0,mutation_prob_04,0.0,2,6,DTLZ1,5,ok,DTLZ1_n6_m2
0.5430447142928505,0.1642710260735873,10000,mutation,aa9393b072c4ef0f,-0.5430447142928505,0.6331251961260284,DTLZ,True,0.0,mutation_prob_04,0.0,2,6,DTLZ1,6,ok,DTLZ1_n6_m2
0.5563292488070685,0.16828959776413824,10000,mutation,aa9393b072c4ef0f,-0.48195849006584934,0.2904983551429134,DTLZ,True,0.07437075874121914,mutation_prob_04,0.02249715451921879,2,6,DTLZ1,7,ok,DTLZ1_n6_m2
0.5677043154955126,0.1717305554373926,10000,mutation,aa9393b072c4ef0f,-0.5677043154955126,0.35435215125301367,DTLZ,True,0.0,mutation_prob_04,0.0,2,6,DTLZ1,8,ok,DTLZ1_n6_m2
0.0,0.0,10000,mutation,aa9393b072c4ef0f,0.5148679010636226,-0.6986229473174528,DTLZ,True,0.5148679010636226,mutation_prob_04,0.15574754007174585,2,6,DTLZ1,9,ok,DTLZ1_n6_m2
0.5122589755767386,0.15495834011196344,10000,mutation,3d06295883fe1151,-0.5122589755767386,2.9693013847018985,DTLZ,True,0.0,mutation_prob_05,0.0,2,6,DTLZ1,0,ok,DTLZ1_n6_m2
0.5492852441253756,0.16615878634792614,10000,mutation,3d06295883fe1151,-0.5492852441253756,1.833436102814679,DTLZ,True,0.0,mutation_prob_05,0.0,2,6,DTLZ1,1,ok,DTLZ1_n6_m2
0.5172781262781792,0.1564766331991492,10000,mutation,3d06295883fe1151,-0.5172781262781792,1.5646987439940756,DTLZ,True,0.0,mutation_prob_05,0.0,2,6,DTLZ1,2,ok,DTLZ1_n6_m2
0.5717318850258172,0.1729488952203097,10000,mutation,3d06295883fe1151,-0.5717318850258172,1.0439423568450155,DTLZ,True,0.0,mutation_prob_05,0.0,2,6,DTLZ1,3,ok,DTLZ1_n6_m2
0.5629482138645081,0.17029183469401374,10000,mutation,3d06295883fe1151,-0.5629482138645081,4.2284440759251805,DTLZ,True,0.0,mutation_prob_05,0.0,2,6,DTLZ1,4,ok,DTLZ1_n6_m2
0.5644922890680741,0.17075891744309246,10000,mutation,3d06295883fe1151,-0.5644922890680741,1.2716687454663087,DTLZ,True,0.0,mutation_prob_05,0.0,2,6,DTLZ1,5,ok,DTLZ1_n6_m2
0.5430447142928505,0.1642710260735873,10000,mutation,3d06295883fe1151,-0.5430447142928505,7.649661545442495,DTLZ,True,0.0,mutation_prob_05,0.0,2,6,DTLZ1,6,ok,DTLZ1_n6_m2
0.5563292488070685,0.16828959776413824,10000,mutation,3d06295883fe1151,-0.5563292488070685,1.3415394507044545,DTLZ,True,0.0,mutation_prob_05,0.0,2,6,DTLZ1,7,ok,DTLZ1_n6_m2
0.5677043154955126,0.1717305554373926,10000,mutation,3d06295883fe1151,-0.5677043154955126,3.979928444335534,DTLZ,True,0.0,mutation_prob_05,0.0,2,6,DTLZ1,8,ok,DTLZ1_n6_m2
0.0,0.0,10000,mutation,3d06295883fe1151,0.0,1.812385948871042,DTLZ,True,0.0,mutation_prob_05,0.0,2,6,DTLZ1,9,ok,DTLZ1_n6_m2
0.5122589755767386,0.15495834011196344,10000,mutation,43ecfea081147d23,-0.27037987976565053,0.12082330022557596,DTLZ,True,0.24187909581108807,mutation_eta_01,0.07316842648285415,2,6,DTLZ1,0,ok,DTLZ1_n6_m2
0.5492852441253756,0.16615878634792614,10000,mutation,43ecfea081147d23,-0.03504883376776291,0.012805501575965217,DTLZ,True,0.5142364103576127,mutation_eta_01,0.15555651413317786,2,6,DTLZ1,1,ok,DTLZ1_n6_m2
0.5172781262781792,0.1564766331991492,10000,mutation,43ecfea081147d23,0.013704331820222126,-0.004537600399257106,DTLZ,True,0.5309824580984013,mutation_eta_01,0.1606221935747664,2,6,DTLZ1,2,ok,DTLZ1_n6_m2
0.5717318850258172,0.1729488952203097,10000,mutation,43ecfea081147d23,-0.020765426874752912,0.0064692071741882465,DTLZ,True,0.5509664581510643,mutation_eta_01,0.16666735359069698,2,6,DTLZ1,3,ok,DTLZ1_n6_m2
0.5629482138645081,0.17029183469401374,10000,mutation,43ecfea081147d23,-0.07468455535973162,0.027624953825464052,DTLZ,True,0.4882636585047765,mutation_eta_01,0.14769975669769492,2,6,DTLZ1,4,ok,DTLZ1_n6_m2
0.5644922890680741,0.17075891744309246,10000,mutation,43ecfea081147d23,-0.015965444438650778,0.0052041829220993915,DTLZ,True,0.5485268446294234,mutation_eta_01,0.1659293705004006,2,6,DTLZ1,5,ok,DTLZ1_n6_m2
0.5430447142928505,0.1642710260735873,10000,mutation,43ecfea081147d23,-0.5430447142928505,0.3997139004054483,DTLZ,True,0.0,mutation_eta_01,0.0,2,6,DTLZ1,6,ok,DTLZ1_n6_m2
0.5563292488070685,0.16828959776413824,10000,mutation,43ecfea081147d23,-0.07844167122038503,0.029443939449904276,DTLZ,True,0.47788757758668343,mutation_eta_01,0.14456099221997176,2,6,DTLZ1,7,ok,DTLZ1_n6_m2
0.5677043154955126,0.1717305554373926,10000,mutation,43ecfea081147d23,-0.5562869335909423,0.351948342278831,DTLZ,True,0.011417381904570327,mutation_eta_01,0.0034537580261325244,2,6,DTLZ1,8,ok,DTLZ1_n6_m2
0.0,0.0,10000,mutation,43ecfea081147d23,0.5201964532343142,-0.6983587145679299,DTLZ,True,0.5201964532343142,mutation_eta_01,0.15735942710338005,2,6,DTLZ1,9,ok,DTLZ1_n6_m2
0.5122589755767386,0.15495834011196344,10000,mutation,ccb62c52a1267897,-0.004432902456745991,-0.0006097927732285971,DTLZ,True,0.5078260731199926,mutation_eta_02,0.1536173871187978,2,6,DTLZ1,0,ok,DTLZ1_n6_m2
0.5492852441253756,0.16615878634792614,10000,mutation,ccb62c52a1267897,-0.04426256960698538,0.016899964943228457,DTLZ,True,0.5050226745183902,mutation_eta_02,0.15276935904181307,2,6,DTLZ1,1,ok,DTLZ1_n6_m2
0.5172781262781792,0.1564766331991492,10000,mutation,ccb62c52a1267897,0.03945905762686919,-0.0139196168212146,DTLZ,True,0.5567371839050483,mutation_eta_02,0.16841299813127714,2,6,DTLZ1,2,ok,DTLZ1_n6_m2
0.5717318850258172,0.1729488952203097,10000,mutation,ccb62c52a1267897,-0.00864068943822316,0.00240354942796129,DTLZ,True,0.563091195587594,mutation_eta_02,0.17033508666524722,2,6,DTLZ1,3,ok,DTLZ1_n6_m2
0.5629482138645081,0.17029183469401374,10000,mutation,ccb62c52a1267897,-0.004664094940097008,0.0016451059860302644,DTLZ,True,0.5582841189244111,mutation_eta_02,0.16888094597463438,2,6,DTLZ1,4,ok,DTLZ1_n6_m2
0.5644922890680741,0.17075891744309246,10000,mutation,ccb62c52a1267897,-0.14206760876647884,0.046572700852012996,DTLZ,True,0.4224246803015953,mutation_eta_02,0.1277834657912326,2,6,DTLZ1,5,ok,DTLZ1_n6_m2
0.5430447142928505,0.1642710260735873,10000,mutation,ccb62c52a1267897,0.015903982359660618,-0.005992757768508675,DTLZ,True,0.5589486966525111,mutation_eta_02,0.16908198073738465,2,6,DTLZ1,6,ok,DTLZ1_n6_m2
0.5563292488070685,0.16828959776413824,10000,mutation,ccb62c52a1267897,-0.02767822442747525,0.01024835930105194,DTLZ,True,0.5286510243795932,mutation_eta_02,0.15991693487482697,2,6,DTLZ1,7,ok,DTLZ1_n6_m2
0.5677043154955126,0.1717305554373926,10000,mutation,ccb62c52a1267897,-0.24253940113940214,0.07770005867611562,DTLZ,True,0.32516491435611045,mutation_eta_02,0.09836238659272342,2,6,DTLZ1,8,ok,DTLZ1_n6_m2
0.0,0.0,10000,mutation,ccb62c52a1267897,0.008592300997702725,-0.36067106043275743,DTLZ,True,0.008592300997702725,mutation_eta_02,0.002599171051805075,2,6,DTLZ1,9,ok,DTLZ1_n6_m2
0.5122589755767386,0.15495834011196344,10000,mutation,e2cf0285ed056422,0.04920942542454987,-0.017909718051473397,DTLZ,True,0.5614684010012885,mutation_eta_03,0.16984419130288977,2,6,DTLZ1,0,ok,DTLZ1_n6_m2
0.5492852441253756,0.16615878634792614,10000,mutation,e2cf0285ed056422,-0.005739696115070081,0.0017090157213613417,DTLZ,True,0.5435455480103055,mutation_eta_03,0.16442252827311746,2,6,DTLZ1,1,ok,DTLZ1_n6_m2
0.5172781262781792,0.1564766331991492,10000,mutation,e2cf0285ed056422,0.030066206308915766,-0.010602018808986282,DTLZ,True,0.5473443325870949,mutation_eta_03,0.16557166060759623,2,6,DTLZ1,2,ok,DTLZ1_n6_m2
0.5717318850258172,0.1729488952203097,10000,mutation,e2cf0285ed056422,-0.001809318238827906,0.00015213925913801305,DTLZ,True,0.5699225667869893,mutation_eta_03,0.17240157645306428,2,6,DTLZ1,3,ok,DTLZ1_n6_m2
0.5629482138645081,0.17029183469401374,10000,mutation,e2cf0285ed056422,-0.05337895733173792,0.020008852167435344,DTLZ,True,0.5095692565327702,mutation_eta_03,0.15414470010116302,2,6,DTLZ1,4,ok,DTLZ1_n6_m2
0.5644922890680741,0.17075891744309246,10000,mutation,e2cf0285ed056422,-0.01343646934721765,0.0045428837727121765,DTLZ,True,0.5510558197208565,mutation_eta_03,0.16669438546555912,2,6,DTLZ1,5,ok,DTLZ1_n6_m2
0.5430447142928505,0.1642710260735873,10000,mutation,e2cf0285ed056422,-0.04201167136807504,0.015482487216013916,DTLZ,True,0.5010330429247755,mutation_eta_03,0.1515624954847446,2,6,DTLZ1,6,ok,DTLZ1_n6_m2
0.5563292488070685,0.16828959776413824,10000,mutation,e2cf0285ed056422,-0.035807527078279056,0.013540218636185089,DTLZ,True,0.5205217217287894,mutation_eta_03,0.1574578208229588,2,6,DTLZ1,7,ok,DTLZ1_n6_m2
0.5677043154955126,0.1717305554373926,10000,mutation,e2cf0285ed056422,-0.03619747967536202,0.012703995784317844,DTLZ,True,0.5315068358201506,mutation_eta_03,0.16078081783559556,2,6,DTLZ1,8,ok,DTLZ1_n6_m2
0.0,0.0,10000,mutation,e2cf0285ed056422,0.5538010031272832,-0.7109498321772902,DTLZ,True,0.5538010031272832,mutation_eta_03,0.16752480344600318,2,6,DTLZ1,9,ok,DTLZ1_n6_m2
0.5122589755767386,0.15495834011196344,10000,mutation,9d9a656bf3c9b55e,-0.5122589755767386,1.3934529349064562,DTLZ,True,0.0,mutation_eta_04,0.0,2,6,DTLZ1,0,ok,DTLZ1_n6_m2
0.5492852441253756,0.16615878634792614,10000,mutation,9d9a656bf3c9b55e,-0.5492852441253756,1.0875562591209713,DTLZ,True,0.0,mutation_eta_04,0.0,2,6,DTLZ1,1,ok,DTLZ1_n6_m2
0.5172781262781792,0.1564766331991492,10000,mutation,9d9a656bf3c9b55e,-0.5172781262781792,5.282374223001016,DTLZ,True,0.0,mutation_eta_04,0.0,2,6,DTLZ1,2,ok,DTLZ1_n6_m2
0.5717318850258172,0.1729488952203097,10000,mutation,9d9a656bf3c9b55e,-0.5717318850258172,1.4351661940078682,DTLZ,True,0.0,mutation_eta_04,0.0,2,6,DTLZ1,3,ok,DTLZ1_n6_m2
0.5629482138645081,0.17029183469401374,10000,mutation,9d9a656bf3c9b55e,-0.20738316065306922,0.06896591113499898,DTLZ,True,0.3555650532114389,mutation_eta_04,0.10755842859646028,2,6,DTLZ1,4,ok,DTLZ1_n6_m2
0.5644922890680741,0.17075891744309246,10000,mutation,9d9a656bf3c9b55e,-0.5644922890680741,0.7024300813988101,DTLZ,True,0.0,mutation_eta_04,0.0,2,6,DTLZ1,5,ok,DTLZ1_n6_m2
0.5430447142928505,0.1642710260735873,10000,mutation,9d9a656bf3c9b55e,-0.5430447142928505,2.217689815741928,DTLZ,True,0.0,mutation_eta_04,0.0,2,6,DTLZ1,6,ok,DTLZ1_n6_m2
0.5563292488070685,0.16828959776413824,10000,mutation,9d9a656bf3c9b55e,-0.5563292488070685,1.0653524676250097,DTLZ,True,0.0,mutation_eta_04,0.0,2,6,DTLZ1,7,ok,DTLZ1_n6_m2
0.5677043154955126,0.1717305554373926,10000,mutation,9d9a656bf3c9b55e,-0.5677043154955126,1.0973470235721456,DTLZ,True,0.0,mutation_eta_04,0.0,2,6,DTLZ1,8,ok,DTLZ1_n6_m2
0.0,0.0,10000,mutation,9d9a656bf3c9b55e,0.0,-0.3519447398775736,DTLZ,True,0.0,mutation_eta_04,0.0,2,6,DTLZ1,9,ok,DTLZ1_n6_m2
0.5122589755767386,0.15495834011196344,10000,mutation,453229943c13b0b0,-0.5122589755767386,2.0965674006349913,DTLZ,True,0.0,mutation_eta_05,0.0,2,6,DTLZ1,0,ok,DTLZ1_n6_m2
0.5492852441253756,0.16615878634792614,10000,mutation,453229943c13b0b0,-0.5492852441253756,2.1125993214909493,DTLZ,True,0.0,mutation_eta_05,0.0,2,6,DTLZ1,1,ok,DTLZ1_n6_m2
0.5172781262781792,0.1564766331991492,10000,mutation,453229943c13b0b0,-0.5172781262781792,1.038383235372728,DTLZ,True,0.0,mutation_eta_05,0.0,2,6,DTLZ1,2,ok,DTLZ1_n6_m2
0.5717318850258172,0.1729488952203097,10000,mutation,453229943c13b0b0,-0.5717318850258172,1.7777744033384786,DTLZ,True,0.0,mutation_eta_05,0.0,2,6,DTLZ1,3,ok,DTLZ1_n6_m2
0.5629482138645081,0.17029183469401374,10000,mutation,453229943c13b0b0,-0.5629482138645081,5.297157345854788,DTLZ,True,0.0,mutation_eta_05,0.0,2,6,DTLZ1,4,ok,DTLZ1_n6_m2
0.5644922890680741,0.17075891744309246,10000,mutation,453229943c13b0b0,-0.5644922890680741,4.235708458259022,DTLZ,True,0.0,mutation_eta_05,0.0,2,6,DTLZ1,5,ok,DTLZ1_n6_m2
0.5430447142928505,0.1642710260735873,10000,mutation,453229943c13b0b0,-0.5430447142928505,1.0495100004283717,DTLZ,True,0.0,mutation_eta_05,0.0,2,6,DTLZ1,6,ok,DTLZ1_n6_m2
0.5563292488070685,0.16828959776413824,10000,mutation,453229943c13b0b0,-0.5563292488070685,7.071190139247408,DTLZ,True,0.0,mutation_eta_05,0.0,2,6,DTLZ1,7,ok,DTLZ1_n6_m2
0.5677043154955126,0.1717305554373926,10000,mutation,453229943c13b0b0,-0.5677043154955126,1.7650718296006134,DTLZ,True,0.0,mutation_eta_05,0.0,2,6,DTLZ1,8,ok,DTLZ1_n6_m2
0.0,0.0,10000,mutation,453229943c13b0b0,0.0,5.6426298787163365,DTLZ,True,0.0,mutation_eta_05,0.0,2,6,DTLZ1,9,ok,DTLZ1_n6_m2
0.5122589755767386,0.15495834011196344,10000,crossover,d181e77ea9d45c6b,0.05330997404707172,-0.019455197372929563,DTLZ,True,0.5655689496238103,crossover_prob_01,0.17108460726120264,2,6,DTLZ1,0,ok,DTLZ1_n6_m2
0.5492852441253756,0.16615878634792614,10000,crossover,d181e77ea9d45c6b,-0.00864188589770054,0.0033117135558954416,DTLZ,True,0.5406433582276751,crossover_prob_01,0.16354461586387173,2,6,DTLZ1,1,ok,DTLZ1_n6_m2
0.5172781262781792,0.1564766331991492,10000,crossover,d181e77ea9d45c6b,-0.014742936825359654,0.005397822954226465,DTLZ,True,0.5025351894528195,crossover_prob_01,0.15201689480947791,2,6,DTLZ1,2,ok,DTLZ1_n6_m2
0.5717318850258172,0.1729488952203097,10000,crossover,d181e77ea9d45c6b,-0.5717318850258172,0.7057672984599265,DTLZ,True,0.0,crossover_prob_01,0.0,2,6,DTLZ1,3,ok,DTLZ1_n6_m2
0.5629482138645081,0.17029183469401374,10000,crossover,d181e77ea9d45c6b,-0.0597242670379976,0.02012805509482556,DTLZ,True,0.5032239468265105,crossover_prob_01,0.15222524391501946,2,6,DTLZ1,4,ok,DTLZ1_n6_m2
0.5644922890680741,0.17075891744309246,10000,crossover,d181e77ea9d45c6b,-0.02497647998758823,0.0078034075946232205,DTLZ,True,0.5395158090804859,crossover_prob_01,0.16320353224684703,2,6,DTLZ1,5,ok,DTLZ1_n6_m2
0.5430447142928505,0.1642710260735873,10000,crossover,d181e77ea9d45c6b,-0.5430447142928505,0.35069731921365144,DTLZ,True,0.0,crossover_prob_01,0.0,2,6,DTLZ1,6,ok,DTLZ1_n6_m2
0.5563292488070685,0.16828959776413824,10000,crossover,d181e77ea9d45c6b,-0.06822927995249384,0.02270162046654948,DTLZ,True,0.48809996885457463,crossover_prob_01,0.14765024057850884,2,6,DTLZ1,7,ok,DTLZ1_n6_m2
0.5677043154955126,0.1717305554373926,10000,crossover,d181e77ea9d45c6b,-0.03341469413884779,0.011445129797642268,DTLZ,True,0.5342896213566648,crossover_prob_01,0.16162261046039111,2,6,DTLZ1,8,ok,DTLZ1_n6_m2
0.0,0.0,10000,crossover,d181e77ea9d45c6b,0.050440318969321336,-0.4583065831657516,DTLZ,True,0.050440318969321336,crossover_prob_01,0.015258196488219708,2,6,DTLZ1,9,ok,DTLZ1_n6_m2
0.5122589755767386,0.15495834011196344,10000,crossover,b921429c87bce832,-0.46287147149673213,0.24189466630117534,DTLZ,True,0.04938750408000648,crossover_prob_02,0.014939719984201962,2,6,DTLZ1,0,ok,DTLZ1_n6_m2
0.5492852441253756,0.16615878634792614,10000,crossover,b921429c87bce832,-0.025424302226936035,0.01276981029576163,DTLZ,True,0.5238609418984396,crossover_prob_02,0.158467934924278,2,6,DTLZ1,1,ok,DTLZ1_n6_m2
0.5172781262781792,0.1564766331991492,10000,crossover,b921429c87bce832,0.032979690626117164,-0.011454939556721399,DTLZ,True,0.5502578169042963,crossover_prob_02,0.16645298961354965,2,6,DTLZ1,2,ok,DTLZ1_n6_m2
0.5717318850258172,0.1729488952203097,10000,crossover,b921429c87bce832,-0.561042412731518,0.35360544184351417,DTLZ,True,0.010689472294299203,crossover_prob_02,0.0032335653690255097,2,6,DTLZ1,3,ok,DTLZ1_n6_m2
0.5629482138645081,0.17029183469401374,10000,crossover,b921429c87bce832,-0.5629482138645081,0.512225194958286,DTLZ,True,0.0,crossover_prob_02,0.0,2,6,DTLZ1,4,ok,DTLZ1_n6_m2
0.5644922890680741,0.17075891744309246,10000,crossover,b921429c87bce832,-0.00833037114134294,0.002626721064976141,DTLZ,True,0.5561619179267312,crossover_prob_02,0.16823898017283623,2,6,DTLZ1,5,ok,DTLZ1_n6_m2
0.5430447142928505,0.1642710260735873,10000,crossover,b921429c87bce832,-0.08303654512427888,0.03264992541113046,DTLZ,True,0.4600081691685716,crossover_prob_02,0.13915247117349294,2,6,DTLZ1,6,ok,DTLZ1_n6_m2
0.5563292488070685,0.16828959776413824,10000,crossover,b921429c87bce832,-0.20231005754861353,0.09533068352961072,DTLZ,True,0.35401919125845493,crossover_prob_02,0.10709080535568263,2,6,DTLZ1,7,ok,DTLZ1_n6_m2
0.5677043154955126,0.1717305554373926,10000,crossover,b921429c87bce832,0.002765516178598215,-0.0004682053637110172,DTLZ,True,0.5704698316741108,crossover_prob_02,0.17256712408141855,2,6,DTLZ1,8,ok,DTLZ1_n6_m2
0.0,0.0,10000,crossover,b921429c87bce832,0.4944740377741966,-0.6894000678774197,DTLZ,True,0.4944740377741966,crossover_prob_02,0.1495783964266945,2,6,DTLZ1,9,ok,DTLZ1_n6_m2
0.5122589755767386,0.15495834011196344,10000,crossover,702e14894ec0efef,-0.5006591081404758,0.3313839119663017,DTLZ,True,0.011599867436262876,crossover_prob_03,0.0035089598994695204,2,6,DTLZ1,0,ok,DTLZ1_n6_m2
0.5492852441253756,0.16615878634792614,10000,crossover,702e14894ec0efef,-0.5461258558655893,0.3799775337768746,DTLZ,True,0.003159388259786383,crossover_prob_03,0.000955714948585381,2,6,DTLZ1,1,ok,DTLZ1_n6_m2
0.5172781262781792,0.1564766331991492,10000,crossover,702e14894ec0efef,0.04517701138423369,-0.01595816625934018,DTLZ,True,0.5624551376624128,crossover_prob_03,0.17014267914287992,2,6,DTLZ1,2,ok,DTLZ1_n6_m2
0.5717318850258172,0.1729488952203097,10000,crossover,702e14894ec0efef,-0.021575048418235543,0.006615716419716254,DTLZ,True,0.5501568366075816,crossover_prob_03,0.16642244307379347,2,6,DTLZ1,3,ok,DTLZ1_n6_m2
0.5629482138645081,0.17029183469401374,10000,crossover,702e14894ec0efef,-0.5534709547938167,0.35838995642304045,DTLZ,True,0.0094772590706914,crossover_prob_03,0.002866870868884149,2,6,DTLZ1,4,ok,DTLZ1_n6_m2
0.5644922890680741,0.17075891744309246,10000,crossover,702e14894ec0efef,-0.003177662294194694,0.0007863658505840379,DTLZ,True,0.5613146267738794,crossover_prob_03,0.16979767459909856,2,6,DTLZ1,5,ok,DTLZ1_n6_m2
0.5430447142928505,0.1642710260735873,10000,crossover,702e14894ec0efef,0.002330194243249095,-0.0010653455193827197,DTLZ,True,0.5453749085360996,crossover_prob_03,0.16497590983217014,2,6,DTLZ1,6,ok,DTLZ1_n6_m2
0.5563292488070685,0.16828959776413824,10000,crossover,702e14894ec0efef,0.008955384442988268,-0.0030056627838307773,DTLZ,True,0.5652846332500567,crossover_prob_03,0.1709986015581422,2,6,DTLZ1,7,ok,DTLZ1_n6_m2
0.5677043154955126,0.1717305554373926,10000,crossover,702e14894ec0efef,-0.20161254714145593,0.06762571314517819,DTLZ,True,0.36609176835405666,crossover_prob_03,0.11074275992710216,2,6,DTLZ1,8,ok,DTLZ1_n6_m2
0.0,0.0,10000,crossover,702e14894ec0efef,0.5649696751818661,-0.7145881317223333,DTLZ,True,0.5649696751818661,crossover_prob_03,0.17090332674251454,2,6,DTLZ1,9,ok,DTLZ1_n6_m2
0.5122589755767386,0.15495834011196344,10000,crossover,bf8045d15d9aa182,-0.5073619170758901,0.3451488878699116,DTLZ,True,0.004897058500848569,crossover_eta_01,0.0014813601965066924,2,6,DTLZ1,0,ok,DTLZ1_n6_m2
0.5492852441253756,0.16615878634792614,10000,crossover,bf8045d15d9aa182,-0.5492852441253756,0.7041123818300192,DTLZ,True,0.0,crossover_eta_01,0.0,2,6,DTLZ1,1,ok,DTLZ1_n6_m2
0.5172781262781792,0.1564766331991492,10000,crossover,bf8045d15d9aa182,-0.5172781262781792,0.3268830982241845,DTLZ,True,0.0,crossover_eta_01,0.0,2,6,DTLZ1,2,ok,DTLZ1_n6_m2
0.5717318850258172,0.1729488952203097,10000,crossover,bf8045d15d9aa182,-0.00395532175631319,0.001013084751838294,DTLZ,True,0.567776563269504,crossover_eta_01,0.17175241038902497,2,6,DTLZ1,3,ok,DTLZ1_n6_m2
0.5629482138645081,0.17029183469401374,10000,crossover,bf8045d15d9aa182,-0.5557634195037691,0.371576395937783,DTLZ,True,0.007184794360739057,crossover_eta_01,0.002173400294123565,2,6,DTLZ1,4,ok,DTLZ1_n6_m2
0.5644922890680741,0.17075891744309246,10000,crossover,bf8045d15d9aa182,-0.4336322754852711,0.21251593271432906,DTLZ,True,0.13086001358280303,crossover_eta_01,0.03958515410879792,2,6,DTLZ1,5,ok,DTLZ1_n6_m2
0.5430447142928505,0.1642710260735873,10000,crossover,bf8045d15d9aa182,-0.1174907711555162,0.04275610883036659,DTLZ,True,0.4255539431373343,crossover_eta_01,0.12873006779904364,2,6,DTLZ1,6,ok,DTLZ1_n6_m2
0.5563292488070685,0.16828959776413824,10000,crossover,bf8045d15d9aa182,-0.5563292488070685,0.3645744107255011,DTLZ,True,0.0,crossover_eta_01,0.0,2,6,DTLZ1,7,ok,DTLZ1_n6_m2
0.5677043154955126,0.1717305554373926,10000,crossover,bf8045d15d9aa182,-0.5677043154955126,0.8805160231354182,DTLZ,True,0.0,crossover_eta_01,0.0,2,6,DTLZ1,8,ok,DTLZ1_n6_m2
0.0,0.0,10000,crossover,bf8045d15d9aa182,0.5525970756681611,-0.7104249520357485,DTLZ,True,0.5525970756681611,crossover_eta_01,0.16716061538961877,2,6,DTLZ1,9,ok,DTLZ1_n6_m2
0.5122589755767386,0.15495834011196344,10000,crossover,43aab18d94637741,-0.07516766685464038,0.031450361955118786,DTLZ,True,0.4370913087220982,crossover_eta_02,0.13222012088843474,2,6,DTLZ1,0,ok,DTLZ1_n6_m2
0.5492852441253756,0.16615878634792614,10000,crossover,43aab18d94637741,-0.01187699734906067,0.004298748620211096,DTLZ,True,0.5374082467763149,crossover_eta_02,0.1625659946498353,2,6,DTLZ1,1,ok,DTLZ1_n6_m2
0.5172781262781792,0.1564766331991492,10000,crossover,43aab18d94637741,-0.24851784811427285,0.09580833713938386,DTLZ,True,0.2687602781639063,crossover_eta_02,0.08129998414458167,2,6,DTLZ1,2,ok,DTLZ1_n6_m2
0.5717318850258172,0.1729488952203097,10000,crossover,43aab18d94637741,-0.5625503350158317,0.357399189578208,DTLZ,True,0.009181550009985438,crossover_eta_02,0.0027774188780205953,2,6,DTLZ1,3,ok,DTLZ1_n6_m2
0.5629482138645081,0.17029183469401374,10000,crossover,43aab18d94637741,-0.04741899880837119,0.01718733442486621,DTLZ,True,0.5155292150561369,crossover_eta_02,0.15594758755448143,2,6,DTLZ1,4,ok,DTLZ1_n6_m2
0.5644922890680741,0.17075891744309246,10000,crossover,43aab18d94637741,-0.019935861275914513,0.006668475315984438,DTLZ,True,0.5445564277921596,crossover_eta_02,0.16472831940712832,2,6,DTLZ1,5,ok,DTLZ1_n6_m2
0.5430447142928505,0.1642710260735873,10000,crossover,43aab18d94637741,-0.5334426828495406,0.34726986168625873,DTLZ,True,0.009602031443309919,crossover_eta_02,0.0029046145116012508,2,6,DTLZ1,6,ok,DTLZ1_n6_m2
0.5563292488070685,0.16828959776413824,10000,crossover,43aab18d94637741,-0.007044382891064016,0.0025899408291864268,DTLZ,True,0.5492848659160044,crossover_eta_02,0.16615867193959136,2,6,DTLZ1,7,ok,DTLZ1_n6_m2
0.5677043154955126,0.1717305554373926,10000,crossover,43aab18d94637741,-0.5677043154955126,1.4164299046627273,DTLZ,True,0.0,crossover_eta_02,0.0,2,6,DTLZ1,8,ok,DTLZ1_n6_m2
0.0,0.0,10000,crossover,43aab18d94637741,0.4453941628384163,-0.6759308544404814,DTLZ,True,0.4453941628384163,crossover_eta_02,0.13473173425862095,2,6,DTLZ1,9,ok,DTLZ1_n6_m2
0.5122589755767386,0.15495834011196344,10000,crossover,0e5ec4395488419d,-0.09257666369684447,0.040035279045122094,DTLZ,True,0.41968231187989413,crossover_eta_03,0.126953899343668,2,6,DTLZ1,0,ok,DTLZ1_n6_m2
0.5492852441253756,0.16615878634792614,10000,crossover,0e5ec4395488419d,-0.09418938921132936,0.039094190332090314,DTLZ,True,0.45509585491404625,crossover_eta_03,0.137666496111499,2,6,DTLZ1,1,ok,DTLZ1_n6_m2
0.5172781262781792,0.1564766331991492,10000,crossover,0e5ec4395488419d,-0.5062169049712121,0.3339512558771085,DTLZ,True,0.011061221306967036,crossover_eta_03,0.003346019445357529,2,6,DTLZ1,2,ok,DTLZ1_n6_m2
0.5717318850258172,0.1729488952203097,10000,crossover,0e5ec4395488419d,-0.0761899483102188,0.025077739657387285,DTLZ,True,0.4955419367155984,crossover_eta_03,0.14990143585646853,2,6,DTLZ1,3,ok,DTLZ1_n6_m2
0.5629482138645081,0.17029183469401374,10000,crossover,0e5ec4395488419d,-0.00045059548373094227,0.0001515518506506287,DTLZ,True,0.5624976183807772,crossover_eta_03,0.17015552956018512,2,6,DTLZ1,4,ok,DTLZ1_n6_m2
0.5644922890680741,0.17075891744309246,10000,crossover,0e5ec4395488419d,-0.5529261955528164,0.3490164660754554,DTLZ,True,0.011566093515257747,crossover_eta_03,0.003498743288365469,2,6,DTLZ1,5,ok,DTLZ1_n6_m2
0.5430447142928505,0.1642710260735873,10000,crossover,0e5ec4395488419d,-0.05776080477111656,0.021549709748616683,DTLZ,True,0.48528390952173395,crossover_eta_03,0.14679838263032455,2,6,DTLZ1,6,ok,DTLZ1_n6_m2
0.5563292488070685,0.16828959776413824,10000,crossover,0e5ec4395488419d,-0.025765135958578433,0.009035664285615192,DTLZ,True,0.53056411284849,crossover_eta_03,0.16049564413666825,2,6,DTLZ1,7,ok,DTLZ1_n6_m2
0.5677043154955126,0.1717305554373926,10000,crossover,0e5ec4395488419d,-0.03551294410846728,0.012397910048756308,DTLZ,True,0.5321913713870453,crossover_eta_03,0.16098788984458123,2,6,DTLZ1,8,ok,DTLZ1_n6_m2
0.0,0.0,10000,crossover,0e5ec4395488419d,0.002002578514884161,-0.3436769505310074,DTLZ,True,0.002002578514884161,crossover_eta_03,0.0006057800007524587,2,6,DTLZ1,9,ok,DTLZ1_n6_m2
0.5122589755767386,0.15495834011196344,10000,crossover,b5b4e270bafe884a,0.04872201043927771,-0.01712827403765671,DTLZ,True,0.5609809860160163,crossover_eta_04,0.16969674826984496,2,6,DTLZ1,0,ok,DTLZ1_n6_m2
0.5492852441253756,0.16615878634792614,10000,crossover,b5b4e270bafe884a,0.0016098312115236935,-0.00056359591109513,DTLZ,True,0.5508950753368993,crossover_eta_04,0.16664576028941205,2,6,DTLZ1,1,ok,DTLZ1_n6_m2
0.5172781262781792,0.1564766331991492,10000,crossover,b5b4e270bafe884a,0.04590361643957397,-0.016200813026207343,DTLZ,True,0.5631817427177531,crossover_eta_04,0.17036247717212036,2,6,DTLZ1,2,ok,DTLZ1_n6_m2
0.5717318850258172,0.1729488952203097,10000,crossover,b5b4e270bafe884a,-0.00798391886964267,0.0024987165158551518,DTLZ,True,0.5637479661561745,crossover_eta_04,0.17053375976224283,2,6,DTLZ1,3,ok,DTLZ1_n6_m2
0.5629482138645081,0.17029183469401374,10000,crossover,b5b4e270bafe884a,-0.010875833952874614,0.003963358188855477,DTLZ,True,0.5520723799116335,crossover_eta_04,0.16700189492326917,2,6,DTLZ1,4,ok,DTLZ1_n6_m2
0.5644922890680741,0.17075891744309246,10000,crossover,b5b4e270bafe884a,-0.5535011088745553,0.3522450375299629,DTLZ,True,0.010991180193518857,crossover_eta_04,0.003324832008539455,2,6,DTLZ1,5,ok,DTLZ1_n6_m2
0.5430447142928505,0.1642710260735873,10000,crossover,b5b4e270bafe884a,0.024919425023171238,-0.009098149389944545,DTLZ,True,0.5679641393160217,crossover_eta_04,0.1718091521430966,2,6,DTLZ1,6,ok,DTLZ1_n6_m2
0.5563292488070685,0.16828959776413824,10000,crossover,b5b4e270bafe884a,-0.039409291756776876,0.013949323077607956,DTLZ,True,0.5169199570502916,crossover_eta_04,0.15636828700771324,2,6,DTLZ1,7,ok,DTLZ1_n6_m2
0.5677043154955126,0.1717305554373926,10000,crossover,b5b4e270bafe884a,-0.13257092623662559,0.04933789874117463,DTLZ,True,0.435133389258887,crossover_eta_04,0.13162785025081333,2,6,DTLZ1,8,ok,DTLZ1_n6_m2
0.0,0.0,10000,crossover,b5b4e270bafe884a,0.511129223864583,-0.6952614846487014,DTLZ,True,0.511129223864583,crossover_eta_04,0.1546165902190364,2,6,DTLZ1,9,ok,DTLZ1_n6_m2
0.5122589755767386,0.15495834011196344,10000,selection,640d789f47ad36b9,-0.500406180445181,0.3312061430629006,DTLZ,True,0.011852795131557518,selection_tournament_01,0.0035854705272961498,2,6,DTLZ1,0,ok,DTLZ1_n6_m2
0.5492852441253756,0.16615878634792614,10000,selection,640d789f47ad36b9,0.004507189035953374,-0.0017709994144453674,DTLZ,True,0.553792433161329,selection_tournament_01,0.16752221103130205,2,6,DTLZ1,1,ok,DTLZ1_n6_m2
0.5172781262781792,0.1564766331991492,10000,selection,640d789f47ad36b9,-0.5131666202957628,0.34693524904855927,DTLZ,True,0.0041115059824164205,selection_tournament_01,0.0012437305596809673,2,6,DTLZ1,2,ok,DTLZ1_n6_m2
0.5717318850258172,0.1729488952203097,10000,selection,640d789f47ad36b9,-0.010346217084924891,0.0027909218777538818,DTLZ,True,0.5613856679408923,selection_tournament_01,0.16981916455211993,2,6,DTLZ1,3,ok,DTLZ1_n6_m2
0.5629482138645081,0.17029183469401374,10000,selection,640d789f47ad36b9,-0.0040359071081040865,0.0015205214397926619,DTLZ,True,0.558912306756404,selection_tournament_01,0.16907097279381225,2,6,DTLZ1,4,ok,DTLZ1_n6_m2
0.5644922890680741,0.17075891744309246,10000,selection,640d789f47ad36b9,-0.013579200460373642,0.0043615207172156365,DTLZ,True,0.5509130886077005,selection_tournament_01,0.16665120930382943,2,6,DTLZ1,5,ok,DTLZ1_n6_m2
0.5430447142928505,0.1642710260735873,10000,selection,640d789f47ad36b9,0.0231589106928618,-0.00856684798555428,DTLZ,True,0.5662036249857123,selection_tournament_01,0.171276596558178,2,6,DTLZ1,6,ok,DTLZ1_n6_m2
0.5563292488070685,0.16828959776413824,10000,selection,640d789f47ad36b9,0.00950484053647227,-0.0033246932016654917,DTLZ,True,0.5658340893435407,selection_tournament_01,0.1711648120264211,2,6,DTLZ1,7,ok,DTLZ1_n6_m2
0.5677043154955126,0.1717305554373926,10000,selection,640d789f47ad36b9,-0.5600850108072997,0.35480214677105054,DTLZ,True,0.007619304688212929,selection_tournament_01,0.0023048396681844114,2,6,DTLZ1,8,ok,DTLZ1_n6_m2
0.0,0.0,10000,selection,640d789f47ad36b9,0.5602327493351432,-0.7130363627603321,DTLZ,True,0.5602327493351432,selection_tournament_01,0.16947040667388086,2,6,DTLZ1,9,ok,DTLZ1_n6_m2
0.5122589755767386,0.15495834011196344,10000,selection,23531ac2ca0f97fc,0.05881991397215136,-0.02079464283835401,DTLZ,True,0.57107888954889,selection_tournament_02,0.17275136408853925,2,6,DTLZ1,0,ok,DTLZ1_n6_m2
0.5492852441253756,0.16615878634792614,10000,selection,23531ac2ca0f97fc,0.01993694363025511,-0.00645135378578291,DTLZ,True,0.5692221877556307,selection_tournament_02,0.1721897117960783,2,6,DTLZ1,1,ok,DTLZ1_n6_m2
0.5172781262781792,0.1564766331991492,10000,selection,23531ac2ca0f97fc,0.0412644279459663,-0.014634523256620274,DTLZ,True,0.5585425542241454,selection_tournament_02,0.16895912265280402,2,6,DTLZ1,2,ok,DTLZ1_n6_m2
0.5717318850258172,0.1729488952203097,10000,selection,23531ac2ca0f97fc,-0.5605393014559419,0.3536571347254595,DTLZ,True,0.011192583569875323,selection_tournament_02,0.0033857565298872857,2,6,DTLZ1,3,ok,DTLZ1_n6_m2
0.5629482138645081,0.17029183469401374,10000,selection,23531ac2ca0f97fc,-0.01454096950333561,0.0051365279843372585,DTLZ,True,0.5484072443611725,selection_tournament_02,0.1658931914192547,2,6,DTLZ1,4,ok,DTLZ1_n6_m2
0.5644922890680741,0.17075891744309246,10000,selection,23531ac2ca0f97fc,-0.1648378143079426,0.06819994173050091,DTLZ,True,0.39965447476013155,selection_tournament_02,0.12089547861493981,2,6,DTLZ1,5,ok,DTLZ1_n6_m2
0.5430447142928505,0.1642710260735873,10000,selection,23531ac2ca0f97fc,0.002523404088482839,-0.0011220493595856286,DTLZ,True,0.5455681183813333,selection_tournament_02,0.16503435581035336,2,6,DTLZ1,6,ok,DTLZ1_n6_m2
0.5563292488070685,0.16828959776413824,10000,selection,23531ac2ca0f97fc,-0.5442655364614505,0.34790254649608093,DTLZ,True,0.012063712345617953,selection_tournament_02,0.0036492729845494314,2,6,DTLZ1,7,ok,DTLZ1_n6_m2
0.5677043154955126,0.1717305554373926,10000,selection,23531ac2ca0f97fc,0.002892086800581062,-0.0006521713688478334,DTLZ,True,0.5705964022960937,selection_tournament_02,0.17260541169456836,2,6,DTLZ1,8,ok,DTLZ1_n6_m2
0.0,0.0,10000,selection,23531ac2ca0f97fc,0.008758573840049869,-0.3578020827608652,DTLZ,True,0.008758573840049869,selection_tournament_02,0.002649468586615086,2,6,DTLZ1,9,ok,DTLZ1_n6_m2
0.5122589755767386,0.15495834011196344,10000,selection,5faec8f1429c0bdc,-0.49978896683840557,0.33002492343637907,DTLZ,True,0.012470008738333038,selection_tournament_03,0.0037721776433457446,2,6,DTLZ1,0,ok,DTLZ1_n6_m2
0.5492852441253756,0.16615878634792614,10000,selection,5faec8f1429c0bdc,0.01581976490629078,-0.005359056657066674,DTLZ,True,0.5651050090316664,selection_tournament_03,0.17094426523207912,2,6,DTLZ1,1,ok,DTLZ1_n6_m2
0.5172781262781792,0.1564766331991492,10000,selection,5faec8f1429c0bdc,-0.5046724610820328,0.3309981682109992,DTLZ,True,0.012605665196146398,selection_tournament_03,0.003813213721834286,2,6,DTLZ1,2,ok,DTLZ1_n6_m2
0.5717318850258172,0.1729488952203097,10000,selection,5faec8f1429c0bdc,-0.5617858328822952,0.35711348041702,DTLZ,True,0.009946052143521948,selection_tournament_03,0.0030086807734153896,2,6,DTLZ1,3,ok,DTLZ1_n6_m2
0.5629482138645081,0.17029183469401374,10000,selection,5faec8f1429c0bdc,-0.5534733394583242,0.3540546028019176,DTLZ,True,0.009474874406183938,selection_tournament_03,0.002866149507870642,2,6,DTLZ1,4,ok,DTLZ1_n6_m2
0.5644922890680741,0.17075891744309246,10000,selection,5faec8f1429c0bdc,-0.04745750101673962,0.01706186276527464,DTLZ,True,0.5170347880513345,selection_tournament_03,0.15640302338552872,2,6,DTLZ1,5,ok,DTLZ1_n6_m2
0.5430447142928505,0.1642710260735873,10000,selection,5faec8f1429c0bdc,0.015269546921281352,-0.005860597338400036,DTLZ,True,0.5583142612141319,selection_tournament_03,0.1688900640172749,2,6,DTLZ1,6,ok,DTLZ1_n6_m2
0.5563292488070685,0.16828959776413824,10000,selection,5faec8f1429c0bdc,0.011833935479414914,-0.004070315800598874,DTLZ,True,0.5681631842864834,selection_tournament_03,0.17186936324666124,2,6,DTLZ1,7,ok,DTLZ1_n6_m2
0.5677043154955126,0.1717305554373926,10000,selection,5faec8f1429c0bdc,-0.005261229302437664,0.0015601394071548319,DTLZ,True,0.5624430861930749,selection_tournament_03,0.1701390335734052,2,6,DTLZ1,8,ok,DTLZ1_n6_m2
0.0,0.0,10000,selection,5faec8f1429c0bdc,0.5621278780446364,-0.7136201741863573,DTLZ,True,0.5621278780446364,selection_tournament_03,0.17004368310850254,2,6,DTLZ1,9,ok,DTLZ1_n6_m2
0.747240262008183,0.1243220985916115,20000,mutation,11475d166ddf10c6,-0.6201168318565902,0.24937994596534238,DTLZ,True,0.12712343015159286,mutation_prob_01,0.02115016069147127,3,7,DTLZ1,0,ok,DTLZ1_n7_m3
0.4296857342330957,0.07148896403303132,20000,mutation,11475d166ddf10c6,-0.4296857342330957,1.8498996440166742,DTLZ,True,0.0,mutation_prob_01,0.0,3,7,DTLZ1,1,ok,DTLZ1_n7_m3
0.0935616773036115,0.01556632406138837,20000,mutation,11475d166ddf10c6,-0.0935616773036115,0.3051567933878425,DTLZ,True,0.0,mutation_prob_01,0.0,3,7,DTLZ1,2,ok,DTLZ1_n7_m3
0.04048120041040147,0.006735059718280547,20000,mutation,11475d166ddf10c6,0.15190145048552617,-0.08088072921009959,DTLZ,True,0.19238265089592763,mutation_prob_01,0.03200766354280997,3,7,DTLZ1,3,ok,DTLZ1_n7_m3
0.6320037202832993,0.10514961896213396,20000,mutation,11475d166ddf10c6,0.1526652951838645,-0.05266424531932011,DTLZ,True,0.7846690154671638,mutation_prob_01,0.13054930744834942,3,7,DTLZ1,4,ok,DTLZ1_n7_m3
0.7534365224706897,0.12535300142606104,20000,mutation,11475d166ddf10c6,0.03509062205677116,-0.008943793675775843,DTLZ,True,0.7885271445274609,mutation_prob_01,0.13119120367075635,3,7,DTLZ1,5,ok,DTLZ1_n7_m3
0.7131102613861866,0.11864371973812683,20000,mutation,11475d166ddf10c6,-0.7131102613861866,0.532155444306968,DTLZ,True,0.0,mutation_prob_01,0.0,3,7,DTLZ1,6,ok,DTLZ1_n7_m3
0.0004073441720755051,6.777188662906219e-05,20000,mutation,11475d166ddf10c6,0.12796099139372188,-0.29616914319088605,DTLZ,True,0.12836833556579738,mutation_prob_01,0.021357281829759545,3,7,DTLZ1,7,ok,DTLZ1_n7_m3
0.0,0.0,20000,mutation,11475d166ddf10c6,0.11765363212019789,-1.5533094197021389,DTLZ,True,0.11765363212019789,mutation_prob_01,0.01957462304399793,3,7,DTLZ1,8,ok,DTLZ1_n7_m3
0.0,0.0,20000,mutation,11475d166ddf10c6,0.7645877229456585,-0.5852199054876902,DTLZ,True,0.7645877229456585,mutation_prob_01,0.12720828240508397,3,7,DTLZ1,9,ok,DTLZ1_n7_m3
0.747240262008183,0.1243220985916115,20000,mutation,a176bfd87f048b6a,-0.28951833993664355,0.10485586661897442,DTLZ,True,0.4577219220715395,mutation_prob_02,0.0761534847846524,3,7,DTLZ1,0,ok,DTLZ1_n7_m3
0.4296857342330957,0.07148896403303132,20000,mutation,a176bfd87f048b6a,0.2801408316795409,-0.0801266428217163,DTLZ,True,0.7098265659126366,mutation_prob_02,0.11809739490371496,3,7,DTLZ1,1,ok,DTLZ1_n7_m3
0.0935616773036115,0.01556632406138837,20000,mutation,a176bfd87f048b6a,-0.0935616773036115,0.302921722613246,DTLZ,True,0.0,mutation_prob_02,0.0,3,7,DTLZ1,2,ok,DTLZ1_n7_m3
0.04048120041040147,0.006735059718280547,20000,mutation,a176bfd87f048b6a,-0.02806299159320374,0.02718678702595856,DTLZ,True,0.012418208817197731,mutation_prob_02,0.002066079491961273,3,7,DTLZ1,3,ok,DTLZ1_n7_m3
0.6320037202832993,0.10514961896213396,20000,mutation,a176bfd87f048b6a,-0.5461375120249884,0.23682838370835385,DTLZ,True,0.08586620825831096,mutation_prob_02,0.01428599039897649,3,7,DTLZ1,4,ok,DTLZ1_n7_m3
0.7534365224706897,0.12535300142606104,20000,mutation,a176bfd87f048b6a,-0.7446748058406292,0.34929551143027815,DTLZ,True,0.008761716630060533,mutation_prob_02,0.0014577306043263216,3,7,DTLZ1,5,ok,DTLZ1_n7_m3
0.7131102613861866,0.11864371973812683,20000,mutation,a176bfd87f048b6a,0.033135599689622985,-0.01588548201134511,DTLZ,True,0.7462458610758096,mutation_prob_02,0.12415665513648787,3,7,DTLZ1,6,ok,DTLZ1_n7_m3
0.0004073441720755051,6.777188662906219e-05,20000,mutation,a176bfd87f048b6a,-0.00038830578134927296,0.009244453584900336,DTLZ,True,1.9038390726232137e-05,mutation_prob_02,3.1675122570768725e-06,3,7,DTLZ1,7,ok,DTLZ1_n7_m3
0.0,0.0,20000,mutation,a176bfd87f048b6a,0.0,-1.2647275219465899,DTLZ,True,0.0,mutation_prob_02,0.0,3,7,DTLZ1,8,ok,DTLZ1_n7_m3
0.0,0.0,20000,mutation,a176bfd87f048b6a,0.7817169333259997,-0.5977845673742479,DTLZ,True,0.7817169333259997,mutation_prob_02,0.13005815478211324,3,7,DTLZ1,9,ok,DTLZ1_n7_m3
0.747240262008183,0.1243220985916115,20000,mutation,8328111a9e34a59e,-0.747240262008183,0.6342245141587989,DTLZ,True,0.0,mutation_prob_03,0.0,3,7,DTLZ1,0,ok,DTLZ1_n7_m3
0.4296857342330957,0.07148896403303132,20000,mutation,8328111a9e34a59e,-0.4296857342330957,0.44019357003841175,DTLZ,True,0.0,mutation_prob_03,0.0,3,7,DTLZ1,1,ok,DTLZ1_n7_m3
0.0935616773036115,0.01556632406138837,20000,mutation,8328111a9e34a59e,0.6725950317985848,-0.2788577139480503,DTLZ,True,0.7661567091021964,mutation_prob_03,0.12746932247687795,3,7,DTLZ1,2,ok,DTLZ1_n7_m3
0.04048120041040147,0.006735059718280547,20000,mutation,8328111a9e34a59e,-0.04048120041040147,0.25181120817440145,DTLZ,True,0.0,mutation_prob_03,0.0,3,7,DTLZ1,3,ok,DTLZ1_n7_m3
0.6320037202832993,0.10514961896213396,20000,mutation,8328111a9e34a59e,-0.6320037202832993,0.6285761477861421,DTLZ,True,0.0,mutation_prob_03,0.0,3,7,DTLZ1,4,ok,DTLZ1_n7_m3
0.7534365224706897,0.12535300142606104,20000,mutation,8328111a9e34a59e,0.02183093545978343,-0.004018421352163064,DTLZ,True,0.7752674579304731,mutation_prob_03,0.12898512331318251,3,7,DTLZ1,5,ok,DTLZ1_n7_m3
0.7131102613861866,0.11864371973812683,20000,mutation,8328111a9e34a59e,-0.06652233111079298,0.008218627886328003,DTLZ,True,0.6465879302753936,mutation_prob_03,0.10757606689956865,3,7,DTLZ1,6,ok,DTLZ1_n7_m3
0.0004073441720755051,6.777188662906219e-05,20000,mutation,8328111a9e34a59e,0.5670650478220294,-0.4813332011408301,DTLZ,True,0.5674723919941049,mutation_prob_03,0.09441321921801923,3,7,DTLZ1,7,ok,DTLZ1_n7_m3
0.0,0.0,20000,mutation,8328111a9e34a59e,0.7364540313018274,-1.8108631123332486,DTLZ,True,0.7364540313018274,mutation_prob_03,0.12252753945784157,3,7,DTLZ1,8,ok,DTLZ1_n7_m3
0.0,0.0,20000,mutation,8328111a9e34a59e,0.6011283636143839,-0.5319902731193297,DTLZ,True,0.6011283636143839,mutation_prob_03,0.10001273149634315,3,7,DTLZ1,9,ok,DTLZ1_n7_m3
0.747240262008183,0.1243220985916115,20000,mutation,d678316cfebb7ec3,-0.4725662815376611,0.1578758524161853,DTLZ,True,0.27467398047052194,mutation_prob_04,0.045698883500783105,3,7,DTLZ1,0,ok,DTLZ1_n7_m3
0.4296857342330957,0.07148896403303132,20000,mutation,d678316cfebb7ec3,-0.4296857342330957,2.1134457593393057,DTLZ,True,0.0,mutation_prob_04,0.0,3,7,DTLZ1,1,ok,DTLZ1_n7_m3
0.0935616773036115,0.01556632406138837,20000,mutation,d678316cfebb7ec3,-0.05169107738520527,0.061334787156672343,DTLZ,True,0.041870599918406234,mutation_prob_04,0.006966221061424839,3,7,DTLZ1,2,ok,DTLZ1_n7_m3
0.04048120041040147,0.006735059718280547,20000,mutation,d678316cfebb7ec3,0.1979613342308289,-0.11986460802115356,DTLZ,True,0.23844253464123036,mutation_prob_04,0.039670876700934714,3,7,DTLZ1,3,ok,DTLZ1_n7_m3
0.6320037202832993,0.10514961896213396,20000,mutation,d678316cfebb7ec3,-0.6320037202832993,2.3278208341284867,DTLZ,True,0.0,mutation_prob_04,0.0,3,7,DTLZ1,4,ok,DTLZ1_n7_m3
0.7534365224706897,0.12535300142606104,20000,mutation,d678316cfebb7ec3,-0.7527391492267459,0.3105456976710682,DTLZ,True,0.0006973732439438173,mutation_prob_04,0.00011602547346115265,3,7,DTLZ1,5,ok,DTLZ1_n7_m3
0.7131102613861866,0.11864371973812683,20000,mutation,d678316cfebb7ec3,-0.7131102613861866,0.6912013649054269,DTLZ,True,0.0,mutation_prob_04,0.0,3,7,DTLZ1,6,ok,DTLZ1_n7_m3
0.0004073441720755051,6.777188662906219e-05,20000,mutation,d678316cfebb7ec3,0.2398089655302403,-0.3859882370488672,DTLZ,True,0.2402163097023158,mutation_prob_04,0.039965988526722805,3,7,DTLZ1,7,ok,DTLZ1_n7_m3
0.0,0.0,20000,mutation,d678316cfebb7ec3,0.0,-0.9257516263364973,DTLZ,True,0.0,mutation_prob_04,0.0,3,7,DTLZ1,8,ok,DTLZ1_n7_m3
0.0,0.0,20000,mutation,d678316cfebb7ec3,0.0,0.48638374114137595,DTLZ,True,0.0,mutation_prob_04,0.0,3,7,DTLZ1,9,ok,DTLZ1_n7_m3
0.747240262008183,0.1243220985916115,20000,mutation,d140afc8ba7701d6,-0.747240262008183,4.90783727674655,DTLZ,True,0.0,mutation_prob_05,0.0,3,7,DTLZ1,0,ok,DTLZ1_n7_m3
0.4296857342330957,0.07148896403303132,20000,mutation,d140afc8ba7701d6,-0.4296857342330957,2.52247949131782,DTLZ,True,0.0,mutation_prob_05,0.0,3,7,DTLZ1,1,ok,DTLZ1_n7_m3
0.0935616773036115,0.01556632406138837,20000,mutation,d140afc8ba7701d6,-0.0935616773036115,1.705885629170466,DTLZ,True,0.0,mutation_prob_05,0.0,3,7,DTLZ1,2,ok,DTLZ1_n7_m3
0.04048120041040147,0.006735059718280547,20000,mutation,d140afc8ba7701d6,-0.04048120041040147,1.304146806678993,DTLZ,True,0.0,mutation_prob_05,0.0,3,7,DTLZ1,3,ok,DTLZ1_n7_m3
0.6320037202832993,0.10514961896213396,20000,mutation,d140afc8ba7701d6,-0.6320037202832993,3.502748159434023,DTLZ,True,0.0,mutation_prob_05,0.0,3,7,DTLZ1,4,ok,DTLZ1_n7_m3
0.7534365224706897,0.12535300142606104,20000,mutation,d140afc8ba7701d6,-0.7534365224706897,2.543571270304809,DTLZ,True,0.0,mutation_prob_05,0.0,3,7,DTLZ1,5,ok,DTLZ1_n7_m3
0.7131102613861866,0.11864371973812683,20000,mutation,d140afc8ba7701d6,-0.7131102613861866,2.346269897701392,DTLZ,True,0.0,mutation_prob_05,0.0,3,7,DTLZ1,6,ok,DTLZ1_n7_m3
0.0004073441720755051,6.777188662906219e-05,20000,mutation,d140afc8ba7701d6,-0.0004073441720755051,2.7635354152086222,DTLZ,True,0.0,mutation_prob_05,0.0,3,7,DTLZ1,7,ok,DTLZ1_n7_m3
0.0,0.0,20000,mutation,d140afc8ba7701d6,0.0,3.0937810615285377,DTLZ,True,0.0,mutation_prob_05,0.0,3,7,DTLZ1,8,ok,DTLZ1_n7_m3
0.0,0.0,20000,mutation,d140afc8ba7701d6,0.0,1.5016516662446584,DTLZ,True,0.0,mutation_prob_05,0.0,3,7,DTLZ1,9,ok,DTLZ1_n7_m3
0.747240262008183,0.1243220985916115,20000,mutation,d8928f8f7b123d66,-0.747240262008183,0.6421355532235,DTLZ,True,0.0,mutation_eta_01,0.0,3,7,DTLZ1,0,ok,DTLZ1_n7_m3
0.4296857342330957,0.07148896403303132,20000,mutation,d8928f8f7b123d66,0.2374781156220755,-0.0756619872017621,DTLZ,True,0.6671638498551712,mutation_eta_01,0.11099938551965413,3,7,DTLZ1,1,ok,DTLZ1_n7_m3
0.0935616773036115,0.01556632406138837,20000,mutation,d8928f8f7b123d66,0.6414607844571327,-0.26818737081868044,DTLZ,True,0.7350224617607443,mutation_eta_01,0.12228936207544386,3,7,DTLZ1,2,ok,DTLZ1_n7_m3
0.04048120041040147,0.006735059718280547,20000,mutation,d8928f8f7b123d66,0.16033197731545995,-0.06435583651271354,DTLZ,True,0.20081317772586144,mutation_eta_01,0.033410292444140205,3,7,DTLZ1,3,ok,DTLZ1_n7_m3
0.6320037202832993,0.10514961896213396,20000,mutation,d8928f8f7b123d66,0.05319068603950827,-0.025670342531333004,DTLZ,True,0.6851944063228076,mutation_eta_01,0.11399921935195716,3,7,DTLZ1,4,ok,DTLZ1_n7_m3
0.7534365224706897,0.12535300142606104,20000,mutation,d8928f8f7b123d66,0.04869957225119992,-0.015470008437271941,DTLZ,True,0.8021360947218896,mutation_eta_01,0.13345539275935442,3,7,DTLZ1,5,ok,DTLZ1_n7_m3
0.7131102613861866,0.11864371973812683,20000,mutation,d8928f8f7b123d66,-0.6499298028672964,0.25884722968669416,DTLZ,True,0.06318045851889022,mutation_eta_01,0.010511648786080362,3,7,DTLZ1,6,ok,DTLZ1_n7_m3
0.0004073441720755051,6.777188662906219e-05,20000,mutation,d8928f8f7b123d66,0.057432237215777324,-0.2370479889792544,DTLZ,True,0.05783958138785283,mutation_eta_01,0.009623060353404017,3,7,DTLZ1,7,ok,DTLZ1_n7_m3
0.0,0.0,20000,mutation,d8928f8f7b123d66,0.7361130257600275,-1.8107266268119158,DTLZ,True,0.7361130257600275,mutation_eta_01,0.1224708046608246,3,7,DTLZ1,8,ok,DTLZ1_n7_m3
0.0,0.0,20000,mutation,d8928f8f7b123d66,0.0,-0.12865568435458874,DTLZ,True,0.0,mutation_eta_01,0.0,3,7,DTLZ1,9,ok,DTLZ1_n7_m3
0.747240262008183,0.1243220985916115,20000,mutation,2085743f82033806,-0.5560580794817894,0.2161210651071365,DTLZ,True,0.19118218252639366,mutation_eta_02,0.031807935617828756,3,7,DTLZ1,0,ok,DTLZ1_n7_m3
0.4296857342330957,0.07148896403303132,20000,mutation,2085743f82033806,0.32097430833925183,-0.10404216863690463,DTLZ,True,0.7506600425723475,mutation_eta_02,0.12489106458297436,3,7,DTLZ1,1,ok,DTLZ1_n7_m3
0.0935616773036115,0.01556632406138837,20000,mutation,2085743f82033806,0.6065024423158221,-0.25589977561860766,DTLZ,True,0.7000641196194336,mutation_eta_02,0.1164731679016833,3,7,DTLZ1,2,ok,DTLZ1_n7_m3
0.04048120041040147,0.006735059718280547,20000,mutation,2085743f82033806,0.1750305975558974,-0.10291936674998325,DTLZ,True,0.21551179796629888,mutation_eta_02,0.03585577538664299,3,7,DTLZ1,3,ok,DTLZ1_n7_m3
0.6320037202832993,0.10514961896213396,20000,mutation,2085743f82033806,0.1556009468016769,-0.055179699950156536,DTLZ,True,0.7876046670849762,mutation_eta_02,0.13103772648626297,3,7,DTLZ1,4,ok,DTLZ1_n7_m3
0.7534365224706897,0.12535300142606104,20000,mutation,2085743f82033806,0.0020711446944821077,-0.0013437337673757946,DTLZ,True,0.7555076671651718,mutation_eta_02,0.1256975881246055,3,7,DTLZ1,5,ok,DTLZ1_n7_m3
0.7131102613861866,0.11864371973812683,20000,mutation,2085743f82033806,0.06328631892348213,-0.027883778754973956,DTLZ,True,0.7763965803096687,mutation_eta_02,0.12917298104902117,3,7,DTLZ1,6,ok,DTLZ1_n7_m3
0.0004073441720755051,6.777188662906219e-05,20000,mutation,2085743f82033806,0.6118873650550847,-0.5137186589154162,DTLZ,True,0.6122947092271602,mutation_eta_02,0.10187053224766882,3,7,DTLZ1,7,ok,DTLZ1_n7_m3
0.0,0.0,20000,mutation,2085743f82033806,0.7822638397138668,-1.824705780267852,DTLZ,True,0.7822638397138668,mutation_eta_02,0.13014914633239463,3,7,DTLZ1,8,ok,DTLZ1_n7_m3
0.0,0.0,20000,mutation,2085743f82033806,0.7630699971746394,-0.5927448609943674,DTLZ,True,0.7630699971746394,mutation_eta_02,0.12695577077993067,3,7,DTLZ1,9,ok,DTLZ1_n7_m3
0.747240262008183,0.1243220985916115,20000,mutation,3c403f01edf083cc,-0.09562353324188144,0.02627897160848778,DTLZ,True,0.6516167287663016,mutation_eta_03,0.10841273324849346,3,7,DTLZ1,0,ok,DTLZ1_n7_m3
0.4296857342330957,0.07148896403303132,20000,mutation,3c403f01edf083cc,0.3659931322168944,-0.11982652041879188,DTLZ,True,0.7956788664499901,mutation_eta_03,0.13238107140561714,3,7,DTLZ1,1,ok,DTLZ1_n7_m3
0.0935616773036115,0.01556632406138837,20000,mutation,3c403f01edf083cc,0.4079876952069845,-0.17590820645942543,DTLZ,True,0.5015493725105961,mutation_eta_03,0.08344527685145044,3,7,DTLZ1,2,ok,DTLZ1_n7_m3
0.04048120041040147,0.006735059718280547,20000,mutation,3c403f01edf083cc,-0.03864582902831931,0.05147375253826808,DTLZ,True,0.001835371382082162,mutation_eta_03,0.0003053599136939198,3,7,DTLZ1,3,ok,DTLZ1_n7_m3
0.6320037202832993,0.10514961896213396,20000,mutation,3c403f01edf083cc,0.10090135402579503,-0.04222396468050708,DTLZ,True,0.7329050743090944,mutation_eta_03,0.1219370817381756,3,7,DTLZ1,4,ok,DTLZ1_n7_m3
0.7534365224706897,0.12535300142606104,20000,mutation,3c403f01edf083cc,-0.06859175889988256,0.013324668506491347,DTLZ,True,0.6848447635708071,mutation_eta_03,0.11394104753909308,3,7,DTLZ1,5,ok,DTLZ1_n7_m3
0.7131102613861866,0.11864371973812683,20000,mutation,3c403f01edf083cc,-0.048615171767079635,0.011511588176222526,DTLZ,True,0.664495089619107,mutation_eta_03,0.11055537053537895,3,7,DTLZ1,6,ok,DTLZ1_n7_m3
0.0004073441720755051,6.777188662906219e-05,20000,mutation,3c403f01edf083cc,0.7690840197735732,-0.5594800990678283,DTLZ,True,0.7694913639456488,mutation_eta_03,0.12802412567645735,3,7,DTLZ1,7,ok,DTLZ1_n7_m3
0.0,0.0,20000,mutation,3c403f01edf083cc,0.7825221492410525,-1.8189923793659444,DTLZ,True,0.7825221492410525,mutation_eta_03,0.13019212257998014,3,7,DTLZ1,8,ok,DTLZ1_n7_m3
0.0,0.0,20000,mutation,3c403f01edf083cc,0.767289782380243,-0.6037026601247147,DTLZ,True,0.767289782380243,mutation_eta_03,0.12765783754351298,3,7,DTLZ1,9,ok,DTLZ1_n7_m3
0.747240262008183,0.1243220985916115,20000,mutation,fe373e55e87a9574,-0.6665923811106926,0.2751698120740854,DTLZ,True,0.08064788089749038,mutation_eta_04,0.013417791184319966,3,7,DTLZ1,0,ok,DTLZ1_n7_m3
0.4296857342330957,0.07148896403303132,20000,mutation,fe373e55e87a9574,-0.4296857342330957,1.0723796815648463,DTLZ,True,0.0,mutation_eta_04,0.0,3,7,DTLZ1,1,ok,DTLZ1_n7_m3
0.0935616773036115,0.01556632406138837,20000,mutation,fe373e55e87a9574,-0.0935616773036115,3.422332602386323,DTLZ,True,0.0,mutation_eta_04,0.0,3,7,DTLZ1,2,ok,DTLZ1_n7_m3
0.04048120041040147,0.006735059718280547,20000,mutation,fe373e55e87a9574,-0.04048120041040147,0.27366741160036484,DTLZ,True,0.0,mutation_eta_04,0.0,3,7,DTLZ1,3,ok,DTLZ1_n7_m3
0.6320037202832993,0.10514961896213396,20000,mutation,fe373e55e87a9574,-0.6320037202832993,0.5058742221002879,DTLZ,True,0.0,mutation_eta_04,0.0,3,7,DTLZ1,4,ok,DTLZ1_n7_m3
0.7534365224706897,0.12535300142606104,20000,mutation,fe373e55e87a9574,0.03715794910528014,-0.006489296769280416,DTLZ,True,0.7905944715759698,mutation_eta_04,0.13153515520845202,3,7,DTLZ1,5,ok,DTLZ1_n7_m3
0.7131102613861866,0.11864371973812683,20000,mutation,fe373e55e87a9574,-0.7131102613861866,0.770454926634324,DTLZ,True,0.0,mutation_eta_04,0.0,3,7,DTLZ1,6,ok,DTLZ1_n7_m3
0.0004073441720755051,6.777188662906219e-05,20000,mutation,fe373e55e87a9574,-0.0004073441720755051,0.2225377083692811,DTLZ,True,0.0,mutation_eta_04,0.0,3,7,DTLZ1,7,ok,DTLZ1_n7_m3
0.0,0.0,20000,mutation,fe373e55e87a9574,0.0,-0.6847964625380343,DTLZ,True,0.0,mutation_eta_04,0.0,3,7,DTLZ1,8,ok,DTLZ1_n7_m3
0.0,0.0,20000,mutation,fe373e55e87a9574,0.0,1.0183777968921022,DTLZ,True,0.0,mutation_eta_04,0.0,3,7,DTLZ1,9,ok,DTLZ1_n7_m3
0.747240262008183,0.1243220985916115,20000,mutation,3beb929deab8a2b3,-0.747240262008183,3.1714109590439787,DTLZ,True,0.0,mutation_eta_05,0.0,3,7,DTLZ1,0,ok,DTLZ1_n7_m3
0.4296857342330957,0.07148896403303132,20000,mutation,3beb929deab8a2b3,-0.4296857342330957,0.7370954689532584,DTLZ,True,0.0,mutation_eta_05,0.0,3,7,DTLZ1,1,ok,DTLZ1_n7_m3
0.0935616773036115,0.01556632406138837,20000,mutation,3beb929deab8a2b3,-0.0935616773036115,4.566895808016743,DTLZ,True,0.0,mutation_eta_05,0.0,3,7,DTLZ1,2,ok,DTLZ1_n7_m3
0.04048120041040147,0.006735059718280547,20000,mutation,3beb929deab8a2b3,-0.04048120041040147,1.4555422915364746,DTLZ,True,0.0,mutation_eta_05,0.0,3,7,DTLZ1,3,ok,DTLZ1_n7_m3
0.6320037202832993,0.10514961896213396,20000,mutation,3beb929deab8a2b3,-0.6320037202832993,3.0010171024629395,DTLZ,True,0.0,mutation_eta_05,0.0,3,7,DTLZ1,4,ok,DTLZ1_n7_m3
0.7534365224706897,0.12535300142606104,20000,mutation,3beb929deab8a2b3,-0.7534365224706897,0.5960495246629794,DTLZ,True,0.0,mutation_eta_05,0.0,3,7,DTLZ1,5,ok,DTLZ1_n7_m3
0.7131102613861866,0.11864371973812683,20000,mutation,3beb929deab8a2b3,-0.7131102613861866,3.1740222842612855,DTLZ,True,0.0,mutation_eta_05,0.0,3,7,DTLZ1,6,ok,DTLZ1_n7_m3
0.0004073441720755051,6.777188662906219e-05,20000,mutation,3beb929deab8a2b3,-0.0004073441720755051,1.5209629028159617,DTLZ,True,0.0,mutation_eta_05,0.0,3,7,DTLZ1,7,ok,DTLZ1_n7_m3
0.0,0.0,20000,mutation,3beb929deab8a2b3,0.0,2.016976125959326,DTLZ,True,0.0,mutation_eta_05,0.0,3,7,DTLZ1,8,ok,DTLZ1_n7_m3
0.0,0.0,20000,mutation,3beb929deab8a2b3,0.0,0.26131750191441905,DTLZ,True,0.0,mutation_eta_05,0.0,3,7,DTLZ1,9,ok,DTLZ1_n7_m3
0.747240262008183,0.1243220985916115,20000,crossover,4bbcd8cdbb2592a0,-0.747240262008183,0.5025939120218844,DTLZ,True,0.0,crossover_prob_01,0.0,3,7,DTLZ1,0,ok,DTLZ1_n7_m3
0.4296857342330957,0.07148896403303132,20000,crossover,4bbcd8cdbb2592a0,-0.3489900557791729,0.18088569063275317,DTLZ,True,0.08069567845392277,crossover_prob_01,0.013425743502771405,3,7,DTLZ1,1,ok,DTLZ1_n7_m3
0.0935616773036115,0.01556632406138837,20000,crossover,4bbcd8cdbb2592a0,-0.0935616773036115,0.4564975527819377,DTLZ,True,0.0,crossover_prob_01,0.0,3,7,DTLZ1,2,ok,DTLZ1_n7_m3
0.04048120041040147,0.006735059718280547,20000,crossover,4bbcd8cdbb2592a0,-0.04048120041040147,0.43852166325994096,DTLZ,True,0.0,crossover_prob_01,0.0,3,7,DTLZ1,3,ok,DTLZ1_n7_m3
0.6320037202832993,0.10514961896213396,20000,crossover,4bbcd8cdbb2592a0,-0.6320037202832993,0.850670379363817,DTLZ,True,0.0,crossover_prob_01,0.0,3,7,DTLZ1,4,ok,DTLZ1_n7_m3
0.7534365224706897,0.12535300142606104,20000,crossover,4bbcd8cdbb2592a0,-0.7534365224706897,0.651114944140076,DTLZ,True,0.0,crossover_prob_01,0.0,3,7,DTLZ1,5,ok,DTLZ1_n7_m3
0.7131102613861866,0.11864371973812683,20000,crossover,4bbcd8cdbb2592a0,-0.7131102613861866,2.1123210789111777,DTLZ,True,0.0,crossover_prob_01,0.0,3,7,DTLZ1,6,ok,DTLZ1_n7_m3
0.0004073441720755051,6.777188662906219e-05,20000,crossover,4bbcd8cdbb2592a0,-0.0004073441720755051,0.326092267140619,DTLZ,True,0.0,crossover_prob_01,0.0,3,7,DTLZ1,7,ok,DTLZ1_n7_m3
0.0,0.0,20000,crossover,4bbcd8cdbb2592a0,0.7158492509783616,-1.8021792069777147,DTLZ,True,0.7158492509783616,crossover_prob_01,0.11909941913152494,3,7,DTLZ1,8,ok,DTLZ1_n7_m3
0.0,0.0,20000,crossover,4bbcd8cdbb2592a0,0.6508542797687621,-0.5565618504488559,DTLZ,True,0.6508542797687621,crossover_prob_01,0.10828588079652782,3,7,DTLZ1,9,ok,DTLZ1_n7_m3
0.747240262008183,0.1243220985916115,20000,crossover,105483f95a670d83,-0.024244865662618076,0.017534629029087416,DTLZ,True,0.722995396345565,crossover_prob_02,0.12028835906699341,3,7,DTLZ1,0,ok,DTLZ1_n7_m3
0.4296857342330957,0.07148896403303132,20000,crossover,105483f95a670d83,-0.3558493862947575,0.17149482756627693,DTLZ,True,0.0738363479383382,crossover_prob_02,0.012284522388241022,3,7,DTLZ1,1,ok,DTLZ1_n7_m3
0.0935616773036115,0.01556632406138837,20000,crossover,105483f95a670d83,0.5681542071291359,-0.23744995173964045,DTLZ,True,0.6617158844327474,crossover_prob_02,0.11009298027249839,3,7,DTLZ1,2,ok,DTLZ1_n7_m3
0.04048120041040147,0.006735059718280547,20000,crossover,105483f95a670d83,0.3462465215237362,-0.17102792119075635,DTLZ,True,0.3867277219341377,crossover_prob_02,0.06434182473679217,3,7,DTLZ1,3,ok,DTLZ1_n7_m3
0.6320037202832993,0.10514961896213396,20000,crossover,105483f95a670d83,-0.6320037202832993,0.40800335555076783,DTLZ,True,0.0,crossover_prob_02,0.0,3,7,DTLZ1,4,ok,DTLZ1_n7_m3
0.7534365224706897,0.12535300142606104,20000,crossover,105483f95a670d83,-0.26857949633978295,0.09782391413175008,DTLZ,True,0.48485702613090675,crossover_prob_02,0.08066808772252963,3,7,DTLZ1,5,ok,DTLZ1_n7_m3
0.7131102613861866,0.11864371973812683,20000,crossover,105483f95a670d83,-0.09357855095310486,0.015281029592459638,DTLZ,True,0.6195317104330818,crossover_prob_02,0.103074588323304,3,7,DTLZ1,6,ok,DTLZ1_n7_m3
0.0004073441720755051,6.777188662906219e-05,20000,crossover,105483f95a670d83,0.024295310025214352,-0.17314291530744458,DTLZ,True,0.024702654197289856,crossover_prob_02,0.004109904092074101,3,7,DTLZ1,7,ok,DTLZ1_n7_m3
0.0,0.0,20000,crossover,105483f95a670d83,0.4268974552589407,-1.684497668887969,DTLZ,True,0.4268974552589407,crossover_prob_02,0.07102506411870628,3,7,DTLZ1,8,ok,DTLZ1_n7_m3
0.0,0.0,20000,crossover,105483f95a670d83,0.25995999217321303,-0.43665366004876777,DTLZ,True,0.25995999217321303,crossover_prob_02,0.04325084369781833,3,7,DTLZ1,9,ok,DTLZ1_n7_m3
0.747240262008183,0.1243220985916115,20000,crossover,8411251a8f7ad81d,0.04808982813573315,-0.014198416887107303,DTLZ,True,0.7953300901439162,crossover_prob_03,0.1323230437476941,3,7,DTLZ1,0,ok,DTLZ1_n7_m3
0.4296857342330957,0.07148896403303132,20000,crossover,8411251a8f7ad81d,0.3553206983668245,-0.12235617988042496,DTLZ,True,0.7850064325999202,crossover_prob_03,0.13060544522381176,3,7,DTLZ1,1,ok,DTLZ1_n7_m3
0.0935616773036115,0.01556632406138837,20000,crossover,8411251a8f7ad81d,0.3779268292623763,-0.17841053371571688,DTLZ,True,0.47148850656598784,crossover_prob_03,0.07844390027991625,3,7,DTLZ1,2,ok,DTLZ1_n7_m3
0.04048120041040147,0.006735059718280547,20000,crossover,8411251a8f7ad81d,0.09374474142797783,-0.04567659028109616,DTLZ,True,0.1342259418383793,crossover_prob_03,0.02233184107336036,3,7,DTLZ1,3,ok,DTLZ1_n7_m3
0.6320037202832993,0.10514961896213396,20000,crossover,8411251a8f7ad81d,-0.18451719804467887,0.09563183691074455,DTLZ,True,0.44748652223862045,crossover_prob_03,0.0744505701374505,3,7,DTLZ1,4,ok,DTLZ1_n7_m3
0.7534365224706897,0.12535300142606104,20000,crossover,8411251a8f7ad81d,0.008293674117078376,0.0005819763764759942,DTLZ,True,0.7617301965877681,crossover_prob_03,0.12673286145728996,3,7,DTLZ1,5,ok,DTLZ1_n7_m3
0.7131102613861866,0.11864371973812683,20000,crossover,8411251a8f7ad81d,0.022271685035528566,-0.012242272625767534,DTLZ,True,0.7353819464217152,crossover_prob_03,0.1223491713359129,3,7,DTLZ1,6,ok,DTLZ1_n7_m3
0.0004073441720755051,6.777188662906219e-05,20000,crossover,8411251a8f7ad81d,0.7644238261191703,-0.5529241223236836,DTLZ,True,0.7648311702912458,crossover_prob_03,0.12724878595720607,3,7,DTLZ1,7,ok,DTLZ1_n7_m3
0.0,0.0,20000,crossover,8411251a8f7ad81d,0.1899467778875153,-1.6034835025492649,DTLZ,True,0.1899467778875153,crossover_prob_03,0.031602395171035365,3,7,DTLZ1,8,ok,DTLZ1_n7_m3
0.0,0.0,20000,crossover,8411251a8f7ad81d,0.6424419301785657,-0.5411117053242138,DTLZ,True,0.6424419301785657,crossover_prob_03,0.1068862761334589,3,7,DTLZ1,9,ok,DTLZ1_n7_m3
0.747240262008183,0.1243220985916115,20000,crossover,e79338473757d05f,-0.15122250620900046,0.05437518913875974,DTLZ,True,0.5960177557991826,crossover_eta_01,0.09916245412108902,3,7,DTLZ1,0,ok,DTLZ1_n7_m3
0.4296857342330957,0.07148896403303132,20000,crossover,e79338473757d05f,-0.4278946122380606,0.2875498012028429,DTLZ,True,0.0017911219950351059,crossover_eta_01,0.0002979979219239658,3,7,DTLZ1,1,ok,DTLZ1_n7_m3
0.0935616773036115,0.01556632406138837,20000,crossover,e79338473757d05f,-0.0935616773036115,0.7105157814706868,DTLZ,True,0.0,crossover_eta_01,0.0,3,7,DTLZ1,2,ok,DTLZ1_n7_m3
0.04048120041040147,0.006735059718280547,20000,crossover,e79338473757d05f,-0.04048120041040147,0.5834070383388048,DTLZ,True,0.0,crossover_eta_01,0.0,3,7,DTLZ1,3,ok,DTLZ1_n7_m3
0.6320037202832993,0.10514961896213396,20000,crossover,e79338473757d05f,-0.2540223566532259,0.07954807967824827,DTLZ,True,0.3779813636300734,crossover_eta_01,0.06288664937395348,3,7,DTLZ1,4,ok,DTLZ1_n7_m3
0.7534365224706897,0.12535300142606104,20000,crossover,e79338473757d05f,-0.7534365224706897,0.6457822352319682,DTLZ,True,0.0,crossover_eta_01,0.0,3,7,DTLZ1,5,ok,DTLZ1_n7_m3
0.7131102613861866,0.11864371973812683,20000,crossover,e79338473757d05f,-0.7131102613861866,2.4349631579396105,DTLZ,True,0.0,crossover_eta_01,0.0,3,7,DTLZ1,6,ok,DTLZ1_n7_m3
0.0004073441720755051,6.777188662906219e-05,20000,crossover,e79338473757d05f,-0.0004073441720755051,0.09950157541450788,DTLZ,True,0.0,crossover_eta_01,0.0,3,7,DTLZ1,7,ok,DTLZ1_n7_m3
0.0,0.0,20000,crossover,e79338473757d05f,0.0,-0.9176065087874106,DTLZ,True,0.0,crossover_eta_01,0.0,3,7,DTLZ1,8,ok,DTLZ1_n7_m3
0.0,0.0,20000,crossover,e79338473757d05f,0.0,0.9529047058832224,DTLZ,True,0.0,crossover_eta_01,0.0,3,7,DTLZ1,9,ok,DTLZ1_n7_m3
0.747240262008183,0.1243220985916115,20000,crossover,a02fbbf608a84463,-0.6714134755329006,0.28413718918930353,DTLZ,True,0.07582678647528239,crossover_eta_02,0.012615681599825112,3,7,DTLZ1,0,ok,DTLZ1_n7_m3
0.4296857342330957,0.07148896403303132,20000,crossover,a02fbbf608a84463,0.1610652538507366,-0.05046862363143431,DTLZ,True,0.5907509880838323,crossover_eta_02,0.09828619564244763,3,7,DTLZ1,1,ok,DTLZ1_n7_m3
0.0935616773036115,0.01556632406138837,20000,crossover,a02fbbf608a84463,-0.08637961250621266,0.09958555135496727,DTLZ,True,0.007182064797398841,crossover_eta_02,0.0011949160306672325,3,7,DTLZ1,2,ok,DTLZ1_n7_m3
0.04048120041040147,0.006735059718280547,20000,crossover,a02fbbf608a84463,-0.04048120041040147,0.3114582007242395,DTLZ,True,0.0,crossover_eta_02,0.0,3,7,DTLZ1,3,ok,DTLZ1_n7_m3
0.6320037202832993,0.10514961896213396,20000,crossover,a02fbbf608a84463,-0.546504624968432,0.24144811313311115,DTLZ,True,0.08549909531486738,crossover_eta_02,0.014224911983011065,3,7,DTLZ1,4,ok,DTLZ1_n7_m3
0.7534365224706897,0.12535300142606104,20000,crossover,a02fbbf608a84463,-0.0356717370377031,0.010161010832749444,DTLZ,True,0.7177647854329866,crossover_eta_02,0.11941811617641318,3,7,DTLZ1,5,ok,DTLZ1_n7_m3
0.7131102613861866,0.11864371973812683,20000,crossover,a02fbbf608a84463,-0.46778170642513517,0.1952532673074698,DTLZ,True,0.2453285549610514,crossover_eta_02,0.04081653833164494,3,7,DTLZ1,6,ok,DTLZ1_n7_m3
0.0004073441720755051,6.777188662906219e-05,20000,crossover,a02fbbf608a84463,0.6947702509307815,-0.5161832642049887,DTLZ,True,0.695177595102857,crossover_eta_02,0.11566017238523787,3,7,DTLZ1,7,ok,DTLZ1_n7_m3
0.0,0.0,20000,crossover,a02fbbf608a84463,0.6785426155349681,-1.7911599719174944,DTLZ,True,0.6785426155349681,crossover_eta_02,0.11289252765963034,3,7,DTLZ1,8,ok,DTLZ1_n7_m3
0.0,0.0,20000,crossover,a02fbbf608a84463,0.08006132706873872,-0.32727903929207935,DTLZ,True,0.08006132706873872,crossover_eta_02,0.01332020329106141,3,7,DTLZ1,9,ok,DTLZ1_n7_m3
0.747240262008183,0.1243220985916115,20000,crossover,a0762668bc5cf7fa,0.002046179772716261,0.006438359243196259,DTLZ,True,0.7492864417808993,crossover_eta_03,0.12466253175129717,3,7,DTLZ1,0,ok,DTLZ1_n7_m3
0.4296857342330957,0.07148896403303132,20000,crossover,a0762668bc5cf7fa,-0.42779566384801304,0.2686935299585952,DTLZ,True,0.0018900703850826656,crossover_eta_03,0.0003144604603181286,3,7,DTLZ1,1,ok,DTLZ1_n7_m3
0.0935616773036115,0.01556632406138837,20000,crossover,a0762668bc5cf7fa,0.012811239554635617,-0.007191520280972086,DTLZ,True,0.10637291685824712,crossover_eta_03,0.01769779404229087,3,7,DTLZ1,2,ok,DTLZ1_n7_m3
0.04048120041040147,0.006735059718280547,20000,crossover,a0762668bc5cf7fa,0.06734325249155976,-0.03830513167781746,DTLZ,True,0.10782445290196123,crossover_eta_03,0.017939293351563804,3,7,DTLZ1,3,ok,DTLZ1_n7_m3
0.6320037202832993,0.10514961896213396,20000,crossover,a0762668bc5cf7fa,-0.14852778807136274,0.04972130858559044,DTLZ,True,0.4834759322119366,crossover_eta_03,0.08043830822176097,3,7,DTLZ1,4,ok,DTLZ1_n7_m3
0.7534365224706897,0.12535300142606104,20000,crossover,a0762668bc5cf7fa,-0.7534365224706897,1.3403432989173638,DTLZ,True,0.0,crossover_eta_03,0.0,3,7,DTLZ1,5,ok,DTLZ1_n7_m3
0.7131102613861866,0.11864371973812683,20000,crossover,a0762668bc5cf7fa,0.024865117402214643,-0.007807855206220141,DTLZ,True,0.7379753787884012,crossover_eta_03,0.12278065364592029,3,7,DTLZ1,6,ok,DTLZ1_n7_m3
0.0004073441720755051,6.777188662906219e-05,20000,crossover,a0762668bc5cf7fa,0.7956176144639353,-0.5624028210625664,DTLZ,True,0.7960249586360109,crossover_eta_03,0.13243865249306636,3,7,DTLZ1,7,ok,DTLZ1_n7_m3
0.0,0.0,20000,crossover,a0762668bc5cf7fa,0.7630828728431536,-1.8111710589411414,DTLZ,True,0.7630828728431536,crossover_eta_03,0.12695791296927972,3,7,DTLZ1,8,ok,DTLZ1_n7_m3
0.0,0.0,20000,crossover,a0762668bc5cf7fa,0.7900156626985066,-0.6035391333804447,DTLZ,True,0.7900156626985066,crossover_eta_03,0.1314388558814641,3,7,DTLZ1,9,ok,DTLZ1_n7_m3
0.747240262008183,0.1243220985916115,20000,crossover,f395cd77a655680e,0.02443558993785344,-0.007608744491351904,DTLZ,True,0.7716758519460365,crossover_eta_04,0.12838756986752187,3,7,DTLZ1,0,ok,DTLZ1_n7_m3
0.4296857342330957,0.07148896403303132,20000,crossover,f395cd77a655680e,-0.4296857342330957,0.5103016358456156,DTLZ,True,0.0,crossover_eta_04,0.0,3,7,DTLZ1,1,ok,DTLZ1_n7_m3
0.0935616773036115,0.01556632406138837,20000,crossover,f395cd77a655680e,0.6934861326670914,-0.2796362415045022,DTLZ,True,0.7870478099707029,crossover_eta_04,0.13094507938387573,3,7,DTLZ1,2,ok,DTLZ1_n7_m3
0.04048120041040147,0.006735059718280547,20000,crossover,f395cd77a655680e,0.03992239694548545,-0.02606641242038188,DTLZ,True,0.08040359735588692,crossover_eta_04,0.01337714851008569,3,7,DTLZ1,3,ok,DTLZ1_n7_m3
0.6320037202832993,0.10514961896213396,20000,crossover,f395cd77a655680e,0.16245567873079225,-0.05750020946210543,DTLZ,True,0.7944593990140916,crossover_eta_04,0.13217818251096952,3,7,DTLZ1,4,ok,DTLZ1_n7_m3
0.7534365224706897,0.12535300142606104,20000,crossover,f395cd77a655680e,-0.6519936431745524,0.2658320664336103,DTLZ,True,0.1014428792961373,crossover_eta_04,0.016877559042894848,3,7,DTLZ1,5,ok,DTLZ1_n7_m3
0.7131102613861866,0.11864371973812683,20000,crossover,f395cd77a655680e,0.07845937232971478,-0.03341979458016431,DTLZ,True,0.7915696337159014,crossover_eta_04,0.13169739780948314,3,7,DTLZ1,6,ok,DTLZ1_n7_m3
0.0004073441720755051,6.777188662906219e-05,20000,crossover,f395cd77a655680e,0.08719562468149776,-0.267803726691723,DTLZ,True,0.08760296885357327,crossover_eta_04,0.014574943943013258,3,7,DTLZ1,7,ok,DTLZ1_n7_m3
0.0,0.0,20000,crossover,f395cd77a655680e,0.7728834429288218,-1.8138446804953912,DTLZ,True,0.7728834429288218,crossover_eta_04,0.12858848281728277,3,7,DTLZ1,8,ok,DTLZ1_n7_m3
0.0,0.0,20000,crossover,f395cd77a655680e,0.7034819846860413,-0.5480928051908862,DTLZ,True,0.7034819846860413,crossover_eta_04,0.11704181520214015,3,7,DTLZ1,9,ok,DTLZ1_n7_m3
0.747240262008183,0.1243220985916115,20000,selection,719906f8320eae96,-0.7232089445790362,0.38036495440280776,DTLZ,True,0.02403131742914685,selection_tournament_01,0.003998210437274308,3,7,DTLZ1,0,ok,DTLZ1_n7_m3
0.4296857342330957,0.07148896403303132,20000,selection,719906f8320eae96,-0.3832885666669599,0.21080161721913399,DTLZ,True,0.0463971675661358,selection_tournament_01,0.007719328753815847,3,7,DTLZ1,1,ok,DTLZ1_n7_m3
0.0935616773036115,0.01556632406138837,20000,selection,719906f8320eae96,0.5612776769643568,-0.2428000086905388,DTLZ,True,0.6548393542679684,selection_tournament_01,0.10894889756633327,3,7,DTLZ1,2,ok,DTLZ1_n7_m3
0.04048120041040147,0.006735059718280547,20000,selection,719906f8320eae96,0.7626944846874218,-0.31642582751505843,DTLZ,True,0.8031756850978233,selection_tournament_01,0.1336283546081504,3,7,DTLZ1,3,ok,DTLZ1_n7_m3
0.6320037202832993,0.10514961896213396,20000,selection,719906f8320eae96,-0.6320037202832993,0.5787166040622621,DTLZ,True,0.0,selection_tournament_01,0.0,3,7,DTLZ1,4,ok,DTLZ1_n7_m3
0.7534365224706897,0.12535300142606104,20000,selection,719906f8320eae96,-0.7534365224706897,0.5719413334705041,DTLZ,True,0.0,selection_tournament_01,0.0,3,7,DTLZ1,5,ok,DTLZ1_n7_m3
0.7131102613861866,0.11864371973812683,20000,selection,719906f8320eae96,-0.7131102613861866,0.5304852503617021,DTLZ,True,0.0,selection_tournament_01,0.0,3,7,DTLZ1,6,ok,DTLZ1_n7_m3
0.0004073441720755051,6.777188662906219e-05,20000,selection,719906f8320eae96,0.05584570363864969,-0.25315746577920345,DTLZ,True,0.056253047810725196,selection_tournament_01,0.009359100829509408,3,7,DTLZ1,7,ok,DTLZ1_n7_m3
0.0,0.0,20000,selection,719906f8320eae96,0.06084258803804986,-1.5152273080614427,DTLZ,True,0.06084258803804986,selection_tournament_01,0.010122685584830548,3,7,DTLZ1,8,ok,DTLZ1_n7_m3
0.0,0.0,20000,selection,719906f8320eae96,0.0,0.8804245142615567,DTLZ,True,0.0,selection_tournament_01,0.0,3,7,DTLZ1,9,ok,DTLZ1_n7_m3
0.747240262008183,0.1243220985916115,20000,selection,d8d143add6fa599d,0.033580367427571534,-0.008407856759960516,DTLZ,True,0.7808206294357546,selection_tournament_02,0.1299090322223737,3,7,DTLZ1,0,ok,DTLZ1_n7_m3
0.4296857342330957,0.07148896403303132,20000,selection,d8d143add6fa599d,-0.40455009258197966,0.2794169109746947,DTLZ,True,0.025135641651116033,selection_tournament_02,0.004181942379704431,3,7,DTLZ1,1,ok,DTLZ1_n7_m3
0.0935616773036115,0.01556632406138837,20000,selection,d8d143add6fa599d,0.619689229270581,-0.25988088699501816,DTLZ,True,0.7132509065741925,selection_tournament_02,0.11866711958128132,3,7,DTLZ1,2,ok,DTLZ1_n7_m3
0.04048120041040147,0.006735059718280547,20000,selection,d8d143add6fa599d,0.06272835138899215,-0.042322505279022926,DTLZ,True,0.10320955179939362,selection_tournament_02,0.017171489180624118,3,7,DTLZ1,3,ok,DTLZ1_n7_m3
0.6320037202832993,0.10514961896213396,20000,selection,d8d143add6fa599d,-0.6320037202832993,0.47348430141412456,DTLZ,True,0.0,selection_tournament_02,0.0,3,7,DTLZ1,4,ok,DTLZ1_n7_m3
0.7534365224706897,0.12535300142606104,20000,selection,d8d143add6fa599d,0.029688999346401235,-0.00887826545027428,DTLZ,True,0.7831255218170909,selection_tournament_02,0.13029250869231854,3,7,DTLZ1,5,ok,DTLZ1_n7_m3
0.7131102613861866,0.11864371973812683,20000,selection,d8d143add6fa599d,-0.28835121232885413,0.0730283551403765,DTLZ,True,0.42475904905733247,selection_tournament_02,0.07066928678691371,3,7,DTLZ1,6,ok,DTLZ1_n7_m3
0.0004073441720755051,6.777188662906219e-05,20000,selection,d8d143add6fa599d,0.46612012915883916,-0.4689451350554824,DTLZ,True,0.46652747333091465,selection_tournament_02,0.07761850837543095,3,7,DTLZ1,7,ok,DTLZ1_n7_m3
0.0,0.0,20000,selection,d8d143add6fa599d,0.11017140976714435,-1.5513241539160925,DTLZ,True,0.11017140976714435,selection_tournament_02,0.018329768300008646,3,7,DTLZ1,8,ok,DTLZ1_n7_m3
0.0,0.0,20000,selection,d8d143add6fa599d,0.7031298505602586,-0.5788798891995737,DTLZ,True,0.7031298505602586,selection_tournament_02,0.11698322888696305,3,7,DTLZ1,9,ok,DTLZ1_n7_m3
0.747240262008183,0.1243220985916115,20000,selection,039cd4efe2d09cf1,-0.6490574740240744,0.2696376650460942,DTLZ,True,0.09818278798410862,selection_tournament_03,0.016335161350856078,3,7,DTLZ1,0,ok,DTLZ1_n7_m3
0.4296857342330957,0.07148896403303132,20000,selection,039cd4efe2d09cf1,-0.4296857342330957,0.4817743223687384,DTLZ,True,0.0,selection_tournament_03,0.0,3,7,DTLZ1,1,ok,DTLZ1_n7_m3
0.0935616773036115,0.01556632406138837,20000,selection,039cd4efe2d09cf1,0.6762933226919365,-0.27548869400092624,DTLZ,True,0.7698549999955481,selection_tournament_03,0.12808462562425935,3,7,DTLZ1,2,ok,DTLZ1_n7_m3
0.04048120041040147,0.006735059718280547,20000,selection,039cd4efe2d09cf1,0.07343464775914695,-0.03285471570602705,DTLZ,True,0.11391584816954842,selection_tournament_03,0.018952749239208623,3,7,DTLZ1,3,ok,DTLZ1_n7_m3
0.6320037202832993,0.10514961896213396,20000,selection,039cd4efe2d09cf1,0.10654187433467499,-0.03691472186609924,DTLZ,True,0.7385455946179743,selection_tournament_03,0.12287552330456551,3,7,DTLZ1,4,ok,DTLZ1_n7_m3
0.7534365224706897,0.12535300142606104,20000,selection,039cd4efe2d09cf1,-0.03473164140633689,0.017178639264300535,DTLZ,True,0.7187048810643528,selection_tournament_03,0.11957452458708173,3,7,DTLZ1,5,ok,DTLZ1_n7_m3
0.7131102613861866,0.11864371973812683,20000,selection,039cd4efe2d09cf1,-0.32979559554167887,0.0693996670068659,DTLZ,True,0.38331466584450774,selection_tournament_03,0.06377397752988,3,7,DTLZ1,6,ok,DTLZ1_n7_m3
0.0004073441720755051,6.777188662906219e-05,20000,selection,039cd4efe2d09cf1,0.7970226334199191,-0.5595945170964721,DTLZ,True,0.7974299775919946,selection_tournament_03,0.13267241252186815,3,7,DTLZ1,7,ok,DTLZ1_n7_m3
0.0,0.0,20000,selection,039cd4efe2d09cf1,0.6475344868738805,-1.7843021709228388,DTLZ,True,0.6475344868738805,selection_tournament_03,0.1077335502536419,3,7,DTLZ1,8,ok,DTLZ1_n7_m3
0.0,0.0,20000,selection,039cd4efe2d09cf1,0.08211959269074738,-0.29794563026932164,DTLZ,True,0.08211959269074738,selection_tournament_03,0.0136626472339231,3,7,DTLZ1,9,ok,DTLZ1_n7_m3
0.34127049012295463,0.4129372930487752,2000,mutation,a690f6d10873af8e,-0.00047591850087314036,-0.0003924664575078868,DTLZ,True,0.3407945716220815,mutation_prob_01,0.41236143166271866,2,6,DTLZ2,0,ok,DTLZ2_n6_m2
0.3387877230587639,0.40993314490110444,2000,mutation,a690f6d10873af8e,0.0027195469682868567,-0.0013679713304367812,DTLZ,True,0.3415072700270508,mutation_prob_01,0.4132237967327315,2,6,DTLZ2,1,ok,DTLZ2_n6_m2
0.34034629999256744,0.41181902299100664,2000,mutation,a690f6d10873af8e,0.0009651361654275381,0.00038115193466431094,DTLZ,True,0.341311436157995,mutation_prob_01,0.412986837751174,2,6,DTLZ2,2,ok,DTLZ2_n6_m2
0.34080576256237405,0.41237497270047263,2000,mutation,a690f6d10873af8e,-0.000494030980862814,-0.00020908076555752227,DTLZ,True,0.34031173158151123,mutation_prob_01,0.41177719521362866,2,6,DTLZ2,3,ok,DTLZ2_n6_m2
0.33960039297681033,0.41091647550194055,2000,mutation,a690f6d10873af8e,0.002271747354145315,-0.0007341983938486448,DTLZ,True,0.34187214033095564,mutation_prob_01,0.41366528980045636,2,6,DTLZ2,4,ok,DTLZ2_n6_m2
0.3408420702959889,0.4124189050581466,2000,mutation,a690f6d10873af8e,0.0009619963895241557,-0.001591632202177215,DTLZ,True,0.34180406668551305,mutation_prob_01,0.4135829206894709,2,6,DTLZ2,5,ok,DTLZ2_n6_m2
0.34171641546695375,0.4134768627150141,2000,mutation,a690f6d10873af8e,-0.0008896561577549367,0.00023741323682651902,DTLZ,True,0.3408267593091988,mutation_prob_01,0.41240037876413066,2,6,DTLZ2,6,ok,DTLZ2_n6_m2
0.3412778763800109,0.41294623041981326,2000,mutation,a690f6d10873af8e,-0.002384056195511297,0.0008717122814956586,DTLZ,True,0.3388938201844996,mutation_prob_01,0.41006152242324456,2,6,DTLZ2,7,ok,DTLZ2_n6_m2
0.3401269959263792,0.4115536650709189,2000,mutation,a690f6d10873af8e,-0.0007444188399137186,-3.330511965478171e-05,DTLZ,True,0.33938257708646546,mutation_prob_01,0.4106529182746233,2,6,DTLZ2,8,ok,DTLZ2_n6_m2
0.34064847765669964,0.4121846579646066,2000,mutation,a690f6d10873af8e,-0.00025355310860958324,0.0016528594695301418,DTLZ,True,0.34039492454809006,mutation_prob_01,0.41187785870318905,2,6,DTLZ2,9,ok,DTLZ2_n6_m2
0.34127049012295463,0.4129372930487752,2000,mutation,ae7374c461d4bd37,-0.00018086657969651476,-0.00024104720547481195,DTLZ,True,0.3410896235432581,mutation_prob_02,0.41271844448734235,2,6,DTLZ2,0,ok,DTLZ2_n6_m2
0.3387877230587639,0.40993314490110444,2000,mutation,ae7374c461d4bd37,0.002330552206892156,-0.0017881392101471265,DTLZ,True,0.3411182752656561,mutation_prob_02,0.4127531130714439,2,6,DTLZ2,1,ok,DTLZ2_n6_m2
0.34034629999256744,0.41181902299100664,2000,mutation,ae7374c461d4bd37,0.000973225903086905,0.0005463535594232901,DTLZ,True,0.34131952589565434,mutation_prob_02,0.4129966263337418,2,6,DTLZ2,2,ok,DTLZ2_n6_m2
0.34080576256237405,0.41237497270047263,2000,mutation,ae7374c461d4bd37,-0.0018904764639243732,0.0009761651392761438,DTLZ,True,0.3389152860984497,mutation_prob_02,0.41008749617912416,2,6,DTLZ2,3,ok,DTLZ2_n6_m2
0.33960039297681033,0.41091647550194055,2000,mutation,ae7374c461d4bd37,0.0014885771794970748,0.000854086442335103,DTLZ,True,0.3410889701563074,mutation_prob_02,0.412717653889132,2,6,DTLZ2,4,ok,DTLZ2_n6_m2
0.3408420702959889,0.4124189050581466,2000,mutation,ae7374c461d4bd37,0.0005460743903048515,-0.0010066513547174038,DTLZ,True,0.34138814468629375,mutation_prob_02,0.4130796550704155,2,6,DTLZ2,5,ok,DTLZ2_n6_m2
0.34171641546695375,0.4134768627150141,2000,mutation,ae7374c461d4bd37,-0.001075315672854682,0.00027344120021228005,DTLZ,True,0.34064109979409907,mutation_prob_02,0.41217573075085995,2,6,DTLZ2,6,ok,DTLZ2_n6_m2
0.3412778763800109,0.41294623041981326,2000,mutation,ae7374c461d4bd37,0.0001190968639472878,-0.0007977958842330241,DTLZ,True,0.3413969732439582,mutation_prob_02,0.41309033762518943,2,6,DTLZ2,7,ok,DTLZ2_n6_m2
0.3401269959263792,0.4115536650709189,2000,mutation,ae7374c461d4bd37,0.0005074566567122574,0.001750152472316321,DTLZ,True,0.34063445258309144,mutation_prob_02,0.41216768762554074,2,6,DTLZ2,8,ok,DTLZ2_n6_m2
0.34064847765669964,0.4121846579646066,2000,mutation,ae7374c461d4bd37,0.0004483976409113133,0.00035187485731491726,DTLZ,True,0.34109687529761096,mutation_prob_02,0.41272721911010934,2,6,DTLZ2,9,ok,DTLZ2_n6_m2
0.34127049012295463,0.4129372930487752,2000,mutation,32efe652cb52774f,0.0001541054117482621,-0.0019165987535527309,DTLZ,True,0.3414245955347029,mutation_prob_03,0.4131237605969906,2,6,DTLZ2,0,ok,DTLZ2_n6_m2
0.3387877230587639,0.40993314490110444,2000,mutation,32efe652cb52774f,0.0004195482843558085,-0.00044783490696556974,DTLZ,True,0.33920727134311973,mutation_prob_03,0.41044079832517494,2,6,DTLZ2,1,ok,DTLZ2_n6_m2
0.34034629999256744,0.41181902299100664,2000,mutation,32efe652cb52774f,-0.0010548960309533784,0.004051993555229099,DTLZ,True,0.33929140396161406,mutation_prob_03,0.4105425987935531,2,6,DTLZ2,2,ok,DTLZ2_n6_m2
0.34080576256237405,0.41237497270047263,2000,mutation,32efe652cb52774f,-0.0011966275978994578,0.00015613751180403035,DTLZ,True,0.3396091349644746,mutation_prob_03,0.4109270533070143,2,6,DTLZ2,3,ok,DTLZ2_n6_m2
0.33960039297681033,0.41091647550194055,2000,mutation,32efe652cb52774f,0.0007100617031148837,0.0001572861827056661,DTLZ,True,0.3403104546799252,mutation_prob_03,0.41177565016270956,2,6,DTLZ2,4,ok,DTLZ2_n6_m2
0.3408420702959889,0.4124189050581466,2000,mutation,32efe652cb52774f,-0.0006572608871271979,-0.0014007178759195375,DTLZ,True,0.3401848094088617,mutation_prob_03,0.4116236193847227,2,6,DTLZ2,5,ok,DTLZ2_n6_m2
0.34171641546695375,0.4134768627150141,2000,mutation,32efe652cb52774f,-0.0022546407994511464,0.0013581367254648317,DTLZ,True,0.3394617746675026,mutation_prob_03,0.41074874734767824,2,6,DTLZ2,6,ok,DTLZ2_n6_m2
0.3412778763800109,0.41294623041981326,2000,mutation,32efe652cb52774f,-0.00039885868740258124,0.0015120755349594013,DTLZ,True,0.3408790176926083,mutation_prob_03,0.4124636114080561,2,6,DTLZ2,7,ok,DTLZ2_n6_m2
0.3401269959263792,0.4115536650709189,2000,mutation,32efe652cb52774f,-0.00027859028977039735,0.00019855038809821375,DTLZ,True,0.3398484056366088,mutation_prob_03,0.41121657082029667,2,6,DTLZ2,8,ok,DTLZ2_n6_m2
0.34064847765669964,0.4121846579646066,2000,mutation,32efe652cb52774f,-0.0005496579905462928,-4.153379227533893e-05,DTLZ,True,0.34009881966615335,mutation_prob_03,0.4115195717960456,2,6,DTLZ2,9,ok,DTLZ2_n6_m2
0.34127049012295463,0.4129372930487752,2000,mutation,65e0615b8ed02c10,-0.0015610545717772428,0.0010440234502026597,DTLZ,True,0.3397094355511774,mutation_prob_04,0.4110484170169247,2,6,DTLZ2,0,ok,DTLZ2_n6_m2
0.3387877230587639,0.40993314490110444,2000,mutation,65e0615b8ed02c10,0.0017155402718135315,-0.0008437758505337126,DTLZ,True,0.34050326333057745,mutation_prob_04,0.41200894862999876,2,6,DTLZ2,1,ok,DTLZ2_n6_m2
0.34034629999256744,0.41181902299100664,2000,mutation,65e0615b8ed02c10,-0.0013709938414150913,0.002328239793596353,DTLZ,True,0.33897530615115234,mutation_prob_04,0.4101601204428944,2,6,DTLZ2,2,ok,DTLZ2_n6_m2
0.34080576256237405,0.41237497270047263,2000,mutation,65e0615b8ed02c10,-0.0015139004164603231,0.0009690133134415465,DTLZ,True,0.3392918621459137,mutation_prob_04,0.41054315319655565,2,6,DTLZ2,3,ok,DTLZ2_n6_m2
0.33960039297681033,0.41091647550194055,2000,mutation,65e0615b8ed02c10,-0.0004756160661110731,0.0006717287692312324,DTLZ,True,0.33912477691069925,mutation_prob_04,0.41034098006194614,2,6,DTLZ2,4,ok,DTLZ2_n6_m2
0.3408420702959889,0.4124189050581466,2000,mutation,65e0615b8ed02c10,0.00028454253779447436,-0.00024104300643969928,DTLZ,True,0.34112661283378337,mutation_prob_04,0.4127632015288779,2,6,DTLZ2,5,ok,DTLZ2_n6_m2
0.34171641546695375,0.4134768627150141,2000,mutation,65e0615b8ed02c10,-0.0028444672410319893,0.0012659202981713524,DTLZ,True,0.33887194822592176,mutation_prob_04,0.4100350573533654,2,6,DTLZ2,6,ok,DTLZ2_n6_m2
0.3412778763800109,0.41294623041981326,2000,mutation,65e0615b8ed02c10,-0.0016517858348445436,0.000692296154138022,DTLZ,True,0.33962609054516635,mutation_prob_04,0.41094756955965134,2,6,DTLZ2,7,ok,DTLZ2_n6_m2
0.3401269959263792,0.4115536650709189,2000,mutation,65e0615b8ed02c10,-0.00015402313231671627,-0.0013982436100902756,DTLZ,True,0.33997297279406247,mutation_prob_04,0.41136729708081565,2,6,DTLZ2,8,ok,DTLZ2_n6_m2
0.34064847765669964,0.4121846579646066,2000,mutation,65e0615b8ed02c10,-0.0012972824936625105,0.0010226546438434157,DTLZ,True,0.33935119516303713,mutation_prob_04,0.410614946147275,2,6,DTLZ2,9,ok,DTLZ2_n6_m2
0.34127049012295463,0.4129372930487752,2000,mutation,73ef9358577e1d57,-0.003934073356041234,-0.0003475074704587765,DTLZ,True,0.3373364167669134,mutation_prob_05,0.40817706428796524,2,6,DTLZ2,0,ok,DTLZ2_n6_m2
0.3387877230587639,0.40993314490110444,2000,mutation,73ef9358577e1d57,0.0003388760062809637,-0.0009222181587828643,DTLZ,True,0.3391265990650449,mutation_prob_05,0.41034318486870436,2,6,DTLZ2,1,ok,DTLZ2_n6_m2
0.34034629999256744,0.41181902299100664,2000,mutation,73ef9358577e1d57,-0.000652613220005982,0.0011915993276490032,DTLZ,True,0.33969368677256145,mutation_prob_05,0.4110293609947994,2,6,DTLZ2,2,ok,DTLZ2_n6_m2
0.34080576256237405,0.41237497270047263,2000,mutation,73ef9358577e1d57,-0.002941744974227778,0.0024836014417188596,DTLZ,True,0.33786401758814627,mutation_prob_05,0.408815461281657,2,6,DTLZ2,3,ok,DTLZ2_n6_m2
0.33960039297681033,0.41091647550194055,2000,mutation,73ef9358577e1d57,-0.0015776281534768954,0.0004968382364574798,DTLZ,True,0.33802276482333343,mutation_prob_05,0.4090075454362335,2,6,DTLZ2,4,ok,DTLZ2_n6_m2
0.3408420702959889,0.4124189050581466,2000,mutation,73ef9358577e1d57,-0.0035607965164282662,0.0028034590749362077,DTLZ,True,0.33728127377956063,mutation_prob_05,0.40811034127326845,2,6,DTLZ2,5,ok,DTLZ2_n6_m2
0.34171641546695375,0.4134768627150141,2000,mutation,73ef9358577e1d57,-0.003724759043516601,0.0023013528370576172,DTLZ,True,0.33799165642343715,mutation_prob_05,0.408969904272359,2,6,DTLZ2,6,ok,DTLZ2_n6_m2
0.3412778763800109,0.41294623041981326,2000,mutation,73ef9358577e1d57,-0.002332308048528353,0.0006496098181358306,DTLZ,True,0.33894556833148254,mutation_prob_05,0.4101241376810939,2,6,DTLZ2,7,ok,DTLZ2_n6_m2
0.3401269959263792,0.4115536650709189,2000,mutation,73ef9358577e1d57,-0.002169434912782764,-0.0002422816468683614,DTLZ,True,0.3379575610135964,mutation_prob_05,0.40892864882645175,2,6,DTLZ2,8,ok,DTLZ2_n6_m2
0.34064847765669964,0.4121846579646066,2000,mutation,73ef9358577e1d57,-0.001729969654920005,0.000613825018824057,DTLZ,True,0.33891850800177964,mutation_prob_05,0.41009139468215344,2,6,DTLZ2,9,ok,DTLZ2_n6_m2
0.34127049012295463,0.4129372930487752,2000,mutation,940713b869a64eb5,-0.0022398534031318196,-0.0010177321301134412,DTLZ,True,0.3390306367198228,mutation_eta_01,0.41022707043098566,2,6,DTLZ2,0,ok,DTLZ2_n6_m2
0.3387877230587639,0.40993314490110444,2000,mutation,940713b869a64eb5,0.001505552756674522,-0.0009204475566047792,DTLZ,True,0.34029327581543845,mutation_eta_01,0.4117548637366806,2,6,DTLZ2,1,ok,DTLZ2_n6_m2
0.34034629999256744,0.41181902299100664,2000,mutation,940713b869a64eb5,-0.0012342789136862709,0.002174017799106474,DTLZ,True,0.33911202107888117,mutation_eta_01,0.41032554550544625,2,6,DTLZ2,2,ok,DTLZ2_n6_m2
0.34080576256237405,0.41237497270047263,2000,mutation,940713b869a64eb5,0.00029935002108161246,6.992899128993764e-05,DTLZ,True,0.34110511258345566,mutation_eta_01,0.41273718622598143,2,6,DTLZ2,3,ok,DTLZ2_n6_m2
0.33960039297681033,0.41091647550194055,2000,mutation,940713b869a64eb5,0.0003873467001850872,0.0011646244849446482,DTLZ,True,0.3399877396769954,mutation_eta_01,0.4113851650091645,2,6,DTLZ2,4,ok,DTLZ2_n6_m2
0.3408420702959889,0.4124189050581466,2000,mutation,940713b869a64eb5,-0.0010755743386944294,-0.0008337418678363816,DTLZ,True,0.33976649595729447,mutation_eta_01,0.41111746010832634,2,6,DTLZ2,5,ok,DTLZ2_n6_m2
0.34171641546695375,0.4134768627150141,2000,mutation,940713b869a64eb5,-0.0013413880934114997,0.0004792367996550653,DTLZ,True,0.34037502737354225,mutation_eta_01,0.41185378312198617,2,6,DTLZ2,6,ok,DTLZ2_n6_m2
0.3412778763800109,0.41294623041981326,2000,mutation,940713b869a64eb5,-0.0036243584932857953,0.000895271517789429,DTLZ,True,0.3376535178867251,mutation_eta_01,0.40856075664293745,2,6,DTLZ2,7,ok,DTLZ2_n6_m2
0.3401269959263792,0.4115536650709189,2000,mutation,940713b869a64eb5,-0.002909851290579746,0.001165829516171106,DTLZ,True,0.33721714463579944,mutation_eta_01,0.40803274500931735,2,6,DTLZ2,8,ok,DTLZ2_n6_m2
0.34064847765669964,0.4121846579646066,2000,mutation,940713b869a64eb5,-0.001031132901662124,0.0007422680533964877,DTLZ,True,0.3396173447550375,mutation_eta_01,0.41093698715359545,2,6,DTLZ2,9,ok,DTLZ2_n6_m2
0.34127049012295463,0.4129372930487752,2000,mutation,e4d9d2630e319dbe,7.878689920215454e-05,-0.0006926226479400457,DTLZ,True,0.3413492770221568,mutation_eta_02,0.4130326251968098,2,6,DTLZ2,0,ok,DTLZ2_n6_m2
0.3387877230587639,0.40993314490110444,2000,mutation,e4d9d2630e319dbe,-0.0007949739325822103,-0.0010025760461323217,DTLZ,True,0.3379927491261817,mutation_eta_02,0.4089712264426799,2,6,DTLZ2,1,ok,DTLZ2_n6_m2
0.34034629999256744,0.41181902299100664,2000,mutation,e4d9d2630e319dbe,-0.0001057112463664911,0.0010257050148391855,DTLZ,True,0.34024058874620094,mutation_eta_02,0.4116911123829032,2,6,DTLZ2,2,ok,DTLZ2_n6_m2
0.34080576256237405,0.41237497270047263,2000,mutation,e4d9d2630e319dbe,0.0003994441032396656,-0.00041045231641976924,DTLZ,True,0.3412052066656137,mutation_eta_02,0.41285830006539265,2,6,DTLZ2,3,ok,DTLZ2_n6_m2
0.33960039297681033,0.41091647550194055,2000,mutation,e4d9d2630e319dbe,-0.00019953929169530538,0.0007408951332650883,DTLZ,True,0.339400853685115,mutation_eta_02,0.4106750329589892,2,6,DTLZ2,4,ok,DTLZ2_n6_m2
0.3408420702959889,0.4124189050581466,2000,mutation,e4d9d2630e319dbe,-0.00016708758903460907,-3.7912643728666914e-05,DTLZ,True,0.3406749827069543,mutation_eta_02,0.41221672907541473,2,6,DTLZ2,5,ok,DTLZ2_n6_m2
0.34171641546695375,0.4134768627150141,2000,mutation,e4d9d2630e319dbe,-0.0019889958133031405,0.0011372590819899858,DTLZ,True,0.3397274196536506,mutation_eta_02,0.4110701777809173,2,6,DTLZ2,6,ok,DTLZ2_n6_m2
0.3412778763800109,0.41294623041981326,2000,mutation,e4d9d2630e319dbe,-0.0008846060626839791,0.001253038753866965,DTLZ,True,0.3403932703173269,mutation_eta_02,0.4118758570839656,2,6,DTLZ2,7,ok,DTLZ2_n6_m2
0.3401269959263792,0.4115536650709189,2000,mutation,e4d9d2630e319dbe,-0.002060551750103057,0.0015959221098500887,DTLZ,True,0.3380664441762761,mutation_eta_02,0.4090603974532942,2,6,DTLZ2,8,ok,DTLZ2_n6_m2
0.34064847765669964,0.4121846579646066,2000,mutation,e4d9d2630e319dbe,0.00026613562908539556,0.0004508584378004384,DTLZ,True,0.34091461328578504,mutation_eta_02,0.41250668207579994,2,6,DTLZ2,9,ok,DTLZ2_n6_m2
0.34127049012295463,0.4129372930487752,2000,mutation,c0809d9a1a31f951,-0.0003237907829404807,0.000206257580396536,DTLZ,True,0.34094669934001415,mutation_eta_03,0.41254550620141717,2,6,DTLZ2,0,ok,DTLZ2_n6_m2
0.3387877230587639,0.40993314490110444,2000,mutation,c0809d9a1a31f951,0.0016522983883135445,-0.0015674135456368622,DTLZ,True,0.34044002144707747,mutation_eta_03,0.4119324259509638,2,6,DTLZ2,1,ok,DTLZ2_n6_m2
0.34034629999256744,0.41181902299100664,2000,mutation,c0809d9a1a31f951,0.0003905597871029509,-0.00045538396388479854,DTLZ,True,0.3407368597796704,mutation_eta_03,0.41229160033340123,2,6,DTLZ2,2,ok,DTLZ2_n6_m2
0.34080576256237405,0.41237497270047263,2000,mutation,c0809d9a1a31f951,-0.00010869728213680485,0.0007051198493031492,DTLZ,True,0.34069706528023724,mutation_eta_03,0.4122434489890871,2,6,DTLZ2,3,ok,DTLZ2_n6_m2
0.33960039297681033,0.41091647550194055,2000,mutation,c0809d9a1a31f951,-3.6807827597407083e-05,0.00023516784644893145,DTLZ,True,0.3395635851492129,mutation_eta_03,0.4108719380305477,2,6,DTLZ2,4,ok,DTLZ2_n6_m2
0.3408420702959889,0.4124189050581466,2000,mutation,c0809d9a1a31f951,-0.00011266807320481353,-0.000869125958705098,DTLZ,True,0.3407294022227841,mutation_eta_03,0.4122825766895688,2,6,DTLZ2,5,ok,DTLZ2_n6_m2
0.34171641546695375,0.4134768627150141,2000,mutation,c0809d9a1a31f951,-0.0012531047919286942,0.00037437270132561346,DTLZ,True,0.34046331067502505,mutation_eta_03,0.4119606059167804,2,6,DTLZ2,6,ok,DTLZ2_n6_m2
0.3412778763800109,0.41294623041981326,2000,mutation,c0809d9a1a31f951,-0.0018222387058087763,0.0019469629186827965,DTLZ,True,0.3394556376742021,mutation_eta_03,0.41074132158578464,2,6,DTLZ2,7,ok,DTLZ2_n6_m2
0.3401269959263792,0.4115536650709189,2000,mutation,c0809d9a1a31f951,0.000133736087593872,-0.001407974502706643,DTLZ,True,0.34026073201397306,mutation_eta_03,0.41171548573690747,2,6,DTLZ2,8,ok,DTLZ2_n6_m2
0.34064847765669964,0.4121846579646066,2000,mutation,c0809d9a1a31f951,-0.0010740065438835655,0.0004769049454294797,DTLZ,True,0.3395744711128161,mutation_eta_03,0.4108851100465075,2,6,DTLZ2,9,ok,DTLZ2_n6_m2
0.34127049012295463,0.4129372930487752,2000,mutation,3c89caf478a554df,-0.000167818582146817,-0.0006294368242666121,DTLZ,True,0.3411026715408078,mutation_eta_04,0.4127342325643775,2,6,DTLZ2,0,ok,DTLZ2_n6_m2
0.3387877230587639,0.40993314490110444,2000,mutation,3c89caf478a554df,0.0026388257497962364,-0.0030654559528340165,DTLZ,True,0.34142654880856016,mutation_eta_04,0.41312612405835786,2,6,DTLZ2,1,ok,DTLZ2_n6_m2
0.34034629999256744,0.41181902299100664,2000,mutation,3c89caf478a554df,0.00028408748101055314,-0.0005892346026178819,DTLZ,True,0.340630387473578,mutation_eta_04,0.41216276884302944,2,6,DTLZ2,2,ok,DTLZ2_n6_m2
0.34080576256237405,0.41237497270047263,2000,mutation,3c89caf478a554df,0.000361304469305046,-0.00042143071213066215,DTLZ,True,0.3411670670316791,mutation_eta_04,0.41281215110833175,2,6,DTLZ2,3,ok,DTLZ2_n6_m2
0.33960039297681033,0.41091647550194055,2000,mutation,3c89caf478a554df,0.0020832581123417238,-0.0004733400029255704,DTLZ,True,0.34168365108915205,mutation_eta_04,0.41343721781787407,2,6,DTLZ2,4,ok,DTLZ2_n6_m2
0.3408420702959889,0.4124189050581466,2000,mutation,3c89caf478a554df,0.0006607412323183515,-0.001309929181048393,DTLZ,True,0.34150281152830725,mutation_eta_04,0.41321840194925186,2,6,DTLZ2,5,ok,DTLZ2_n6_m2
0.34171641546695375,0.4134768627150141,2000,mutation,3c89caf478a554df,-0.0011450064950653815,1.4452453416281819e-05,DTLZ,True,0.34057140897188837,mutation_eta_04,0.412091404855985,2,6,DTLZ2,6,ok,DTLZ2_n6_m2
0.3412778763800109,0.41294623041981326,2000,mutation,3c89caf478a554df,0.0004001793739020765,-0.0005368072374399482,DTLZ,True,0.34167805575391297,mutation_eta_04,0.4134304474622348,2,6,DTLZ2,7,ok,DTLZ2_n6_m2
0.3401269959263792,0.4115536650709189,2000,mutation,3c89caf478a554df,0.0010005360037352862,-0.0015249173030255601,DTLZ,True,0.34112753193011447,mutation_eta_04,0.4127643136354386,2,6,DTLZ2,8,ok,DTLZ2_n6_m2
0.34064847765669964,0.4121846579646066,2000,mutation,3c89caf478a554df,0.0012598285371529516,0.00026136601683641666,DTLZ,True,0.3419083061938526,mutation_eta_04,0.4137090504945617,2,6,DTLZ2,9,ok,DTLZ2_n6_m2
0.34127049012295463,0.4129372930487752,2000,mutation,1a25ea772a4f19a3,-0.0029664855029762904,0.007724764041451972,DTLZ,True,0.33830400461997834,mutation_eta_05,0.40934784559017384,2,6,DTLZ2,0,ok,DTLZ2_n6_m2
0.3387877230587639,0.40993314490110444,2000,mutation,1a25ea772a4f19a3,0.002433895262408503,-0.002397980147389886,DTLZ,True,0.3412216183211724,mutation_eta_05,0.41287815816861867,2,6,DTLZ2,1,ok,DTLZ2_n6_m2
0.34034629999256744,0.41181902299100664,2000,mutation,1a25ea772a4f19a3,0.0011628777815071434,0.0010424898170378252,DTLZ,True,0.3415091777740746,mutation_eta_05,0.4132261051066303,2,6,DTLZ2,2,ok,DTLZ2_n6_m2
0.34080576256237405,0.41237497270047263,2000,mutation,1a25ea772a4f19a3,-0.0006573467349961226,0.0008165715454847879,DTLZ,True,0.3401484158273779,mutation_eta_05,0.41157958315112736,2,6,DTLZ2,3,ok,DTLZ2_n6_m2
0.33960039297681033,0.41091647550194055,2000,mutation,1a25ea772a4f19a3,0.0019393623542801053,0.00017654733862319284,DTLZ,True,0.34153975533109043,mutation_eta_05,0.4132631039506195,2,6,DTLZ2,4,ok,DTLZ2_n6_m2
0.3408420702959889,0.4124189050581466,2000,mutation,1a25ea772a4f19a3,0.0008745714072503907,-0.0013008520156103775,DTLZ,True,0.3417166417032393,mutation_eta_05,0.4134771364609196,2,6,DTLZ2,5,ok,DTLZ2_n6_m2
0.34171641546695375,0.4134768627150141,2000,mutation,1a25ea772a4f19a3,-0.0014747780161842305,0.0008683666613775193,DTLZ,True,0.3402416374507695,mutation_eta_05,0.4116923813154312,2,6,DTLZ2,6,ok,DTLZ2_n6_m2
0.3412778763800109,0.41294623041981326,2000,mutation,1a25ea772a4f19a3,-0.000853410139999955,0.0008454790422339434,DTLZ,True,0.34042446624001094,mutation_eta_05,0.4119136041504133,2,6,DTLZ2,7,ok,DTLZ2_n6_m2
0.3401269959263792,0.4115536650709189,2000,mutation,1a25ea772a4f19a3,0.0019976055511681245,-0.0013756873860583628,DTLZ,True,0.3421246014775473,mutation_eta_05,0.4139707677878323,2,6,DTLZ2,8,ok,DTLZ2_n6_m2
0.34064847765669964,0.4121846579646066,2000,mutation,1a25ea772a4f19a3,0.0006857326114557138,0.0008911564943342807,DTLZ,True,0.34133421026815536,mutation_eta_05,0.413014394424468,2,6,DTLZ2,9,ok,DTLZ2_n6_m2
0.34127049012295463,0.4129372930487752,2000,crossover,0818aafe311f35e5,-0.0006166438040715594,0.00046641759662230213,DTLZ,True,0.34065384631888307,crossover_prob_01,0.41219115404584855,2,6,DTLZ2,0,ok,DTLZ2_n6_m2
0.3387877230587639,0.40993314490110444,2000,crossover,0818aafe311f35e5,0.0012937106175580637,-0.0009731441281180132,DTLZ,True,0.340081433676322,crossover_prob_01,0.4114985347483497,2,6,DTLZ2,1,ok,DTLZ2_n6_m2
0.34034629999256744,0.41181902299100664,2000,crossover,0818aafe311f35e5,-0.000939585662597664,0.001356825732279049,DTLZ,True,0.33940671432996977,crossover_prob_01,0.4106821243392635,2,6,DTLZ2,2,ok,DTLZ2_n6_m2
0.34080576256237405,0.41237497270047263,2000,crossover,0818aafe311f35e5,-0.0020317327856225753,0.003367533566379706,DTLZ,True,0.3387740297767515,crossover_prob_01,0.40991657602986936,2,6,DTLZ2,3,ok,DTLZ2_n6_m2
0.33960039297681033,0.41091647550194055,2000,crossover,0818aafe311f35e5,-0.00022351684180105247,0.00039313716747919544,DTLZ,True,0.3393768761350093,crossover_prob_01,0.41064602012336127,2,6,DTLZ2,4,ok,DTLZ2_n6_m2
0.3408420702959889,0.4124189050581466,2000,crossover,0818aafe311f35e5,-0.0006190320477686417,-0.0008258109280861285,DTLZ,True,0.34022303824822026,crossover_prob_01,0.41166987628034657,2,6,DTLZ2,5,ok,DTLZ2_n6_m2
0.34171641546695375,0.4134768627150141,2000,crossover,0818aafe311f35e5,-0.002006132139218908,0.0016149057875525213,DTLZ,True,0.33971028332773484,crossover_prob_01,0.41104944282655925,2,6,DTLZ2,6,ok,DTLZ2_n6_m2
0.3412778763800109,0.41294623041981326,2000,crossover,0818aafe311f35e5,-0.0031431630873828276,0.0011191979255912778,DTLZ,True,0.33813471329262806,crossover_prob_01,0.40914300308408,2,6,DTLZ2,7,ok,DTLZ2_n6_m2
0.3401269959263792,0.4115536650709189,2000,crossover,0818aafe311f35e5,-0.0002735466352439264,0.0006305176986362831,DTLZ,True,0.33985344929113526,crossover_prob_01,0.4112226736422737,2,6,DTLZ2,8,ok,DTLZ2_n6_m2
0.34064847765669964,0.4121846579646066,2000,crossover,0818aafe311f35e5,-0.0012279865059621753,0.0006737063548377456,DTLZ,True,0.33942049115073747,crossover_prob_01,0.4106987942923924,2,6,DTLZ2,9,ok,DTLZ2_n6_m2
0.34127049012295463,0.4129372930487752,2000,crossover,5f6ef6711082a587,-0.0016239013067769204,-0.00017916448732147386,DTLZ,True,0.3396465888161777,crossover_prob_02,0.4109723724675751,2,6,DTLZ2,0,ok,DTLZ2_n6_m2
0.3387877230587639,0.40993314490110444,2000,crossover,5f6ef6711082a587,0.000992931363589633,-0.0015244889206969797,DTLZ,True,0.33978065442235356,crossover_prob_02,0.4111345918510479,2,6,DTLZ2,1,ok,DTLZ2_n6_m2
0.34034629999256744,0.41181902299100664,2000,crossover,5f6ef6711082a587,0.0007098055548299675,0.0008340744678033921,DTLZ,True,0.3410561055473974,crossover_prob_02,0.4126778877123509,2,6,DTLZ2,2,ok,DTLZ2_n6_m2
0.34080576256237405,0.41237497270047263,2000,crossover,5f6ef6711082a587,-0.0013275120592541878,0.0007715413018778532,DTLZ,True,0.33947825050311986,crossover_prob_02,0.4107686831087751,2,6,DTLZ2,3,ok,DTLZ2_n6_m2
0.33960039297681033,0.41091647550194055,2000,crossover,5f6ef6711082a587,-0.0001587128807307714,0.00036008946789435614,DTLZ,True,0.33944168009607956,crossover_prob_02,0.4107244329162563,2,6,DTLZ2,4,ok,DTLZ2_n6_m2
0.3408420702959889,0.4124189050581466,2000,crossover,5f6ef6711082a587,0.0003479940166559725,-0.0011578941266149959,DTLZ,True,0.34119006431264487,crossover_prob_02,0.41283997781830034,2,6,DTLZ2,5,ok,DTLZ2_n6_m2
0.34171641546695375,0.4134768627150141,2000,crossover,5f6ef6711082a587,-0.0012606446388698234,0.0006162016089490251,DTLZ,True,0.3404557708280839,crossover_prob_02,0.4119514827019816,2,6,DTLZ2,6,ok,DTLZ2_n6_m2
0.3412778763800109,0.41294623041981326,2000,crossover,5f6ef6711082a587,-0.0006118632805761082,0.0007054540349988921,DTLZ,True,0.3406660130994348,crossover_prob_02,0.41220587585031615,2,6,DTLZ2,7,ok,DTLZ2_n6_m2
0.3401269959263792,0.4115536650709189,2000,crossover,5f6ef6711082a587,0.001117558624381343,-0.0012753375844555687,DTLZ,True,0.3412445545507605,crossover_prob_02,0.41290591100642027,2,6,DTLZ2,8,ok,DTLZ2_n6_m2
0.34064847765669964,0.4121846579646066,2000,crossover,5f6ef6711082a587,-0.0002728945205732747,0.0006812999905445073,DTLZ,True,0.34037558313612637,crossover_prob_02,0.41185445559471295,2,6,DTLZ2,9,ok,DTLZ2_n6_m2
0.34127049012295463,0.4129372930487752,2000,crossover,42095a77b6a62ea5,-0.0002605814757991043,-0.00079532445656391,DTLZ,True,0.3410099086471555,crossover_prob_03,0.4126219894630582,2,6,DTLZ2,0,ok,DTLZ2_n6_m2
0.3387877230587639,0.40993314490110444,2000,crossover,42095a77b6a62ea5,0.0012874230550509735,-0.002181401562727019,DTLZ,True,0.3400751461138149,crossover_prob_03,0.4114909267977161,2,6,DTLZ2,1,ok,DTLZ2_n6_m2
0.34034629999256744,0.41181902299100664,2000,crossover,42095a77b6a62ea5,-0.0005809220334255238,0.0018488923313475895,DTLZ,True,0.3397653779591419,crossover_prob_03,0.41111610733056175,2,6,DTLZ2,2,ok,DTLZ2_n6_m2
0.34080576256237405,0.41237497270047263,2000,crossover,42095a77b6a62ea5,-2.0500542077028783e-05,-0.00022255091046839703,DTLZ,True,0.340785262020297,crossover_prob_03,0.41235016704455946,2,6,DTLZ2,3,ok,DTLZ2_n6_m2
0.33960039297681033,0.41091647550194055,2000,crossover,42095a77b6a62ea5,0.0009649357907071665,0.0005975580079720638,DTLZ,True,0.3405653287675175,crossover_prob_03,0.41208404780869623,2,6,DTLZ2,4,ok,DTLZ2_n6_m2
0.3408420702959889,0.4124189050581466,2000,crossover,42095a77b6a62ea5,0.0006729051233717032,-0.0017376159196043697,DTLZ,True,0.3415149754193606,crossover_prob_03,0.4132331202574264,2,6,DTLZ2,5,ok,DTLZ2_n6_m2
0.34171641546695375,0.4134768627150141,2000,crossover,42095a77b6a62ea5,-0.0012201840748245485,0.00042094236618809774,DTLZ,True,0.3404962313921292,crossover_prob_03,0.4120004399844764,2,6,DTLZ2,6,ok,DTLZ2_n6_m2
0.3412778763800109,0.41294623041981326,2000,crossover,42095a77b6a62ea5,-0.000150684794712308,0.00028224533546891174,DTLZ,True,0.3411271915852986,crossover_prob_03,0.4127639018182114,2,6,DTLZ2,7,ok,DTLZ2_n6_m2
0.3401269959263792,0.4115536650709189,2000,crossover,42095a77b6a62ea5,0.0010698174448088849,-0.0016249484219876716,DTLZ,True,0.34119681337118807,crossover_prob_03,0.4128481441791376,2,6,DTLZ2,8,ok,DTLZ2_n6_m2
0.34064847765669964,0.4121846579646066,2000,crossover,42095a77b6a62ea5,0.0013206071699648492,-0.0002858316698204806,DTLZ,True,0.3419690848266645,crossover_prob_03,0.41378259264026407,2,6,DTLZ2,9,ok,DTLZ2_n6_m2
0.34127049012295463,0.4129372930487752,2000,crossover,40ee44b1ab419539,3.532127156291587e-05,0.00031882711825199743,DTLZ,True,0.34130581139451754,crossover_eta_01,0.4129800317873663,2,6,DTLZ2,0,ok,DTLZ2_n6_m2
0.3387877230587639,0.40993314490110444,2000,crossover,40ee44b1ab419539,0.0017455959711098479,-0.0004864449248391557,DTLZ,True,0.34053331902987377,crossover_eta_01,0.41204531602614736,2,6,DTLZ2,1,ok,DTLZ2_n6_m2
0.34034629999256744,0.41181902299100664,2000,crossover,40ee44b1ab419539,0.00034729461579080523,0.0009155974972962274,DTLZ,True,0.34069359460835824,crossover_eta_01,0.41223924947611357,2,6,DTLZ2,2,ok,DTLZ2_n6_m2
0.34080576256237405,0.41237497270047263,2000,crossover,40ee44b1ab419539,-0.0004963967500231092,0.0016451882197250772,DTLZ,True,0.34030936581235094,crossover_eta_01,0.4117743326329447,2,6,DTLZ2,3,ok,DTLZ2_n6_m2
0.33960039297681033,0.41091647550194055,2000,crossover,40ee44b1ab419539,0.0011447271865107633,-0.0010188119975912263,DTLZ,True,0.3407451201633211,crossover_eta_01,0.41230159539761857,2,6,DTLZ2,4,ok,DTLZ2_n6_m2
0.3408420702959889,0.4124189050581466,2000,crossover,40ee44b1ab419539,-0.000511556058611029,0.0006956422696269959,DTLZ,True,0.34033051423737787,crossover_eta_01,0.4117999222272273,2,6,DTLZ2,5,ok,DTLZ2_n6_m2
0.34171641546695375,0.4134768627150141,2000,crossover,40ee44b1ab419539,0.00010527749406752385,-0.00010593488240066666,DTLZ,True,0.3418216929610213,crossover_eta_01,0.41360424848283583,2,6,DTLZ2,6,ok,DTLZ2_n6_m2
0.3412778763800109,0.41294623041981326,2000,crossover,40ee44b1ab419539,-0.0017885512205421672,0.0010849203556509961,DTLZ,True,0.3394893251594687,crossover_eta_01,0.41078208344295725,2,6,DTLZ2,7,ok,DTLZ2_n6_m2
0.3401269959263792,0.4115536650709189,2000,crossover,40ee44b1ab419539,-0.0003124239304737597,4.577272302663457e-05,DTLZ,True,0.3398145719959054,crossover_eta_01,0.41117563211504565,2,6,DTLZ2,8,ok,DTLZ2_n6_m2
0.34064847765669964,0.4121846579646066,2000,crossover,40ee44b1ab419539,-0.0011970806871622885,0.0010774348559202673,DTLZ,True,0.33945139696953736,crossover_eta_01,0.4107361903331403,2,6,DTLZ2,9,ok,DTLZ2_n6_m2
0.34127049012295463,0.4129372930487752,2000,crossover,8baa6de7d816384a,-0.0007277388046960098,-0.0008461450585679643,DTLZ,True,0.3405427513182586,crossover_eta_02,0.412056729095093,2,6,DTLZ2,0,ok,DTLZ2_n6_m2
0.3387877230587639,0.40993314490110444,2000,crossover,8baa6de7d816384a,0.0021369428355273445,-0.0005276801464189559,DTLZ,True,0.34092466589429127,crossover_eta_02,0.4125188457320925,2,6,DTLZ2,1,ok,DTLZ2_n6_m2
0.34034629999256744,0.41181902299100664,2000,crossover,8baa6de7d816384a,0.0014941589335873418,0.000775376840612298,DTLZ,True,0.3418404589261548,crossover_eta_02,0.41362695530064736,2,6,DTLZ2,2,ok,DTLZ2_n6_m2
0.34080576256237405,0.41237497270047263,2000,crossover,8baa6de7d816384a,-0.00046012024174091337,0.00028517539359732176,DTLZ,True,0.34034564232063313,crossover_eta_02,0.4118182272079661,2,6,DTLZ2,3,ok,DTLZ2_n6_m2
0.33960039297681033,0.41091647550194055,2000,crossover,8baa6de7d816384a,0.0008716588336880604,0.0003953379001393961,DTLZ,True,0.3404720518104984,crossover_eta_02,0.4119711826907031,2,6,DTLZ2,4,ok,DTLZ2_n6_m2
0.3408420702959889,0.4124189050581466,2000,crossover,8baa6de7d816384a,0.0001788956325082247,-0.0009974989496474053,DTLZ,True,0.3410209659284971,crossover_eta_02,0.4126353687734816,2,6,DTLZ2,5,ok,DTLZ2_n6_m2
0.34171641546695375,0.4134768627150141,2000,crossover,8baa6de7d816384a,-0.001872563398002014,0.0009496725047977404,DTLZ,True,0.33984385206895174,crossover_eta_02,0.41121106100343163,2,6,DTLZ2,6,ok,DTLZ2_n6_m2
0.3412778763800109,0.41294623041981326,2000,crossover,8baa6de7d816384a,-0.0005729989410998559,0.0007754185828481534,DTLZ,True,0.34070487743891104,crossover_eta_02,0.4122529017010824,2,6,DTLZ2,7,ok,DTLZ2_n6_m2
0.3401269959263792,0.4115536650709189,2000,crossover,8baa6de7d816384a,-0.0017850396414495484,0.0006630769101628846,DTLZ,True,0.33834195628492963,crossover_eta_02,0.40939376710476494,2,6,DTLZ2,8,ok,DTLZ2_n6_m2
0.34064847765669964,0.4121846579646066,2000,crossover,8baa6de7d816384a,0.0003638881891179224,0.0012889067450802642,DTLZ,True,0.34101236584581757,crossover_eta_02,0.4126249626734393,2,6,DTLZ2,9,ok,DTLZ2_n6_m2
0.34127049012295463,0.4129372930487752,2000,crossover,ca6d6ac17e1148a4,-0.0020972221069778807,-0.0002409581617713371,DTLZ,True,0.33917326801597675,crossover_eta_03,0.41039965429933195,2,6,DTLZ2,0,ok,DTLZ2_n6_m2
0.3387877230587639,0.40993314490110444,2000,crossover,ca6d6ac17e1148a4,0.0015726931152775792,-0.0016149839713304973,DTLZ,True,0.3403604161740415,crossover_eta_03,0.4118361035705903,2,6,DTLZ2,1,ok,DTLZ2_n6_m2
0.34034629999256744,0.41181902299100664,2000,crossover,ca6d6ac17e1148a4,-0.0013564685212674177,0.0010763615650048932,DTLZ,True,0.3389898314713,crossover_eta_03,0.4101776960802731,2,6,DTLZ2,2,ok,DTLZ2_n6_m2
0.34080576256237405,0.41237497270047263,2000,crossover,ca6d6ac17e1148a4,-0.0009520356770000293,0.0004997802902778833,DTLZ,True,0.339853726885374,crossover_eta_03,0.41122300953130264,2,6,DTLZ2,3,ok,DTLZ2_n6_m2
0.33960039297681033,0.41091647550194055,2000,crossover,ca6d6ac17e1148a4,0.0010647204319195747,-0.0010355515410335088,DTLZ,True,0.3406651134087299,crossover_eta_03,0.4122047872245633,2,6,DTLZ2,4,ok,DTLZ2_n6_m2
0.3408420702959889,0.4124189050581466,2000,crossover,ca6d6ac17e1148a4,-0.00037714049061032817,-0.0016721014721419094,DTLZ,True,0.34046492980537857,crossover_eta_03,0.4119625650645081,2,6,DTLZ2,5,ok,DTLZ2_n6_m2
0.34171641546695375,0.4134768627150141,2000,crossover,ca6d6ac17e1148a4,-0.001293045236930801,3.538322505125882e-05,DTLZ,True,0.34042337023002295,crossover_eta_03,0.4119122779783278,2,6,DTLZ2,6,ok,DTLZ2_n6_m2
0.3412778763800109,0.41294623041981326,2000,crossover,ca6d6ac17e1148a4,-0.0009320623844313869,0.0020899349934249047,DTLZ,True,0.3403458139955795,crossover_eta_03,0.41181843493465126,2,6,DTLZ2,7,ok,DTLZ2_n6_m2
0.3401269959263792,0.4115536650709189,2000,crossover,ca6d6ac17e1148a4,0.0004160338190577484,-0.0009818115857481418,DTLZ,True,0.34054302974543693,crossover_eta_03,0.4120570659919787,2,6,DTLZ2,8,ok,DTLZ2_n6_m2
0.34064847765669964,0.4121846579646066,2000,crossover,ca6d6ac17e1148a4,0.0004958291056105235,-7.544207483535167e-05,DTLZ,True,0.34114430676231017,crossover_eta_03,0.41278461118239534,2,6,DTLZ2,9,ok,DTLZ2_n6_m2
0.34127049012295463,0.4129372930487752,2000,crossover,3ddbc294d452bde4,-0.000308626336230966,-0.0007066342180419277,DTLZ,True,0.34096186378672366,crossover_eta_04,0.41256385518193567,2,6,DTLZ2,0,ok,DTLZ2_n6_m2
0.3387877230587639,0.40993314490110444,2000,crossover,3ddbc294d452bde4,0.0018741700321924792,-0.001094462725095299,DTLZ,True,0.3406618930909564,crossover_eta_04,0.4122008906400573,2,6,DTLZ2,1,ok,DTLZ2_n6_m2
0.34034629999256744,0.41181902299100664,2000,crossover,3ddbc294d452bde4,0.0013086869196980988,0.0013128654077634982,DTLZ,True,0.34165498691226553,crossover_eta_04,0.4134025341638414,2,6,DTLZ2,2,ok,DTLZ2_n6_m2
0.34080576256237405,0.41237497270047263,2000,crossover,3ddbc294d452bde4,0.00035219943086262084,0.0011385589506352923,DTLZ,True,0.34115796199323667,crossover_eta_04,0.41280113401181645,2,6,DTLZ2,3,ok,DTLZ2_n6_m2
0.33960039297681033,0.41091647550194055,2000,crossover,3ddbc294d452bde4,0.002289130656613736,0.0003418842960101337,DTLZ,True,0.34188952363342406,crossover_eta_04,0.4136863235964432,2,6,DTLZ2,4,ok,DTLZ2_n6_m2
0.3408420702959889,0.4124189050581466,2000,crossover,3ddbc294d452bde4,0.0003342389407208213,-0.0013146698240942955,DTLZ,True,0.3411763092367097,crossover_eta_04,0.4128233341764188,2,6,DTLZ2,5,ok,DTLZ2_n6_m2
0.34171641546695375,0.4134768627150141,2000,crossover,3ddbc294d452bde4,-0.0011053618173240132,0.0007657696422098941,DTLZ,True,0.34061105364962974,crossover_eta_04,0.412139374916052,2,6,DTLZ2,6,ok,DTLZ2_n6_m2
0.3412778763800109,0.41294623041981326,2000,crossover,3ddbc294d452bde4,-0.0006710856365489959,0.0007461806373406689,DTLZ,True,0.3406067907434619,crossover_eta_04,0.41213421679958895,2,6,DTLZ2,7,ok,DTLZ2_n6_m2
0.3401269959263792,0.4115536650709189,2000,crossover,3ddbc294d452bde4,0.0003461430876375293,-0.001735882975077204,DTLZ,True,0.3404731390140167,crossover_eta_04,0.4119724982069603,2,6,DTLZ2,8,ok,DTLZ2_n6_m2
0.34064847765669964,0.4121846579646066,2000,crossover,3ddbc294d452bde4,0.0006587094396736104,0.0007912199166277053,DTLZ,True,0.34130718709637325,crossover_eta_04,0.4129816963866117,2,6,DTLZ2,9,ok,DTLZ2_n6_m2
0.34127049012295463,0.4129372930487752,2000,selection,324afb819bde0df7,-0.0006955031371578269,0.00012275501485300468,DTLZ,True,0.3405749869857968,selection_tournament_01,0.4120957342528142,2,6,DTLZ2,0,ok,DTLZ2_n6_m2
0.3387877230587639,0.40993314490110444,2000,selection,324afb819bde0df7,0.001649102615242759,-0.0011269015145458083,DTLZ,True,0.3404368256740067,selection_tournament_01,0.41192855906554815,2,6,DTLZ2,1,ok,DTLZ2_n6_m2
0.34034629999256744,0.41181902299100664,2000,selection,324afb819bde0df7,0.001332789060129902,0.0005072107251796534,DTLZ,True,0.34167908905269734,selection_tournament_01,0.41343169775376387,2,6,DTLZ2,2,ok,DTLZ2_n6_m2
0.34080576256237405,0.41237497270047263,2000,selection,324afb819bde0df7,0.0005027800786744918,0.0002702481435832519,DTLZ,True,0.34130854264104854,selection_tournament_01,0.4129833365956688,2,6,DTLZ2,3,ok,DTLZ2_n6_m2
0.33960039297681033,0.41091647550194055,2000,selection,324afb819bde0df7,0.0007571890154302041,0.0008472440859768268,DTLZ,True,0.34035758199224053,selection_tournament_01,0.4118326742106111,2,6,DTLZ2,4,ok,DTLZ2_n6_m2
0.3408420702959889,0.4124189050581466,2000,selection,324afb819bde0df7,0.0003810448532070576,-0.00019907564873935732,DTLZ,True,0.34122311514919595,selection_tournament_01,0.4128799693305272,2,6,DTLZ2,5,ok,DTLZ2_n6_m2
0.34171641546695375,0.4134768627150141,2000,selection,324afb819bde0df7,-0.0005544922731284263,0.0003522377026993484,DTLZ,True,0.3411619231938253,selection_tournament_01,0.41280592706452873,2,6,DTLZ2,6,ok,DTLZ2_n6_m2
0.3412778763800109,0.41294623041981326,2000,selection,324afb819bde0df7,-0.0005090533112246942,0.0003218375387904985,DTLZ,True,0.3407688230687862,selection_tournament_01,0.41233027591323135,2,6,DTLZ2,7,ok,DTLZ2_n6_m2
0.3401269959263792,0.4115536650709189,2000,selection,324afb819bde0df7,0.0002760917611793201,-0.0005245205889086169,DTLZ,True,0.3404030876875585,selection_tournament_01,0.41188773610194584,2,6,DTLZ2,8,ok,DTLZ2_n6_m2
0.34064847765669964,0.4121846579646066,2000,selection,324afb819bde0df7,-3.545443702662743e-05,-3.202925024629183e-05,DTLZ,True,0.340613023219673,selection_tournament_01,0.41214175809580444,2,6,DTLZ2,9,ok,DTLZ2_n6_m2
0.34127049012295463,0.4129372930487752,2000,selection,14a4651e35d23150,-0.0005557598569413402,-0.000983902395223125,DTLZ,True,0.3407147302660133,selection_tournament_02,0.41226482362187616,2,6,DTLZ2,0,ok,DTLZ2_n6_m2
0.3387877230587639,0.40993314490110444,2000,selection,14a4651e35d23150,0.0016542399174201972,-0.0017704323284252286,DTLZ,True,0.3404419629761841,selection_tournament_02,0.4119347752011828,2,6,DTLZ2,1,ok,DTLZ2_n6_m2
0.34034629999256744,0.41181902299100664,2000,selection,14a4651e35d23150,0.0009580204685158411,0.0013729380078843847,DTLZ,True,0.3413043204610833,selection_tournament_02,0.4129782277579108,2,6,DTLZ2,2,ok,DTLZ2_n6_m2
0.34080576256237405,0.41237497270047263,2000,selection,14a4651e35d23150,-5.307046126318271e-05,0.00044982128451668234,DTLZ,True,0.34075269210111087,selection_tournament_02,0.4123107574423442,2,6,DTLZ2,3,ok,DTLZ2_n6_m2
0.33960039297681033,0.41091647550194055,2000,selection,14a4651e35d23150,0.00010800219784545817,0.0013529806717419782,DTLZ,True,0.3397083951746558,selection_tournament_02,0.4110471581613336,2,6,DTLZ2,4,ok,DTLZ2_n6_m2
0.3408420702959889,0.4124189050581466,2000,selection,14a4651e35d23150,0.00030065126989892166,-0.001476904490464252,DTLZ,True,0.3411427215658878,selection_tournament_02,0.4127826930947243,2,6,DTLZ2,5,ok,DTLZ2_n6_m2
0.34171641546695375,0.4134768627150141,2000,selection,14a4651e35d23150,-0.0019168727627214,1.0709920789352123e-06,DTLZ,True,0.33979954270423235,selection_tournament_02,0.4111574466721212,2,6,DTLZ2,6,ok,DTLZ2_n6_m2
0.3412778763800109,0.41294623041981326,2000,selection,14a4651e35d23150,-0.0010547593734268612,0.0014452364017829688,DTLZ,True,0.34022311700658403,selection_tournament_02,0.41166997157796675,2,6,DTLZ2,7,ok,DTLZ2_n6_m2
0.3401269959263792,0.4115536650709189,2000,selection,14a4651e35d23150,0.0013673289166893365,-0.0008211068167021385,DTLZ,True,0.3414943248430685,selection_tournament_02,0.413208133060113,2,6,DTLZ2,8,ok,DTLZ2_n6_m2
0.34064847765669964,0.4121846579646066,2000,selection,14a4651e35d23150,-0.00038627037443034196,0.0006470758015308803,DTLZ,True,0.3402622072822693,selection_tournament_02,0.4117172708115459,2,6,DTLZ2,9,ok,DTLZ2_n6_m2
0.34127049012295463,0.4129372930487752,2000,selection,14f82da840670901,-0.00167721844546731,0.00014636187775843648,DTLZ,True,0.3395932716774873,selection_tournament_03,0.4109078587297597,2,6,DTLZ2,0,ok,DTLZ2_n6_m2
0.3387877230587639,0.40993314490110444,2000,selection,14f82da840670901,0.0021432529484906593,-0.0022397544033273733,DTLZ,True,0.3409309760072546,selection_tournament_03,0.41252648096877814,2,6,DTLZ2,1,ok,DTLZ2_n6_m2
0.34034629999256744,0.41181902299100664,2000,selection,14f82da840670901,0.0011055141398969015,0.0004572252213702367,DTLZ,True,0.34145181413246434,selection_tournament_03,0.4131566951002819,2,6,DTLZ2,2,ok,DTLZ2_n6_m2
0.34080576256237405,0.41237497270047263,2000,selection,14f82da840670901,0.00016160921805385975,-0.0011718064114348385,DTLZ,True,0.3409673717804279,selection_tournament_03,0.4125705198543178,2,6,DTLZ2,3,ok,DTLZ2_n6_m2
0.33960039297681033,0.41091647550194055,2000,selection,14f82da840670901,0.0009135161582352613,-0.0004890137092040964,DTLZ,True,0.3405139091350456,selection_tournament_03,0.4120218300534052,2,6,DTLZ2,4,ok,DTLZ2_n6_m2
0.3408420702959889,0.4124189050581466,2000,selection,14f82da840670901,-0.00046288739651567656,0.0029867368794693084,DTLZ,True,0.3403791828994732,selection_tournament_03,0.41185881130836266,2,6,DTLZ2,5,ok,DTLZ2_n6_m2
0.34171641546695375,0.4134768627150141,2000,selection,14f82da840670901,-0.0016969008732421464,1.463916372575376e-05,DTLZ,True,0.3400195145937116,selection_tournament_03,0.4114236126583911,2,6,DTLZ2,6,ok,DTLZ2_n6_m2
0.3412778763800109,0.41294623041981326,2000,selection,14f82da840670901,-0.0007822986035231905,0.0005663833586399322,DTLZ,True,0.3404955777764877,selection_tournament_03,0.41199964910955017,2,6,DTLZ2,7,ok,DTLZ2_n6_m2
0.3401269959263792,0.4115536650709189,2000,selection,14f82da840670901,4.9091336644380146e-05,0.00024291103002616228,DTLZ,True,0.34017608726302356,selection_tournament_03,0.41161306558825855,2,6,DTLZ2,8,ok,DTLZ2_n6_m2
0.34064847765669964,0.4121846579646066,2000,selection,14f82da840670901,0.00018337817611641105,-0.0002985175212577261,DTLZ,True,0.34083185583281606,selection_tournament_03,0.4124065455577075,2,6,DTLZ2,9,ok,DTLZ2_n6_m2
0.47830697546930323,0.6366265843496428,2000,mutation,bd0ecfac9d04878c,-0.007955470658347452,-0.0065874219560251995,DTLZ,True,0.4703515048109558,mutation_prob_01,0.6260378529033823,3,7,DTLZ2,0,ok,DTLZ2_n7_m3
0.49018196869039116,0.6524322003269108,2000,mutation,bd0ecfac9d04878c,-0.0025523177984302925,0.004583556162962424,DTLZ,True,0.48762965089196086,mutation_prob_01,0.6490350653372001,3,7,DTLZ2,1,ok,DTLZ2_n7_m3
0.47448285630417963,0.6315366817408633,2000,mutation,bd0ecfac9d04878c,0.016301086777202878,-0.011405834319870314,DTLZ,True,0.4907839430813825,mutation_prob_01,0.6532334282413204,3,7,DTLZ2,2,ok,DTLZ2_n7_m3
0.46962592836566536,0.6250721106547008,2000,mutation,bd0ecfac9d04878c,0.007765407255402645,-0.007258446986501091,DTLZ,True,0.477391335621068,mutation_prob_01,0.6354078677116417,3,7,DTLZ2,3,ok,DTLZ2_n7_m3
0.4851797955934556,0.6457743079348895,2000,mutation,bd0ecfac9d04878c,0.01705876747399604,-0.008367804748268856,DTLZ,True,0.5022385630674516,mutation_prob_01,0.6684795274427783,3,7,DTLZ2,4,ok,DTLZ2_n7_m3
0.4843316815825723,0.6446454681864039,2000,mutation,bd0ecfac9d04878c,-0.0022818959421467833,-0.0031581595216375186,DTLZ,True,0.4820497856404255,mutation_prob_01,0.6416082646874065,3,7,DTLZ2,5,ok,DTLZ2_n7_m3
0.4559331594956089,0.6068470352886557,2000,mutation,bd0ecfac9d04878c,0.0304465273545948,-0.009595867212350853,DTLZ,True,0.4863796868502037,mutation_prob_01,0.6473713631976213,3,7,DTLZ2,6,ok,DTLZ2_n7_m3
0.47552153756880355,0.6329191665040778,2000,mutation,bd0ecfac9d04878c,0.02210818239893869,-0.004350826275691902,DTLZ,True,0.49762971996774225,mutation_prob_01,0.6623451572770651,3,7,DTLZ2,7,ok,DTLZ2_n7_m3
0.47602774114261215,0.633592923460817,2000,mutation,bd0ecfac9d04878c,0.003970972994484845,-0.0064201471574498875,DTLZ,True,0.479998714137097,mutation_prob_01,0.6388782885164763,3,7,DTLZ2,8,ok,DTLZ2_n7_m3
0.4881703011652515,0.64975467085095,2000,mutation,bd0ecfac9d04878c,-0.005322047518786899,-0.006827201031609706,DTLZ,True,0.4828482536464646,mutation_prob_01,0.6426710256034446,3,7,DTLZ2,9,ok,DTLZ2_n7_m3
0.47830697546930323,0.6366265843496428,2000,mutation,485c63464b191076,0.0014718298232173632,-0.00911446065380661,DTLZ,True,0.4797788052925206,mutation_prob_02,0.6385855898443451,3,7,DTLZ2,0,ok,DTLZ2_n7_m3
0.49018196869039116,0.6524322003269108,2000,mutation,485c63464b191076,-0.021152485400854848,0.017331243042674402,DTLZ,True,0.4690294832895363,mutation_prob_02,0.624278242258373,3,7,DTLZ2,1,ok,DTLZ2_n7_m3
0.47448285630417963,0.6315366817408633,2000,mutation,485c63464b191076,-0.00014546585649005683,0.0006819521093375802,DTLZ,True,0.4743373904476896,mutation_prob_02,0.631343066685875,3,7,DTLZ2,2,ok,DTLZ2_n7_m3
0.46962592836566536,0.6250721106547008,2000,mutation,485c63464b191076,0.016390752777115936,-0.015244187833498166,DTLZ,True,0.4860166811427813,mutation_prob_02,0.6468882026010421,3,7,DTLZ2,3,ok,DTLZ2_n7_m3
0.4851797955934556,0.6457743079348895,2000,mutation,485c63464b191076,0.003846384737426878,-0.007063049631754345,DTLZ,True,0.48902618033088247,mutation_prob_02,0.6508938460204048,3,7,DTLZ2,4,ok,DTLZ2_n7_m3
0.4843316815825723,0.6446454681864039,2000,mutation,485c63464b191076,-0.014034883042745083,0.009342084301376258,DTLZ,True,0.4702967985398272,mutation_prob_02,0.6259650388565102,3,7,DTLZ2,5,ok,DTLZ2_n7_m3
0.4559331594956089,0.6068470352886557,2000,mutation,485c63464b191076,0.007947236126505552,-0.009917934666028985,DTLZ,True,0.46388039562211447,mutation_prob_02,0.6174248065730346,3,7,DTLZ2,6,ok,DTLZ2_n7_m3
0.47552153756880355,0.6329191665040778,2000,mutation,485c63464b191076,0.01300543912617691,-0.002168102448815573,DTLZ,True,0.48852697669498046,mutation_prob_02,0.6502294059810192,3,7,DTLZ2,7,ok,DTLZ2_n7_m3
0.47602774114261215,0.633592923460817,2000,mutation,485c63464b191076,0.011138457845199345,-0.012128534958181905,DTLZ,True,0.4871661989878115,mutation_prob_02,0.6484182108527773,3,7,DTLZ2,8,ok,DTLZ2_n7_m3
0.4881703011652515,0.64975467085095,2000,mutation,485c63464b191076,-0.006058023074075658,-0.004686827650188255,DTLZ,True,0.48211227809117585,mutation_prob_02,0.6416914421393553,3,7,DTLZ2,9,ok,DTLZ2_n7_m3
0.47830697546930323,0.6366265843496428,2000,mutation,4e9d70bf19c594b4,-0.005692994185565403,-0.01471110874259951,DTLZ,True,0.4726139812837378,mutation_prob_03,0.6290492090886552,3,7,DTLZ2,0,ok,DTLZ2_n7_m3
0.49018196869039116,0.6524322003269108,2000,mutation,4e9d70bf19c594b4,-0.029217029189159638,0.002937158767290199,DTLZ,True,0.4609649395012315,mutation_prob_03,0.6135443344761393,3,7,DTLZ2,1,ok,DTLZ2_n7_m3
0.47448285630417963,0.6315366817408633,2000,mutation,4e9d70bf19c594b4,-0.007080695816687188,0.0016388922750538715,DTLZ,True,0.46740216048749245,mutation_prob_03,0.6221122756088526,3,7,DTLZ2,2,ok,DTLZ2_n7_m3
0.46962592836566536,0.6250721106547008,2000,mutation,4e9d70bf19c594b4,-0.004505342460707884,-0.00985533965916606,DTLZ,True,0.4651205859049575,mutation_prob_03,0.6190754998394986,3,7,DTLZ2,3,ok,DTLZ2_n7_m3
0.4851797955934556,0.6457743079348895,2000,mutation,4e9d70bf19c594b4,-0.01352129936266766,0.0028156349085249055,DTLZ,True,0.4716584962307879,mutation_prob_03,0.6277774584831789,3,7,DTLZ2,4,ok,DTLZ2_n7_m3
0.4843316815825723,0.6446454681864039,2000,mutation,4e9d70bf19c594b4,-0.023727151722171713,0.004999677576778855,DTLZ,True,0.46060452986040057,mutation_prob_03,0.6130646292441934,3,7,DTLZ2,5,ok,DTLZ2_n7_m3
0.4559331594956089,0.6068470352886557,2000,mutation,4e9d70bf19c594b4,0.023616226388915362,-0.010396552917088908,DTLZ,True,0.4795493858845243,mutation_prob_03,0.638280232612302,3,7,DTLZ2,6,ok,DTLZ2_n7_m3
0.47552153756880355,0.6329191665040778,2000,mutation,4e9d70bf19c594b4,0.004825752624674606,-0.00430481419438028,DTLZ,True,0.48034729019347816,mutation_prob_03,0.6393422432475196,3,7,DTLZ2,7,ok,DTLZ2_n7_m3
0.47602774114261215,0.633592923460817,2000,mutation,4e9d70bf19c594b4,-0.003621851846552282,0.004764404811760048,DTLZ,True,0.47240588929605987,mutation_prob_03,0.6287722386530559,3,7,DTLZ2,8,ok,DTLZ2_n7_m3
0.4881703011652515,0.64975467085095,2000,mutation,4e9d70bf19c594b4,-0.014080601807533288,-0.003766795451936672,DTLZ,True,0.4740896993577182,mutation_prob_03,0.6310133898451231,3,7,DTLZ2,9,ok,DTLZ2_n7_m3
0.47830697546930323,0.6366265843496428,2000,mutation,1d2b85a97d1f4e47,-0.05467271045436567,0.014045459305401062,DTLZ,True,0.42363426501493756,mutation_prob_04,0.563857206734882,3,7,DTLZ2,0,ok,DTLZ2_n7_m3
0.49018196869039116,0.6524322003269108,2000,mutation,1d2b85a97d1f4e47,-0.02955029322631475,0.019024653933122998,DTLZ,True,0.4606316754640764,mutation_prob_04,0.6131007600426859,3,7,DTLZ2,1,ok,DTLZ2_n7_m3
0.47448285630417963,0.6315366817408633,2000,mutation,1d2b85a97d1f4e47,0.006583728515462517,0.0018749597414997043,DTLZ,True,0.48106658481964215,mutation_prob_04,0.6402996243949439,3,7,DTLZ2,2,ok,DTLZ2_n7_m3
0.46962592836566536,0.6250721106547008,2000,mutation,1d2b85a97d1f4e47,-0.01706686666192392,-0.0010391447186506586,DTLZ,True,0.45255906170374144,mutation_prob_04,0.6023561111276801,3,7,DTLZ2,3,ok,DTLZ2_n7_m3
0.4851797955934556,0.6457743079348895,2000,mutation,1d2b85a97d1f4e47,-0.02991182304276835,0.015310560499226411,DTLZ,True,0.45526797255068724,mutation_prob_04,0.6059616714649649,3,7,DTLZ2,4,ok,DTLZ2_n7_m3
0.4843316815825723,0.6446454681864039,2000,mutation,1d2b85a97d1f4e47,-0.018735097919074073,0.0073391297295637425,DTLZ,True,0.4655965836634982,mutation_prob_04,0.6197090528561163,3,7,DTLZ2,5,ok,DTLZ2_n7_m3
0.4559331594956089,0.6068470352886557,2000,mutation,1d2b85a97d1f4e47,0.017842260550898992,-0.007174636545418375,DTLZ,True,0.4737754200465079,mutation_prob_04,0.6305950840819022,3,7,DTLZ2,6,ok,DTLZ2_n7_m3
0.47552153756880355,0.6329191665040778,2000,mutation,1d2b85a97d1f4e47,-0.0047101170413991755,-0.00761441810025347,DTLZ,True,0.4708114205274044,mutation_prob_04,0.6266500007219754,3,7,DTLZ2,7,ok,DTLZ2_n7_m3
0.47602774114261215,0.633592923460817,2000,mutation,1d2b85a97d1f4e47,-0.023036250503774558,0.017965140673284946,DTLZ,True,0.4529914906388376,mutation_prob_04,0.602931674040293,3,7,DTLZ2,8,ok,DTLZ2_n7_m3
0.4881703011652515,0.64975467085095,2000,mutation,1d2b85a97d1f4e47,-0.009161588692469746,-0.005498349391027446,DTLZ,True,0.47900871247278176,mutation_prob_04,0.6375605963012727,3,7,DTLZ2,9,ok,DTLZ2_n7_m3
0.47830697546930323,0.6366265843496428,2000,mutation,714a3dc464032aba,-0.07320264371805746,0.026502162821398792,DTLZ,True,0.40510433175124577,mutation_prob_05,0.5391938655609083,3,7,DTLZ2,0,ok,DTLZ2_n7_m3
0.49018196869039116,0.6524322003269108,2000,mutation,714a3dc464032aba,-0.02982910343910261,0.017410971940431785,DTLZ,True,0.46035286525128855,mutation_prob_05,0.6127296636494652,3,7,DTLZ2,1,ok,DTLZ2_n7_m3
0.47448285630417963,0.6315366817408633,2000,mutation,714a3dc464032aba,-0.026186276142775355,-0.00022020563676530824,DTLZ,True,0.4482965801614043,mutation_prob_05,0.5966827481948292,3,7,DTLZ2,2,ok,DTLZ2_n7_m3
0.46962592836566536,0.6250721106547008,2000,mutation,714a3dc464032aba,-0.012323705384178929,-0.001456978487755889,DTLZ,True,0.45730222298148643,mutation_prob_05,0.6086692587883586,3,7,DTLZ2,3,ok,DTLZ2_n7_m3
0.4851797955934556,0.6457743079348895,2000,mutation,714a3dc464032aba,-0.06754024003116682,0.012733769991771102,DTLZ,True,0.41763955556228877,mutation_prob_05,0.5558782484534065,3,7,DTLZ2,4,ok,DTLZ2_n7_m3
0.4843316815825723,0.6446454681864039,2000,mutation,714a3dc464032aba,-0.05053127964325055,0.024020808947227162,DTLZ,True,0.43380040193932173,mutation_prob_05,0.5773883349812374,3,7,DTLZ2,5,ok,DTLZ2_n7_m3
0.4559331594956089,0.6068470352886557,2000,mutation,714a3dc464032aba,-0.03854713739497351,0.023411003040102157,DTLZ,True,0.4173860221006354,mutation_prob_05,0.5555407954159459,3,7,DTLZ2,6,ok,DTLZ2_n7_m3
0.47552153756880355,0.6329191665040778,2000,mutation,714a3dc464032aba,-0.028814231199505325,-0.0005827638184545125,DTLZ,True,0.44670730636929823,mutation_prob_05,0.5945674247775361,3,7,DTLZ2,7,ok,DTLZ2_n7_m3
0.47602774114261215,0.633592923460817,2000,mutation,714a3dc464032aba,-0.04691638936730269,0.015148380366888217,DTLZ,True,0.42911135177530946,mutation_prob_05,0.571147209212937,3,7,DTLZ2,8,ok,DTLZ2_n7_m3
0.4881703011652515,0.64975467085095,2000,mutation,714a3dc464032aba,-0.03363623309813524,0.006158588430444895,DTLZ,True,0.45453406806711627,mutation_prob_05,0.6049848445973319,3,7,DTLZ2,9,ok,DTLZ2_n7_m3
0.47830697546930323,0.6366265843496428,2000,mutation,1354b8e0e6a0866d,-0.0017100785650565054,0.0011542789101709472,DTLZ,True,0.4765968969042467,mutation_eta_01,0.6343504697795526,3,7,DTLZ2,0,ok,DTLZ2_n7_m3
0.49018196869039116,0.6524322003269108,2000,mutation,1354b8e0e6a0866d,-0.025640136796529267,0.007954444036586572,DTLZ,True,0.4645418318938619,mutation_eta_01,0.6183051782507304,3,7,DTLZ2,1,ok,DTLZ2_n7_m3
0.47448285630417963,0.6315366817408633,2000,mutation,1354b8e0e6a0866d,-0.026808358368422214,0.003987939881717667,DTLZ,True,0.4476744979357574,mutation_eta_01,0.5958547567524933,3,7,DTLZ2,2,ok,DTLZ2_n7_m3
0.46962592836566536,0.6250721106547008,2000,mutation,1354b8e0e6a0866d,-0.002515942043038566,-0.015692082811889316,DTLZ,True,0.4671099863226268,mutation_eta_01,0.6217233917954165,3,7,DTLZ2,3,ok,DTLZ2_n7_m3
0.4851797955934556,0.6457743079348895,2000,mutation,1354b8e0e6a0866d,-0.022870341870850353,0.010230972680932676,DTLZ,True,0.46230945372260523,mutation_eta_01,0.6153338829047877,3,7,DTLZ2,4,ok,DTLZ2_n7_m3
0.4843316815825723,0.6446454681864039,2000,mutation,1354b8e0e6a0866d,-0.010368865721910814,0.0029264854856168032,DTLZ,True,0.47396281586066147,mutation_eta_01,0.6308445079105406,3,7,DTLZ2,5,ok,DTLZ2_n7_m3
0.4559331594956089,0.6068470352886557,2000,mutation,1354b8e0e6a0866d,0.004796094564710307,-0.0069675680532397255,DTLZ,True,0.4607292540603192,mutation_eta_01,0.613230637154285,3,7,DTLZ2,6,ok,DTLZ2_n7_m3
0.47552153756880355,0.6329191665040778,2000,mutation,1354b8e0e6a0866d,-0.021224925667651717,-0.006891738780788387,DTLZ,True,0.45429661190115184,mutation_eta_01,0.6046687904404333,3,7,DTLZ2,7,ok,DTLZ2_n7_m3
0.47602774114261215,0.633592923460817,2000,mutation,1354b8e0e6a0866d,0.0028963190199310374,-0.0007216573122951209,DTLZ,True,0.4789240601625432,mutation_eta_01,0.6374479240763452,3,7,DTLZ2,8,ok,DTLZ2_n7_m3
0.4881703011652515,0.64975467085095,2000,mutation,1354b8e0e6a0866d,-0.029120317522804307,0.00619000156824491,DTLZ,True,0.4590499836424472,mutation_eta_01,0.6109955282280974,3,7,DTLZ2,9,ok,DTLZ2_n7_m3
0.47830697546930323,0.6366265843496428,2000,mutation,1e384e03cb4dfb29,-0.01380033190452673,-0.014276365250504408,DTLZ,True,0.4645066435647765,mutation_eta_02,0.6182583425847177,3,7,DTLZ2,0,ok,DTLZ2_n7_m3
0.49018196869039116,0.6524322003269108,2000,mutation,1e384e03cb4dfb29,-0.022649242997304364,0.021983380908036643,DTLZ,True,0.4675327256930868,mutation_eta_02,0.6222860578974987,3,7,DTLZ2,1,ok,DTLZ2_n7_m3
0.47448285630417963,0.6315366817408633,2000,mutation,1e384e03cb4dfb29,-0.01800696962303039,0.0092398015388927,DTLZ,True,0.45647588668114925,mutation_eta_02,0.6075694051726098,3,7,DTLZ2,2,ok,DTLZ2_n7_m3
0.46962592836566536,0.6250721106547008,2000,mutation,1e384e03cb4dfb29,-0.022757891906230676,0.0037577332603362795,DTLZ,True,0.4468680364594347,mutation_eta_02,0.5947813565275077,3,7,DTLZ2,3,ok,DTLZ2_n7_m3
0.4851797955934556,0.6457743079348895,2000,mutation,1e384e03cb4dfb29,-0.022840796789133144,0.013641512453835714,DTLZ,True,0.46233899880432244,mutation_eta_02,0.6153732074085534,3,7,DTLZ2,4,ok,DTLZ2_n7_m3
0.4843316815825723,0.6446454681864039,2000,mutation,1e384e03cb4dfb29,-0.012986537119633323,0.00991332924585231,DTLZ,True,0.47134514446293896,mutation_eta_02,0.627360387280172,3,7,DTLZ2,5,ok,DTLZ2_n7_m3
0.4559331594956089,0.6068470352886557,2000,mutation,1e384e03cb4dfb29,0.01318318441183125,-0.00365611975035951,DTLZ,True,0.46911634390744017,mutation_eta_02,0.624393853740803,3,7,DTLZ2,6,ok,DTLZ2_n7_m3
0.47552153756880355,0.6329191665040778,2000,mutation,1e384e03cb4dfb29,-0.0009761890965362952,0.00015795968364891444,DTLZ,True,0.47454534847226726,mutation_eta_02,0.6316198588165879,3,7,DTLZ2,7,ok,DTLZ2_n7_m3
0.47602774114261215,0.633592923460817,2000,mutation,1e384e03cb4dfb29,-0.009829160499110978,0.005009634167381205,DTLZ,True,0.46619858064350117,mutation_eta_02,0.6205103108365002,3,7,DTLZ2,8,ok,DTLZ2_n7_m3
0.4881703011652515,0.64975467085095,2000,mutation,1e384e03cb4dfb29,-0.03309066788673937,0.007563578042832447,DTLZ,True,0.45507963327851214,mutation_eta_02,0.6057109918936998,3,7,DTLZ2,9,ok,DTLZ2_n7_m3
0.47830697546930323,0.6366265843496428,2000,mutation,100f86fbf8044a1d,0.007754865671456113,-0.014308705701912172,DTLZ,True,0.48606184114075934,mutation_eta_03,0.6469483105583509,3,7,DTLZ2,0,ok,DTLZ2_n7_m3
0.49018196869039116,0.6524322003269108,2000,mutation,100f86fbf8044a1d,-0.01716298199624894,0.008420952458074865,DTLZ,True,0.4730189866941422,mutation_eta_03,0.6295882712899035,3,7,DTLZ2,1,ok,DTLZ2_n7_m3
0.47448285630417963,0.6315366817408633,2000,mutation,100f86fbf8044a1d,-0.0037715082406390987,-0.00925266688921371,DTLZ,True,0.47071134806354054,mutation_eta_03,0.6265168042725726,3,7,DTLZ2,2,ok,DTLZ2_n7_m3
0.46962592836566536,0.6250721106547008,2000,mutation,100f86fbf8044a1d,-0.019969088071468577,-0.013304320822352778,DTLZ,True,0.4496568402941968,mutation_eta_03,0.5984932544315761,3,7,DTLZ2,3,ok,DTLZ2_n7_m3
0.4851797955934556,0.6457743079348895,2000,mutation,100f86fbf8044a1d,-0.014461545375911489,0.006787713427474654,DTLZ,True,0.4707182502175441,mutation_eta_03,0.6265259910395514,3,7,DTLZ2,4,ok,DTLZ2_n7_m3
0.4843316815825723,0.6446454681864039,2000,mutation,100f86fbf8044a1d,-0.002947553482404941,0.0049210053684493466,DTLZ,True,0.48138412810016734,mutation_eta_03,0.6407222745013229,3,7,DTLZ2,5,ok,DTLZ2_n7_m3
0.4559331594956089,0.6068470352886557,2000,mutation,100f86fbf8044a1d,0.016306922815354452,-0.005833645658905623,DTLZ,True,0.47224008231096337,mutation_eta_03,0.6285515495558924,3,7,DTLZ2,6,ok,DTLZ2_n7_m3
0.47552153756880355,0.6329191665040778,2000,mutation,100f86fbf8044a1d,-0.002698238457564728,-0.011545023049624653,DTLZ,True,0.4728232991112388,mutation_eta_03,0.629327811117059,3,7,DTLZ2,7,ok,DTLZ2_n7_m3
0.47602774114261215,0.633592923460817,2000,mutation,100f86fbf8044a1d,-0.0016097658190961095,-0.001050424617581494,DTLZ,True,0.47441797532351604,mutation_eta_03,0.6314503251556001,3,7,DTLZ2,8,ok,DTLZ2_n7_m3
0.4881703011652515,0.64975467085095,2000,mutation,100f86fbf8044a1d,-0.013493042549271472,0.0034898147025852477,DTLZ,True,0.47467725861598004,mutation_eta_03,0.6317954312178696,3,7,DTLZ2,9,ok,DTLZ2_n7_m3
0.47830697546930323,0.6366265843496428,2000,mutation,5c2e61cd4ee800cd,0.0015052726805189764,0.0013810092459883155,DTLZ,True,0.4798122481498222,mutation_eta_04,0.6386301022874136,3,7,DTLZ2,0,ok,DTLZ2_n7_m3
0.49018196869039116,0.6524322003269108,2000,mutation,5c2e61cd4ee800cd,-0.026379390162340477,0.019727669666707484,DTLZ,True,0.4638025785280507,mutation_eta_04,0.6173212320208357,3,7,DTLZ2,1,ok,DTLZ2_n7_m3
0.47448285630417963,0.6315366817408633,2000,mutation,5c2e61cd4ee800cd,-0.011062034887697914,0.007881089142086448,DTLZ,True,0.4634208214164817,mutation_eta_04,0.6168131133053374,3,7,DTLZ2,2,ok,DTLZ2_n7_m3
0.46962592836566536,0.6250721106547008,2000,mutation,5c2e61cd4ee800cd,0.028684068175589272,-0.017527463624520248,DTLZ,True,0.49830999654125463,mutation_eta_04,0.6632506053964101,3,7,DTLZ2,3,ok,DTLZ2_n7_m3
0.4851797955934556,0.6457743079348895,2000,mutation,5c2e61cd4ee800cd,0.00498734845397103,-0.006270223788336637,DTLZ,True,0.4901671440474266,mutation_eta_04,0.652412468727125,3,7,DTLZ2,4,ok,DTLZ2_n7_m3
0.4843316815825723,0.6446454681864039,2000,mutation,5c2e61cd4ee800cd,0.0037626580919932207,-0.001368929030463234,DTLZ,True,0.4880943396745655,mutation_eta_04,0.6496535661068469,3,7,DTLZ2,5,ok,DTLZ2_n7_m3
0.4559331594956089,0.6068470352886557,2000,mutation,5c2e61cd4ee800cd,0.0022109119547405465,0.0029373553141122527,DTLZ,True,0.45814407145034947,mutation_eta_04,0.6097897591004153,3,7,DTLZ2,6,ok,DTLZ2_n7_m3
0.47552153756880355,0.6329191665040778,2000,mutation,5c2e61cd4ee800cd,0.017708117801391754,-0.008405092728281716,DTLZ,True,0.4932296553701953,mutation_eta_04,0.6564886712977301,3,7,DTLZ2,7,ok,DTLZ2_n7_m3
0.47602774114261215,0.633592923460817,2000,mutation,5c2e61cd4ee800cd,-0.009384899752102327,0.0011001524070792662,DTLZ,True,0.4666428413905098,mutation_eta_04,0.6211016218907688,3,7,DTLZ2,8,ok,DTLZ2_n7_m3
0.4881703011652515,0.64975467085095,2000,mutation,5c2e61cd4ee800cd,0.012738265254806702,-0.006537987963367048,DTLZ,True,0.5009085664200582,mutation_eta_04,0.6667093019050977,3,7,DTLZ2,9,ok,DTLZ2_n7_m3
0.47830697546930323,0.6366265843496428,2000,mutation,75fa1130ef87ac7d,0.007060456559075612,-0.011559111047302992,DTLZ,True,0.48536743202837884,mutation_eta_05,0.6460240520297724,3,7,DTLZ2,0,ok,DTLZ2_n7_m3
0.49018196869039116,0.6524322003269108,2000,mutation,75fa1130ef87ac7d,-0.014686538170504637,0.013630923051153418,DTLZ,True,0.4754954305198865,mutation_eta_05,0.6328844180219692,3,7,DTLZ2,1,ok,DTLZ2_n7_m3
0.47448285630417963,0.6315366817408633,2000,mutation,75fa1130ef87ac7d,0.007234470798096304,-0.011698391374719716,DTLZ,True,0.48171732710227594,mutation_eta_05,0.6411657623731295,3,7,DTLZ2,2,ok,DTLZ2_n7_m3
0.46962592836566536,0.6250721106547008,2000,mutation,75fa1130ef87ac7d,0.017777628800538403,-0.0017639563677359499,DTLZ,True,0.48740355716620376,mutation_eta_05,0.6487341345882174,3,7,DTLZ2,3,ok,DTLZ2_n7_m3
0.4851797955934556,0.6457743079348895,2000,mutation,75fa1130ef87ac7d,-0.016552307205987382,0.014293532371852435,DTLZ,True,0.4686274883874682,mutation_eta_05,0.6237431870437203,3,7,DTLZ2,4,ok,DTLZ2_n7_m3
0.4843316815825723,0.6446454681864039,2000,mutation,75fa1130ef87ac7d,-0.013308802239068718,0.014021616639165457,DTLZ,True,0.47102287934350356,mutation_eta_05,0.6269314524062034,3,7,DTLZ2,5,ok,DTLZ2_n7_m3
0.4559331594956089,0.6068470352886557,2000,mutation,75fa1130ef87ac7d,0.0013682563965473626,-0.003177337588200102,DTLZ,True,0.4573014158921563,mutation_eta_05,0.6086681845524602,3,7,DTLZ2,6,ok,DTLZ2_n7_m3
0.47552153756880355,0.6329191665040778,2000,mutation,75fa1130ef87ac7d,-0.005747372842160037,-0.001361403917071416,DTLZ,True,0.4697741647266435,mutation_eta_05,0.6252694132511627,3,7,DTLZ2,7,ok,DTLZ2_n7_m3
0.47602774114261215,0.633592923460817,2000,mutation,75fa1130ef87ac7d,-0.007229074441820693,0.006251499822108708,DTLZ,True,0.46879866670079146,mutation_eta_05,0.6239710253787536,3,7,DTLZ2,8,ok,DTLZ2_n7_m3
0.4881703011652515,0.64975467085095,2000,mutation,75fa1130ef87ac7d,-0.011014006453522185,-0.003842000596680009,DTLZ,True,0.4771562947117293,mutation_eta_05,0.6350950282613119,3,7,DTLZ2,9,ok,DTLZ2_n7_m3
0.47830697546930323,0.6366265843496428,2000,crossover,6042c4148fa8e283,-0.012151963654502274,-0.015293142346549951,DTLZ,True,0.46615501181480096,crossover_prob_01,0.6204523207255003,3,7,DTLZ2,0,ok,DTLZ2_n7_m3
0.49018196869039116,0.6524322003269108,2000,crossover,6042c4148fa8e283,-0.03597733521834834,0.011057003762487694,DTLZ,True,0.4542046334720428,crossover_prob_01,0.6045463671512892,3,7,DTLZ2,1,ok,DTLZ2_n7_m3
0.47448285630417963,0.6315366817408633,2000,crossover,6042c4148fa8e283,-0.03369825306055835,0.013118617424392978,DTLZ,True,0.4407846032436213,crossover_prob_01,0.5866843069172601,3,7,DTLZ2,2,ok,DTLZ2_n7_m3
0.46962592836566536,0.6250721106547008,2000,crossover,6042c4148fa8e283,-0.015026610589077949,-0.007032902390955012,DTLZ,True,0.4545993177765874,crossover_prob_01,0.605071691960638,3,7,DTLZ2,3,ok,DTLZ2_n7_m3
0.4851797955934556,0.6457743079348895,2000,crossover,6042c4148fa8e283,-0.01929621439665241,0.008263337160403492,DTLZ,True,0.4658835811968032,crossover_prob_01,0.6200910465729452,3,7,DTLZ2,4,ok,DTLZ2_n7_m3
0.4843316815825723,0.6446454681864039,2000,crossover,6042c4148fa8e283,-0.026475523575235804,0.00013790447002275108,DTLZ,True,0.4578561580073365,crossover_prob_01,0.609406546307765,3,7,DTLZ2,5,ok,DTLZ2_n7_m3
0.4559331594956089,0.6068470352886557,2000,crossover,6042c4148fa8e283,0.011575060154620953,0.003681725513455414,DTLZ,True,0.4675082196502299,crossover_prob_01,0.6222534403544562,3,7,DTLZ2,6,ok,DTLZ2_n7_m3
0.47552153756880355,0.6329191665040778,2000,crossover,6042c4148fa8e283,-0.02068500725973954,-0.004538368876448637,DTLZ,True,0.454836530309064,crossover_prob_01,0.6053874218413644,3,7,DTLZ2,7,ok,DTLZ2_n7_m3
0.47602774114261215,0.633592923460817,2000,crossover,6042c4148fa8e283,-0.010943506138768377,0.0028856490346611946,DTLZ,True,0.46508423500384377,crossover_prob_01,0.6190271167901162,3,7,DTLZ2,8,ok,DTLZ2_n7_m3
0.4881703011652515,0.64975467085095,2000,crossover,6042c4148fa8e283,-0.01899883640173977,-0.008857155193553498,DTLZ,True,0.46917146476351174,crossover_prob_01,0.6244672196002343,3,7,DTLZ2,9,ok,DTLZ2_n7_m3
0.47830697546930323,0.6366265843496428,2000,crossover,aed5b698335923a6,-0.00891078897046671,-0.0011565146029312579,DTLZ,True,0.4693961864988365,crossover_prob_02,0.6247663242299516,3,7,DTLZ2,0,ok,DTLZ2_n7_m3
0.49018196869039116,0.6524322003269108,2000,crossover,aed5b698335923a6,-0.02791060585927868,0.013877654749467297,DTLZ,True,0.4622713628311125,crossover_prob_02,0.6152831839282109,3,7,DTLZ2,1,ok,DTLZ2_n7_m3
0.47448285630417963,0.6315366817408633,2000,crossover,aed5b698335923a6,-0.0007380649442019771,-0.0013652581225366972,DTLZ,True,0.47374479135997766,crossover_prob_02,0.6305543173001305,3,7,DTLZ2,2,ok,DTLZ2_n7_m3
0.46962592836566536,0.6250721106547008,2000,crossover,aed5b698335923a6,-0.011166863365367263,-0.007111204691736109,DTLZ,True,0.4584590650002981,crossover_prob_02,0.610209015515397,3,7,DTLZ2,3,ok,DTLZ2_n7_m3
0.4851797955934556,0.6457743079348895,2000,crossover,aed5b698335923a6,-0.01889566215627808,0.013727066900689505,DTLZ,True,0.4662841334371775,crossover_prob_02,0.6206241816048834,3,7,DTLZ2,4,ok,DTLZ2_n7_m3
0.4843316815825723,0.6446454681864039,2000,crossover,aed5b698335923a6,-0.026588207375158435,0.01498775439120048,DTLZ,True,0.45774347420741385,crossover_prob_02,0.609256564170068,3,7,DTLZ2,5,ok,DTLZ2_n7_m3
0.4559331594956089,0.6068470352886557,2000,crossover,aed5b698335923a6,-0.022905233444139417,0.005926828877809626,DTLZ,True,0.4330279260514695,crossover_prob_02,0.5763601695745061,3,7,DTLZ2,6,ok,DTLZ2_n7_m3
0.47552153756880355,0.6329191665040778,2000,crossover,aed5b698335923a6,-0.00997749729100772,0.0017435360139954337,DTLZ,True,0.46554404027779583,crossover_prob_02,0.6196391176097464,3,7,DTLZ2,7,ok,DTLZ2_n7_m3
0.47602774114261215,0.633592923460817,2000,crossover,aed5b698335923a6,-0.01586137252219766,0.0034536116192004085,DTLZ,True,0.4601663686204145,crossover_prob_02,0.6124814366337719,3,7,DTLZ2,8,ok,DTLZ2_n7_m3
0.4881703011652515,0.64975467085095,2000,crossover,aed5b698335923a6,-0.05389704972016812,0.029669935570255976,DTLZ,True,0.4342732514450834,crossover_prob_02,0.5780176976734062,3,7,DTLZ2,9,ok,DTLZ2_n7_m3
0.47830697546930323,0.6366265843496428,2000,crossover,c0c489a928974bc6,-0.0021182843331196133,-0.006548702372341397,DTLZ,True,0.4761886911361836,crossover_prob_03,0.6338071479022606,3,7,DTLZ2,0,ok,DTLZ2_n7_m3
0.49018196869039116,0.6524322003269108,2000,crossover,c0c489a928974bc6,-0.012133075600807897,0.011707452304461546,DTLZ,True,0.47804889308958326,crossover_prob_03,0.6362830767022355,3,7,DTLZ2,1,ok,DTLZ2_n7_m3
0.47448285630417963,0.6315366817408633,2000,crossover,c0c489a928974bc6,-0.026233308877085415,0.015289480629549546,DTLZ,True,0.4482495474270942,crossover_prob_03,0.5966201476254626,3,7,DTLZ2,2,ok,DTLZ2_n7_m3
0.46962592836566536,0.6250721106547008,2000,crossover,c0c489a928974bc6,-0.021333992770309396,-0.0031616256346138766,DTLZ,True,0.44829193559535596,crossover_prob_03,0.5966765662774189,3,7,DTLZ2,3,ok,DTLZ2_n7_m3
0.4851797955934556,0.6457743079348895,2000,crossover,c0c489a928974bc6,-0.005384082299126847,0.005386522003388655,DTLZ,True,0.47979571329432874,crossover_prob_03,0.6386080943947517,3,7,DTLZ2,4,ok,DTLZ2_n7_m3
0.4843316815825723,0.6446454681864039,2000,crossover,c0c489a928974bc6,-0.026854098672971782,0.016168940719356026,DTLZ,True,0.4574775829096005,crossover_prob_03,0.6089026628526785,3,7,DTLZ2,5,ok,DTLZ2_n7_m3
0.4559331594956089,0.6068470352886557,2000,crossover,c0c489a928974bc6,0.018807903744765486,-0.008070321886213386,DTLZ,True,0.4747410632403744,crossover_prob_03,0.6318803551729385,3,7,DTLZ2,6,ok,DTLZ2_n7_m3
0.47552153756880355,0.6329191665040778,2000,crossover,c0c489a928974bc6,0.0040325135291179315,-0.0016499875795800145,DTLZ,True,0.4795540510979215,crossover_prob_03,0.6382864420113337,3,7,DTLZ2,7,ok,DTLZ2_n7_m3
0.47602774114261215,0.633592923460817,2000,crossover,c0c489a928974bc6,-0.020610178756605646,0.006253098824419365,DTLZ,True,0.4554175623860065,crossover_prob_03,0.6061607755357749,3,7,DTLZ2,8,ok,DTLZ2_n7_m3
0.4881703011652515,0.64975467085095,2000,crossover,c0c489a928974bc6,-0.017808801338153157,0.0012297054078698189,DTLZ,True,0.47036149982709835,crossover_prob_03,0.6260511562698681,3,7,DTLZ2,9,ok,DTLZ2_n7_m3
0.47830697546930323,0.6366265843496428,2000,crossover,0c8905e3576173b1,0.0005422080415649067,-0.008338803282984447,DTLZ,True,0.47884918351086814,crossover_eta_01,0.6373482632529657,3,7,DTLZ2,0,ok,DTLZ2_n7_m3
0.49018196869039116,0.6524322003269108,2000,crossover,0c8905e3576173b1,-0.028460697632602394,0.024774347257416715,DTLZ,True,0.46172127105778876,crossover_eta_01,0.614551011777917,3,7,DTLZ2,1,ok,DTLZ2_n7_m3
0.47448285630417963,0.6315366817408633,2000,crossover,0c8905e3576173b1,-0.01985383668990992,-0.004168387123594602,DTLZ,True,0.4546290196142697,crossover_eta_01,0.6051112251065932,3,7,DTLZ2,2,ok,DTLZ2_n7_m3
0.46962592836566536,0.6250721106547008,2000,crossover,0c8905e3576173b1,0.006226208248361564,-0.010975928411832273,DTLZ,True,0.4758521366140269,crossover_eta_01,0.63335919383327,3,7,DTLZ2,3,ok,DTLZ2_n7_m3
0.4851797955934556,0.6457743079348895,2000,crossover,0c8905e3576173b1,-0.016613333689827203,-0.0006503046437109083,DTLZ,True,0.4685664619036284,crossover_eta_01,0.6236619607937296,3,7,DTLZ2,4,ok,DTLZ2_n7_m3
0.4843316815825723,0.6446454681864039,2000,crossover,0c8905e3576173b1,-0.022571531909872933,0.008775250514260785,DTLZ,True,0.46176014967269935,crossover_eta_01,0.614602759214363,3,7,DTLZ2,5,ok,DTLZ2_n7_m3
0.4559331594956089,0.6068470352886557,2000,crossover,0c8905e3576173b1,0.025528003789850373,-0.019223374576705518,DTLZ,True,0.4814611632854593,crossover_eta_01,0.6408248083329465,3,7,DTLZ2,6,ok,DTLZ2_n7_m3
0.47552153756880355,0.6329191665040778,2000,crossover,0c8905e3576173b1,0.0016818320540070708,-0.007932505190050718,DTLZ,True,0.4772033696228106,crossover_eta_01,0.6351576849679611,3,7,DTLZ2,7,ok,DTLZ2_n7_m3
0.47602774114261215,0.633592923460817,2000,crossover,0c8905e3576173b1,0.016256112108863352,-0.009279960853399744,DTLZ,True,0.4922838532514755,crossover_eta_01,0.6552298086777141,3,7,DTLZ2,8,ok,DTLZ2_n7_m3
0.4881703011652515,0.64975467085095,2000,crossover,0c8905e3576173b1,-0.009508923032481909,-0.0008592149830954632,DTLZ,True,0.4786613781327696,crossover_eta_01,0.6370982942947165,3,7,DTLZ2,9,ok,DTLZ2_n7_m3
0.47830697546930323,0.6366265843496428,2000,crossover,7b8986b1e411ab38,0.0035424102673309865,-0.010560454922542373,DTLZ,True,0.4818493857366342,crossover_eta_02,0.6413415324154603,3,7,DTLZ2,0,ok,DTLZ2_n7_m3
0.49018196869039116,0.6524322003269108,2000,crossover,7b8986b1e411ab38,-0.06923065041860199,0.021876746632655708,DTLZ,True,0.42095131827178917,crossover_eta_02,0.5602862046197515,3,7,DTLZ2,1,ok,DTLZ2_n7_m3
0.47448285630417963,0.6315366817408633,2000,crossover,7b8986b1e411ab38,-0.006606586135184833,0.012734268870344609,DTLZ,True,0.4678762701689948,crossover_eta_02,0.6227433155949322,3,7,DTLZ2,2,ok,DTLZ2_n7_m3
0.46962592836566536,0.6250721106547008,2000,crossover,7b8986b1e411ab38,0.019709835248561625,-0.026667991876131197,DTLZ,True,0.489335763614227,crossover_eta_02,0.6513059013705363,3,7,DTLZ2,3,ok,DTLZ2_n7_m3
0.4851797955934556,0.6457743079348895,2000,crossover,7b8986b1e411ab38,-0.01676482423438197,-0.0014717142151903784,DTLZ,True,0.4684149713590736,crossover_eta_02,0.6234603268789272,3,7,DTLZ2,4,ok,DTLZ2_n7_m3
0.4843316815825723,0.6446454681864039,2000,crossover,7b8986b1e411ab38,-0.009565584587935994,0.012741478704585668,DTLZ,True,0.4747660969946363,crossover_eta_02,0.6319136750998611,3,7,DTLZ2,5,ok,DTLZ2_n7_m3
0.4559331594956089,0.6068470352886557,2000,crossover,7b8986b1e411ab38,0.01046216561556873,-0.014628376411975397,DTLZ,True,0.46639532511117765,crossover_eta_02,0.6207721777229777,3,7,DTLZ2,6,ok,DTLZ2_n7_m3
0.47552153756880355,0.6329191665040778,2000,crossover,7b8986b1e411ab38,-0.017250603276458165,-0.00020482364269877595,DTLZ,True,0.4582709342923454,crossover_eta_02,0.6099586135431119,3,7,DTLZ2,7,ok,DTLZ2_n7_m3
0.47602774114261215,0.633592923460817,2000,crossover,7b8986b1e411ab38,-0.0024054899788372164,0.0034619273215101415,DTLZ,True,0.47362225116377493,crossover_eta_02,0.6303912162989846,3,7,DTLZ2,8,ok,DTLZ2_n7_m3
0.4881703011652515,0.64975467085095,2000,crossover,7b8986b1e411ab38,-0.008477364118865294,-0.006021414789235846,DTLZ,True,0.4796929370463862,crossover_eta_02,0.6384712992087402,3,7,DTLZ2,9,ok,DTLZ2_n7_m3
0.47830697546930323,0.6366265843496428,2000,crossover,693e2ba857bddbb7,0.01828198582337448,-0.009130065719798963,DTLZ,True,0.4965889612926777,crossover_eta_03,0.6609599074805542,3,7,DTLZ2,0,ok,DTLZ2_n7_m3
0.49018196869039116,0.6524322003269108,2000,crossover,693e2ba857bddbb7,-0.03184582153922155,0.017794125242502054,DTLZ,True,0.4583361471511696,crossover_eta_03,0.6100454118582069,3,7,DTLZ2,1,ok,DTLZ2_n7_m3
0.47448285630417963,0.6315366817408633,2000,crossover,693e2ba857bddbb7,0.006554938592129744,-0.0011486572526168137,DTLZ,True,0.4810377948963094,crossover_eta_03,0.640261305006988,3,7,DTLZ2,2,ok,DTLZ2_n7_m3
0.46962592836566536,0.6250721106547008,2000,crossover,693e2ba857bddbb7,0.005766558479802508,-0.009165590701452911,DTLZ,True,0.47539248684546787,crossover_eta_03,0.6327473999913179,3,7,DTLZ2,3,ok,DTLZ2_n7_m3
0.4851797955934556,0.6457743079348895,2000,crossover,693e2ba857bddbb7,-0.016440207784193417,0.010562478067847297,DTLZ,True,0.46873958780926217,crossover_eta_03,0.6238923913741281,3,7,DTLZ2,4,ok,DTLZ2_n7_m3
0.4843316815825723,0.6446454681864039,2000,crossover,693e2ba857bddbb7,-0.019118327473480745,0.008893679146221148,DTLZ,True,0.46521335410909154,crossover_eta_03,0.619198974319201,3,7,DTLZ2,5,ok,DTLZ2_n7_m3
0.4559331594956089,0.6068470352886557,2000,crossover,693e2ba857bddbb7,0.028542697249872295,-0.015561361946052815,DTLZ,True,0.4844758567454812,crossover_eta_03,0.6448373653282357,3,7,DTLZ2,6,ok,DTLZ2_n7_m3
0.47552153756880355,0.6329191665040778,2000,crossover,693e2ba857bddbb7,-0.005907391409714302,-0.0028835892461237106,DTLZ,True,0.46961414615908925,crossover_eta_03,0.625056428537748,3,7,DTLZ2,7,ok,DTLZ2_n7_m3
0.47602774114261215,0.633592923460817,2000,crossover,693e2ba857bddbb7,-0.017323707813663436,0.0013057769218211973,DTLZ,True,0.4587040333289487,crossover_eta_03,0.6105350683608309,3,7,DTLZ2,8,ok,DTLZ2_n7_m3
0.4881703011652515,0.64975467085095,2000,crossover,693e2ba857bddbb7,-0.008157470263797817,0.006998533378222094,DTLZ,True,0.4800128309014537,crossover_eta_03,0.6388970779298351,3,7,DTLZ2,9,ok,DTLZ2_n7_m3
0.47830697546930323,0.6366265843496428,2000,crossover,891c5662e8d7cd25,0.01755124688419024,-0.014511011153350281,DTLZ,True,0.49585822235349347,crossover_eta_04,0.6599872939525,3,7,DTLZ2,0,ok,DTLZ2_n7_m3
0.49018196869039116,0.6524322003269108,2000,crossover,891c5662e8d7cd25,-0.02149484141226382,0.00888406571548124,DTLZ,True,0.46868712727812734,crossover_eta_04,0.6238225664071877,3,7,DTLZ2,1,ok,DTLZ2_n7_m3
0.47448285630417963,0.6315366817408633,2000,crossover,891c5662e8d7cd25,0.0033732095757509906,-0.010638906826714006,DTLZ,True,0.4778560658799306,crossover_eta_04,0.6360264236861879,3,7,DTLZ2,2,ok,DTLZ2_n7_m3
0.46962592836566536,0.6250721106547008,2000,crossover,891c5662e8d7cd25,0.026081436784170686,-0.009410281614275873,DTLZ,True,0.49570736514983604,crossover_eta_04,0.659786503014432,3,7,DTLZ2,3,ok,DTLZ2_n7_m3
0.4851797955934556,0.6457743079348895,2000,crossover,891c5662e8d7cd25,-0.01464942203125319,0.00019447488339670305,DTLZ,True,0.4705303735622024,crossover_eta_04,0.6262759272112915,3,7,DTLZ2,4,ok,DTLZ2_n7_m3
0.4843316815825723,0.6446454681864039,2000,crossover,891c5662e8d7cd25,-0.019684363991430365,0.004630708199844444,DTLZ,True,0.4646473175911419,crossover_eta_04,0.6184455797138101,3,7,DTLZ2,5,ok,DTLZ2_n7_m3
0.4559331594956089,0.6068470352886557,2000,crossover,891c5662e8d7cd25,0.04450821243313913,-0.009210472818561147,DTLZ,True,0.500441371928748,crossover_eta_04,0.6660874660371638,3,7,DTLZ2,6,ok,DTLZ2_n7_m3
0.47552153756880355,0.6329191665040778,2000,crossover,891c5662e8d7cd25,0.017056830066810857,-0.01005194427493844,DTLZ,True,0.4925783676356144,crossover_eta_04,0.655621807323003,3,7,DTLZ2,7,ok,DTLZ2_n7_m3
0.47602774114261215,0.633592923460817,2000,crossover,891c5662e8d7cd25,-0.011519362163660174,8.10958029198311e-05,DTLZ,True,0.464508378978952,crossover_eta_04,0.6182606524209853,3,7,DTLZ2,8,ok,DTLZ2_n7_m3
0.4881703011652515,0.64975467085095,2000,crossover,891c5662e8d7cd25,-0.019986007482602708,-0.003826432706659666,DTLZ,True,0.4681842936826488,crossover_eta_04,0.6231532948916058,3,7,DTLZ2,9,ok,DTLZ2_n7_m3
0.47830697546930323,0.6366265843496428,2000,selection,f09f048cc27021b8,-0.013764119919497109,0.0003784799913873482,DTLZ,True,0.4645428555498061,selection_tournament_01,0.6183065407367921,3,7,DTLZ2,0,ok,DTLZ2_n7_m3
0.49018196869039116,0.6524322003269108,2000,selection,f09f048cc27021b8,-0.01978286924971101,0.01764005392703065,DTLZ,True,0.47039909944068015,selection_tournament_01,0.6261012013555455,3,7,DTLZ2,1,ok,DTLZ2_n7_m3
0.47448285630417963,0.6315366817408633,2000,selection,f09f048cc27021b8,0.010845737155030344,-0.007819463049323044,DTLZ,True,0.48532859345921,selection_tournament_01,0.6459723578942087,3,7,DTLZ2,2,ok,DTLZ2_n7_m3
0.46962592836566536,0.6250721106547008,2000,selection,f09f048cc27021b8,0.011433379464384053,-0.020150456344093542,DTLZ,True,0.4810593078300494,selection_tournament_01,0.640289938721796,3,7,DTLZ2,3,ok,DTLZ2_n7_m3
0.4851797955934556,0.6457743079348895,2000,selection,f09f048cc27021b8,-0.03378877110759754,0.025481432203520546,DTLZ,True,0.45139102448585805,selection_tournament_01,0.6008014535906773,3,7,DTLZ2,4,ok,DTLZ2_n7_m3
0.4843316815825723,0.6446454681864039,2000,selection,f09f048cc27021b8,-0.023509734043867192,0.008589111743903033,DTLZ,True,0.4608219475387051,selection_tournament_01,0.6133540121740166,3,7,DTLZ2,5,ok,DTLZ2_n7_m3
0.4559331594956089,0.6068470352886557,2000,selection,f09f048cc27021b8,0.019204399853622767,-0.014887969386739669,DTLZ,True,0.4751375593492317,selection_tournament_01,0.6324080914938276,3,7,DTLZ2,6,ok,DTLZ2_n7_m3
0.47552153756880355,0.6329191665040778,2000,selection,f09f048cc27021b8,0.00034788783061739936,-0.011226810128766737,DTLZ,True,0.47586942539942095,selection_tournament_01,0.6333822052066295,3,7,DTLZ2,7,ok,DTLZ2_n7_m3
0.47602774114261215,0.633592923460817,2000,selection,f09f048cc27021b8,-0.021333528281398728,0.008860961570129625,DTLZ,True,0.4546942128612134,selection_tournament_01,0.6051979973182753,3,7,DTLZ2,8,ok,DTLZ2_n7_m3
0.4881703011652515,0.64975467085095,2000,selection,f09f048cc27021b8,-0.018150938350492307,0.0077157526531593384,DTLZ,True,0.4700193628147592,selection_tournament_01,0.6255957719064447,3,7,DTLZ2,9,ok,DTLZ2_n7_m3
0.47830697546930323,0.6366265843496428,2000,selection,99c0cdd90500d4d7,-0.01281366861039851,-0.010324558042751009,DTLZ,True,0.4654933068589047,selection_tournament_02,0.6195715914292024,3,7,DTLZ2,0,ok,DTLZ2_n7_m3
0.49018196869039116,0.6524322003269108,2000,selection,99c0cdd90500d4d7,-0.024121553201589596,0.015755399965798667,DTLZ,True,0.46606041548880156,selection_tournament_02,0.6203264130155951,3,7,DTLZ2,1,ok,DTLZ2_n7_m3
0.47448285630417963,0.6315366817408633,2000,selection,99c0cdd90500d4d7,-0.0032209140419250937,0.0047175188950149965,DTLZ,True,0.47126194226225454,selection_tournament_02,0.627249645151061,3,7,DTLZ2,2,ok,DTLZ2_n7_m3
0.46962592836566536,0.6250721106547008,2000,selection,99c0cdd90500d4d7,0.008616230515927137,0.0008864011094152774,DTLZ,True,0.4782421588815925,selection_tournament_02,0.6365403134713998,3,7,DTLZ2,3,ok,DTLZ2_n7_m3
0.4851797955934556,0.6457743079348895,2000,selection,99c0cdd90500d4d7,0.0022110588227512995,0.0011581969670600573,DTLZ,True,0.4873908544162069,selection_tournament_02,0.6487172272279715,3,7,DTLZ2,4,ok,DTLZ2_n7_m3
0.4843316815825723,0.6446454681864039,2000,selection,99c0cdd90500d4d7,-0.01828366779953461,0.011163150566111585,DTLZ,True,0.4660480137830377,selection_tournament_02,0.6203099063452233,3,7,DTLZ2,5,ok,DTLZ2_n7_m3
0.4559331594956089,0.6068470352886557,2000,selection,99c0cdd90500d4d7,0.03348884198935448,-0.017073029655072458,DTLZ,True,0.4894220014849634,selection_tournament_02,0.6514206839764864,3,7,DTLZ2,6,ok,DTLZ2_n7_m3
0.47552153756880355,0.6329191665040778,2000,selection,99c0cdd90500d4d7,-0.006839772552719836,-0.010379671297476162,DTLZ,True,0.4686817650160837,selection_tournament_02,0.6238154292364076,3,7,DTLZ2,7,ok,DTLZ2_n7_m3
0.47602774114261215,0.633592923460817,2000,selection,99c0cdd90500d4d7,-0.004424257382966312,0.0005097179659417084,DTLZ,True,0.47160348375964584,selection_tournament_02,0.6277042368840888,3,7,DTLZ2,8,ok,DTLZ2_n7_m3
0.4881703011652515,0.64975467085095,2000,selection,99c0cdd90500d4d7,-0.011190985356203498,0.004527474384036265,DTLZ,True,0.476979315809048,selection_tournament_02,0.6348594693418431,3,7,DTLZ2,9,ok,DTLZ2_n7_m3
0.47830697546930323,0.6366265843496428,2000,selection,da5bdf7aa5bce860,-0.013494442993010891,0.01378023926045549,DTLZ,True,0.46481253247629234,selection_tournament_03,0.6186654807259453,3,7,DTLZ2,0,ok,DTLZ2_n7_m3
0.49018196869039116,0.6524322003269108,2000,selection,da5bdf7aa5bce860,-0.011520453507714135,0.007756425720679111,DTLZ,True,0.478661515182677,selection_tournament_03,0.6370984767081433,3,7,DTLZ2,1,ok,DTLZ2_n7_m3
0.47448285630417963,0.6315366817408633,2000,selection,da5bdf7aa5bce860,-0.02037531686455596,0.0067230589092818205,DTLZ,True,0.4541075394396237,selection_tournament_03,0.6044171349941393,3,7,DTLZ2,2,ok,DTLZ2_n7_m3
0.46962592836566536,0.6250721106547008,2000,selection,da5bdf7aa5bce860,0.00958713615015716,-0.008745022327412227,DTLZ,True,0.4792130645158225,selection_tournament_03,0.6378325888705599,3,7,DTLZ2,3,ok,DTLZ2_n7_m3
0.4851797955934556,0.6457743079348895,2000,selection,da5bdf7aa5bce860,-0.034452974445161544,0.0077506643717501905,DTLZ,True,0.45072682114829404,selection_tournament_03,0.5999173989483796,3,7,DTLZ2,4,ok,DTLZ2_n7_m3
0.4843316815825723,0.6446454681864039,2000,selection,da5bdf7aa5bce860,-0.01488151440793234,-0.0004711322055236389,DTLZ,True,0.46945016717463994,selection_tournament_03,0.624838172509446,3,7,DTLZ2,5,ok,DTLZ2_n7_m3
0.4559331594956089,0.6068470352886557,2000,selection,da5bdf7aa5bce860,0.016525504774976774,0.0013043000816708727,DTLZ,True,0.4724586642705857,selection_tournament_03,0.6288424821441497,3,7,DTLZ2,6,ok,DTLZ2_n7_m3
0.47552153756880355,0.6329191665040778,2000,selection,da5bdf7aa5bce860,-0.020267566362894174,-0.0004074907447652598,DTLZ,True,0.4552539712059094,selection_tournament_03,0.6059430356750656,3,7,DTLZ2,7,ok,DTLZ2_n7_m3
0.47602774114261215,0.633592923460817,2000,selection,da5bdf7aa5bce860,0.008615039743394837,-0.0038412609712381446,DTLZ,True,0.484642780886007,selection_tournament_03,0.6450595413592755,3,7,DTLZ2,8,ok,DTLZ2_n7_m3
0.4881703011652515,0.64975467085095,2000,selection,da5bdf7aa5bce860,-0.0008247488570177208,0.002046194579440608,DTLZ,True,0.4873455523082338,selection_tournament_03,0.6486569301222593,3,7,DTLZ2,9,ok,DTLZ2_n7_m3
0.6133248219994257,0.7421230346193053,2000,mutation,f0ec8a614e6de4c4,0.03864553432748885,-0.027673871527991167,ZDT,True,0.6519703563269146,mutation_prob_01,0.7888841311555668,2,30,ZDT1,0,ok,ZDT1_n30_m2
0.6683469988108616,0.8086998685611426,2000,mutation,f0ec8a614e6de4c4,-0.09177945402786658,0.07969301072005422,ZDT,True,0.576567544782995,mutation_prob_01,0.697646729187424,2,30,ZDT1,1,ok,ZDT1_n30_m2
0.6302458155378253,0.7625974368007687,2000,mutation,f0ec8a614e6de4c4,0.03005208822498462,-0.061389399810973334,ZDT,True,0.66029790376281,mutation_prob_01,0.7989604635530002,2,30,ZDT1,2,ok,ZDT1_n30_m2
0.6492339800828637,0.7855731159002652,2000,mutation,f0ec8a614e6de4c4,-0.04445579937819,0.08485482044008176,ZDT,True,0.6047781807046737,mutation_prob_01,0.7317815986526554,2,30,ZDT1,3,ok,ZDT1_n30_m2
0.49544691443345573,0.5994907664644815,2000,mutation,f0ec8a614e6de4c4,0.15310717722324013,-0.23492621991181611,ZDT,True,0.6485540916566959,mutation_prob_01,0.7847504509046022,2,30,ZDT1,4,ok,ZDT1_n30_m2
0.622025356990432,0.7526506819584229,2000,mutation,f0ec8a614e6de4c4,0.027658035092887445,-0.02111449178582992,ZDT,True,0.6496833920833195,mutation_prob_01,0.7861169044208167,2,30,ZDT1,5,ok,ZDT1_n30_m2
0.6313067706747817,0.763881192516486,2000,mutation,f0ec8a614e6de4c4,0.01702822795297687,-0.013712801892306573,ZDT,True,0.6483349986277586,mutation_prob_01,0.7844853483395879,2,30,ZDT1,6,ok,ZDT1_n30_m2
0.6179627885391873,0.7477349741324167,2000,mutation,f0ec8a614e6de4c4,0.03830794720806241,-0.05605024595536889,ZDT,True,0.6562707357472497,mutation_prob_01,0.7940875902541723,2,30,ZDT1,7,ok,ZDT1_n30_m2
0.6183322423961687,0.7481820132993643,2000,mutation,f0ec8a614e6de4c4,0.05710968288841278,-0.058457270643800394,ZDT,True,0.6754419252845815,mutation_prob_01,0.8172847295943437,2,30,ZDT1,8,ok,ZDT1_n30_m2
0.6481317680601063,0.7842394393527288,2000,mutation,f0ec8a614e6de4c4,-0.0628308693678502,0.11064988440661899,ZDT,True,0.5853008986922561,mutation_prob_01,0.70821408741763,2,30,ZDT1,9,ok,ZDT1_n30_m2
0.6133248219994257,0.7421230346193053,2000,mutation,902ef27768ec82bc,0.06529178440937622,-0.04503567467964236,ZDT,True,0.678616606408802,mutation_prob_02,0.8211260937546505,2,30,ZDT1,0,ok,ZDT1_n30_m2
0.6683469988108616,0.8086998685611426,2000,mutation,902ef27768ec82bc,-0.05865966083252383,0.07352801910863607,ZDT,True,0.6096873379783377,mutation_prob_02,0.7377216789537888,2,30,ZDT1,1,ok,ZDT1_n30_m2
0.6302458155378253,0.7625974368007687,2000,mutation,902ef27768ec82bc,0.0098371657594587,-0.006903326303012158,ZDT,True,0.640082981297284,mutation_prob_02,0.7745004073697138,2,30,ZDT1,2,ok,ZDT1_n30_m2
0.6492339800828637,0.7855731159002652,2000,mutation,902ef27768ec82bc,0.02779239515593801,-0.010727622477144032,ZDT,True,0.6770263752388017,mutation_prob_02,0.8192019140389502,2,30,ZDT1,3,ok,ZDT1_n30_m2
0.49544691443345573,0.5994907664644815,2000,mutation,902ef27768ec82bc,0.15096063117308073,-0.1928011282113341,ZDT,True,0.6464075456065365,mutation_prob_02,0.7821531301839092,2,30,ZDT1,4,ok,ZDT1_n30_m2
0.622025356990432,0.7526506819584229,2000,mutation,902ef27768ec82bc,0.024143502143625706,0.012710778622247593,ZDT,True,0.6461688591340577,mutation_prob_02,0.78186431955221,2,30,ZDT1,5,ok,ZDT1_n30_m2
0.6313067706747817,0.763881192516486,2000,mutation,902ef27768ec82bc,0.0497935315301673,-0.03731964202534345,ZDT,True,0.681100302204949,mutation_prob_02,0.8241313656679884,2,30,ZDT1,6,ok,ZDT1_n30_m2
0.6179627885391873,0.7477349741324167,2000,mutation,902ef27768ec82bc,0.055655970222650675,-0.0686986066396329,ZDT,True,0.673618758761838,mutation_prob_02,0.8150786981018241,2,30,ZDT1,7,ok,ZDT1_n30_m2
0.6183322423961687,0.7481820132993643,2000,mutation,902ef27768ec82bc,0.0615251520167015,-0.06106390707498997,ZDT,True,0.6798573944128702,mutation_prob_02,0.822627447239573,2,30,ZDT1,8,ok,ZDT1_n30_m2
0.6481317680601063,0.7842394393527288,2000,mutation,902ef27768ec82bc,0.011270624735744694,-0.006401602173993201,ZDT,True,0.659402392795851,mutation_prob_02,0.7978768952829799,2,30,ZDT1,9,ok,ZDT1_n30_m2
0.6133248219994257,0.7421230346193053,2000,mutation,9ed9b75b6f6cdd64,0.0554173942507995,-0.025186940102671543,ZDT,True,0.6687422162502252,mutation_prob_03,0.8091780816627726,2,30,ZDT1,0,ok,ZDT1_n30_m2
0.6683469988108616,0.8086998685611426,2000,mutation,9ed9b75b6f6cdd64,0.00904906719461751,-0.00496776235049793,ZDT,True,0.6773960660054791,mutation_prob_03,0.8196492398666299,2,30,ZDT1,1,ok,ZDT1_n30_m2
0.6302458155378253,0.7625974368007687,2000,mutation,9ed9b75b6f6cdd64,0.04811232126218856,-0.0745297129052985,ZDT,True,0.6783581368000139,mutation_prob_03,0.8208133455280169,2,30,ZDT1,2,ok,ZDT1_n30_m2
0.6492339800828637,0.7855731159002652,2000,mutation,9ed9b75b6f6cdd64,0.021745596142213275,-0.01614709733886608,ZDT,True,0.670979576225077,mutation_prob_03,0.8118852872323433,2,30,ZDT1,3,ok,ZDT1_n30_m2
0.49544691443345573,0.5994907664644815,2000,mutation,9ed9b75b6f6cdd64,0.1730288338019515,-0.24835226670318128,ZDT,True,0.6684757482354072,mutation_prob_03,0.8088556553648428,2,30,ZDT1,4,ok,ZDT1_n30_m2
0.622025356990432,0.7526506819584229,2000,mutation,9ed9b75b6f6cdd64,0.055605701307301025,-0.03891393109950764,ZDT,True,0.6776310582977331,mutation_prob_03,0.8199335805402571,2,30,ZDT1,5,ok,ZDT1_n30_m2
0.6313067706747817,0.763881192516486,2000,mutation,9ed9b75b6f6cdd64,-0.01962797954799711,0.06127716356710679,ZDT,True,0.6116787911267846,mutation_prob_03,0.7401313372634094,2,30,ZDT1,6,ok,ZDT1_n30_m2
0.6179627885391873,0.7477349741324167,2000,mutation,9ed9b75b6f6cdd64,0.058903981268698336,-0.07148191269794599,ZDT,True,0.6768667698078856,mutation_prob_03,0.8190087914675417,2,30,ZDT1,7,ok,ZDT1_n30_m2
0.6183322423961687,0.7481820132993643,2000,mutation,9ed9b75b6f6cdd64,0.052954320621252604,-0.05017963913076398,ZDT,True,0.6712865630174213,mutation_prob_03,0.8122567412510798,2,30,ZDT1,8,ok,ZDT1_n30_m2
0.6481317680601063,0.7842394393527288,2000,mutation,9ed9b75b6f6cdd64,0.020640031368680978,-0.01497469383554137,ZDT,True,0.6687717994287873,mutation_prob_03,0.8092138773088328,2,30,ZDT1,9,ok,ZDT1_n30_m2
0.6133248219994257,0.7421230346193053,2000,mutation,41970d188a3f4255,0.052818260667380046,-0.03821637761467035,ZDT,True,0.6661430826668058,mutation_prob_04,0.8060331300268351,2,30,ZDT1,0,ok,ZDT1_n30_m2
0.6683469988108616,0.8086998685611426,2000,mutation,41970d188a3f4255,-0.003998012789089289,0.0030617765514579717,ZDT,True,0.6643489860217723,mutation_prob_04,0.8038622730863446,2,30,ZDT1,1,ok,ZDT1_n30_m2
0.6302458155378253,0.7625974368007687,2000,mutation,41970d188a3f4255,0.024997656321094852,-0.05017954335441009,ZDT,True,0.6552434718589202,mutation_prob_04,0.7928446009492935,2,30,ZDT1,2,ok,ZDT1_n30_m2
0.6492339800828637,0.7855731159002652,2000,mutation,41970d188a3f4255,-0.008157595744878399,0.028549819720142103,ZDT,True,0.6410763843379853,mutation_prob_04,0.7757024250489624,2,30,ZDT1,3,ok,ZDT1_n30_m2
0.49544691443345573,0.5994907664644815,2000,mutation,41970d188a3f4255,0.16899365826062168,-0.24718418817149623,ZDT,True,0.6644405726940774,mutation_prob_04,0.8039730929598338,2,30,ZDT1,4,ok,ZDT1_n30_m2
0.622025356990432,0.7526506819584229,2000,mutation,41970d188a3f4255,0.034584068838737325,-0.02588125961208694,ZDT,True,0.6566094258291694,mutation_prob_04,0.794497405253295,2,30,ZDT1,5,ok,ZDT1_n30_m2
0.6313067706747817,0.763881192516486,2000,mutation,41970d188a3f4255,-1.532354785871437e-05,0.01329627664160403,ZDT,True,0.631291447126923,mutation_prob_04,0.763862651023577,2,30,ZDT1,6,ok,ZDT1_n30_m2
0.6179627885391873,0.7477349741324167,2000,mutation,41970d188a3f4255,0.05289621758062113,-0.0676993268762158,ZDT,True,0.6708590061198084,mutation_prob_04,0.8117393974049683,2,30,ZDT1,7,ok,ZDT1_n30_m2
0.6183322423961687,0.7481820132993643,2000,mutation,41970d188a3f4255,0.05252716031201654,-0.05530077885213748,ZDT,True,0.6708594027081852,mutation_prob_04,0.8117398772769042,2,30,ZDT1,8,ok,ZDT1_n30_m2
0.6481317680601063,0.7842394393527288,2000,mutation,41970d188a3f4255,-0.062143469213954194,0.10577101525026064,ZDT,True,0.5859882988461521,mutation_prob_04,0.7090458416038442,2,30,ZDT1,9,ok,ZDT1_n30_m2
0.6133248219994257,0.7421230346193053,2000,mutation,ad3db7ddd2503397,-0.03431803761593444,0.05448862978225104,ZDT,True,0.5790067843834913,mutation_prob_05,0.7005982091040246,2,30,ZDT1,0,ok,ZDT1_n30_m2
0.6683469988108616,0.8086998685611426,2000,mutation,ad3db7ddd2503397,-0.057872321899749224,0.07805735114126394,ZDT,True,0.6104746769111123,mutation_prob_05,0.738674359062446,2,30,ZDT1,1,ok,ZDT1_n30_m2
0.6302458155378253,0.7625974368007687,2000,mutation,ad3db7ddd2503397,0.010772173858250356,-0.048738291890463664,ZDT,True,0.6410179893960757,mutation_prob_05,0.7756317671692518,2,30,ZDT1,2,ok,ZDT1_n30_m2
0.6492339800828637,0.7855731159002652,2000,mutation,ad3db7ddd2503397,-0.02994538899503818,0.02386693517387954,ZDT,True,0.6192885910878255,mutation_prob_05,0.749339195216269,2,30,ZDT1,3,ok,ZDT1_n30_m2
0.49544691443345573,0.5994907664644815,2000,mutation,ad3db7ddd2503397,0.13380110627195035,-0.22207130965656025,ZDT,True,0.6292480207054061,mutation_prob_05,0.7613901050535414,2,30,ZDT1,4,ok,ZDT1_n30_m2
0.622025356990432,0.7526506819584229,2000,mutation,ad3db7ddd2503397,0.0036065132210948425,0.010149296534137459,ZDT,True,0.6256318702115269,mutation_prob_05,0.7570145629559477,2,30,ZDT1,5,ok,ZDT1_n30_m2
0.6313067706747817,0.763881192516486,2000,mutation,ad3db7ddd2503397,0.003077479768631708,-0.0018596030661339885,ZDT,True,0.6343842504434134,mutation_prob_05,0.7676049430365304,2,30,ZDT1,6,ok,ZDT1_n30_m2
0.6179627885391873,0.7477349741324167,2000,mutation,ad3db7ddd2503397,-0.044850932194751225,0.05863880302045439,ZDT,True,0.5731118563444361,mutation_prob_05,0.6934653461767678,2,30,ZDT1,7,ok,ZDT1_n30_m2
0.6183322423961687,0.7481820132993643,2000,mutation,ad3db7ddd2503397,0.00875443918760721,-0.021318119040613384,ZDT,True,0.6270866815837759,mutation_prob_05,0.7587748847163689,2,30,ZDT1,8,ok,ZDT1_n30_m2
0.6481317680601063,0.7842394393527288,2000,mutation,ad3db7ddd2503397,-0.018798304771656782,0.014318382894394098,ZDT,True,0.6293334632884495,mutation_prob_05,0.761493490579024,2,30,ZDT1,9,ok,ZDT1_n30_m2
0.6133248219994257,0.7421230346193053,2000,mutation,ddbd6e3d243aed26,0.05260273459717646,-0.037131921028842156,ZDT,True,0.6659275565966022,mutation_eta_01,0.8057723434818888,2,30,ZDT1,0,ok,ZDT1_n30_m2
0.6683469988108616,0.8086998685611426,2000,mutation,ddbd6e3d243aed26,-0.03773320681807424,0.05091312334346652,ZDT,True,0.6306137919927873,mutation_eta_01,0.7630426883112728,2,30,ZDT1,1,ok,ZDT1_n30_m2
0.6302458155378253,0.7625974368007687,2000,mutation,ddbd6e3d243aed26,0.0247355323911308,-0.0574245787055214,ZDT,True,0.6549813479289561,mutation_eta_01,0.792527430994037,2,30,ZDT1,2,ok,ZDT1_n30_m2
0.6492339800828637,0.7855731159002652,2000,mutation,ddbd6e3d243aed26,0.010064283877672664,-0.007853668235988251,ZDT,True,0.6592982639605364,mutation_eta_01,0.7977508993922491,2,30,ZDT1,3,ok,ZDT1_n30_m2
0.49544691443345573,0.5994907664644815,2000,mutation,ddbd6e3d243aed26,0.1630093903360867,-0.24302739680345237,ZDT,True,0.6584563047695424,mutation_eta_01,0.7967321287711464,2,30,ZDT1,4,ok,ZDT1_n30_m2
0.622025356990432,0.7526506819584229,2000,mutation,ddbd6e3d243aed26,0.04841193246052822,-0.03604287837983923,ZDT,True,0.6704372894509603,mutation_eta_01,0.8112291202356621,2,30,ZDT1,5,ok,ZDT1_n30_m2
0.6313067706747817,0.763881192516486,2000,mutation,ddbd6e3d243aed26,0.007666079915838009,-0.005501676117018815,ZDT,True,0.6389728505906197,mutation_eta_01,0.77315714921465,2,30,ZDT1,6,ok,ZDT1_n30_m2
0.6179627885391873,0.7477349741324167,2000,mutation,ddbd6e3d243aed26,0.047219127245551884,-0.06060163344161041,ZDT,True,0.6651819157847392,mutation_eta_01,0.8048701180995345,2,30,ZDT1,7,ok,ZDT1_n30_m2
0.6183322423961687,0.7481820132993643,2000,mutation,ddbd6e3d243aed26,0.050043055534934044,-0.0534025085627462,ZDT,True,0.6683752979311027,mutation_eta_01,0.8087341104966345,2,30,ZDT1,8,ok,ZDT1_n30_m2
0.6481317680601063,0.7842394393527288,2000,mutation,ddbd6e3d243aed26,-0.02184028502509905,0.01772010103221313,ZDT,True,0.6262914830350073,mutation_eta_01,0.7578126944723589,2,30,ZDT1,9,ok,ZDT1_n30_m2
0.6133248219994257,0.7421230346193053,2000,mutation,a9c0e332e8637834,-0.018056403641644847,0.06620583373143644,ZDT,True,0.5952684183577809,mutation_eta_02,0.720274786212915,2,30,ZDT1,0,ok,ZDT1_n30_m2
0.6683469988108616,0.8086998685611426,2000,mutation,a9c0e332e8637834,-0.015345328948889958,0.010928206852021637,ZDT,True,0.6530016698619716,mutation_eta_02,0.7901320205329858,2,30,ZDT1,1,ok,ZDT1_n30_m2
0.6302458155378253,0.7625974368007687,2000,mutation,a9c0e332e8637834,0.02731818896973659,-0.05891643274479396,ZDT,True,0.6575640045075619,mutation_eta_02,0.79565244545415,2,30,ZDT1,2,ok,ZDT1_n30_m2
0.6492339800828637,0.7855731159002652,2000,mutation,a9c0e332e8637834,0.01909967391267331,-0.015119990982761448,ZDT,True,0.668333653995537,mutation_eta_02,0.8086837213345999,2,30,ZDT1,3,ok,ZDT1_n30_m2
0.49544691443345573,0.5994907664644815,2000,mutation,a9c0e332e8637834,0.1551785697938381,-0.2367440317461389,ZDT,True,0.6506254842272938,mutation_eta_02,0.7872568359150256,2,30,ZDT1,4,ok,ZDT1_n30_m2
0.622025356990432,0.7526506819584229,2000,mutation,a9c0e332e8637834,0.033509554906893224,-0.02354998357089963,ZDT,True,0.6555349118973253,mutation_eta_02,0.7931972433957637,2,30,ZDT1,5,ok,ZDT1_n30_m2
0.6313067706747817,0.763881192516486,2000,mutation,a9c0e332e8637834,0.012219005642175818,-0.009693483133493642,ZDT,True,0.6435257763169575,mutation_eta_02,0.7786661893435187,2,30,ZDT1,6,ok,ZDT1_n30_m2
0.6179627885391873,0.7477349741324167,2000,mutation,a9c0e332e8637834,0.05416221420041012,-0.06854490916638606,ZDT,True,0.6721250027395974,mutation_eta_02,0.813271253314913,2,30,ZDT1,7,ok,ZDT1_n30_m2
0.6183322423961687,0.7481820132993643,2000,mutation,a9c0e332e8637834,0.02916707740898128,-0.03656705593297559,ZDT,True,0.64749931980515,mutation_eta_02,0.7834741769642316,2,30,ZDT1,8,ok,ZDT1_n30_m2
0.6481317680601063,0.7842394393527288,2000,mutation,a9c0e332e8637834,-0.001330610727808046,0.0009204793759936825,ZDT,True,0.6468011573322983,mutation_eta_02,0.7826294003720811,2,30,ZDT1,9,ok,ZDT1_n30_m2
0.6133248219994257,0.7421230346193053,2000,mutation,6227bee7f2ba87fe,0.0031215107490929483,0.04016675922411288,ZDT,True,0.6164463327485187,mutation_eta_03,0.7459000626257077,2,30,ZDT1,0,ok,ZDT1_n30_m2
0.6683469988108616,0.8086998685611426,2000,mutation,6227bee7f2ba87fe,-0.010422234410590314,0.007422968407281572,ZDT,True,0.6579247644002713,mutation_eta_03,0.7960889649243283,2,30,ZDT1,1,ok,ZDT1_n30_m2
0.6302458155378253,0.7625974368007687,2000,mutation,6227bee7f2ba87fe,0.034783303817236155,-0.06505436824628545,ZDT,True,0.6650291193550615,mutation_eta_03,0.8046852344196246,2,30,ZDT1,2,ok,ZDT1_n30_m2
0.6492339800828637,0.7855731159002652,2000,mutation,6227bee7f2ba87fe,0.005626243523377261,-0.0040275246380521365,ZDT,True,0.654860223606241,mutation_eta_03,0.7923808705635517,2,30,ZDT1,3,ok,ZDT1_n30_m2
0.49544691443345573,0.5994907664644815,2000,mutation,6227bee7f2ba87fe,0.046150180405959695,-0.04299558787091956,ZDT,True,0.5415970948394154,mutation_eta_03,0.6553324847556928,2,30,ZDT1,4,ok,ZDT1_n30_m2
0.622025356990432,0.7526506819584229,2000,mutation,6227bee7f2ba87fe,0.03081530946125144,-0.021594900328664714,ZDT,True,0.6528406664516835,mutation_eta_03,0.7899372064065371,2,30,ZDT1,5,ok,ZDT1_n30_m2
0.6313067706747817,0.763881192516486,2000,mutation,6227bee7f2ba87fe,-0.026930653707227137,0.06213566407772493,ZDT,True,0.6043761169675546,mutation_eta_03,0.7312951015307411,2,30,ZDT1,6,ok,ZDT1_n30_m2
0.6179627885391873,0.7477349741324167,2000,mutation,6227bee7f2ba87fe,0.042982902906551934,-0.05729228490174779,ZDT,True,0.6609456914457392,mutation_eta_03,0.7997442866493446,2,30,ZDT1,7,ok,ZDT1_n30_m2
0.6183322423961687,0.7481820132993643,2000,mutation,6227bee7f2ba87fe,0.03412109294088339,-0.033734161615747243,ZDT,True,0.6524533353370521,mutation_eta_03,0.7894685357578332,2,30,ZDT1,8,ok,ZDT1_n30_m2
0.6481317680601063,0.7842394393527288,2000,mutation,6227bee7f2ba87fe,-0.00808689149418329,0.023572664880948897,ZDT,True,0.640044876565923,mutation_eta_03,0.774454300644767,2,30,ZDT1,9,ok,ZDT1_n30_m2
0.6133248219994257,0.7421230346193053,2000,mutation,ce37f86a336ce8cc,0.010933802544960014,-0.002611426677899528,ZDT,True,0.6242586245443857,mutation_eta_04,0.7553529356987069,2,30,ZDT1,0,ok,ZDT1_n30_m2
0.6683469988108616,0.8086998685611426,2000,mutation,ce37f86a336ce8cc,-0.08263899376670658,0.064942504414086,ZDT,True,0.585708005044155,mutation_eta_04,0.7087066861034277,2,30,ZDT1,1,ok,ZDT1_n30_m2
0.6302458155378253,0.7625974368007687,2000,mutation,ce37f86a336ce8cc,-0.07354873387500283,0.06382315036592395,ZDT,True,0.5566970816628225,mutation_eta_04,0.6736034688120154,2,30,ZDT1,2,ok,ZDT1_n30_m2
0.6492339800828637,0.7855731159002652,2000,mutation,ce37f86a336ce8cc,-0.04372111235363629,0.06226249235846584,ZDT,True,0.6055128677292274,mutation_eta_04,0.7326705699523653,2,30,ZDT1,3,ok,ZDT1_n30_m2
0.49544691443345573,0.5994907664644815,2000,mutation,ce37f86a336ce8cc,-0.06560303020307862,0.08166032673602497,ZDT,True,0.4298438842303771,mutation_eta_04,0.5201110999187564,2,30,ZDT1,4,ok,ZDT1_n30_m2
0.622025356990432,0.7526506819584229,2000,mutation,ce37f86a336ce8cc,-0.050783824680710965,0.04860195296183566,ZDT,True,0.5712415323097211,mutation_eta_04,0.6912022540947627,2,30,ZDT1,5,ok,ZDT1_n30_m2
0.6313067706747817,0.763881192516486,2000,mutation,ce37f86a336ce8cc,-0.06597824813243458,0.052599770804100415,ZDT,True,0.5653285225423471,mutation_eta_04,0.6840475122762402,2,30,ZDT1,6,ok,ZDT1_n30_m2
0.6179627885391873,0.7477349741324167,2000,mutation,ce37f86a336ce8cc,0.021347201541588756,-0.0443800097259174,ZDT,True,0.639309990080776,mutation_eta_04,0.7735650879977392,2,30,ZDT1,7,ok,ZDT1_n30_m2
0.6183322423961687,0.7481820132993643,2000,mutation,ce37f86a336ce8cc,-0.0581746673642366,0.03290900580993748,ZDT,True,0.5601575750319321,mutation_eta_04,0.6777906657886379,2,30,ZDT1,8,ok,ZDT1_n30_m2
0.6481317680601063,0.7842394393527288,2000,mutation,ce37f86a336ce8cc,-0.04245322637245963,0.04594792548352233,ZDT,True,0.6056785416876467,mutation_eta_04,0.7328710354420526,2,30,ZDT1,9,ok,ZDT1_n30_m2
0.6133248219994257,0.7421230346193053,2000,mutation,53f7e2db75fc8a9d,-0.01457216620162749,0.015910799193388336,ZDT,True,0.5987526557977982,mutation_eta_05,0.724490713515336,2,30,ZDT1,0,ok,ZDT1_n30_m2
0.6683469988108616,0.8086998685611426,2000,mutation,53f7e2db75fc8a9d,-0.1109307584298409,0.08169153882506403,ZDT,True,0.5574162403810207,mutation_eta_05,0.6744736508610352,2,30,ZDT1,1,ok,ZDT1_n30_m2
0.6302458155378253,0.7625974368007687,2000,mutation,53f7e2db75fc8a9d,-0.06370411222920702,0.02156601666726951,ZDT,True,0.5665417033086183,mutation_eta_05,0.6855154610034283,2,30,ZDT1,2,ok,ZDT1_n30_m2
0.6492339800828637,0.7855731159002652,2000,mutation,53f7e2db75fc8a9d,-0.06943509474792109,0.06255196792976189,ZDT,True,0.5797988853349426,mutation_eta_05,0.7015566512552807,2,30,ZDT1,3,ok,ZDT1_n30_m2
0.49544691443345573,0.5994907664644815,2000,mutation,53f7e2db75fc8a9d,-0.03570532566671453,0.012187907708544332,ZDT,True,0.4597415887667412,mutation_eta_05,0.5562873224077569,2,30,ZDT1,4,ok,ZDT1_n30_m2
0.622025356990432,0.7526506819584229,2000,mutation,53f7e2db75fc8a9d,-0.1103429841919148,0.10817984689946658,ZDT,True,0.5116823727985172,mutation_eta_05,0.6191356710862059,2,30,ZDT1,5,ok,ZDT1_n30_m2
0.6313067706747817,0.763881192516486,2000,mutation,53f7e2db75fc8a9d,-0.11582660590867122,0.07895648039327217,ZDT,True,0.5154801647661105,mutation_eta_05,0.6237309993669938,2,30,ZDT1,6,ok,ZDT1_n30_m2
0.6179627885391873,0.7477349741324167,2000,mutation,53f7e2db75fc8a9d,0.0236959998851628,-0.045592268778760325,ZDT,True,0.6416587884243501,mutation_eta_05,0.7764071339934637,2,30,ZDT1,7,ok,ZDT1_n30_m2
0.6183322423961687,0.7481820132993643,2000,mutation,53f7e2db75fc8a9d,-0.1130354977865703,0.10364451612164921,ZDT,True,0.5052967446095984,mutation_eta_05,0.6114090609776142,2,30,ZDT1,8,ok,ZDT1_n30_m2
0.6481317680601063,0.7842394393527288,2000,mutation,53f7e2db75fc8a9d,-0.0838146165242667,0.06311379919765794,ZDT,True,0.5643171515358396,mutation_eta_05,0.682823753358366,2,30,ZDT1,9,ok,ZDT1_n30_m2
0.6133248219994257,0.7421230346193053,2000,crossover,d93e9fbb79951067,-0.05016222072363463,0.046226098039941724,ZDT,True,0.5631626012757911,crossover_prob_01,0.6814267475437074,2,30,ZDT1,0,ok,ZDT1_n30_m2
0.6683469988108616,0.8086998685611426,2000,crossover,d93e9fbb79951067,-0.21919110750094517,0.24523783808350258,ZDT,True,0.4491558913099164,crossover_prob_01,0.543478628484999,2,30,ZDT1,1,ok,ZDT1_n30_m2
0.6302458155378253,0.7625974368007687,2000,crossover,d93e9fbb79951067,-0.06483429883608405,0.024880870297962404,ZDT,True,0.5654115167017413,crossover_prob_01,0.6841479352091071,2,30,ZDT1,2,ok,ZDT1_n30_m2
0.6492339800828637,0.7855731159002652,2000,crossover,d93e9fbb79951067,-0.08579762741224062,0.06342205272037996,ZDT,True,0.5634363526706231,crossover_prob_01,0.681757986731454,2,30,ZDT1,3,ok,ZDT1_n30_m2
0.49544691443345573,0.5994907664644815,2000,crossover,d93e9fbb79951067,0.04225558253775091,-0.13202246900935097,ZDT,True,0.5377024969712066,crossover_prob_01,0.6506200213351602,2,30,ZDT1,4,ok,ZDT1_n30_m2
0.622025356990432,0.7526506819584229,2000,crossover,d93e9fbb79951067,-0.012743716007651562,0.018145727144366616,ZDT,True,0.6092816409827805,crossover_prob_01,0.7372307855891646,2,30,ZDT1,5,ok,ZDT1_n30_m2
0.6313067706747817,0.763881192516486,2000,crossover,d93e9fbb79951067,-0.22888582737045476,0.27793393600185967,ZDT,True,0.40242094330432693,crossover_prob_01,0.4869293413982357,2,30,ZDT1,6,ok,ZDT1_n30_m2
0.6179627885391873,0.7477349741324167,2000,crossover,d93e9fbb79951067,-0.20560002946564804,0.19249885570547304,ZDT,True,0.41236275907353925,crossover_prob_01,0.4989589384789826,2,30,ZDT1,7,ok,ZDT1_n30_m2
0.6183322423961687,0.7481820132993643,2000,crossover,d93e9fbb79951067,-0.022221685843098582,-0.00032884661626242373,ZDT,True,0.5961105565530701,crossover_prob_01,0.721293773429215,2,30,ZDT1,8,ok,ZDT1_n30_m2
0.6481317680601063,0.7842394393527288,2000,crossover,d93e9fbb79951067,-0.3152212408331753,0.289003116750891,ZDT,True,0.332910527226931,crossover_prob_01,0.40282173794458653,2,30,ZDT1,9,ok,ZDT1_n30_m2
0.6133248219994257,0.7421230346193053,2000,crossover,11e75b35e7ed5edb,-0.02036779700317448,0.013842310870063337,ZDT,True,0.5929570249962512,crossover_prob_02,0.7174780002454642,2,30,ZDT1,0,ok,ZDT1_n30_m2
0.6683469988108616,0.8086998685611426,2000,crossover,11e75b35e7ed5edb,-0.08059676939051763,0.0641753490344788,ZDT,True,0.5877502294203439,crossover_prob_02,0.7111777775986162,2,30,ZDT1,1,ok,ZDT1_n30_m2
0.6302458155378253,0.7625974368007687,2000,crossover,11e75b35e7ed5edb,-0.030921397016130725,0.029032895897035116,ZDT,True,0.5993244185216946,crossover_prob_02,0.7251825464112506,2,30,ZDT1,2,ok,ZDT1_n30_m2
0.6492339800828637,0.7855731159002652,2000,crossover,11e75b35e7ed5edb,0.007581944847434019,-0.005510484096952296,ZDT,True,0.6568159249302977,crossover_prob_02,0.7947472691656604,2,30,ZDT1,3,ok,ZDT1_n30_m2
0.49544691443345573,0.5994907664644815,2000,crossover,11e75b35e7ed5edb,0.03842132527834624,-0.07141853168587614,ZDT,True,0.533868239711802,crossover_prob_02,0.6459805700512805,2,30,ZDT1,4,ok,ZDT1_n30_m2
0.622025356990432,0.7526506819584229,2000,crossover,11e75b35e7ed5edb,-0.038527431367347154,0.035619128281909454,ZDT,True,0.5834979256230849,crossover_prob_02,0.7060324900039329,2,30,ZDT1,5,ok,ZDT1_n30_m2
0.6313067706747817,0.763881192516486,2000,crossover,11e75b35e7ed5edb,-0.05915166659212967,0.0727075032964055,ZDT,True,0.572155104082652,crossover_prob_02,0.6923076759400091,2,30,ZDT1,6,ok,ZDT1_n30_m2
0.6179627885391873,0.7477349741324167,2000,crossover,11e75b35e7ed5edb,-0.008443431600980267,-0.023350516596549034,ZDT,True,0.609519356938207,crossover_prob_02,0.7375184218952306,2,30,ZDT1,7,ok,ZDT1_n30_m2
0.6183322423961687,0.7481820132993643,2000,crossover,11e75b35e7ed5edb,-0.015595995138119711,0.03769988787351422,ZDT,True,0.602736247258049,crossover_prob_02,0.7293108591822394,2,30,ZDT1,8,ok,ZDT1_n30_m2
0.6481317680601063,0.7842394393527288,2000,crossover,11e75b35e7ed5edb,-0.07109126255085196,0.06054303076908305,ZDT,True,0.5770405055092543,crossover_prob_02,0.6982190116661978,2,30,ZDT1,9,ok,ZDT1_n30_m2
0.6133248219994257,0.7421230346193053,2000,crossover,1ad865cf201b865c,0.05176011058898666,-0.028512525188463145,ZDT,True,0.6650849325884124,crossover_prob_03,0.8047527684319792,2,30,ZDT1,0,ok,ZDT1_n30_m2
0.6683469988108616,0.8086998685611426,2000,crossover,1ad865cf201b865c,-0.044908297508159056,0.03401435422487973,ZDT,True,0.6234387013027025,crossover_prob_03,0.7543608285762702,2,30,ZDT1,1,ok,ZDT1_n30_m2
0.6302458155378253,0.7625974368007687,2000,crossover,1ad865cf201b865c,0.020755685072707086,-0.05537967102807057,ZDT,True,0.6510015006105324,crossover_prob_03,0.7877118157387444,2,30,ZDT1,2,ok,ZDT1_n30_m2
0.6492339800828637,0.7855731159002652,2000,crossover,1ad865cf201b865c,-0.02950200209003051,0.06084762545669188,ZDT,True,0.6197319779928332,crossover_prob_03,0.7498756933713283,2,30,ZDT1,3,ok,ZDT1_n30_m2
0.49544691443345573,0.5994907664644815,2000,crossover,1ad865cf201b865c,0.0627380833867976,-0.0685986544359781,ZDT,True,0.5581849978202533,crossover_prob_03,0.6754038473625067,2,30,ZDT1,4,ok,ZDT1_n30_m2
0.622025356990432,0.7526506819584229,2000,crossover,1ad865cf201b865c,0.02709174164824668,-0.005484539746512335,ZDT,True,0.6491170986386787,crossover_prob_03,0.7854316893528014,2,30,ZDT1,5,ok,ZDT1_n30_m2
0.6313067706747817,0.763881192516486,2000,crossover,1ad865cf201b865c,-0.07187075851800795,0.10548161644249927,ZDT,True,0.5594360121567737,crossover_prob_03,0.6769175747096963,2,30,ZDT1,6,ok,ZDT1_n30_m2
0.6179627885391873,0.7477349741324167,2000,crossover,1ad865cf201b865c,0.017549153262702344,-0.03804468781767034,ZDT,True,0.6355119418018896,crossover_prob_03,0.7689694495802866,2,30,ZDT1,7,ok,ZDT1_n30_m2
0.6183322423961687,0.7481820132993643,2000,crossover,1ad865cf201b865c,0.012303395647633941,-0.021861218268447405,ZDT,True,0.6306356380438026,crossover_prob_03,0.7630691220330013,2,30,ZDT1,8,ok,ZDT1_n30_m2
0.6481317680601063,0.7842394393527288,2000,crossover,1ad865cf201b865c,-0.0003832559854548556,0.0014676868017372072,ZDT,True,0.6477485120746515,crossover_prob_03,0.7837756996103283,2,30,ZDT1,9,ok,ZDT1_n30_m2
0.6133248219994257,0.7421230346193053,2000,crossover,aa70fdf4b219c24b,0.056862714790676616,-0.04156401105491278,ZDT,True,0.6701875367901023,crossover_eta_01,0.8109269195160239,2,30,ZDT1,0,ok,ZDT1_n30_m2
0.6683469988108616,0.8086998685611426,2000,crossover,aa70fdf4b219c24b,-0.010465733875274275,0.008526215712535298,ZDT,True,0.6578812649355873,crossover_eta_01,0.7960363305720608,2,30,ZDT1,1,ok,ZDT1_n30_m2
0.6302458155378253,0.7625974368007687,2000,crossover,aa70fdf4b219c24b,0.017781416516850612,-0.05091701405932825,ZDT,True,0.6480272320546759,crossover_eta_01,0.7841129507861581,2,30,ZDT1,2,ok,ZDT1_n30_m2
0.6492339800828637,0.7855731159002652,2000,crossover,aa70fdf4b219c24b,-0.022452875467472544,0.05606864249516562,ZDT,True,0.6267811046153912,crossover_eta_01,0.7584051365846234,2,30,ZDT1,3,ok,ZDT1_n30_m2
0.49544691443345573,0.5994907664644815,2000,crossover,aa70fdf4b219c24b,0.15637384449457153,-0.23557705607614615,ZDT,True,0.6518207589280273,crossover_eta_01,0.7887031183029131,2,30,ZDT1,4,ok,ZDT1_n30_m2
0.622025356990432,0.7526506819584229,2000,crossover,aa70fdf4b219c24b,0.06541534245714875,-0.048579099215034435,ZDT,True,0.6874406994475808,crossover_eta_01,0.8318032463315729,2,30,ZDT1,5,ok,ZDT1_n30_m2
0.6313067706747817,0.763881192516486,2000,crossover,aa70fdf4b219c24b,0.03817949396594589,-0.02873457484486617,ZDT,True,0.6694862646407276,crossover_eta_01,0.8100783802152804,2,30,ZDT1,6,ok,ZDT1_n30_m2
0.6179627885391873,0.7477349741324167,2000,crossover,aa70fdf4b219c24b,0.06595822965277853,-0.07617300737756794,ZDT,True,0.6839210181919658,crossover_eta_01,0.8275444320122788,2,30,ZDT1,7,ok,ZDT1_n30_m2
0.6183322423961687,0.7481820132993643,2000,crossover,aa70fdf4b219c24b,0.03232547176168332,-0.03902145734104635,ZDT,True,0.650657714157852,crossover_eta_01,0.787295834131001,2,30,ZDT1,8,ok,ZDT1_n30_m2
0.6481317680601063,0.7842394393527288,2000,crossover,aa70fdf4b219c24b,0.02457163207113544,-0.017146204884631963,ZDT,True,0.6727034001312417,crossover_eta_01,0.8139711141588026,2,30,ZDT1,9,ok,ZDT1_n30_m2
0.6133248219994257,0.7421230346193053,2000,crossover,1102187e177ae5c3,0.02046778182397302,-0.013031044471202693,ZDT,True,0.6337926038233987,crossover_eta_02,0.7668890506263126,2,30,ZDT1,0,ok,ZDT1_n30_m2
0.6683469988108616,0.8086998685611426,2000,crossover,1102187e177ae5c3,-0.042038112749251844,0.031235170128676125,ZDT,True,0.6263088860616097,crossover_eta_02,0.7578337521345478,2,30,ZDT1,1,ok,ZDT1_n30_m2
0.6302458155378253,0.7625974368007687,2000,crossover,1102187e177ae5c3,0.05549220836239854,-0.08028868318519969,ZDT,True,0.6857380239002239,crossover_eta_02,0.829743008919271,2,30,ZDT1,2,ok,ZDT1_n30_m2
0.6492339800828637,0.7855731159002652,2000,crossover,1102187e177ae5c3,-0.00014542056901922784,0.008273441577037292,ZDT,True,0.6490885595138445,crossover_eta_02,0.785397157011752,2,30,ZDT1,3,ok,ZDT1_n30_m2
0.49544691443345573,0.5994907664644815,2000,crossover,1102187e177ae5c3,0.029387914378413205,-0.03423454057402592,ZDT,True,0.5248348288118689,crossover_eta_02,0.6350501428623615,2,30,ZDT1,4,ok,ZDT1_n30_m2
0.622025356990432,0.7526506819584229,2000,crossover,1102187e177ae5c3,0.015051296563804883,0.026138044328225474,ZDT,True,0.6370766535542369,crossover_eta_02,0.7708627508006268,2,30,ZDT1,5,ok,ZDT1_n30_m2
0.6313067706747817,0.763881192516486,2000,crossover,1102187e177ae5c3,0.02614195915123263,-0.012714093484255048,ZDT,True,0.6574487298260143,crossover_eta_02,0.7955129630894774,2,30,ZDT1,6,ok,ZDT1_n30_m2
0.6179627885391873,0.7477349741324167,2000,crossover,1102187e177ae5c3,0.04988799444943992,-0.0651964121968755,ZDT,True,0.6678507829886272,crossover_eta_02,0.8080994474162391,2,30,ZDT1,7,ok,ZDT1_n30_m2
0.6183322423961687,0.7481820132993643,2000,crossover,1102187e177ae5c3,0.02694033062859691,-0.03517167949067359,ZDT,True,0.6452725730247656,crossover_eta_02,0.7807798133599665,2,30,ZDT1,8,ok,ZDT1_n30_m2
0.6481317680601063,0.7842394393527288,2000,crossover,1102187e177ae5c3,0.013819662976090052,-0.009387198791130438,ZDT,True,0.6619514310361964,crossover_eta_02,0.8009612315537977,2,30,ZDT1,9,ok,ZDT1_n30_m2
0.6133248219994257,0.7421230346193053,2000,crossover,22b888f8a68f302e,-0.023912920377692104,0.043624333529790976,ZDT,True,0.5894119016217336,crossover_eta_03,0.7131884009622979,2,30,ZDT1,0,ok,ZDT1_n30_m2
0.6683469988108616,0.8086998685611426,2000,crossover,22b888f8a68f302e,-0.07835653786516206,0.06644869174370721,ZDT,True,0.5899904609456995,crossover_eta_03,0.7138884577442965,2,30,ZDT1,1,ok,ZDT1_n30_m2
0.6302458155378253,0.7625974368007687,2000,crossover,22b888f8a68f302e,-0.022586944770326634,-0.023874700513121558,ZDT,True,0.6076588707674987,crossover_eta_03,0.7352672336286735,2,30,ZDT1,2,ok,ZDT1_n30_m2
0.6492339800828637,0.7855731159002652,2000,crossover,22b888f8a68f302e,-0.010194216731822858,0.015680453414102444,ZDT,True,0.6390397633510408,crossover_eta_03,0.7732381136547596,2,30,ZDT1,3,ok,ZDT1_n30_m2
0.49544691443345573,0.5994907664644815,2000,crossover,22b888f8a68f302e,0.07405619582781536,-0.1321692987959444,ZDT,True,0.5695031102612711,crossover_eta_03,0.6890987634161382,2,30,ZDT1,4,ok,ZDT1_n30_m2
0.622025356990432,0.7526506819584229,2000,crossover,22b888f8a68f302e,0.011524351266291588,-0.0006465358603441052,ZDT,True,0.6335497082567236,crossover_eta_03,0.7665951469906357,2,30,ZDT1,5,ok,ZDT1_n30_m2
0.6313067706747817,0.763881192516486,2000,crossover,22b888f8a68f302e,-0.03427379755288518,0.04103422481275969,ZDT,True,0.5970329731218965,crossover_eta_03,0.7224098974774948,2,30,ZDT1,6,ok,ZDT1_n30_m2
0.6179627885391873,0.7477349741324167,2000,crossover,22b888f8a68f302e,-0.06469689499018416,0.12762894570692362,ZDT,True,0.5532658935490031,crossover_eta_03,0.6694517311942939,2,30,ZDT1,7,ok,ZDT1_n30_m2
0.6183322423961687,0.7481820132993643,2000,crossover,22b888f8a68f302e,0.02724549509485441,-0.0362012023886657,ZDT,True,0.6455777374910231,crossover_eta_03,0.7811490623641381,2,30,ZDT1,8,ok,ZDT1_n30_m2
0.6481317680601063,0.7842394393527288,2000,crossover,22b888f8a68f302e,-0.007106752014995998,0.00432053508673394,ZDT,True,0.6410250160451103,crossover_eta_03,0.7756402694145836,2,30,ZDT1,9,ok,ZDT1_n30_m2
0.6133248219994257,0.7421230346193053,2000,crossover,1c114cf0d1f97dff,-0.09164195854779922,0.06877612516122296,ZDT,True,0.5216828634516265,crossover_eta_04,0.6312362647764682,2,30,ZDT1,0,ok,ZDT1_n30_m2
0.6683469988108616,0.8086998685611426,2000,crossover,1c114cf0d1f97dff,-0.07881159788219161,0.08235245321715837,ZDT,True,0.58953540092867,crossover_eta_04,0.7133378351236908,2,30,ZDT1,1,ok,ZDT1_n30_m2
0.6302458155378253,0.7625974368007687,2000,crossover,1c114cf0d1f97dff,-0.029140225895229244,-0.017213111230447775,ZDT,True,0.6011055896425961,crossover_eta_04,0.7273377634675414,2,30,ZDT1,2,ok,ZDT1_n30_m2
0.6492339800828637,0.7855731159002652,2000,crossover,1c114cf0d1f97dff,-0.06264531716443544,0.0684089339160889,ZDT,True,0.5865886629184283,crossover_eta_04,0.7097722821312983,2,30,ZDT1,3,ok,ZDT1_n30_m2
0.49544691443345573,0.5994907664644815,2000,crossover,1c114cf0d1f97dff,0.10040880976316752,-0.17786803322550282,ZDT,True,0.5958557241966232,crossover_eta_04,0.7209854262779143,2,30,ZDT1,4,ok,ZDT1_n30_m2
0.622025356990432,0.7526506819584229,2000,crossover,1c114cf0d1f97dff,0.01444632589986461,-0.004105862747019712,ZDT,True,0.6364716828902967,crossover_eta_04,0.770130736297259,2,30,ZDT1,5,ok,ZDT1_n30_m2
0.6313067706747817,0.763881192516486,2000,crossover,1c114cf0d1f97dff,-0.07084871603744591,0.06460498023792934,ZDT,True,0.5604580546373358,crossover_eta_04,0.6781542461111764,2,30,ZDT1,6,ok,ZDT1_n30_m2
0.6179627885391873,0.7477349741324167,2000,crossover,1c114cf0d1f97dff,0.0004126158890577214,-0.029659059457954634,ZDT,True,0.618375404428245,crossover_eta_04,0.7482342393581766,2,30,ZDT1,7,ok,ZDT1_n30_m2
0.6183322423961687,0.7481820132993643,2000,crossover,1c114cf0d1f97dff,-0.061765323337267364,0.022342883827897217,ZDT,True,0.5565669190589013,crossover_eta_04,0.6734459720612707,2,30,ZDT1,8,ok,ZDT1_n30_m2
0.6481317680601063,0.7842394393527288,2000,crossover,1c114cf0d1f97dff,-0.05207127318439253,0.052937751776464335,ZDT,True,0.5960604948757138,crossover_eta_04,0.7212331987996138,2,30,ZDT1,9,ok,ZDT1_n30_m2
0.6133248219994257,0.7421230346193053,2000,selection,bd60d6dedaa940bc,-0.017934767122369855,0.05921790175965004,ZDT,True,0.5953900548770559,selection_tournament_01,0.7204219664012377,2,30,ZDT1,0,ok,ZDT1_n30_m2
0.6683469988108616,0.8086998685611426,2000,selection,bd60d6dedaa940bc,-0.06795453894457149,0.05317042690127443,ZDT,True,0.6003924598662901,selection_tournament_01,0.7264748764382111,2,30,ZDT1,1,ok,ZDT1_n30_m2
0.6302458155378253,0.7625974368007687,2000,selection,bd60d6dedaa940bc,-0.008295346085294253,-0.032977721606639865,ZDT,True,0.6219504694525311,selection_tournament_01,0.7525600680375627,2,30,ZDT1,2,ok,ZDT1_n30_m2
0.6492339800828637,0.7855731159002652,2000,selection,bd60d6dedaa940bc,-0.0035456589943363426,0.023285512450029647,ZDT,True,0.6456883210885274,selection_tournament_01,0.7812828685171183,2,30,ZDT1,3,ok,ZDT1_n30_m2
0.49544691443345573,0.5994907664644815,2000,selection,bd60d6dedaa940bc,0.14500560692838588,-0.22831768009046477,ZDT,True,0.6404525213618416,selection_tournament_01,0.7749475508478284,2,30,ZDT1,4,ok,ZDT1_n30_m2
0.622025356990432,0.7526506819584229,2000,selection,bd60d6dedaa940bc,0.026738453658009198,-0.004522100853172326,ZDT,True,0.6487638106484412,selection_tournament_01,0.785004210884614,2,30,ZDT1,5,ok,ZDT1_n30_m2
0.6313067706747817,0.763881192516486,2000,selection,bd60d6dedaa940bc,-0.023570184402786576,0.019544336406825222,ZDT,True,0.6077365862719951,selection_tournament_01,0.7353612693891142,2,30,ZDT1,6,ok,ZDT1_n30_m2
0.6179627885391873,0.7477349741324167,2000,selection,bd60d6dedaa940bc,-0.005326754551484125,-0.023833215095460006,ZDT,True,0.6126360339877032,selection_tournament_01,0.741289601125121,2,30,ZDT1,7,ok,ZDT1_n30_m2
0.6183322423961687,0.7481820132993643,2000,selection,bd60d6dedaa940bc,0.002942222929100291,-0.017893553146322197,ZDT,True,0.621274465325269,selection_tournament_01,0.7517421030435756,2,30,ZDT1,8,ok,ZDT1_n30_m2
0.6481317680601063,0.7842394393527288,2000,selection,bd60d6dedaa940bc,-0.07384743611119271,0.0657412236620249,ZDT,True,0.5742843319489136,selection_tournament_01,0.6948840416581855,2,30,ZDT1,9,ok,ZDT1_n30_m2
0.6133248219994257,0.7421230346193053,2000,selection,571a8f6f377d2068,0.06016490514360662,-0.043109228696915955,ZDT,True,0.6734897271430323,selection_tournament_02,0.8149225698430693,2,30,ZDT1,0,ok,ZDT1_n30_m2
0.6683469988108616,0.8086998685611426,2000,selection,571a8f6f377d2068,-0.02002176328582772,0.014657146831235972,ZDT,True,0.6483252355250338,selection_tournament_02,0.784473534985291,2,30,ZDT1,1,ok,ZDT1_n30_m2
0.6302458155378253,0.7625974368007687,2000,selection,571a8f6f377d2068,0.022132450258304348,-0.04308834020643969,ZDT,True,0.6523782657961297,selection_tournament_02,0.789377701613317,2,30,ZDT1,2,ok,ZDT1_n30_m2
0.6492339800828637,0.7855731159002652,2000,selection,571a8f6f377d2068,-0.09438475108951272,0.13133281653516554,ZDT,True,0.554849228993351,selection_tournament_02,0.6713675670819548,2,30,ZDT1,3,ok,ZDT1_n30_m2
0.49544691443345573,0.5994907664644815,2000,selection,571a8f6f377d2068,0.05443271980256875,-0.06908189417922603,ZDT,True,0.5498796342360245,selection_tournament_02,0.6653543574255898,2,30,ZDT1,4,ok,ZDT1_n30_m2
0.622025356990432,0.7526506819584229,2000,selection,571a8f6f377d2068,0.04754055486861253,-0.03404685451906193,ZDT,True,0.6695659118590446,selection_tournament_02,0.810174753349444,2,30,ZDT1,5,ok,ZDT1_n30_m2
0.6313067706747817,0.763881192516486,2000,selection,571a8f6f377d2068,-0.005931091766519847,0.0064748768926229106,ZDT,True,0.6253756789082618,selection_tournament_02,0.756704571478997,2,30,ZDT1,6,ok,ZDT1_n30_m2
0.6179627885391873,0.7477349741324167,2000,selection,571a8f6f377d2068,-0.06123514748814474,0.04955493162194567,ZDT,True,0.5567276410510426,selection_tournament_02,0.6736404456717616,2,30,ZDT1,7,ok,ZDT1_n30_m2
0.6183322423961687,0.7481820132993643,2000,selection,571a8f6f377d2068,-0.08875393170033075,0.133980410398796,ZDT,True,0.5295783106958379,selection_tournament_02,0.640789755941964,2,30,ZDT1,8,ok,ZDT1_n30_m2
0.6481317680601063,0.7842394393527288,2000,selection,571a8f6f377d2068,-0.022332315896022914,0.01835402935676963,ZDT,True,0.6257994521640834,selection_tournament_02,0.757217337118541,2,30,ZDT1,9,ok,ZDT1_n30_m2
0.6133248219994257,0.7421230346193053,2000,selection,bafd790bb47eae66,-0.14273011449143264,0.1939822865161681,ZDT,True,0.4705947075079931,selection_tournament_03,0.5694195960846717,2,30,ZDT1,0,ok,ZDT1_n30_m2
0.6683469988108616,0.8086998685611426,2000,selection,bafd790bb47eae66,-0.07982293205296698,0.08552499613981562,ZDT,True,0.5885240667578946,selection_tournament_03,0.7121141207770526,2,30,ZDT1,1,ok,ZDT1_n30_m2
0.6302458155378253,0.7625974368007687,2000,selection,bafd790bb47eae66,-0.05780709262352601,0.0061957735476723536,ZDT,True,0.5724387229142993,selection_tournament_03,0.6926508547263023,2,30,ZDT1,2,ok,ZDT1_n30_m2
0.6492339800828637,0.7855731159002652,2000,selection,bafd790bb47eae66,-0.10328116100252827,0.10990935583512897,ZDT,True,0.5459528190803354,selection_tournament_03,0.6606029110872059,2,30,ZDT1,3,ok,ZDT1_n30_m2
0.49544691443345573,0.5994907664644815,2000,selection,bafd790bb47eae66,0.118593022193966,-0.19636666433248084,ZDT,True,0.6140399366274217,selection_tournament_03,0.7429883233191804,2,30,ZDT1,4,ok,ZDT1_n30_m2
0.622025356990432,0.7526506819584229,2000,selection,bafd790bb47eae66,-0.042083485093906026,0.0987914574154937,ZDT,True,0.579941871896526,selection_tournament_03,0.7017296649947966,2,30,ZDT1,5,ok,ZDT1_n30_m2
0.6313067706747817,0.763881192516486,2000,selection,bafd790bb47eae66,-0.06494799352227776,0.0517886544775787,ZDT,True,0.5663587771525039,selection_tournament_03,0.6852941203545299,2,30,ZDT1,6,ok,ZDT1_n30_m2
0.6179627885391873,0.7477349741324167,2000,selection,bafd790bb47eae66,0.024339318020765055,-0.04704591097661849,ZDT,True,0.6423021065599523,selection_tournament_03,0.7771855489375424,2,30,ZDT1,7,ok,ZDT1_n30_m2
0.6183322423961687,0.7481820132993643,2000,selection,bafd790bb47eae66,-0.012600863280815666,-0.004914724249757585,ZDT,True,0.605731379115353,selection_tournament_03,0.7329349687295773,2,30,ZDT1,8,ok,ZDT1_n30_m2
0.6481317680601063,0.7842394393527288,2000,selection,bafd790bb47eae66,-0.015936290040807877,0.01364049858054129,ZDT,True,0.6321954780192984,selection_tournament_03,0.7649565284033512,2,30,ZDT1,9,ok,ZDT1_n30_m2
0.2614182949396597,0.31631613687698823,2000,mutation,7707ce03d7f2eb61,-0.21805140215162613,0.48631757686734517,ZDT,True,0.04336689278803355,mutation_prob_01,0.052473940273520606,2,30,ZDT2,0,ok,ZDT2_n30_m2
0.01985422462605431,0.02402361179752572,2000,mutation,7707ce03d7f2eb61,0.3135145715000377,-0.5502354376053258,ZDT,True,0.333368796126092,mutation_prob_01,0.4033762433125714,2,30,ZDT2,1,ok,ZDT2_n30_m2
0.2930955911551741,0.3546456652977607,2000,mutation,7707ce03d7f2eb61,0.018406613464644506,-0.0020849057382916897,ZDT,True,0.3115022046198186,mutation_prob_01,0.3769176675899805,2,30,ZDT2,2,ok,ZDT2_n30_m2
0.03585293135319934,0.04338204693737121,2000,mutation,7707ce03d7f2eb61,0.05745381189252902,-0.2040214665414753,ZDT,True,0.09330674324572837,mutation_prob_01,0.11290115932733134,2,30,ZDT2,3,ok,ZDT2_n30_m2
0.061595878384112186,0.07453101284477576,2000,mutation,7707ce03d7f2eb61,0.011363537319546195,-0.08382773837224111,ZDT,True,0.07295941570365838,mutation_prob_01,0.08828089300142665,2,30,ZDT2,4,ok,ZDT2_n30_m2
0.05399049299298128,0.06532849652150736,2000,mutation,7707ce03d7f2eb61,0.038351216133702265,-0.17290775474118553,ZDT,True,0.09234170912668355,mutation_prob_01,0.11173346804328711,2,30,ZDT2,5,ok,ZDT2_n30_m2
0.0,0.0,2000,mutation,7707ce03d7f2eb61,0.0483128389942124,0.0782946868192298,ZDT,True,0.0483128389942124,mutation_prob_01,0.05845853518299701,2,30,ZDT2,6,ok,ZDT2_n30_m2
0.06509046731180927,0.07875946544728923,2000,mutation,7707ce03d7f2eb61,0.1779225343181744,-0.3924491163019834,ZDT,True,0.24301300162998368,mutation_prob_01,0.2940457319722803,2,30,ZDT2,7,ok,ZDT2_n30_m2
0.0,0.0,2000,mutation,7707ce03d7f2eb61,0.0,-0.021575306980977427,ZDT,True,0.0,mutation_prob_01,0.0,2,30,ZDT2,8,ok,ZDT2_n30_m2
0.2685766529665683,0.3249777500895477,2000,mutation,7707ce03d7f2eb61,-0.1993776793339403,0.46469348551015865,ZDT,True,0.069198973632628,mutation_prob_01,0.08373075809547989,2,30,ZDT2,9,ok,ZDT2_n30_m2
0.2614182949396597,0.31631613687698823,2000,mutation,80d92e737ef3e8f7,0.11112617021228255,-0.10173004605341729,ZDT,True,0.37254446515194223,mutation_prob_02,0.4507788028338502,2,30,ZDT2,0,ok,ZDT2_n30_m2
0.01985422462605431,0.02402361179752572,2000,mutation,80d92e737ef3e8f7,0.0944600981692248,-0.25353694287935874,ZDT,True,0.1143143227952791,mutation_prob_02,0.13832033058228774,2,30,ZDT2,1,ok,ZDT2_n30_m2
0.2930955911551741,0.3546456652977607,2000,mutation,80d92e737ef3e8f7,0.06276437532917345,-0.04199515944088131,ZDT,True,0.35585996648434753,mutation_prob_02,0.43059055944606056,2,30,ZDT2,2,ok,ZDT2_n30_m2
0.03585293135319934,0.04338204693737121,2000,mutation,80d92e737ef3e8f7,0.03512832179091773,-0.021189228972390395,ZDT,True,0.07098125314411707,mutation_prob_02,0.08588731630438168,2,30,ZDT2,3,ok,ZDT2_n30_m2
0.061595878384112186,0.07453101284477576,2000,mutation,80d92e737ef3e8f7,0.019042514500428896,-0.12486150012080577,ZDT,True,0.08063839288454108,mutation_prob_02,0.09757245539029473,2,30,ZDT2,4,ok,ZDT2_n30_m2
0.05399049299298128,0.06532849652150736,2000,mutation,80d92e737ef3e8f7,0.026976039519577666,-0.015168614206324427,ZDT,True,0.08096653251255895,mutation_prob_02,0.09796950434019634,2,30,ZDT2,5,ok,ZDT2_n30_m2
0.0,0.0,2000,mutation,80d92e737ef3e8f7,0.16171517469882124,-0.24618118952784818,ZDT,True,0.16171517469882124,mutation_prob_02,0.19567536138557373,2,30,ZDT2,6,ok,ZDT2_n30_m2
0.06509046731180927,0.07875946544728923,2000,mutation,80d92e737ef3e8f7,-0.011757417937280239,0.08999455752644969,ZDT,True,0.05333304937452903,mutation_prob_02,0.06453298974318014,2,30,ZDT2,7,ok,ZDT2_n30_m2
0.0,0.0,2000,mutation,80d92e737ef3e8f7,0.1409629245835439,-0.3419466847796331,ZDT,True,0.1409629245835439,mutation_prob_02,0.17056513874608814,2,30,ZDT2,8,ok,ZDT2_n30_m2
0.2685766529665683,0.3249777500895477,2000,mutation,80d92e737ef3e8f7,-0.21159194289889555,0.47174412008954525,ZDT,True,0.05698471006767276,mutation_prob_02,0.06895149918188405,2,30,ZDT2,9,ok,ZDT2_n30_m2
0.2614182949396597,0.31631613687698823,2000,mutation,33542aaab26fab56,-0.048499451437387375,0.07334816912722905,ZDT,True,0.2129188435022723,mutation_prob_03,0.25763180063774954,2,30,ZDT2,0,ok,ZDT2_n30_m2
0.01985422462605431,0.02402361179752572,2000,mutation,33542aaab26fab56,0.07510551658735863,-0.15675044117599574,ZDT,True,0.09495974121341294,mutation_prob_03,0.11490128686822967,2,30,ZDT2,1,ok,ZDT2_n30_m2
0.2930955911551741,0.3546456652977607,2000,mutation,33542aaab26fab56,-0.19761400943511565,0.35607431662764893,ZDT,True,0.09548158172005843,mutation_prob_03,0.1155327138812707,2,30,ZDT2,2,ok,ZDT2_n30_m2
0.03585293135319934,0.04338204693737121,2000,mutation,33542aaab26fab56,0.04176194290684986,-0.024770519819584336,ZDT,True,0.0776148742600492,mutation_prob_03,0.09391399785465955,2,30,ZDT2,3,ok,ZDT2_n30_m2
0.061595878384112186,0.07453101284477576,2000,mutation,33542aaab26fab56,0.022788324190484315,-0.012377856937189402,ZDT,True,0.0843842025745965,mutation_prob_03,0.10210488511526178,2,30,ZDT2,4,ok,ZDT2_n30_m2
0.05399049299298128,0.06532849652150736,2000,mutation,33542aaab26fab56,0.1296830514514535,-0.3546549399875722,ZDT,True,0.1836735444444348,mutation_prob_03,0.22224498877776613,2,30,ZDT2,5,ok,ZDT2_n30_m2
0.0,0.0,2000,mutation,33542aaab26fab56,0.0736514652657317,0.017437945333639848,ZDT,True,0.0736514652657317,mutation_prob_03,0.08911827297153538,2,30,ZDT2,6,ok,ZDT2_n30_m2
0.06509046731180927,0.07875946544728923,2000,mutation,33542aaab26fab56,0.04832981324036613,-0.14198360975539265,ZDT,True,0.1134202805521754,mutation_prob_03,0.13723853946813225,2,30,ZDT2,7,ok,ZDT2_n30_m2
0.0,0.0,2000,mutation,33542aaab26fab56,0.08676165036285312,-0.17193993662245455,ZDT,True,0.08676165036285312,mutation_prob_03,0.10498159693905229,2,30,ZDT2,8,ok,ZDT2_n30_m2
0.2685766529665683,0.3249777500895477,2000,mutation,33542aaab26fab56,-0.1895056470253662,0.4593596254224116,ZDT,True,0.07907100594120207,mutation_prob_03,0.09567591718885453,2,30,ZDT2,9,ok,ZDT2_n30_m2
0.2614182949396597,0.31631613687698823,2000,mutation,34fd5aaf5d82aff1,-0.1954793876089757,0.38289342496777706,ZDT,True,0.06593890733068397,mutation_prob_04,0.07978607787012762,2,30,ZDT2,0,ok,ZDT2_n30_m2
0.01985422462605431,0.02402361179752572,2000,mutation,34fd5aaf5d82aff1,0.038422333682644895,-0.09504295714142152,ZDT,True,0.058276558308699204,mutation_prob_04,0.07051463555352605,2,30,ZDT2,1,ok,ZDT2_n30_m2
0.2930955911551741,0.3546456652977607,2000,mutation,34fd5aaf5d82aff1,-0.17814557760886945,0.29908270538438897,ZDT,True,0.11495001354630463,mutation_prob_04,0.13908951639102862,2,30,ZDT2,2,ok,ZDT2_n30_m2
0.03585293135319934,0.04338204693737121,2000,mutation,34fd5aaf5d82aff1,0.21650083794252262,-0.4585479302433742,ZDT,True,0.25235376929572195,mutation_prob_04,0.3053480608478236,2,30,ZDT2,3,ok,ZDT2_n30_m2
0.061595878384112186,0.07453101284477576,2000,mutation,34fd5aaf5d82aff1,0.04764333711501156,-0.23079722020839083,ZDT,True,0.10923921549912374,mutation_prob_04,0.13217945075393975,2,30,ZDT2,4,ok,ZDT2_n30_m2
0.05399049299298128,0.06532849652150736,2000,mutation,34fd5aaf5d82aff1,0.2801439122129261,-0.5439037906374865,ZDT,True,0.3341344052059074,mutation_prob_04,0.40430263029914804,2,30,ZDT2,5,ok,ZDT2_n30_m2
0.0,0.0,2000,mutation,34fd5aaf5d82aff1,0.076285220511057,-0.026181299168987482,ZDT,True,0.076285220511057,mutation_prob_04,0.09230511681837898,2,30,ZDT2,6,ok,ZDT2_n30_m2
0.06509046731180927,0.07875946544728923,2000,mutation,34fd5aaf5d82aff1,0.05753117140998584,-0.2020811750896489,ZDT,True,0.12262163872179511,mutation_prob_04,0.14837218285337211,2,30,ZDT2,7,ok,ZDT2_n30_m2
0.0,0.0,2000,mutation,34fd5aaf5d82aff1,0.061640451441934786,-0.06941389334116299,ZDT,True,0.061640451441934786,mutation_prob_04,0.0745849462447411,2,30,ZDT2,8,ok,ZDT2_n30_m2
0.2685766529665683,0.3249777500895477,2000,mutation,34fd5aaf5d82aff1,-0.16466212505304592,0.23049763579472524,ZDT,True,0.10391452791352238,mutation_prob_04,0.1257365787753621,2,30,ZDT2,9,ok,ZDT2_n30_m2
0.2614182949396597,0.31631613687698823,2000,mutation,08e6cd529d74cf58,-0.2235592154369097,0.4898231150427282,ZDT,True,0.03785907950274996,mutation_prob_05,0.045809486198327455,2,30,ZDT2,0,ok,ZDT2_n30_m2
0.01985422462605431,0.02402361179752572,2000,mutation,08e6cd529d74cf58,0.017396409666067474,-0.07081238360060882,ZDT,True,0.03725063429212178,mutation_prob_05,0.045073267493467364,2,30,ZDT2,1,ok,ZDT2_n30_m2
0.2930955911551741,0.3546456652977607,2000,mutation,08e6cd529d74cf58,-0.2747291255430233,0.5463489382255498,ZDT,True,0.018366465612150794,mutation_prob_05,0.022223423390702466,2,30,ZDT2,2,ok,ZDT2_n30_m2
0.03585293135319934,0.04338204693737121,2000,mutation,08e6cd529d74cf58,0.04572548152778858,-0.29195705451937065,ZDT,True,0.08157841288098792,mutation_prob_05,0.0987098795859954,2,30,ZDT2,3,ok,ZDT2_n30_m2
0.061595878384112186,0.07453101284477576,2000,mutation,08e6cd529d74cf58,-0.03572931999075131,-0.09690548296570078,ZDT,True,0.025866558393360876,mutation_prob_05,0.031298535655966665,2,30,ZDT2,4,ok,ZDT2_n30_m2
0.05399049299298128,0.06532849652150736,2000,mutation,08e6cd529d74cf58,-0.0006379083412784217,0.00036019706181167344,ZDT,True,0.05335258465170286,mutation_prob_05,0.06455662742856047,2,30,ZDT2,5,ok,ZDT2_n30_m2
0.0,0.0,2000,mutation,08e6cd529d74cf58,0.0861657189458682,-0.1826978034153613,ZDT,True,0.0861657189458682,mutation_prob_05,0.10426051992450054,2,30,ZDT2,6,ok,ZDT2_n30_m2
0.06509046731180927,0.07875946544728923,2000,mutation,08e6cd529d74cf58,-0.053324664171843575,0.10732373965853303,ZDT,True,0.011765803139965699,mutation_prob_05,0.014236621799358497,2,30,ZDT2,7,ok,ZDT2_n30_m2
0.0,0.0,2000,mutation,08e6cd529d74cf58,0.02950969666873452,-0.09421178634789718,ZDT,True,0.02950969666873452,mutation_prob_05,0.03570673296916878,2,30,ZDT2,8,ok,ZDT2_n30_m2
0.2685766529665683,0.3249777500895477,2000,mutation,08e6cd529d74cf58,-0.1415062846188455,0.1473201163180761,ZDT,True,0.12707036834772278,mutation_prob_05,0.15375514570074458,2,30,ZDT2,9,ok,ZDT2_n30_m2
0.2614182949396597,0.31631613687698823,2000,mutation,e43c8fc8f92a03a9,0.09690265291326844,-0.0934874406593459,ZDT,True,0.3583209478529281,mutation_eta_01,0.4335683469020431,2,30,ZDT2,0,ok,ZDT2_n30_m2
0.01985422462605431,0.02402361179752572,2000,mutation,e43c8fc8f92a03a9,0.2892433155572571,-0.5545749728549123,ZDT,True,0.30909754018331137,mutation_eta_01,0.3740080236218068,2,30,ZDT2,1,ok,ZDT2_n30_m2
0.2930955911551741,0.3546456652977607,2000,mutation,e43c8fc8f92a03a9,0.04476418232747342,-0.031164102312722333,ZDT,True,0.3378597734826475,mutation_eta_01,0.40881032591400357,2,30,ZDT2,2,ok,ZDT2_n30_m2
0.03585293135319934,0.04338204693737121,2000,mutation,e43c8fc8f92a03a9,0.2800467298334506,-0.5520188523559105,ZDT,True,0.3158996611866499,mutation_eta_01,0.3822385900358464,2,30,ZDT2,3,ok,ZDT2_n30_m2
0.061595878384112186,0.07453101284477576,2000,mutation,e43c8fc8f92a03a9,0.1114981487402267,-0.36153336133168046,ZDT,True,0.17309402712433888,mutation_eta_01,0.2094437728204501,2,30,ZDT2,4,ok,ZDT2_n30_m2
0.05399049299298128,0.06532849652150736,2000,mutation,e43c8fc8f92a03a9,0.2446393652337517,-0.5224333911622813,ZDT,True,0.298629858226733,mutation_eta_01,0.361342128454347,2,30,ZDT2,5,ok,ZDT2_n30_m2
0.0,0.0,2000,mutation,e43c8fc8f92a03a9,0.19006725703333946,-0.3079145865360238,ZDT,True,0.19006725703333946,mutation_eta_01,0.22998138101034077,2,30,ZDT2,6,ok,ZDT2_n30_m2
0.06509046731180927,0.07875946544728923,2000,mutation,e43c8fc8f92a03a9,0.2233274439031363,-0.43038335499297775,ZDT,True,0.2884179112149456,mutation_eta_01,0.3489856725700842,2,30,ZDT2,7,ok,ZDT2_n30_m2
0.0,0.0,2000,mutation,e43c8fc8f92a03a9,0.32001481495882483,-0.5972835162339131,ZDT,True,0.32001481495882483,mutation_eta_01,0.38721792610017813,2,30,ZDT2,8,ok,ZDT2_n30_m2
0.2685766529665683,0.3249777500895477,2000,mutation,e43c8fc8f92a03a9,0.046095016955378876,-0.06787940668088345,ZDT,True,0.3146716699219472,mutation_eta_01,0.38075272060555615,2,30,ZDT2,9,ok,ZDT2_n30_m2
0.2614182949396597,0.31631613687698823,2000,mutation,7726c0a2e58f571d,0.05671878268267633,-0.06241441688810641,ZDT,True,0.318137077622336,mutation_eta_02,0.38494586392302665,2,30,ZDT2,0,ok,ZDT2_n30_m2
0.01985422462605431,0.02402361179752572,2000,mutation,7726c0a2e58f571d,0.2293499376092185,-0.494805255630838,ZDT,True,0.2492041622352728,mutation_eta_02,0.30153703630468015,2,30,ZDT2,1,ok,ZDT2_n30_m2
0.2930955911551741,0.3546456652977607,2000,mutation,7726c0a2e58f571d,-0.10742161504624853,0.13260553332097744,ZDT,True,0.18567397610892555,mutation_eta_02,0.22466551109179997,2,30,ZDT2,2,ok,ZDT2_n30_m2
0.03585293135319934,0.04338204693737121,2000,mutation,7726c0a2e58f571d,0.16633630032953767,-0.4092724727565342,ZDT,True,0.202189231682737,mutation_eta_02,0.2446489703361118,2,30,ZDT2,3,ok,ZDT2_n30_m2
0.061595878384112186,0.07453101284477576,2000,mutation,7726c0a2e58f571d,0.13216116484348053,-0.38293095153748785,ZDT,True,0.1937570432275927,mutation_eta_02,0.23444602230538722,2,30,ZDT2,4,ok,ZDT2_n30_m2
0.05399049299298128,0.06532849652150736,2000,mutation,7726c0a2e58f571d,0.267910014066168,-0.5481497565499797,ZDT,True,0.3219005070591493,mutation_eta_02,0.3894996135415707,2,30,ZDT2,5,ok,ZDT2_n30_m2
0.0,0.0,2000,mutation,7726c0a2e58f571d,0.13980628971495435,-0.23013189731177713,ZDT,True,0.13980628971495435,mutation_eta_02,0.1691656105550948,2,30,ZDT2,6,ok,ZDT2_n30_m2
0.06509046731180927,0.07875946544728923,2000,mutation,7726c0a2e58f571d,0.07376535206715261,-0.20489086462552475,ZDT,True,0.13885581937896188,mutation_eta_02,0.16801554144854391,2,30,ZDT2,7,ok,ZDT2_n30_m2
0.0,0.0,2000,mutation,7726c0a2e58f571d,0.11564252557381773,-0.30324869434992724,ZDT,True,0.11564252557381773,mutation_eta_02,0.13992745594431946,2,30,ZDT2,8,ok,ZDT2_n30_m2
0.2685766529665683,0.3249777500895477,2000,mutation,7726c0a2e58f571d,-0.1301209940881676,0.16989453818682734,ZDT,True,0.1384556588784007,mutation_eta_02,0.16753134724286486,2,30,ZDT2,9,ok,ZDT2_n30_m2
0.2614182949396597,0.31631613687698823,2000,mutation,90af9584863cf5a9,-0.23402355683530604,0.3803725330737922,ZDT,True,0.02739473810435364,mutation_eta_03,0.03314763310626791,2,30,ZDT2,0,ok,ZDT2_n30_m2
0.01985422462605431,0.02402361179752572,2000,mutation,90af9584863cf5a9,0.13342781438183393,-0.36556039305296084,ZDT,True,0.15328203900788825,mutation_eta_03,0.18547126719954482,2,30,ZDT2,1,ok,ZDT2_n30_m2
0.2930955911551741,0.3546456652977607,2000,mutation,90af9584863cf5a9,0.04760040530214771,-0.03075649504477851,ZDT,True,0.3406959964573218,mutation_eta_03,0.4122421557133594,2,30,ZDT2,2,ok,ZDT2_n30_m2
0.03585293135319934,0.04338204693737121,2000,mutation,90af9584863cf5a9,0.0019568365888217587,-0.11802622399670393,ZDT,True,0.0378097679420211,mutation_eta_03,0.04574981920984554,2,30,ZDT2,3,ok,ZDT2_n30_m2
0.061595878384112186,0.07453101284477576,2000,mutation,90af9584863cf5a9,0.25975037623416697,-0.5228471644305831,ZDT,True,0.32134625461827915,mutation_eta_03,0.38882896808811784,2,30,ZDT2,4,ok,ZDT2_n30_m2
0.05399049299298128,0.06532849652150736,2000,mutation,90af9584863cf5a9,-0.034938581629208335,0.022515817573516506,ZDT,True,0.019051911363772947,mutation_eta_03,0.02305281275016527,2,30,ZDT2,5,ok,ZDT2_n30_m2
0.0,0.0,2000,mutation,90af9584863cf5a9,0.009009620863868592,0.10426765836442908,ZDT,True,0.009009620863868592,mutation_eta_03,0.010901641245280999,2,30,ZDT2,6,ok,ZDT2_n30_m2
0.06509046731180927,0.07875946544728923,2000,mutation,90af9584863cf5a9,-0.018058034482185403,0.09385912499853954,ZDT,True,0.04703243282962387,mutation_eta_03,0.05690924372384489,2,30,ZDT2,7,ok,ZDT2_n30_m2
0.0,0.0,2000,mutation,90af9584863cf5a9,0.0324118047791004,-0.051284355814042115,ZDT,True,0.0324118047791004,mutation_eta_03,0.039218283782711486,2,30,ZDT2,8,ok,ZDT2_n30_m2
0.2685766529665683,0.3249777500895477,2000,mutation,90af9584863cf5a9,0.042869663843836836,-0.0674244213354576,ZDT,True,0.31144631681040513,mutation_eta_03,0.3768500433405903,2,30,ZDT2,9,ok,ZDT2_n30_m2
0.2614182949396597,0.31631613687698823,2000,mutation,6a3fac5935dcfaca,-0.21399665016689542,0.4837823925166301,ZDT,True,0.047421644772764254,mutation_eta_04,0.057380190175044754,2,30,ZDT2,0,ok,ZDT2_n30_m2
0.01985422462605431,0.02402361179752572,2000,mutation,6a3fac5935dcfaca,0.0017000158404465414,-0.0011518392043009529,ZDT,True,0.02155424046650085,mutation_eta_04,0.026080630964466035,2,30,ZDT2,1,ok,ZDT2_n30_m2
0.2930955911551741,0.3546456652977607,2000,mutation,6a3fac5935dcfaca,-0.06685994346823132,0.06455130620377317,ZDT,True,0.22623564768694276,mutation_eta_04,0.2737451337012008,2,30,ZDT2,2,ok,ZDT2_n30_m2
0.03585293135319934,0.04338204693737121,2000,mutation,6a3fac5935dcfaca,0.12991873447770452,-0.38245703771710116,ZDT,True,0.16577166583090386,mutation_eta_04,0.2005837156553937,2,30,ZDT2,3,ok,ZDT2_n30_m2
0.061595878384112186,0.07453101284477576,2000,mutation,6a3fac5935dcfaca,-0.012512643281652906,0.007502481445923248,ZDT,True,0.04908323510245928,mutation_eta_04,0.05939071447397574,2,30,ZDT2,4,ok,ZDT2_n30_m2
0.05399049299298128,0.06532849652150736,2000,mutation,6a3fac5935dcfaca,-0.05399049299298128,0.0464047279596983,ZDT,True,0.0,mutation_eta_04,0.0,2,30,ZDT2,5,ok,ZDT2_n30_m2
0.0,0.0,2000,mutation,6a3fac5935dcfaca,0.0,0.11446240241338823,ZDT,True,0.0,mutation_eta_04,0.0,2,30,ZDT2,6,ok,ZDT2_n30_m2
0.06509046731180927,0.07875946544728923,2000,mutation,6a3fac5935dcfaca,-0.05748638207621063,0.12002174217834283,ZDT,True,0.007604085235598644,mutation_eta_04,0.009200943135074361,2,30,ZDT2,7,ok,ZDT2_n30_m2
0.0,0.0,2000,mutation,6a3fac5935dcfaca,0.0,-0.00406553306093671,ZDT,True,0.0,mutation_eta_04,0.0,2,30,ZDT2,8,ok,ZDT2_n30_m2
0.2685766529665683,0.3249777500895477,2000,mutation,6a3fac5935dcfaca,-0.25782271119260125,0.5017646478558384,ZDT,True,0.010753941773967034,mutation_eta_04,0.013012269546500112,2,30,ZDT2,9,ok,ZDT2_n30_m2
0.2614182949396597,0.31631613687698823,2000,mutation,52beb46214de0a5c,-0.2614182949396597,0.5455162385835859,ZDT,True,0.0,mutation_eta_05,0.0,2,30,ZDT2,0,ok,ZDT2_n30_m2
0.01985422462605431,0.02402361179752572,2000,mutation,52beb46214de0a5c,0.05239883416300829,-0.2596832603439896,ZDT,True,0.0722530587890626,mutation_eta_05,0.08742620113476576,2,30,ZDT2,1,ok,ZDT2_n30_m2
0.2930955911551741,0.3546456652977607,2000,mutation,52beb46214de0a5c,-0.17740007087095191,0.24551441601065038,ZDT,True,0.11569552028422217,mutation_eta_05,0.13999157954390884,2,30,ZDT2,2,ok,ZDT2_n30_m2
0.03585293135319934,0.04338204693737121,2000,mutation,52beb46214de0a5c,-0.03585293135319934,0.05639603308926999,ZDT,True,0.0,mutation_eta_05,0.0,2,30,ZDT2,3,ok,ZDT2_n30_m2
0.061595878384112186,0.07453101284477576,2000,mutation,52beb46214de0a5c,-0.061595878384112186,0.15797333463103458,ZDT,True,0.0,mutation_eta_05,0.0,2,30,ZDT2,4,ok,ZDT2_n30_m2
0.05399049299298128,0.06532849652150736,2000,mutation,52beb46214de0a5c,-0.05186115226168458,0.03428292194384697,ZDT,True,0.0021293407312967015,mutation_eta_05,0.002576502284869009,2,30,ZDT2,5,ok,ZDT2_n30_m2
0.0,0.0,2000,mutation,52beb46214de0a5c,0.0,0.16096701291471582,ZDT,True,0.0,mutation_eta_05,0.0,2,30,ZDT2,6,ok,ZDT2_n30_m2
0.06509046731180927,0.07875946544728923,2000,mutation,52beb46214de0a5c,-0.06509046731180927,0.20319829859282745,ZDT,True,0.0,mutation_eta_05,0.0,2,30,ZDT2,7,ok,ZDT2_n30_m2
0.0,0.0,2000,mutation,52beb46214de0a5c,0.0,0.01569145633772573,ZDT,True,0.0,mutation_eta_05,0.0,2,30,ZDT2,8,ok,ZDT2_n30_m2
0.2685766529665683,0.3249777500895477,2000,mutation,52beb46214de0a5c,-0.2685766529665683,0.5812711527718375,ZDT,True,0.0,mutation_eta_05,0.0,2,30,ZDT2,9,ok,ZDT2_n30_m2
0.2614182949396597,0.31631613687698823,2000,crossover,0e03839bd9b8c765,-0.2614182949396597,0.5603477865888906,ZDT,True,0.0,crossover_prob_01,0.0,2,30,ZDT2,0,ok,ZDT2_n30_m2
0.01985422462605431,0.02402361179752572,2000,crossover,0e03839bd9b8c765,-0.01985422462605431,0.11835406383494262,ZDT,True,0.0,crossover_prob_01,0.0,2,30,ZDT2,1,ok,ZDT2_n30_m2
0.2930955911551741,0.3546456652977607,2000,crossover,0e03839bd9b8c765,-0.2930955911551741,0.7036490582720618,ZDT,True,0.0,crossover_prob_01,0.0,2,30,ZDT2,2,ok,ZDT2_n30_m2
0.03585293135319934,0.04338204693737121,2000,crossover,0e03839bd9b8c765,-0.03585293135319934,0.1110631491689571,ZDT,True,0.0,crossover_prob_01,0.0,2,30,ZDT2,3,ok,ZDT2_n30_m2
0.061595878384112186,0.07453101284477576,2000,crossover,0e03839bd9b8c765,-0.061595878384112186,0.07349856413349742,ZDT,True,0.0,crossover_prob_01,0.0,2,30,ZDT2,4,ok,ZDT2_n30_m2
0.05399049299298128,0.06532849652150736,2000,crossover,0e03839bd9b8c765,-0.05399049299298128,0.09881329077901857,ZDT,True,0.0,crossover_prob_01,0.0,2,30,ZDT2,5,ok,ZDT2_n30_m2
0.0,0.0,2000,crossover,0e03839bd9b8c765,0.0,0.12395812960623975,ZDT,True,0.0,crossover_prob_01,0.0,2,30,ZDT2,6,ok,ZDT2_n30_m2
0.06509046731180927,0.07875946544728923,2000,crossover,0e03839bd9b8c765,-0.06509046731180927,0.2252383095766466,ZDT,True,0.0,crossover_prob_01,0.0,2,30,ZDT2,7,ok,ZDT2_n30_m2
0.0,0.0,2000,crossover,0e03839bd9b8c765,0.0,-0.0014156985075609585,ZDT,True,0.0,crossover_prob_01,0.0,2,30,ZDT2,8,ok,ZDT2_n30_m2
0.2685766529665683,0.3249777500895477,2000,crossover,0e03839bd9b8c765,-0.2685766529665683,0.5629186953775599,ZDT,True,0.0,crossover_prob_01,0.0,2,30,ZDT2,9,ok,ZDT2_n30_m2
0.2614182949396597,0.31631613687698823,2000,crossover,621b07a580ba817e,0.03478991641523399,-0.03751083925214738,ZDT,True,0.29620821135489367,crossover_prob_02,0.3584119357394214,2,30,ZDT2,0,ok,ZDT2_n30_m2
0.01985422462605431,0.02402361179752572,2000,crossover,621b07a580ba817e,0.012677047423750129,-0.0084543978247964,ZDT,True,0.03253127204980444,crossover_prob_02,0.03936283918026338,2,30,ZDT2,1,ok,ZDT2_n30_m2
0.2930955911551741,0.3546456652977607,2000,crossover,621b07a580ba817e,-0.07888190653107302,0.09135791178660313,ZDT,True,0.21421368462410106,crossover_prob_02,0.2591985583951623,2,30,ZDT2,2,ok,ZDT2_n30_m2
0.03585293135319934,0.04338204693737121,2000,crossover,621b07a580ba817e,-0.03585293135319934,0.026529561044393413,ZDT,True,0.0,crossover_prob_02,0.0,2,30,ZDT2,3,ok,ZDT2_n30_m2
0.061595878384112186,0.07453101284477576,2000,crossover,621b07a580ba817e,-0.061595878384112186,0.05093237587882149,ZDT,True,0.0,crossover_prob_02,0.0,2,30,ZDT2,4,ok,ZDT2_n30_m2
0.05399049299298128,0.06532849652150736,2000,crossover,621b07a580ba817e,-0.04442595340349036,0.029054080553102657,ZDT,True,0.009564539589490918,crossover_prob_02,0.011573092903284014,2,30,ZDT2,5,ok,ZDT2_n30_m2
0.0,0.0,2000,crossover,621b07a580ba817e,0.0,0.1391692751670799,ZDT,True,0.0,crossover_prob_02,0.0,2,30,ZDT2,6,ok,ZDT2_n30_m2
0.06509046731180927,0.07875946544728923,2000,crossover,621b07a580ba817e,-0.053658394458360716,0.11735179546021901,ZDT,True,0.011432072853448558,crossover_prob_02,0.013832808152672758,2,30,ZDT2,7,ok,ZDT2_n30_m2
0.0,0.0,2000,crossover,621b07a580ba817e,0.0,-0.001169883393306148,ZDT,True,0.0,crossover_prob_02,0.0,2,30,ZDT2,8,ok,ZDT2_n30_m2
0.2685766529665683,0.3249777500895477,2000,crossover,621b07a580ba817e,-0.2685766529665683,0.5583745204279795,ZDT,True,0.0,crossover_prob_02,0.0,2,30,ZDT2,9,ok,ZDT2_n30_m2
0.2614182949396597,0.31631613687698823,2000,crossover,a263a1eaecb2c764,-0.18336501480821032,0.4004122230144443,ZDT,True,0.07805328013144937,crossover_prob_03,0.09444446895905374,2,30,ZDT2,0,ok,ZDT2_n30_m2
0.01985422462605431,0.02402361179752572,2000,crossover,a263a1eaecb2c764,0.024424549490428667,-0.015988358909869715,ZDT,True,0.044278774116482976,crossover_prob_03,0.05357731668094441,2,30,ZDT2,1,ok,ZDT2_n30_m2
0.2930955911551741,0.3546456652977607,2000,crossover,a263a1eaecb2c764,-0.24350123777929755,0.5260444510875124,ZDT,True,0.049594353375876546,crossover_prob_03,0.06000916758481063,2,30,ZDT2,2,ok,ZDT2_n30_m2
0.03585293135319934,0.04338204693737121,2000,crossover,a263a1eaecb2c764,-0.03585293135319934,0.03737750396647821,ZDT,True,0.0,crossover_prob_03,0.0,2,30,ZDT2,3,ok,ZDT2_n30_m2
0.061595878384112186,0.07453101284477576,2000,crossover,a263a1eaecb2c764,-0.06001379991244932,0.039182846763501256,ZDT,True,0.0015820784716628709,crossover_prob_03,0.001914314950712074,2,30,ZDT2,4,ok,ZDT2_n30_m2
0.05399049299298128,0.06532849652150736,2000,crossover,a263a1eaecb2c764,0.00683196335420725,-0.15461589718717805,ZDT,True,0.06082245634718853,crossover_prob_03,0.07359517218009813,2,30,ZDT2,5,ok,ZDT2_n30_m2
0.0,0.0,2000,crossover,a263a1eaecb2c764,0.04248058569522272,0.08194120460973409,ZDT,True,0.04248058569522272,crossover_prob_03,0.0514015086912195,2,30,ZDT2,6,ok,ZDT2_n30_m2
0.06509046731180927,0.07875946544728923,2000,crossover,a263a1eaecb2c764,0.027731443369771708,-0.13234095442091315,ZDT,True,0.09282191068158098,crossover_prob_03,0.112314511924713,2,30,ZDT2,7,ok,ZDT2_n30_m2
0.0,0.0,2000,crossover,a263a1eaecb2c764,0.04479140805552526,-0.05921832105948588,ZDT,True,0.04479140805552526,crossover_prob_03,0.054197603747185574,2,30,ZDT2,8,ok,ZDT2_n30_m2
0.2685766529665683,0.3249777500895477,2000,crossover,a263a1eaecb2c764,-0.22259623962648692,0.4784557394109089,ZDT,True,0.04598041334008138,crossover_prob_03,0.05563630014149848,2,30,ZDT2,9,ok,ZDT2_n30_m2
0.2614182949396597,0.31631613687698823,2000,crossover,9ddeb2a22d866463,-0.18223962158883086,0.46552676843595825,ZDT,True,0.07917867335082882,crossover_eta_01,0.09580619475450289,2,30,ZDT2,0,ok,ZDT2_n30_m2
0.01985422462605431,0.02402361179752572,2000,crossover,9ddeb2a22d866463,0.05558994530921153,-0.034232354765050044,ZDT,True,0.07544416993526584,crossover_eta_01,0.09128744562167168,2,30,ZDT2,1,ok,ZDT2_n30_m2
0.2930955911551741,0.3546456652977607,2000,crossover,9ddeb2a22d866463,0.06245352064765436,-0.04606108692323915,ZDT,True,0.35554911180282844,crossover_eta_01,0.4302144252814225,2,30,ZDT2,2,ok,ZDT2_n30_m2
0.03585293135319934,0.04338204693737121,2000,crossover,9ddeb2a22d866463,0.2809783911411071,-0.5527273576047441,ZDT,True,0.31683132249430646,crossover_eta_01,0.3833659002181109,2,30,ZDT2,3,ok,ZDT2_n30_m2
0.061595878384112186,0.07453101284477576,2000,crossover,9ddeb2a22d866463,-0.013416370455606216,0.008060380196807992,ZDT,True,0.04817950792850597,crossover_eta_01,0.05829720459349223,2,30,ZDT2,4,ok,ZDT2_n30_m2
0.05399049299298128,0.06532849652150736,2000,crossover,9ddeb2a22d866463,0.019348689573074493,-0.011132958510235103,ZDT,True,0.07333918256605577,crossover_eta_01,0.0887404109049275,2,30,ZDT2,5,ok,ZDT2_n30_m2
0.0,0.0,2000,crossover,9ddeb2a22d866463,0.08225450244418844,-0.09349393905078202,ZDT,True,0.08225450244418844,crossover_eta_01,0.09952794795746803,2,30,ZDT2,6,ok,ZDT2_n30_m2
0.06509046731180927,0.07875946544728923,2000,crossover,9ddeb2a22d866463,-0.02402080430940102,0.09760639676882144,ZDT,True,0.04106966300240825,crossover_eta_01,0.049694292232913995,2,30,ZDT2,7,ok,ZDT2_n30_m2
0.0,0.0,2000,crossover,9ddeb2a22d866463,0.06673395267610498,-0.07233822879228902,ZDT,True,0.06673395267610498,crossover_eta_01,0.08074808273808703,2,30,ZDT2,8,ok,ZDT2_n30_m2
0.2685766529665683,0.3249777500895477,2000,crossover,9ddeb2a22d866463,-0.22548642084005022,0.4802688241889861,ZDT,True,0.043090232126518094,crossover_eta_01,0.0521391808730869,2,30,ZDT2,9,ok,ZDT2_n30_m2
0.2614182949396597,0.31631613687698823,2000,crossover,2ffe6768d3216cd4,0.06006429564540777,-0.05883201620655236,ZDT,True,0.32148259058506745,crossover_eta_02,0.3889939346079317,2,30,ZDT2,0,ok,ZDT2_n30_m2
0.01985422462605431,0.02402361179752572,2000,crossover,2ffe6768d3216cd4,0.008818085719075861,-0.005914626024372427,ZDT,True,0.02867231034513017,crossover_eta_02,0.03469349551760751,2,30,ZDT2,1,ok,ZDT2_n30_m2
0.2930955911551741,0.3546456652977607,2000,crossover,2ffe6768d3216cd4,-0.017622261877549894,0.02021097117944512,ZDT,True,0.2754733292776242,crossover_eta_02,0.3333227284259253,2,30,ZDT2,2,ok,ZDT2_n30_m2
0.03585293135319934,0.04338204693737121,2000,crossover,2ffe6768d3216cd4,-0.035461980290130764,0.02416700729654364,ZDT,True,0.0003909510630685766,crossover_eta_02,0.00047305078631297776,2,30,ZDT2,3,ok,ZDT2_n30_m2
0.061595878384112186,0.07453101284477576,2000,crossover,2ffe6768d3216cd4,0.008999050527925122,-0.17159750967854637,ZDT,True,0.07059492891203731,crossover_eta_02,0.08541986398356516,2,30,ZDT2,4,ok,ZDT2_n30_m2
0.05399049299298128,0.06532849652150736,2000,crossover,2ffe6768d3216cd4,-0.02244477694015031,-0.024559694581206437,ZDT,True,0.03154571605283097,crossover_eta_02,0.03817031642392548,2,30,ZDT2,5,ok,ZDT2_n30_m2
0.0,0.0,2000,crossover,2ffe6768d3216cd4,0.046869092089819486,0.0791894944455872,ZDT,True,0.046869092089819486,crossover_eta_02,0.056711601428681584,2,30,ZDT2,6,ok,ZDT2_n30_m2
0.06509046731180927,0.07875946544728923,2000,crossover,2ffe6768d3216cd4,-0.06155505325390477,-0.02408362416638754,ZDT,True,0.003535414057904502,crossover_eta_02,0.0042778510100644485,2,30,ZDT2,7,ok,ZDT2_n30_m2
0.0,0.0,2000,crossover,2ffe6768d3216cd4,0.07246154086421838,-0.07552609201404192,ZDT,True,0.07246154086421838,crossover_eta_02,0.08767846444570425,2,30,ZDT2,8,ok,ZDT2_n30_m2
0.2685766529665683,0.3249777500895477,2000,crossover,2ffe6768d3216cd4,-0.2137806049204597,0.39101518661132517,ZDT,True,0.0547960480461086,crossover_eta_02,0.06630321813579142,2,30,ZDT2,9,ok,ZDT2_n30_m2
0.2614182949396597,0.31631613687698823,2000,crossover,2388d70b82220ec0,-0.23243083533117928,0.49557128917618304,ZDT,True,0.028987459608480388,crossover_eta_03,0.035074826126261276,2,30,ZDT2,0,ok,ZDT2_n30_m2
0.01985422462605431,0.02402361179752572,2000,crossover,2388d70b82220ec0,0.01725245845638452,-0.09097320122114816,ZDT,True,0.03710668308243883,crossover_eta_03,0.04489908652975099,2,30,ZDT2,1,ok,ZDT2_n30_m2
0.2930955911551741,0.3546456652977607,2000,crossover,2388d70b82220ec0,-0.040373983150018666,0.040434626902151494,ZDT,True,0.2527216080051554,crossover_eta_03,0.3057931456862381,2,30,ZDT2,2,ok,ZDT2_n30_m2
0.03585293135319934,0.04338204693737121,2000,crossover,2388d70b82220ec0,-0.008661767140603457,0.00568381661865236,ZDT,True,0.027191164212595886,crossover_eta_03,0.032901308697241026,2,30,ZDT2,3,ok,ZDT2_n30_m2
0.061595878384112186,0.07453101284477576,2000,crossover,2388d70b82220ec0,-0.02670753893232044,0.016489360579130974,ZDT,True,0.03488833945179175,crossover_eta_03,0.04221489073666802,2,30,ZDT2,4,ok,ZDT2_n30_m2
0.05399049299298128,0.06532849652150736,2000,crossover,2388d70b82220ec0,-0.05399049299298128,0.08191561830251015,ZDT,True,0.0,crossover_eta_03,0.0,2,30,ZDT2,5,ok,ZDT2_n30_m2
0.0,0.0,2000,crossover,2388d70b82220ec0,0.1260192954475198,-0.25684569822918235,ZDT,True,0.1260192954475198,crossover_eta_03,0.15248334749149897,2,30,ZDT2,6,ok,ZDT2_n30_m2
0.06509046731180927,0.07875946544728923,2000,crossover,2388d70b82220ec0,-0.017444050905905797,0.09347812428420088,ZDT,True,0.047646416405903474,crossover_eta_03,0.05765216385114321,2,30,ZDT2,7,ok,ZDT2_n30_m2
0.0,0.0,2000,crossover,2388d70b82220ec0,0.08783165524068486,-0.27482599185640383,ZDT,True,0.08783165524068486,crossover_eta_03,0.10627630284122869,2,30,ZDT2,8,ok,ZDT2_n30_m2
0.2685766529665683,0.3249777500895477,2000,crossover,2388d70b82220ec0,-0.20680587273031248,0.3568687777705287,ZDT,True,0.061770780236255825,crossover_eta_03,0.07474264408586956,2,30,ZDT2,9,ok,ZDT2_n30_m2
0.2614182949396597,0.31631613687698823,2000,crossover,625f37852216e641,-0.22481546773096664,0.4906321733218226,ZDT,True,0.03660282720869303,crossover_eta_04,0.04428942092251858,2,30,ZDT2,0,ok,ZDT2_n30_m2
0.01985422462605431,0.02402361179752572,2000,crossover,625f37852216e641,-0.01985422462605431,0.05185787093561878,ZDT,True,0.0,crossover_eta_04,0.0,2,30,ZDT2,1,ok,ZDT2_n30_m2
0.2930955911551741,0.3546456652977607,2000,crossover,625f37852216e641,-0.07594669323500411,0.08103601441411848,ZDT,True,0.21714889792016998,crossover_eta_04,0.2627501664834057,2,30,ZDT2,2,ok,ZDT2_n30_m2
0.03585293135319934,0.04338204693737121,2000,crossover,625f37852216e641,-0.022965971402118604,0.015391677803241355,ZDT,True,0.012886959951080737,crossover_eta_04,0.015593221540807695,2,30,ZDT2,3,ok,ZDT2_n30_m2
0.061595878384112186,0.07453101284477576,2000,crossover,625f37852216e641,-0.061595878384112186,0.05330268204143018,ZDT,True,0.0,crossover_eta_04,0.0,2,30,ZDT2,4,ok,ZDT2_n30_m2
0.05399049299298128,0.06532849652150736,2000,crossover,625f37852216e641,-0.018109597761446446,0.011336605868702554,ZDT,True,0.035880895231534836,crossover_eta_04,0.04341588323015716,2,30,ZDT2,5,ok,ZDT2_n30_m2
0.0,0.0,2000,crossover,625f37852216e641,0.015667916127729654,0.0996558754291984,ZDT,True,0.015667916127729654,crossover_eta_04,0.018958178514552882,2,30,ZDT2,6,ok,ZDT2_n30_m2
0.06509046731180927,0.07875946544728923,2000,crossover,625f37852216e641,-0.03983235297951511,0.10792503848663049,ZDT,True,0.025258114332294163,crossover_eta_04,0.030562318342075942,2,30,ZDT2,7,ok,ZDT2_n30_m2
0.0,0.0,2000,crossover,625f37852216e641,0.0,-0.023529114358182723,ZDT,True,0.0,crossover_eta_04,0.0,2,30,ZDT2,8,ok,ZDT2_n30_m2
0.2685766529665683,0.3249777500895477,2000,crossover,625f37852216e641,-0.06488545778146099,0.05043500283762886,ZDT,True,0.2036911951851073,crossover_eta_04,0.2464663461739799,2,30,ZDT2,9,ok,ZDT2_n30_m2
0.2614182949396597,0.31631613687698823,2000,selection,8b7c3baed20f7c12,-0.20303514639314216,0.3846859152538226,ZDT,True,0.05838314854651752,selection_tournament_01,0.07064360974128621,2,30,ZDT2,0,ok,ZDT2_n30_m2
0.01985422462605431,0.02402361179752572,2000,selection,8b7c3baed20f7c12,-0.01985422462605431,0.04844348467710968,ZDT,True,0.0,selection_tournament_01,0.0,2,30,ZDT2,1,ok,ZDT2_n30_m2
0.2930955911551741,0.3546456652977607,2000,selection,8b7c3baed20f7c12,-0.21747155084104813,0.5110076344670913,ZDT,True,0.07562404031412595,selection_tournament_01,0.09150508878009242,2,30,ZDT2,2,ok,ZDT2_n30_m2
0.03585293135319934,0.04338204693737121,2000,selection,8b7c3baed20f7c12,0.02770740805118275,-0.09244284781337708,ZDT,True,0.06356033940438209,selection_tournament_01,0.07690801067930234,2,30,ZDT2,3,ok,ZDT2_n30_m2
0.061595878384112186,0.07453101284477576,2000,selection,8b7c3baed20f7c12,0.029901285087056147,-0.17340516654434496,ZDT,True,0.09149716347116833,selection_tournament_01,0.11071156780011371,2,30,ZDT2,4,ok,ZDT2_n30_m2
0.05399049299298128,0.06532849652150736,2000,selection,8b7c3baed20f7c12,0.0033016387577055537,-0.0019776447112154205,ZDT,True,0.057292131750686835,selection_tournament_01,0.06932347941833109,2,30,ZDT2,5,ok,ZDT2_n30_m2
0.0,0.0,2000,selection,8b7c3baed20f7c12,0.0038032214733809263,-0.003392716418917585,ZDT,True,0.0038032214733809263,selection_tournament_01,0.004601897982790921,2,30,ZDT2,6,ok,ZDT2_n30_m2
0.06509046731180927,0.07875946544728923,2000,selection,8b7c3baed20f7c12,-0.06509046731180927,0.1981073109007142,ZDT,True,0.0,selection_tournament_01,0.0,2,30,ZDT2,7,ok,ZDT2_n30_m2
0.0,0.0,2000,selection,8b7c3baed20f7c12,0.26923947883907373,-0.5456109146790575,ZDT,True,0.26923947883907373,selection_tournament_01,0.32577976939527925,2,30,ZDT2,8,ok,ZDT2_n30_m2
0.2685766529665683,0.3249777500895477,2000,selection,8b7c3baed20f7c12,-0.2685766529665683,0.5139489851359338,ZDT,True,0.0,selection_tournament_01,0.0,2,30,ZDT2,9,ok,ZDT2_n30_m2
0.2614182949396597,0.31631613687698823,2000,selection,32cf33723430029a,-0.1864674131725327,0.4677647851805354,ZDT,True,0.07495088176712697,selection_tournament_02,0.09069056693822365,2,30,ZDT2,0,ok,ZDT2_n30_m2
0.01985422462605431,0.02402361179752572,2000,selection,32cf33723430029a,-0.018207474825280734,-0.12440820165949074,ZDT,True,0.0016467498007735743,selection_tournament_02,0.001992567258936025,2,30,ZDT2,1,ok,ZDT2_n30_m2
0.2930955911551741,0.3546456652977607,2000,selection,32cf33723430029a,0.008665061569234578,0.0040473700844359944,ZDT,True,0.30176065272440866,selection_tournament_02,0.36513038979653456,2,30,ZDT2,2,ok,ZDT2_n30_m2
0.03585293135319934,0.04338204693737121,2000,selection,32cf33723430029a,0.006278614371204701,-0.004018993704783869,ZDT,True,0.04213154572440404,selection_tournament_02,0.0509791703265289,2,30,ZDT2,3,ok,ZDT2_n30_m2
0.061595878384112186,0.07453101284477576,2000,selection,32cf33723430029a,-0.060510761604594815,-0.030485249738759546,ZDT,True,0.0010851167795173696,selection_tournament_02,0.0013129913032160175,2,30,ZDT2,4,ok,ZDT2_n30_m2
0.05399049299298128,0.06532849652150736,2000,selection,32cf33723430029a,0.006123873805073024,-0.003644014233242787,ZDT,True,0.060114366798054306,selection_tournament_02,0.07273838382564572,2,30,ZDT2,5,ok,ZDT2_n30_m2
0.0,0.0,2000,selection,32cf33723430029a,0.04995740439155123,-0.026650961658555516,ZDT,True,0.04995740439155123,selection_tournament_02,0.060448459313777,2,30,ZDT2,6,ok,ZDT2_n30_m2
0.06509046731180927,0.07875946544728923,2000,selection,32cf33723430029a,0.1981303241537435,-0.4058355990670447,ZDT,True,0.2632207914655528,selection_tournament_02,0.31849715767331893,2,30,ZDT2,7,ok,ZDT2_n30_m2
0.0,0.0,2000,selection,32cf33723430029a,0.0,0.0017372801709967245,ZDT,True,0.0,selection_tournament_02,0.0,2,30,ZDT2,8,ok,ZDT2_n30_m2
0.2685766529665683,0.3249777500895477,2000,selection,32cf33723430029a,-0.2341458847463125,0.4858160142612695,ZDT,True,0.034430768220255786,selection_tournament_02,0.041661229546509505,2,30,ZDT2,9,ok,ZDT2_n30_m2
0.2614182949396597,0.31631613687698823,2000,selection,90fdbe6ed6791c1b,-0.2344821977778799,0.49697034936012346,ZDT,True,0.026936097161779776,selection_tournament_03,0.032592677565753535,2,30,ZDT2,0,ok,ZDT2_n30_m2
0.01985422462605431,0.02402361179752572,2000,selection,90fdbe6ed6791c1b,-0.0028895009231496467,0.001970144795417461,ZDT,True,0.016964723702904663,selection_tournament_03,0.020527315680514645,2,30,ZDT2,1,ok,ZDT2_n30_m2
0.2930955911551741,0.3546456652977607,2000,selection,90fdbe6ed6791c1b,-0.09269487633105733,0.10051958356616517,ZDT,True,0.20040071482411675,selection_tournament_03,0.24248486493718133,2,30,ZDT2,2,ok,ZDT2_n30_m2
0.03585293135319934,0.04338204693737121,2000,selection,90fdbe6ed6791c1b,0.010264330099692624,-0.006523198173282174,ZDT,True,0.04611726145289197,selection_tournament_03,0.05580188635799929,2,30,ZDT2,3,ok,ZDT2_n30_m2
0.061595878384112186,0.07453101284477576,2000,selection,90fdbe6ed6791c1b,-0.05151401169603751,0.033203052523957166,ZDT,True,0.010081866688074675,selection_tournament_03,0.01219905869257036,2,30,ZDT2,4,ok,ZDT2_n30_m2
0.05399049299298128,0.06532849652150736,2000,selection,90fdbe6ed6791c1b,0.26810880261761627,-0.5436319375330081,ZDT,True,0.3220992956105975,selection_tournament_03,0.38974014768882304,2,30,ZDT2,5,ok,ZDT2_n30_m2
0.0,0.0,2000,selection,90fdbe6ed6791c1b,0.251950498840992,-0.4155860469414595,ZDT,True,0.251950498840992,selection_tournament_03,0.3048601035976004,2,30,ZDT2,6,ok,ZDT2_n30_m2
0.06509046731180927,0.07875946544728923,2000,selection,90fdbe6ed6791c1b,-0.06509046731180927,0.14383265732877082,ZDT,True,0.0,selection_tournament_03,0.0,2,30,ZDT2,7,ok,ZDT2_n30_m2
0.0,0.0,2000,selection,90fdbe6ed6791c1b,0.00557440461097128,-0.1274003495368422,ZDT,True,0.00557440461097128,selection_tournament_03,0.006745029579275251,2,30,ZDT2,8,ok,ZDT2_n30_m2
0.2685766529665683,0.3249777500895477,2000,selection,90fdbe6ed6791c1b,-0.2685766529665683,0.5874958869323549,ZDT,True,0.0,selection_tournament_03,0.0,2,30,ZDT2,9,ok,ZDT2_n30_m2
0.510289244338539,0.9327285970565172,2000,mutation,98a5d2af0cf8c2aa,0.042337679157531505,0.009950883784031084,ZDT,True,0.5526269234960705,mutation_prob_01,1.010115225368508,2,30,ZDT3,0,ok,ZDT3_n30_m2
0.5042807007172677,0.9217459229664801,2000,mutation,98a5d2af0cf8c2aa,0.02377611225565479,-0.02251390656958374,ZDT,True,0.5280568129729225,mutation_prob_01,0.9652049221002399,2,30,ZDT3,1,ok,ZDT3_n30_m2
0.5067993916193506,0.9263496943717827,2000,mutation,98a5d2af0cf8c2aa,0.030617835237937485,-0.032949982992114824,ZDT,True,0.5374172268572881,mutation_prob_01,0.9823142886155971,2,30,ZDT3,2,ok,ZDT3_n30_m2
0.5485532083843861,1.0026691139266446,2000,mutation,98a5d2af0cf8c2aa,-0.04362066564383216,0.029768177632274788,ZDT,True,0.504932542740554,mutation_prob_01,0.9229373878124046,2,30,ZDT3,3,ok,ZDT3_n30_m2
0.514153338431371,0.939791554197175,2000,mutation,98a5d2af0cf8c2aa,-0.000744784912680152,-0.05345264902758318,ZDT,True,0.5134085535186909,mutation_prob_01,0.9384302043462407,2,30,ZDT3,4,ok,ZDT3_n30_m2
0.5197581461646709,0.9500362624912487,2000,mutation,98a5d2af0cf8c2aa,0.0038774410018216354,0.05014427853999369,ZDT,True,0.5236355871664925,mutation_prob_01,0.9571236156853906,2,30,ZDT3,5,ok,ZDT3_n30_m2
0.4739350446740789,0.8662788295445678,2000,mutation,98a5d2af0cf8c2aa,0.039080226173361376,0.01423671102154564,ZDT,True,0.5130152708474403,mutation_prob_01,0.9377113453887548,2,30,ZDT3,6,ok,ZDT3_n30_m2
0.533625566956333,0.9753837298018061,2000,mutation,98a5d2af0cf8c2aa,-0.002183297509784965,0.004232243705628538,ZDT,True,0.531442269446548,mutation_prob_01,0.9713930048436527,2,30,ZDT3,7,ok,ZDT3_n30_m2
0.49475212743476016,0.9043291874809735,2000,mutation,98a5d2af0cf8c2aa,0.02560016840866075,-0.022053540615004058,ZDT,True,0.5203522958434209,mutation_prob_01,0.9511222747920192,2,30,ZDT3,8,ok,ZDT3_n30_m2
0.49663543081626704,0.9077715702871054,2000,mutation,98a5d2af0cf8c2aa,0.050222138247618564,0.003068537383077552,ZDT,True,0.5468575690638856,mutation_prob_01,0.9995697515511462,2,30,ZDT3,9,ok,ZDT3_n30_m2
0.510289244338539,0.9327285970565172,2000,mutation,41d51fdddcd39370,0.024026414048421985,-0.0155346018604623,ZDT,True,0.5343156583869609,mutation_prob_02,0.9766451085572303,2,30,ZDT3,0,ok,ZDT3_n30_m2
0.5042807007172677,0.9217459229664801,2000,mutation,41d51fdddcd39370,0.05256628838113664,-0.044429152605741144,ZDT,True,0.5568469890984044,mutation_prob_02,1.0178288425227433,2,30,ZDT3,1,ok,ZDT3_n30_m2
0.5067993916193506,0.9263496943717827,2000,mutation,41d51fdddcd39370,0.04029064613233324,-0.04492052317405745,ZDT,True,0.5470900377516839,mutation_prob_02,0.9999946678029297,2,30,ZDT3,2,ok,ZDT3_n30_m2
0.5485532083843861,1.0026691139266446,2000,mutation,41d51fdddcd39370,0.0044068067859818205,0.03347103932395191,ZDT,True,0.552960015170368,mutation_prob_02,1.0107240646366407,2,30,ZDT3,3,ok,ZDT3_n30_m2
0.514153338431371,0.939791554197175,2000,mutation,41d51fdddcd39370,0.05174941718543702,-0.09714247133913897,ZDT,True,0.565902755616808,mutation_prob_02,1.03438136149839,2,30,ZDT3,4,ok,ZDT3_n30_m2
0.5197581461646709,0.9500362624912487,2000,mutation,41d51fdddcd39370,0.04061011590589525,0.006055479895762911,ZDT,True,0.5603682620705661,mutation_prob_02,1.0242651764953217,2,30,ZDT3,5,ok,ZDT3_n30_m2
0.4739350446740789,0.8662788295445678,2000,mutation,41d51fdddcd39370,0.0565426366246955,-0.042321572254080855,ZDT,True,0.5304776812987744,mutation_prob_02,0.9696298891993552,2,30,ZDT3,6,ok,ZDT3_n30_m2
0.533625566956333,0.9753837298018061,2000,mutation,41d51fdddcd39370,0.04499606029279157,-0.037441600080920234,ZDT,True,0.5786216272491246,mutation_prob_02,1.057629461326812,2,30,ZDT3,7,ok,ZDT3_n30_m2
0.49475212743476016,0.9043291874809735,2000,mutation,41d51fdddcd39370,0.04309095235169569,-0.03637762025277878,ZDT,True,0.5378430797864558,mutation_prob_02,0.9830926808893551,2,30,ZDT3,8,ok,ZDT3_n30_m2
0.49663543081626704,0.9077715702871054,2000,mutation,41d51fdddcd39370,0.04629458993129243,0.012430108934944686,ZDT,True,0.5429300207475595,mutation_prob_02,0.9923908100555103,2,30,ZDT3,9,ok,ZDT3_n30_m2
0.510289244338539,0.9327285970565172,2000,mutation,a708d8d13c349745,0.046998320007664685,0.008550889059592975,ZDT,True,0.5572875643462036,mutation_prob_03,1.0186341448828005,2,30,ZDT3,0,ok,ZDT3_n30_m2
0.5042807007172677,0.9217459229664801,2000,mutation,a708d8d13c349745,0.06307318135751427,-0.057037488490977464,ZDT,True,0.567353882074782,mutation_prob_03,1.0370337927622555,2,30,ZDT3,1,ok,ZDT3_n30_m2
0.5067993916193506,0.9263496943717827,2000,mutation,a708d8d13c349745,0.059038758182995976,-0.10732691409835898,ZDT,True,0.5658381498023466,mutation_prob_03,1.0342632722159824,2,30,ZDT3,2,ok,ZDT3_n30_m2
0.5485532083843861,1.0026691139266446,2000,mutation,a708d8d13c349745,0.0006972410383455641,0.03940900163340794,ZDT,True,0.5492504494227317,mutation_prob_03,1.0039435610421212,2,30,ZDT3,3,ok,ZDT3_n30_m2
0.514153338431371,0.939791554197175,2000,mutation,a708d8d13c349745,0.008077911746791955,-0.061569165701652245,ZDT,True,0.522231250178163,mutation_prob_03,0.9545567082236875,2,30,ZDT3,4,ok,ZDT3_n30_m2
0.5197581461646709,0.9500362624912487,2000,mutation,a708d8d13c349745,0.05493579529886239,-0.04828766549419215,ZDT,True,0.5746939414635333,mutation_prob_03,1.0504502685589496,2,30,ZDT3,5,ok,ZDT3_n30_m2
0.4739350446740789,0.8662788295445678,2000,mutation,a708d8d13c349745,0.09169226458430513,-0.07152722382743208,ZDT,True,0.565627309258384,mutation_prob_03,1.0338778888144025,2,30,ZDT3,6,ok,ZDT3_n30_m2
0.533625566956333,0.9753837298018061,2000,mutation,a708d8d13c349745,-0.0405960024384594,0.17173596600120228,ZDT,True,0.4930295645178736,mutation_prob_03,0.9011806129996686,2,30,ZDT3,7,ok,ZDT3_n30_m2
0.49475212743476016,0.9043291874809735,2000,mutation,a708d8d13c349745,0.059826202851617216,-0.05427136191833214,ZDT,True,0.5545783302863774,mutation_prob_03,1.0136820905101962,2,30,ZDT3,8,ok,ZDT3_n30_m2
0.49663543081626704,0.9077715702871054,2000,mutation,a708d8d13c349745,0.05046436399668375,0.004004556881447727,ZDT,True,0.5470997948129508,mutation_prob_03,1.0000125021785662,2,30,ZDT3,9,ok,ZDT3_n30_m2
0.510289244338539,0.9327285970565172,2000,mutation,c25d89ab46856d06,0.04585015720717167,-0.03684353814621566,ZDT,True,0.5561394015457106,mutation_prob_04,1.0165354836039717,2,30,ZDT3,0,ok,ZDT3_n30_m2
0.5042807007172677,0.9217459229664801,2000,mutation,c25d89ab46856d06,0.041589369026228895,0.010899571706284514,ZDT,True,0.5458700697434966,mutation_prob_04,0.9977647578815376,2,30,ZDT3,1,ok,ZDT3_n30_m2
0.5067993916193506,0.9263496943717827,2000,mutation,c25d89ab46856d06,0.053989028059512445,-0.10169637842203293,ZDT,True,0.5607884196788631,mutation_prob_04,1.0250331586169854,2,30,ZDT3,2,ok,ZDT3_n30_m2
0.5485532083843861,1.0026691139266446,2000,mutation,c25d89ab46856d06,0.005137887560295318,-0.009350740896277125,ZDT,True,0.5536910959446815,mutation_prob_04,1.012060365474892,2,30,ZDT3,3,ok,ZDT3_n30_m2
0.514153338431371,0.939791554197175,2000,mutation,c25d89ab46856d06,0.04841858186141901,-0.09451568306597452,ZDT,True,0.56257192029279,mutation_prob_04,1.0282931176381362,2,30,ZDT3,4,ok,ZDT3_n30_m2
0.5197581461646709,0.9500362624912487,2000,mutation,c25d89ab46856d06,0.018846812419267,0.03174722211303417,ZDT,True,0.5386049585839379,mutation_prob_04,0.9844852756770891,2,30,ZDT3,5,ok,ZDT3_n30_m2
0.4739350446740789,0.8662788295445678,2000,mutation,c25d89ab46856d06,0.08295492725944353,-0.06532994269510708,ZDT,True,0.5568899719335224,mutation_prob_04,1.0179074083948276,2,30,ZDT3,6,ok,ZDT3_n30_m2
0.533625566956333,0.9753837298018061,2000,mutation,c25d89ab46856d06,0.02530190404097621,-0.023418917418861103,ZDT,True,0.5589274709973092,mutation_prob_04,1.0216316366915341,2,30,ZDT3,7,ok,ZDT3_n30_m2
0.49475212743476016,0.9043291874809735,2000,mutation,c25d89ab46856d06,0.04676903828460266,0.007960781109570936,ZDT,True,0.5415211657193628,mutation_prob_04,0.9898156443264949,2,30,ZDT3,8,ok,ZDT3_n30_m2
0.49663543081626704,0.9077715702871054,2000,mutation,c25d89ab46856d06,0.041205450561047074,-0.019828124127051733,ZDT,True,0.5378408813773141,mutation_prob_04,0.9830886625427068,2,30,ZDT3,9,ok,ZDT3_n30_m2
0.510289244338539,0.9327285970565172,2000,mutation,c294398607bfe9bb,0.023992115149151116,-0.00935940493738393,ZDT,True,0.5342813594876901,mutation_prob_05,0.9765824155560502,2,30,ZDT3,0,ok,ZDT3_n30_m2
0.5042807007172677,0.9217459229664801,2000,mutation,c294398607bfe9bb,0.038081706787051806,-0.03717031410910778,ZDT,True,0.5423624075043195,mutation_prob_05,0.9913533021912717,2,30,ZDT3,1,ok,ZDT3_n30_m2
0.5067993916193506,0.9263496943717827,2000,mutation,c294398607bfe9bb,0.004920576223196416,-0.00016537238718586367,ZDT,True,0.511719967842547,mutation_prob_05,0.9353437349248436,2,30,ZDT3,2,ok,ZDT3_n30_m2
0.5485532083843861,1.0026691139266446,2000,mutation,c294398607bfe9bb,-0.0066973445172201496,0.0034701329102379205,ZDT,True,0.541855863867166,mutation_prob_05,0.9904274199758962,2,30,ZDT3,3,ok,ZDT3_n30_m2
0.514153338431371,0.939791554197175,2000,mutation,c294398607bfe9bb,0.030597750008882207,-0.07703322995888541,ZDT,True,0.5447510884402532,mutation_prob_05,0.9957194357966875,2,30,ZDT3,4,ok,ZDT3_n30_m2
0.5197581461646709,0.9500362624912487,2000,mutation,c294398607bfe9bb,0.012989152191878461,-0.011521989268502855,ZDT,True,0.5327472983565493,mutation_prob_05,0.9737783927346352,2,30,ZDT3,5,ok,ZDT3_n30_m2
0.4739350446740789,0.8662788295445678,2000,mutation,c294398607bfe9bb,0.053920811394865265,-0.03297590044612307,ZDT,True,0.5278558560689441,mutation_prob_05,0.9648376044403125,2,30,ZDT3,6,ok,ZDT3_n30_m2
0.533625566956333,0.9753837298018061,2000,mutation,c294398607bfe9bb,-0.06339588627818105,0.1906508687964039,ZDT,True,0.47022968067815196,mutation_prob_05,0.859506006092283,2,30,ZDT3,7,ok,ZDT3_n30_m2
0.49475212743476016,0.9043291874809735,2000,mutation,c294398607bfe9bb,0.04367814857717589,-0.031445129297971414,ZDT,True,0.538430276011936,mutation_prob_05,0.984165983369596,2,30,ZDT3,8,ok,ZDT3_n30_m2
0.49663543081626704,0.9077715702871054,2000,mutation,c294398607bfe9bb,0.03342964384535008,-0.019337661365617154,ZDT,True,0.5300650746616171,mutation_prob_05,0.9688757090670446,2,30,ZDT3,9,ok,ZDT3_n30_m2
0.510289244338539,0.9327285970565172,2000,mutation,de304c805f53e5ca,0.05938762463103642,-0.04679325976106803,ZDT,True,0.5696768689695754,mutation_eta_01,1.041279847977802,2,30,ZDT3,0,ok,ZDT3_n30_m2
0.5042807007172677,0.9217459229664801,2000,mutation,de304c805f53e5ca,0.05143115902420936,-0.04432100952197701,ZDT,True,0.5557118597414771,mutation_eta_01,1.015754004331833,2,30,ZDT3,1,ok,ZDT3_n30_m2
0.5067993916193506,0.9263496943717827,2000,mutation,de304c805f53e5ca,0.03706772618882237,-0.08139304361522429,ZDT,True,0.543867117808173,mutation_eta_01,0.9941036763099903,2,30,ZDT3,2,ok,ZDT3_n30_m2
0.5485532083843861,1.0026691139266446,2000,mutation,de304c805f53e5ca,-0.008538868016977785,0.005949565444075537,ZDT,True,0.5400143403674084,mutation_eta_01,0.9870614042320174,2,30,ZDT3,3,ok,ZDT3_n30_m2
0.514153338431371,0.939791554197175,2000,mutation,de304c805f53e5ca,0.0018562168702065396,-0.05801972165819462,ZDT,True,0.5160095553015775,mutation_eta_01,0.943184427114621,2,30,ZDT3,4,ok,ZDT3_n30_m2
0.5197581461646709,0.9500362624912487,2000,mutation,de304c805f53e5ca,0.029699758868974024,0.01548632213149552,ZDT,True,0.5494579050336449,mutation_eta_01,1.004322757317695,2,30,ZDT3,5,ok,ZDT3_n30_m2
0.4739350446740789,0.8662788295445678,2000,mutation,de304c805f53e5ca,0.04020410637262062,-0.02900718900298925,ZDT,True,0.5141391510466995,mutation_eta_01,0.939765621886142,2,30,ZDT3,6,ok,ZDT3_n30_m2
0.533625566956333,0.9753837298018061,2000,mutation,de304c805f53e5ca,-0.022684006241881716,0.02031460716575169,ZDT,True,0.5109415607144513,mutation_eta_01,0.9339209289445436,2,30,ZDT3,7,ok,ZDT3_n30_m2
0.49475212743476016,0.9043291874809735,2000,mutation,de304c805f53e5ca,0.05028902726424822,-0.047069162036177885,ZDT,True,0.5450411546990084,mutation_eta_01,0.9962496313624056,2,30,ZDT3,8,ok,ZDT3_n30_m2
0.49663543081626704,0.9077715702871054,2000,mutation,de304c805f53e5ca,0.06336937826232958,-0.05176603647058455,ZDT,True,0.5600048090785966,mutation_eta_01,1.0236008415067699,2,30,ZDT3,9,ok,ZDT3_n30_m2
0.510289244338539,0.9327285970565172,2000,mutation,3f3cb80e942657a4,0.03491277550411831,0.018626722389634504,ZDT,True,0.5452020198426573,mutation_eta_02,0.9965436675809151,2,30,ZDT3,0,ok,ZDT3_n30_m2
0.5042807007172677,0.9217459229664801,2000,mutation,3f3cb80e942657a4,0.02367665863864965,-0.018788953301449945,ZDT,True,0.5279573593559174,mutation_eta_02,0.9650231365076752,2,30,ZDT3,1,ok,ZDT3_n30_m2
0.5067993916193506,0.9263496943717827,2000,mutation,3f3cb80e942657a4,0.04703345932143099,-0.05179526688387322,ZDT,True,0.5538328509407816,mutation_eta_02,1.0123194713449553,2,30,ZDT3,2,ok,ZDT3_n30_m2
0.5485532083843861,1.0026691139266446,2000,mutation,3f3cb80e942657a4,0.011265979712125063,-0.012304508315902761,ZDT,True,0.5598191880965112,mutation_eta_02,1.0232615555035365,2,30,ZDT3,3,ok,ZDT3_n30_m2
0.514153338431371,0.939791554197175,2000,mutation,3f3cb80e942657a4,0.04359007205963383,-0.0903446638100043,ZDT,True,0.5577434104910048,mutation_eta_02,1.0194673600442634,2,30,ZDT3,4,ok,ZDT3_n30_m2
0.5197581461646709,0.9500362624912487,2000,mutation,3f3cb80e942657a4,0.03187850543787851,0.015500908411111264,ZDT,True,0.5516366516025494,mutation_eta_02,1.0083051638706506,2,30,ZDT3,5,ok,ZDT3_n30_m2
0.4739350446740789,0.8662788295445678,2000,mutation,3f3cb80e942657a4,0.06497133211068917,-0.0006673438783067753,ZDT,True,0.538906376784768,mutation_eta_02,0.9850362208100834,2,30,ZDT3,6,ok,ZDT3_n30_m2
0.533625566956333,0.9753837298018061,2000,mutation,3f3cb80e942657a4,0.01008589258867143,0.03483899523093209,ZDT,True,0.5437114595450044,mutation_eta_02,0.9938191574512534,2,30,ZDT3,7,ok,ZDT3_n30_m2
0.49475212743476016,0.9043291874809735,2000,mutation,3f3cb80e942657a4,0.04224342415911975,-0.03767853572924162,ZDT,True,0.5369955515938799,mutation_eta_02,0.9815435324587388,2,30,ZDT3,8,ok,ZDT3_n30_m2
0.49663543081626704,0.9077715702871054,2000,mutation,3f3cb80e942657a4,0.043158696820684295,-0.03178023195824103,ZDT,True,0.5397941276369513,mutation_eta_02,0.9866588899454406,2,30,ZDT3,9,ok,ZDT3_n30_m2
0.510289244338539,0.9327285970565172,2000,mutation,173a72a82d0d1b2e,0.0460459888957494,-0.03783085185065717,ZDT,True,0.5563352332342884,mutation_eta_03,1.0168934331750685,2,30,ZDT3,0,ok,ZDT3_n30_m2
0.5042807007172677,0.9217459229664801,2000,mutation,173a72a82d0d1b2e,0.015329771818409,-0.014868862810920841,ZDT,True,0.5196104725356767,mutation_eta_03,0.9497663382897851,2,30,ZDT3,1,ok,ZDT3_n30_m2
0.5067993916193506,0.9263496943717827,2000,mutation,173a72a82d0d1b2e,0.052465355872204356,-0.10178279984194102,ZDT,True,0.559264747491555,mutation_eta_03,1.0222481251532998,2,30,ZDT3,2,ok,ZDT3_n30_m2
0.5485532083843861,1.0026691139266446,2000,mutation,173a72a82d0d1b2e,0.014238741929678,-0.013010283923186282,ZDT,True,0.5627919503140641,mutation_eta_03,1.0286952979610222,2,30,ZDT3,3,ok,ZDT3_n30_m2
0.514153338431371,0.939791554197175,2000,mutation,173a72a82d0d1b2e,0.05069743621113765,-0.09495351475502152,ZDT,True,0.5648507746425087,mutation_eta_03,1.0324585054923607,2,30,ZDT3,4,ok,ZDT3_n30_m2
0.5197581461646709,0.9500362624912487,2000,mutation,173a72a82d0d1b2e,0.032654072138832535,0.013991176240784373,ZDT,True,0.5524122183035034,mutation_eta_03,1.0097227779962274,2,30,ZDT3,5,ok,ZDT3_n30_m2
0.4739350446740789,0.8662788295445678,2000,mutation,173a72a82d0d1b2e,0.06166324111345611,-0.04535829697628306,ZDT,True,0.535598285787535,mutation_eta_03,0.9789895500071659,2,30,ZDT3,6,ok,ZDT3_n30_m2
0.533625566956333,0.9753837298018061,2000,mutation,173a72a82d0d1b2e,0.01321005613318238,-0.007061262647551886,ZDT,True,0.5468356230895154,mutation_eta_03,0.9995296377566409,2,30,ZDT3,7,ok,ZDT3_n30_m2
0.49475212743476016,0.9043291874809735,2000,mutation,173a72a82d0d1b2e,0.017206472903859127,-0.015039333005884975,ZDT,True,0.5119586003386193,mutation_eta_03,0.9357799176501175,2,30,ZDT3,8,ok,ZDT3_n30_m2
0.49663543081626704,0.9077715702871054,2000,mutation,173a72a82d0d1b2e,0.06640171202567668,-0.053999104578849544,ZDT,True,0.5630371428419437,mutation_eta_03,1.0291434713941785,2,30,ZDT3,9,ok,ZDT3_n30_m2
0.510289244338539,0.9327285970565172,2000,mutation,45fa90f9f569225d,0.03288897558766213,0.019230939558106716,ZDT,True,0.5431782199262011,mutation_eta_04,0.9928444791740612,2,30,ZDT3,0,ok,ZDT3_n30_m2
0.5042807007172677,0.9217459229664801,2000,mutation,45fa90f9f569225d,0.0011138732545279417,0.003583026434705927,ZDT,True,0.5053945739717957,mutation_eta_04,0.923781908340504,2,30,ZDT3,1,ok,ZDT3_n30_m2
0.5067993916193506,0.9263496943717827,2000,mutation,45fa90f9f569225d,-0.007849624202850902,0.003369842104545162,ZDT,True,0.4989497674164997,mutation_eta_04,0.9120018141227352,2,30,ZDT3,2,ok,ZDT3_n30_m2
0.5485532083843861,1.0026691139266446,2000,mutation,45fa90f9f569225d,-0.07362624662982958,0.2003412229005373,ZDT,True,0.47492696175455656,mutation_eta_04,0.8680918981858036,2,30,ZDT3,3,ok,ZDT3_n30_m2
0.514153338431371,0.939791554197175,2000,mutation,45fa90f9f569225d,0.006423992175010995,-0.055545584047911684,ZDT,True,0.520577330606382,mutation_eta_04,0.9515336029967078,2,30,ZDT3,4,ok,ZDT3_n30_m2
0.5197581461646709,0.9500362624912487,2000,mutation,45fa90f9f569225d,-0.04267605505858535,0.031041231344901304,ZDT,True,0.4770820911060855,mutation_eta_04,0.872031136174511,2,30,ZDT3,5,ok,ZDT3_n30_m2
0.4739350446740789,0.8662788295445678,2000,mutation,45fa90f9f569225d,-0.026056267173069636,0.1847585475672033,ZDT,True,0.44787877750100924,mutation_eta_04,0.818652065323091,2,30,ZDT3,6,ok,ZDT3_n30_m2
0.533625566956333,0.9753837298018061,2000,mutation,45fa90f9f569225d,-0.06785890211004758,0.054737130578057194,ZDT,True,0.4657666648462854,mutation_eta_04,0.8513483140741143,2,30,ZDT3,7,ok,ZDT3_n30_m2
0.49475212743476016,0.9043291874809735,2000,mutation,45fa90f9f569225d,0.017339879240464318,-0.011397481819834118,ZDT,True,0.5120920066752245,mutation_eta_04,0.9360237634817914,2,30,ZDT3,8,ok,ZDT3_n30_m2
0.49663543081626704,0.9077715702871054,2000,mutation,45fa90f9f569225d,0.024142687798151874,-0.015050188997760366,ZDT,True,0.5207781186144189,mutation_eta_04,0.9519006119413795,2,30,ZDT3,9,ok,ZDT3_n30_m2
0.510289244338539,0.9327285970565172,2000,mutation,c8162f1745b71522,-0.0307983194869757,0.027773022589851357,ZDT,True,0.47949092485156325,mutation_eta_05,0.8764341059507484,2,30,ZDT3,0,ok,ZDT3_n30_m2
0.5042807007172677,0.9217459229664801,2000,mutation,c8162f1745b71522,-0.06630499027760506,0.05082572274282532,ZDT,True,0.43797571043966266,mutation_eta_05,0.8005508140246055,2,30,ZDT3,1,ok,ZDT3_n30_m2
0.5067993916193506,0.9263496943717827,2000,mutation,c8162f1745b71522,-0.0897848269852537,0.07764752520335014,ZDT,True,0.4170145646340969,mutation_eta_05,0.7622371314674403,2,30,ZDT3,2,ok,ZDT3_n30_m2
0.5485532083843861,1.0026691139266446,2000,mutation,c8162f1745b71522,-0.03702547983258664,0.07836156523405524,ZDT,True,0.5115277285517995,mutation_eta_05,0.9349923516927897,2,30,ZDT3,3,ok,ZDT3_n30_m2
0.514153338431371,0.939791554197175,2000,mutation,c8162f1745b71522,-0.02264566421923142,-0.03413774720846395,ZDT,True,0.4915076742121396,mutation_eta_05,0.8983988365356524,2,30,ZDT3,4,ok,ZDT3_n30_m2
0.5197581461646709,0.9500362624912487,2000,mutation,c8162f1745b71522,0.002348693985886663,-0.0037096533884693056,ZDT,True,0.5221068401505575,mutation_eta_05,0.954329306231983,2,30,ZDT3,5,ok,ZDT3_n30_m2
0.4739350446740789,0.8662788295445678,2000,mutation,c8162f1745b71522,-0.016708492833852617,0.0170703776151674,ZDT,True,0.45722655184022626,mutation_eta_05,0.8357383287349738,2,30,ZDT3,6,ok,ZDT3_n30_m2
0.533625566956333,0.9753837298018061,2000,mutation,c8162f1745b71522,-0.08823229761727314,0.08341645777340809,ZDT,True,0.44539326933905987,mutation_eta_05,0.8141089467553608,2,30,ZDT3,7,ok,ZDT3_n30_m2
0.49475212743476016,0.9043291874809735,2000,mutation,c8162f1745b71522,-0.05245042326798122,0.03752137147800867,ZDT,True,0.44230170416677894,mutation_eta_05,0.8084580511547919,2,30,ZDT3,8,ok,ZDT3_n30_m2
0.49663543081626704,0.9077715702871054,2000,mutation,c8162f1745b71522,-0.053442690137491144,0.047862283611209075,ZDT,True,0.4431927406787759,mutation_eta_05,0.8100867259602702,2,30,ZDT3,9,ok,ZDT3_n30_m2
0.510289244338539,0.9327285970565172,2000,crossover,01942080aed158e6,-0.12771922750303671,0.11465130672921983,ZDT,True,0.38257001683550224,crossover_prob_01,0.6992779076529647,2,30,ZDT3,0,ok,ZDT3_n30_m2
0.5042807007172677,0.9217459229664801,2000,crossover,01942080aed158e6,-0.04931598936942705,0.05351618314029602,ZDT,True,0.45496471134784067,crossover_prob_01,0.8316040395399054,2,30,ZDT3,1,ok,ZDT3_n30_m2
0.5067993916193506,0.9263496943717827,2000,crossover,01942080aed158e6,0.0038628647794151094,-0.008101096646191824,ZDT,True,0.5106622563987657,crossover_prob_01,0.9334104045205789,2,30,ZDT3,2,ok,ZDT3_n30_m2
0.5485532083843861,1.0026691139266446,2000,crossover,01942080aed158e6,-0.12683505987628135,0.15638271637589066,ZDT,True,0.4217181485081048,crossover_prob_01,0.770834544085117,2,30,ZDT3,3,ok,ZDT3_n30_m2
0.514153338431371,0.939791554197175,2000,crossover,01942080aed158e6,-0.022921228169415386,0.030468645355172477,ZDT,True,0.4912321102619556,crossover_prob_01,0.8978951489123953,2,30,ZDT3,4,ok,ZDT3_n30_m2
0.5197581461646709,0.9500362624912487,2000,crossover,01942080aed158e6,-0.07481097569639888,0.05564874933416422,ZDT,True,0.444947170468272,crossover_prob_01,0.8132935480799726,2,30,ZDT3,5,ok,ZDT3_n30_m2
0.4739350446740789,0.8662788295445678,2000,crossover,01942080aed158e6,-0.041235702352139636,0.03549826002764361,ZDT,True,0.43269934232193924,crossover_prob_01,0.7909064417659321,2,30,ZDT3,6,ok,ZDT3_n30_m2
0.533625566956333,0.9753837298018061,2000,crossover,01942080aed158e6,-0.010912933660574886,0.011631315791019364,ZDT,True,0.5227126332957581,crossover_prob_01,0.9554366009608024,2,30,ZDT3,7,ok,ZDT3_n30_m2
0.49475212743476016,0.9043291874809735,2000,crossover,01942080aed158e6,0.02147719071413956,-0.018454330218845905,ZDT,True,0.5162293181488997,crossover_prob_01,0.9435861190854832,2,30,ZDT3,8,ok,ZDT3_n30_m2
0.49663543081626704,0.9077715702871054,2000,crossover,01942080aed158e6,-0.013633567772330435,0.0111818600935598,ZDT,True,0.4830018630439366,crossover_prob_01,0.8828515495689645,2,30,ZDT3,9,ok,ZDT3_n30_m2
0.510289244338539,0.9327285970565172,2000,crossover,a1f420966a314373,-0.06842306124369923,0.07732903532073807,ZDT,True,0.4418661830948397,crossover_prob_02,0.8076619870344417,2,30,ZDT3,0,ok,ZDT3_n30_m2
0.5042807007172677,0.9217459229664801,2000,crossover,a1f420966a314373,-0.005266344874230444,0.13475603774479133,ZDT,True,0.49901435584303727,crossover_prob_02,0.9121198716227491,2,30,ZDT3,1,ok,ZDT3_n30_m2
0.5067993916193506,0.9263496943717827,2000,crossover,a1f420966a314373,-0.03466614194833029,0.015969087038444463,ZDT,True,0.4721332496710203,crossover_prob_02,0.8629854312532425,2,30,ZDT3,2,ok,ZDT3_n30_m2
0.5485532083843861,1.0026691139266446,2000,crossover,a1f420966a314373,-0.05861727347692136,0.10498590834338409,ZDT,True,0.4899359349074648,crossover_prob_02,0.8955259439304237,2,30,ZDT3,3,ok,ZDT3_n30_m2
0.514153338431371,0.939791554197175,2000,crossover,a1f420966a314373,-0.05911051941181927,0.14672561531693906,ZDT,True,0.45504281901955174,crossover_prob_02,0.8317468080968808,2,30,ZDT3,4,ok,ZDT3_n30_m2
0.5197581461646709,0.9500362624912487,2000,crossover,a1f420966a314373,-0.11171145304720598,0.08786233044644315,ZDT,True,0.4080466931174649,crossover_prob_02,0.7458452707510068,2,30,ZDT3,5,ok,ZDT3_n30_m2
0.4739350446740789,0.8662788295445678,2000,crossover,a1f420966a314373,-0.029196923027512978,0.18520989411857838,ZDT,True,0.4447381216465659,crossover_prob_02,0.812911439665285,2,30,ZDT3,6,ok,ZDT3_n30_m2
0.533625566956333,0.9753837298018061,2000,crossover,a1f420966a314373,-0.016081911748429323,0.00803636118063232,ZDT,True,0.5175436552079037,crossover_prob_02,0.945988520810985,2,30,ZDT3,7,ok,ZDT3_n30_m2
0.49475212743476016,0.9043291874809735,2000,crossover,a1f420966a314373,0.009439657535647128,0.04607820996072522,ZDT,True,0.5041917849704073,crossover_prob_02,0.9215833989455542,2,30,ZDT3,8,ok,ZDT3_n30_m2
0.49663543081626704,0.9077715702871054,2000,crossover,a1f420966a314373,0.0352645108597236,0.019736172244725736,ZDT,True,0.5318999416759906,crossover_prob_02,0.972229557801051,2,30,ZDT3,9,ok,ZDT3_n30_m2
0.510289244338539,0.9327285970565172,2000,crossover,8b332801f9cb67ab,0.04750630557739033,-0.03817797725751623,ZDT,True,0.5577955499159293,crossover_prob_03,1.0195626627244596,2,30,ZDT3,0,ok,ZDT3_n30_m2
0.5042807007172677,0.9217459229664801,2000,crossover,8b332801f9cb67ab,0.047354053210401426,-0.04421712996449195,ZDT,True,0.5516347539276691,crossover_prob_03,1.008301695219001,2,30,ZDT3,1,ok,ZDT3_n30_m2
0.5067993916193506,0.9263496943717827,2000,crossover,8b332801f9cb67ab,0.011962871913397843,-0.01854980762007097,ZDT,True,0.5187622635327485,crossover_prob_03,0.9482159454447673,2,30,ZDT3,2,ok,ZDT3_n30_m2
0.5485532083843861,1.0026691139266446,2000,crossover,8b332801f9cb67ab,-0.0049228944399010155,0.042871626246173224,ZDT,True,0.5436303139444851,crossover_prob_03,0.9936708360375267,2,30,ZDT3,3,ok,ZDT3_n30_m2
0.514153338431371,0.939791554197175,2000,crossover,8b332801f9cb67ab,-0.05416237134228741,-0.01438743779330759,ZDT,True,0.4599909670890836,crossover_prob_03,0.8407912456548486,2,30,ZDT3,4,ok,ZDT3_n30_m2
0.5197581461646709,0.9500362624912487,2000,crossover,8b332801f9cb67ab,0.0401150220827694,-0.03836110800099171,ZDT,True,0.5598731682474403,crossover_prob_03,1.0233602227417808,2,30,ZDT3,5,ok,ZDT3_n30_m2
0.4739350446740789,0.8662788295445678,2000,crossover,8b332801f9cb67ab,0.03346516458471993,-0.023141422559905298,ZDT,True,0.5074002092587988,crossover_prob_03,0.9274478946574954,2,30,ZDT3,6,ok,ZDT3_n30_m2
0.533625566956333,0.9753837298018061,2000,crossover,8b332801f9cb67ab,-0.04772710809776409,0.08605856214779672,ZDT,True,0.4858984588585689,crossover_prob_03,0.8881460718039449,2,30,ZDT3,7,ok,ZDT3_n30_m2
0.49475212743476016,0.9043291874809735,2000,crossover,8b332801f9cb67ab,0.00932947138297413,-0.011517762819652305,ZDT,True,0.5040815988177343,crossover_prob_03,0.9213819959633478,2,30,ZDT3,8,ok,ZDT3_n30_m2
0.49663543081626704,0.9077715702871054,2000,crossover,8b332801f9cb67ab,0.02338861327683095,-0.018269280056365494,ZDT,True,0.520024044093098,crossover_prob_03,0.9505222821447968,2,30,ZDT3,9,ok,ZDT3_n30_m2
0.510289244338539,0.9327285970565172,2000,crossover,806dfcb531c01f92,0.047257269448175876,0.00883594188946897,ZDT,True,0.5575465137867148,crossover_eta_01,1.019107463791706,2,30,ZDT3,0,ok,ZDT3_n30_m2
0.5042807007172677,0.9217459229664801,2000,crossover,806dfcb531c01f92,0.06520164810855145,-0.05791485325423191,ZDT,True,0.5694823488258192,crossover_eta_01,1.0409242957046596,2,30,ZDT3,1,ok,ZDT3_n30_m2
0.5067993916193506,0.9263496943717827,2000,crossover,806dfcb531c01f92,0.0465850870457849,-0.09687323296462766,ZDT,True,0.5533844786651355,crossover_eta_01,1.0114999172425276,2,30,ZDT3,2,ok,ZDT3_n30_m2
0.5485532083843861,1.0026691139266446,2000,crossover,806dfcb531c01f92,0.01626157805531192,-0.01899211453203478,ZDT,True,0.5648147864396981,crossover_eta_01,1.0323927247096174,2,30,ZDT3,3,ok,ZDT3_n30_m2
0.514153338431371,0.939791554197175,2000,crossover,806dfcb531c01f92,0.04910395587733285,-0.09692336507885593,ZDT,True,0.5632572943087039,crossover_eta_01,1.0295458737003393,2,30,ZDT3,4,ok,ZDT3_n30_m2
0.5197581461646709,0.9500362624912487,2000,crossover,806dfcb531c01f92,0.04541175178655532,-0.03215295998034048,ZDT,True,0.5651698979512262,crossover_eta_01,1.0330418127819627,2,30,ZDT3,5,ok,ZDT3_n30_m2
0.4739350446740789,0.8662788295445678,2000,crossover,806dfcb531c01f92,0.10347389338829194,-0.07841913563744557,ZDT,True,0.5774089380623708,crossover_eta_01,1.0554128559478517,2,30,ZDT3,6,ok,ZDT3_n30_m2
0.533625566956333,0.9753837298018061,2000,crossover,806dfcb531c01f92,0.0269110905095018,-0.02668053790601688,ZDT,True,0.5605366574658348,crossover_eta_01,1.0245729768311551,2,30,ZDT3,7,ok,ZDT3_n30_m2
0.49475212743476016,0.9043291874809735,2000,crossover,806dfcb531c01f92,0.07565015808495912,-0.06714043750860244,ZDT,True,0.5704022855197193,crossover_eta_01,1.0426057955038457,2,30,ZDT3,8,ok,ZDT3_n30_m2
0.49663543081626704,0.9077715702871054,2000,crossover,806dfcb531c01f92,0.06353869652325639,-0.005710845718968363,ZDT,True,0.5601741273395234,crossover_eta_01,1.0239103286960896,2,30,ZDT3,9,ok,ZDT3_n30_m2
0.510289244338539,0.9327285970565172,2000,crossover,604c8460dbceea0e,0.02506055429995324,-0.016514266685985303,ZDT,True,0.5353497986384922,crossover_eta_02,0.9785353545239482,2,30,ZDT3,0,ok,ZDT3_n30_m2
0.5042807007172677,0.9217459229664801,2000,crossover,604c8460dbceea0e,0.018501482343229125,-0.017570050415588956,ZDT,True,0.5227821830604968,crossover_eta_02,0.9555637270078636,2,30,ZDT3,1,ok,ZDT3_n30_m2
0.5067993916193506,0.9263496943717827,2000,crossover,604c8460dbceea0e,0.005945769772882192,-0.010349633743469352,ZDT,True,0.5127451613922328,crossover_eta_02,0.9372176277256784,2,30,ZDT3,2,ok,ZDT3_n30_m2
0.5485532083843861,1.0026691139266446,2000,crossover,604c8460dbceea0e,-0.052075851260013684,0.17793311257180433,ZDT,True,0.49647735712437246,crossover_eta_02,0.9074826364040017,2,30,ZDT3,3,ok,ZDT3_n30_m2
0.514153338431371,0.939791554197175,2000,crossover,604c8460dbceea0e,0.03873413800079073,-0.08677049487316715,ZDT,True,0.5528874764321617,crossover_eta_02,1.0105914752155032,2,30,ZDT3,4,ok,ZDT3_n30_m2
0.5197581461646709,0.9500362624912487,2000,crossover,604c8460dbceea0e,0.010124104794495103,0.03753651428636745,ZDT,True,0.529882250959166,crossover_eta_02,0.968541536051666,2,30,ZDT3,5,ok,ZDT3_n30_m2
0.4739350446740789,0.8662788295445678,2000,crossover,604c8460dbceea0e,0.036286439092588885,-0.029329045461908676,ZDT,True,0.5102214837666678,crossover_eta_02,0.9326047413730228,2,30,ZDT3,6,ok,ZDT3_n30_m2
0.533625566956333,0.9753837298018061,2000,crossover,604c8460dbceea0e,-0.0398948796173233,0.03076581039988535,ZDT,True,0.4937306873390097,crossover_eta_02,0.902462155404447,2,30,ZDT3,7,ok,ZDT3_n30_m2
0.49475212743476016,0.9043291874809735,2000,crossover,604c8460dbceea0e,0.036879732596788894,0.015870692462869776,ZDT,True,0.531631860031549,crossover_eta_02,0.9717395466575849,2,30,ZDT3,8,ok,ZDT3_n30_m2
0.49663543081626704,0.9077715702871054,2000,crossover,604c8460dbceea0e,0.06190807421924671,-0.051746918860281134,ZDT,True,0.5585435050355138,crossover_eta_02,1.0209298072157291,2,30,ZDT3,9,ok,ZDT3_n30_m2
0.510289244338539,0.9327285970565172,2000,crossover,f7057c643569eb5a,0.002136479832278604,0.0020066094672309964,ZDT,True,0.5124257241708176,crossover_eta_03,0.9366337466529656,2,30,ZDT3,0,ok,ZDT3_n30_m2
0.5042807007172677,0.9217459229664801,2000,crossover,f7057c643569eb5a,-0.06554938151378487,0.21285728701013903,ZDT,True,0.43873131920348285,crossover_eta_03,0.8019319481755223,2,30,ZDT3,1,ok,ZDT3_n30_m2
0.5067993916193506,0.9263496943717827,2000,crossover,f7057c643569eb5a,-0.01177266490260509,0.01136958458544643,ZDT,True,0.4950267267167455,crossover_eta_03,0.9048311118422661,2,30,ZDT3,2,ok,ZDT3_n30_m2
0.5485532083843861,1.0026691139266446,2000,crossover,f7057c643569eb5a,-0.0688122164302793,0.19466720287130934,ZDT,True,0.47974099195410685,crossover_eta_03,0.8768911893408327,2,30,ZDT3,3,ok,ZDT3_n30_m2
0.514153338431371,0.939791554197175,2000,crossover,f7057c643569eb5a,0.032586311731853335,-0.08053977103303435,ZDT,True,0.5467396501632243,crossover_eta_03,0.9993542143200556,2,30,ZDT3,4,ok,ZDT3_n30_m2
0.5197581461646709,0.9500362624912487,2000,crossover,f7057c643569eb5a,0.008476134353382903,0.038766407194267924,ZDT,True,0.5282342805180538,crossover_eta_03,0.96552930490123,2,30,ZDT3,5,ok,ZDT3_n30_m2
0.4739350446740789,0.8662788295445678,2000,crossover,f7057c643569eb5a,0.05289679036913597,-0.03758977906004808,ZDT,True,0.5268318350432148,crossover_eta_03,0.962965854829123,2,30,ZDT3,6,ok,ZDT3_n30_m2
0.533625566956333,0.9753837298018061,2000,crossover,f7057c643569eb5a,-0.02789008839549012,0.08247467521653978,ZDT,True,0.5057354785608429,crossover_eta_03,0.9244050283897701,2,30,ZDT3,7,ok,ZDT3_n30_m2
0.49475212743476016,0.9043291874809735,2000,crossover,f7057c643569eb5a,0.011210696914046192,-0.017896356353367907,ZDT,True,0.5059628243488064,crossover_eta_03,0.9248205807852132,2,30,ZDT3,8,ok,ZDT3_n30_m2
0.49663543081626704,0.9077715702871054,2000,crossover,f7057c643569eb5a,-0.1029301746432596,0.11991808997946603,ZDT,True,0.39370525617300745,crossover_eta_03,0.7196313763579989,2,30,ZDT3,9,ok,ZDT3_n30_m2
0.510289244338539,0.9327285970565172,2000,crossover,f82550d92cf01950,0.015300406820468737,-0.009444671093962166,ZDT,True,0.5255896511590077,crossover_eta_04,0.9606953377753986,2,30,ZDT3,0,ok,ZDT3_n30_m2
0.5042807007172677,0.9217459229664801,2000,crossover,f82550d92cf01950,-0.010375535779573897,0.0010008751709841973,ZDT,True,0.4939051649376938,crossover_eta_04,0.9027810730529062,2,30,ZDT3,1,ok,ZDT3_n30_m2
0.5067993916193506,0.9263496943717827,2000,crossover,f82550d92cf01950,0.006232383528466889,-0.011450392275576357,ZDT,True,0.5130317751478175,crossover_eta_04,0.9377415126578219,2,30,ZDT3,2,ok,ZDT3_n30_m2
0.5485532083843861,1.0026691139266446,2000,crossover,f82550d92cf01950,-0.02320780539403766,0.06576337094594417,ZDT,True,0.5253454029903485,crossover_eta_04,0.9602488904825844,2,30,ZDT3,3,ok,ZDT3_n30_m2
0.514153338431371,0.939791554197175,2000,crossover,f82550d92cf01950,-0.013579456653223354,0.0048842154140432,ZDT,True,0.5005738817781477,crossover_eta_04,0.91497044010654,2,30,ZDT3,4,ok,ZDT3_n30_m2
0.5197581461646709,0.9500362624912487,2000,crossover,f82550d92cf01950,0.00032018417231205465,0.004579003706300849,ZDT,True,0.5200783303369829,crossover_eta_04,0.9506215088728927,2,30,ZDT3,5,ok,ZDT3_n30_m2
0.4739350446740789,0.8662788295445678,2000,crossover,f82550d92cf01950,-0.005764734078527123,0.155190902195273,ZDT,True,0.46817031059555175,crossover_eta_04,0.8557418010080591,2,30,ZDT3,6,ok,ZDT3_n30_m2
0.533625566956333,0.9753837298018061,2000,crossover,f82550d92cf01950,-0.015992426205934218,0.06205804074534428,ZDT,True,0.5176331407503988,crossover_eta_04,0.9461520863288437,2,30,ZDT3,7,ok,ZDT3_n30_m2
0.49475212743476016,0.9043291874809735,2000,crossover,f82550d92cf01950,0.025597484200480913,-0.020749000270557386,ZDT,True,0.5203496116352411,crossover_eta_04,0.9511173684810253,2,30,ZDT3,8,ok,ZDT3_n30_m2
0.49663543081626704,0.9077715702871054,2000,crossover,f82550d92cf01950,-0.05536007258761766,0.2017354994075602,ZDT,True,0.4412753582286494,crossover_eta_04,0.8065820519688646,2,30,ZDT3,9,ok,ZDT3_n30_m2
0.510289244338539,0.9327285970565172,2000,selection,2725a8b098084de1,0.0032006609137816833,0.048306275891523115,ZDT,True,0.5134899052523206,selection_tournament_01,0.938578902538921,2,30,ZDT3,0,ok,ZDT3_n30_m2
0.5042807007172677,0.9217459229664801,2000,selection,2725a8b098084de1,0.00655033562506413,-0.002987260501643857,ZDT,True,0.5108310363423318,selection_tournament_01,0.9337189077503064,2,30,ZDT3,1,ok,ZDT3_n30_m2
0.5067993916193506,0.9263496943717827,2000,selection,2725a8b098084de1,0.04146839617412079,-0.06542609688011733,ZDT,True,0.5482677877934714,selection_tournament_01,1.0021474099121297,2,30,ZDT3,2,ok,ZDT3_n30_m2
0.5485532083843861,1.0026691139266446,2000,selection,2725a8b098084de1,-0.0073878610064312955,0.0016873136852169623,ZDT,True,0.5411653473779549,selection_tournament_01,0.989165264280138,2,30,ZDT3,3,ok,ZDT3_n30_m2
0.514153338431371,0.939791554197175,2000,selection,2725a8b098084de1,-0.015047035324188884,0.016981602901205414,ZDT,True,0.4991063031071821,selection_tournament_01,0.912287936781167,2,30,ZDT3,4,ok,ZDT3_n30_m2
0.5197581461646709,0.9500362624912487,2000,selection,2725a8b098084de1,-0.02337720201988952,0.016562225826071336,ZDT,True,0.49638094414478134,selection_tournament_01,0.9073064086190941,2,30,ZDT3,5,ok,ZDT3_n30_m2
0.4739350446740789,0.8662788295445678,2000,selection,2725a8b098084de1,0.01870288414558724,0.12400319125373913,ZDT,True,0.4926379288196661,selection_tournament_01,0.9004647644502439,2,30,ZDT3,6,ok,ZDT3_n30_m2
0.533625566956333,0.9753837298018061,2000,selection,2725a8b098084de1,0.0240587004176549,-0.02265687506967813,ZDT,True,0.5576842673739879,selection_tournament_01,1.0193592557148599,2,30,ZDT3,7,ok,ZDT3_n30_m2
0.49475212743476016,0.9043291874809735,2000,selection,2725a8b098084de1,0.03672677872932206,-0.033625582335657975,ZDT,True,0.5314789061640822,selection_tournament_01,0.9714599710094614,2,30,ZDT3,8,ok,ZDT3_n30_m2
0.49663543081626704,0.9077715702871054,2000,selection,2725a8b098084de1,0.01808309604759306,-0.012222149120064349,ZDT,True,0.5147185268638601,selection_tournament_01,0.9408246298881809,2,30,ZDT3,9,ok,ZDT3_n30_m2
0.510289244338539,0.9327285970565172,2000,selection,27a58a5f29b5f45e,-0.009272862114818259,0.01952252256029474,ZDT,True,0.5010163822237207,selection_tournament_02,0.9157792614257724,2,30,ZDT3,0,ok,ZDT3_n30_m2
0.5042807007172677,0.9217459229664801,2000,selection,27a58a5f29b5f45e,-0.019574155224125256,0.01334687526793002,ZDT,True,0.48470654549314246,selection_tournament_02,0.8859674413635009,2,30,ZDT3,1,ok,ZDT3_n30_m2
0.5067993916193506,0.9263496943717827,2000,selection,27a58a5f29b5f45e,0.0393707011423976,-0.043964451914770025,ZDT,True,0.5461700927617482,selection_tournament_02,0.9983131528398932,2,30,ZDT3,2,ok,ZDT3_n30_m2
0.5485532083843861,1.0026691139266446,2000,selection,27a58a5f29b5f45e,-0.05163244431906844,0.08530888986895538,ZDT,True,0.4969207640653177,selection_tournament_02,0.9082931146544091,2,30,ZDT3,3,ok,ZDT3_n30_m2
0.514153338431371,0.939791554197175,2000,selection,27a58a5f29b5f45e,-0.00599238394425905,0.0056358394019234564,ZDT,True,0.508160954487112,selection_tournament_02,0.928838417458818,2,30,ZDT3,4,ok,ZDT3_n30_m2
0.5197581461646709,0.9500362624912487,2000,selection,27a58a5f29b5f45e,-0.0069332795019277915,-0.0020710804433720226,ZDT,True,0.5128248666627431,selection_tournament_02,0.9373633164423544,2,30,ZDT3,5,ok,ZDT3_n30_m2
0.4739350446740789,0.8662788295445678,2000,selection,27a58a5f29b5f45e,-0.04201320802612829,0.0955869690108693,ZDT,True,0.4319218366479506,selection_tournament_02,0.7894852835021652,2,30,ZDT3,6,ok,ZDT3_n30_m2
0.533625566956333,0.9753837298018061,2000,selection,27a58a5f29b5f45e,-0.061552525992250584,0.045897795145086726,ZDT,True,0.4720730409640824,selection_tournament_02,0.8628753791928162,2,30,ZDT3,7,ok,ZDT3_n30_m2
0.49475212743476016,0.9043291874809735,2000,selection,27a58a5f29b5f45e,-0.020186539353826416,0.024513449934503675,ZDT,True,0.47456558808093374,selection_tournament_02,0.8674313638646303,2,30,ZDT3,8,ok,ZDT3_n30_m2
0.49663543081626704,0.9077715702871054,2000,selection,27a58a5f29b5f45e,0.06838099972626765,-0.056270784456046594,ZDT,True,0.5650164305425347,selection_tournament_02,1.0327612984611325,2,30,ZDT3,9,ok,ZDT3_n30_m2
0.510289244338539,0.9327285970565172,2000,selection,f578a28d042a3fbe,0.017291970814166446,0.0364229358928818,ZDT,True,0.5275812151527054,selection_tournament_03,0.9643356039781437,2,30,ZDT3,0,ok,ZDT3_n30_m2
0.5042807007172677,0.9217459229664801,2000,selection,f578a28d042a3fbe,-0.016015690689314355,0.06931719517103524,ZDT,True,0.48826501002795336,selection_tournament_03,0.8924717556716183,2,30,ZDT3,1,ok,ZDT3_n30_m2
0.5067993916193506,0.9263496943717827,2000,selection,f578a28d042a3fbe,0.054060826020892905,-0.0997828835656614,ZDT,True,0.5608602176402435,selection_tournament_03,1.025164394014425,2,30,ZDT3,2,ok,ZDT3_n30_m2
0.5485532083843861,1.0026691139266446,2000,selection,f578a28d042a3fbe,-0.01933970051344236,0.05821807114494058,ZDT,True,0.5292135078709438,selection_tournament_03,0.9673191787133735,2,30,ZDT3,3,ok,ZDT3_n30_m2
0.514153338431371,0.939791554197175,2000,selection,f578a28d042a3fbe,-0.07792883241062443,0.02340621511361253,ZDT,True,0.4362245060207466,selection_tournament_03,0.7973498873757746,2,30,ZDT3,4,ok,ZDT3_n30_m2
0.5197581461646709,0.9500362624912487,2000,selection,f578a28d042a3fbe,-0.03885671422444231,0.0322404618475282,ZDT,True,0.48090143194022855,selection_tournament_03,0.8790122913868433,2,30,ZDT3,5,ok,ZDT3_n30_m2
0.4739350446740789,0.8662788295445678,2000,selection,f578a28d042a3fbe,0.00031901552786012255,0.04770372359349409,ZDT,True,0.474254060201939,selection_tournament_03,0.866861939827689,2,30,ZDT3,6,ok,ZDT3_n30_m2
0.533625566956333,0.9753837298018061,2000,selection,f578a28d042a3fbe,0.005874777449503044,0.037371974946870085,ZDT,True,0.539500344405836,selection_tournament_03,0.9861219003380024,2,30,ZDT3,7,ok,ZDT3_n30_m2
0.49475212743476016,0.9043291874809735,2000,selection,f578a28d042a3fbe,0.0013328190671591522,0.041237049485159424,ZDT,True,0.4960849465019193,selection_tournament_03,0.9067653714147601,2,30,ZDT3,8,ok,ZDT3_n30_m2
0.49663543081626704,0.9077715702871054,2000,selection,f578a28d042a3fbe,0.02555744828712614,-0.02052676922333105,ZDT,True,0.5221928791033932,selection_tournament_03,0.9544865719252366,2,30,ZDT3,9,ok,ZDT3_n30_m2
0.07457924953580648,0.05978682541288732,5000,mutation,ca5f7c48ca9edfab,-0.029133684109885122,0.04368188638399095,ZDT,True,0.04544556542592136,mutation_prob_02,0.03643166300037676,2,20,ZDT6,0,ok,ZDT6_n20_m2
0.022800419876201683,0.01827806971729478,5000,mutation,ca5f7c48ca9edfab,0.08681564204476785,-0.1829660407929521,ZDT,True,0.10961606192096954,mutation_prob_02,0.08787425989545238,2,20,ZDT6,1,ok,ZDT6_n20_m2
0.06232030914296572,0.049959385024634616,5000,mutation,ca5f7c48ca9edfab,-0.029613889260721636,0.08879502925257216,ZDT,True,0.032706419882244084,mutation_prob_02,0.026219263770433807,2,20,ZDT6,2,ok,ZDT6_n20_m2
0.09379010037284051,0.07518729930040396,5000,mutation,ca5f7c48ca9edfab,0.014303317946629271,-0.0033331771640751073,ZDT,True,0.10809341831946978,mutation_prob_02,0.08665362509776368,2,20,ZDT6,3,ok,ZDT6_n20_m2
0.03373319886499013,0.027042386236282523,5000,mutation,ca5f7c48ca9edfab,0.044603944085079034,-0.11294997818379815,ZDT,True,0.07833714295006916,mutation_prob_02,0.0627993593130963,2,20,ZDT6,4,ok,ZDT6_n20_m2
0.07914252463224702,0.06344499753448911,5000,mutation,ca5f7c48ca9edfab,0.07266580119030663,-0.13088215504149392,ZDT,True,0.15180832582255366,mutation_prob_02,0.12169789758769507,2,20,ZDT6,5,ok,ZDT6_n20_m2
0.09778036185602373,0.07838611221594964,5000,mutation,ca5f7c48ca9edfab,-0.06839525469420198,0.14473283263141778,ZDT,True,0.029385107161821755,mutation_prob_02,0.02355671694952278,2,20,ZDT6,6,ok,ZDT6_n20_m2
0.03490600845344804,0.027982574861726242,5000,mutation,ca5f7c48ca9edfab,0.04813126419215894,-0.13297422722066932,ZDT,True,0.08303727264560698,mutation_prob_02,0.066567241603064,2,20,ZDT6,7,ok,ZDT6_n20_m2
0.10438711530434014,0.0836824488969838,5000,mutation,ca5f7c48ca9edfab,-0.05499299981672064,0.06066955235611521,ZDT,True,0.049394115487619496,mutation_prob_02,0.03959703774793911,2,20,ZDT6,8,ok,ZDT6_n20_m2
0.028046823815714085,0.022483875465266496,5000,mutation,ca5f7c48ca9edfab,0.06352911635505396,-0.14423437763765046,ZDT,True,0.09157594017076803,mutation_prob_02,0.07341230678892911,2,20,ZDT6,9,ok,ZDT6_n20_m2
0.07457924953580648,0.05978682541288732,5000,mutation,a45622f3494fd681,-0.06310306831643586,0.194887133947932,ZDT,True,0.011476181219370623,mutation_prob_03,0.00919993761320633,2,20,ZDT6,0,ok,ZDT6_n20_m2
0.022800419876201683,0.01827806971729478,5000,mutation,a45622f3494fd681,0.000938677606081139,0.010933943263762624,ZDT,True,0.023739097482282822,mutation_prob_03,0.01903056527742799,2,20,ZDT6,1,ok,ZDT6_n20_m2
0.06232030914296572,0.049959385024634616,5000,mutation,a45622f3494fd681,-0.06232030914296572,0.400547579899499,ZDT,True,0.0,mutation_prob_03,0.0,2,20,ZDT6,2,ok,ZDT6_n20_m2
0.09379010037284051,0.07518729930040396,5000,mutation,a45622f3494fd681,-0.07143003896983946,0.17606111623568854,ZDT,True,0.022360061403001057,mutation_prob_03,0.017925054162429323,2,20,ZDT6,3,ok,ZDT6_n20_m2
0.03373319886499013,0.027042386236282523,5000,mutation,a45622f3494fd681,-0.030575006956038292,0.11079921986637481,ZDT,True,0.003158191908951837,mutation_prob_03,0.002531780213077115,2,20,ZDT6,4,ok,ZDT6_n20_m2
0.07914252463224702,0.06344499753448911,5000,mutation,a45622f3494fd681,-0.06748115549063295,0.18782218824151858,ZDT,True,0.011661369141614067,mutation_prob_03,0.009348394429876606,2,20,ZDT6,5,ok,ZDT6_n20_m2
0.09778036185602373,0.07838611221594964,5000,mutation,a45622f3494fd681,-0.07750329458015277,0.1723533241257147,ZDT,True,0.02027706727587096,mutation_prob_03,0.016255211585708234,2,20,ZDT6,6,ok,ZDT6_n20_m2
0.03490600845344804,0.027982574861726242,5000,mutation,a45622f3494fd681,-0.02116215403273604,0.06673197212699361,ZDT,True,0.013743854420711998,mutation_prob_03,0.011017829086048083,2,20,ZDT6,7,ok,ZDT6_n20_m2
0.10438711530434014,0.0836824488969838,5000,mutation,a45622f3494fd681,-0.10438711530434014,0.31500303749965636,ZDT,True,0.0,mutation_prob_03,0.0,2,20,ZDT6,8,ok,ZDT6_n20_m2
0.028046823815714085,0.022483875465266496,5000,mutation,a45622f3494fd681,-0.027414975089820937,0.15900884928567988,ZDT,True,0.0006318487258931494,mutation_prob_03,0.0005065246660090297,2,20,ZDT6,9,ok,ZDT6_n20_m2
0.07457924953580648,0.05978682541288732,5000,mutation,b97eeeab8a1ff07d,-0.07457924953580648,0.7562679321329969,ZDT,True,0.0,mutation_prob_04,0.0,2,20,ZDT6,0,ok,ZDT6_n20_m2
0.022800419876201683,0.01827806971729478,5000,mutation,b97eeeab8a1ff07d,-0.022800419876201683,0.5195692575976834,ZDT,True,0.0,mutation_prob_04,0.0,2,20,ZDT6,1,ok,ZDT6_n20_m2
0.06232030914296572,0.049959385024634616,5000,mutation,b97eeeab8a1ff07d,-0.06232030914296572,0.5579045425087992,ZDT,True,0.0,mutation_prob_04,0.0,2,20,ZDT6,2,ok,ZDT6_n20_m2
0.09379010037284051,0.07518729930040396,5000,mutation,b97eeeab8a1ff07d,-0.09379010037284051,0.6530406561286415,ZDT,True,0.0,mutation_prob_04,0.0,2,20,ZDT6,3,ok,ZDT6_n20_m2
0.03373319886499013,0.027042386236282523,5000,mutation,b97eeeab8a1ff07d,-0.03373319886499013,0.4694107398079312,ZDT,True,0.0,mutation_prob_04,0.0,2,20,ZDT6,4,ok,ZDT6_n20_m2
0.07914252463224702,0.06344499753448911,5000,mutation,b97eeeab8a1ff07d,-0.07914252463224702,0.43503597059324767,ZDT,True,0.0,mutation_prob_04,0.0,2,20,ZDT6,5,ok,ZDT6_n20_m2
0.09778036185602373,0.07838611221594964,5000,mutation,b97eeeab8a1ff07d,-0.09778036185602373,0.7335237090721818,ZDT,True,0.0,mutation_prob_04,0.0,2,20,ZDT6,6,ok,ZDT6_n20_m2
0.03490600845344804,0.027982574861726242,5000,mutation,b97eeeab8a1ff07d,-0.03490600845344804,0.6892333413365557,ZDT,True,0.0,mutation_prob_04,0.0,2,20,ZDT6,7,ok,ZDT6_n20_m2
0.10438711530434014,0.0836824488969838,5000,mutation,b97eeeab8a1ff07d,-0.10438711530434014,0.6380719036179774,ZDT,True,0.0,mutation_prob_04,0.0,2,20,ZDT6,8,ok,ZDT6_n20_m2
0.028046823815714085,0.022483875465266496,5000,mutation,b97eeeab8a1ff07d,-0.028046823815714085,0.696961473333666,ZDT,True,0.0,mutation_prob_04,0.0,2,20,ZDT6,9,ok,ZDT6_n20_m2
0.07457924953580648,0.05978682541288732,5000,mutation,3c855ea4e5dc8356,-0.07457924953580648,1.3698197047088345,ZDT,True,0.0,mutation_prob_05,0.0,2,20,ZDT6,0,ok,ZDT6_n20_m2
0.022800419876201683,0.01827806971729478,5000,mutation,3c855ea4e5dc8356,-0.022800419876201683,0.970669621760325,ZDT,True,0.0,mutation_prob_05,0.0,2,20,ZDT6,1,ok,ZDT6_n20_m2
0.06232030914296572,0.049959385024634616,5000,mutation,3c855ea4e5dc8356,-0.06232030914296572,1.479946195521294,ZDT,True,0.0,mutation_prob_05,0.0,2,20,ZDT6,2,ok,ZDT6_n20_m2
0.09379010037284051,0.07518729930040396,5000,mutation,3c855ea4e5dc8356,-0.09379010037284051,1.6493775225040654,ZDT,True,0.0,mutation_prob_05,0.0,2,20,ZDT6,3,ok,ZDT6_n20_m2
0.03373319886499013,0.027042386236282523,5000,mutation,3c855ea4e5dc8356,-0.03373319886499013,1.4059882508610277,ZDT,True,0.0,mutation_prob_05,0.0,2,20,ZDT6,4,ok,ZDT6_n20_m2
0.07914252463224702,0.06344499753448911,5000,mutation,3c855ea4e5dc8356,-0.07914252463224702,1.048086812799625,ZDT,True,0.0,mutation_prob_05,0.0,2,20,ZDT6,5,ok,ZDT6_n20_m2
0.09778036185602373,0.07838611221594964,5000,mutation,3c855ea4e5dc8356,-0.09778036185602373,1.6943600483670618,ZDT,True,0.0,mutation_prob_05,0.0,2,20,ZDT6,6,ok,ZDT6_n20_m2
0.03490600845344804,0.027982574861726242,5000,mutation,3c855ea4e5dc8356,-0.03490600845344804,1.320106443319529,ZDT,True,0.0,mutation_prob_05,0.0,2,20,ZDT6,7,ok,ZDT6_n20_m2
0.10438711530434014,0.0836824488969838,5000,mutation,3c855ea4e5dc8356,-0.10438711530434014,1.3394940892218719,ZDT,True,0.0,mutation_prob_05,0.0,2,20,ZDT6,8,ok,ZDT6_n20_m2
0.028046823815714085,0.022483875465266496,5000,mutation,3c855ea4e5dc8356,-0.028046823815714085,1.0134012179637955,ZDT,True,0.0,mutation_prob_05,0.0,2,20,ZDT6,9,ok,ZDT6_n20_m2
0.07457924953580648,0.05978682541288732,5000,mutation,f7d44c6c04f3bc49,-0.00547395406912464,0.027383332223912482,ZDT,True,0.06910529546668184,mutation_eta_01,0.055398602974529455,2,20,ZDT6,0,ok,ZDT6_n20_m2
0.022800419876201683,0.01827806971729478,5000,mutation,f7d44c6c04f3bc49,0.0748424188871157,-0.1755076559591533,ZDT,True,0.09764283876331738,mutation_eta_01,0.07827586614636531,2,20,ZDT6,1,ok,ZDT6_n20_m2
0.06232030914296572,0.049959385024634616,5000,mutation,f7d44c6c04f3bc49,0.011184837221182915,-0.0006186318228829646,ZDT,True,0.07350514636414864,mutation_eta_01,0.058925765276200054,2,20,ZDT6,2,ok,ZDT6_n20_m2
0.09379010037284051,0.07518729930040396,5000,mutation,f7d44c6c04f3bc49,0.0030094108143790127,0.01426053964970081,ZDT,True,0.09679951118721952,mutation_eta_01,0.07759980841084427,2,20,ZDT6,3,ok,ZDT6_n20_m2
0.03373319886499013,0.027042386236282523,5000,mutation,f7d44c6c04f3bc49,0.0808026900711988,-0.15875888783124975,ZDT,True,0.11453588893618892,mutation_eta_01,0.09181826363176386,2,20,ZDT6,4,ok,ZDT6_n20_m2
0.07914252463224702,0.06344499753448911,5000,mutation,f7d44c6c04f3bc49,-0.033165878682509614,0.043989329628422225,ZDT,True,0.04597664594973741,mutation_eta_01,0.036857406337232564,2,20,ZDT6,5,ok,ZDT6_n20_m2
0.09778036185602373,0.07838611221594964,5000,mutation,f7d44c6c04f3bc49,-0.02493857353431704,0.0481091743671655,ZDT,True,0.0728417883217067,mutation_eta_01,0.05839398101024723,2,20,ZDT6,6,ok,ZDT6_n20_m2
0.03490600845344804,0.027982574861726242,5000,mutation,f7d44c6c04f3bc49,0.06918906662509278,-0.1597513062998836,ZDT,True,0.10409507507854081,mutation_eta_01,0.08344833340102367,2,20,ZDT6,7,ok,ZDT6_n20_m2
0.10438711530434014,0.0836824488969838,5000,mutation,f7d44c6c04f3bc49,-0.038479849626125995,0.0474361443564314,ZDT,True,0.06590726567821414,mutation_eta_01,0.05283488652768407,2,20,ZDT6,8,ok,ZDT6_n20_m2
0.028046823815714085,0.022483875465266496,5000,mutation,f7d44c6c04f3bc49,-0.010003589050986798,0.025729688814490947,ZDT,True,0.018043234764727287,mutation_eta_01,0.014464448670062946,2,20,ZDT6,9,ok,ZDT6_n20_m2
0.07457924953580648,0.05978682541288732,5000,mutation,41defb9c217b8ecc,0.08600699045461781,-0.11208964341159655,ZDT,True,0.1605862399904243,mutation_eta_02,0.12873475603170276,2,20,ZDT6,0,ok,ZDT6_n20_m2
0.022800419876201683,0.01827806971729478,5000,mutation,41defb9c217b8ecc,0.06974860872354553,-0.16227431515092894,ZDT,True,0.09254902859974722,mutation_eta_02,0.07419238795596668,2,20,ZDT6,1,ok,ZDT6_n20_m2
0.06232030914296572,0.049959385024634616,5000,mutation,41defb9c217b8ecc,-0.0074800093107983065,0.0571966766490003,ZDT,True,0.05484029983216741,mutation_eta_02,0.04396299844881153,2,20,ZDT6,2,ok,ZDT6_n20_m2
0.09379010037284051,0.07518729930040396,5000,mutation,41defb9c217b8ecc,0.04816507582962866,-0.05642476092085508,ZDT,True,0.14195517620246917,mutation_eta_02,0.11379907130867474,2,20,ZDT6,3,ok,ZDT6_n20_m2
0.03373319886499013,0.027042386236282523,5000,mutation,41defb9c217b8ecc,0.03428425920558768,-0.07790301052527698,ZDT,True,0.06801745807057781,mutation_eta_02,0.05452653272867299,2,20,ZDT6,4,ok,ZDT6_n20_m2
0.07914252463224702,0.06344499753448911,5000,mutation,41defb9c217b8ecc,-0.02358687728763556,0.058305128100512804,ZDT,True,0.055555647344611464,mutation_eta_02,0.044536460331335584,2,20,ZDT6,5,ok,ZDT6_n20_m2
0.09778036185602373,0.07838611221594964,5000,mutation,41defb9c217b8ecc,-0.07572564713207999,0.19288483767592934,ZDT,True,0.022054714723943738,mutation_eta_02,0.017680271482195486,2,20,ZDT6,6,ok,ZDT6_n20_m2
0.03490600845344804,0.027982574861726242,5000,mutation,41defb9c217b8ecc,0.026625580998281023,-0.07063672032766,ZDT,True,0.06153158945172906,mutation_eta_02,0.049327103970947785,2,20,ZDT6,7,ok,ZDT6_n20_m2
0.10438711530434014,0.0836824488969838,5000,mutation,41defb9c217b8ecc,0.018037829416996276,-0.02708907026075935,ZDT,True,0.12242494472133642,mutation_eta_02,0.09814256434321969,2,20,ZDT6,8,ok,ZDT6_n20_m2
0.028046823815714085,0.022483875465266496,5000,mutation,41defb9c217b8ecc,0.04154301474895999,-0.09760544202492127,ZDT,True,0.06958983856467407,mutation_eta_02,0.055787039353079645,2,20,ZDT6,9,ok,ZDT6_n20_m2
0.07457924953580648,0.05978682541288732,5000,mutation,cf03914eb12646b6,0.00441378576510662,0.011752266305238956,ZDT,True,0.0789930353009131,mutation_eta_03,0.06332515867033882,2,20,ZDT6,0,ok,ZDT6_n20_m2
0.022800419876201683,0.01827806971729478,5000,mutation,cf03914eb12646b6,0.007925492827411874,-0.018523022463473482,ZDT,True,0.030725912703613557,mutation_eta_03,0.024631580364463043,2,20,ZDT6,1,ok,ZDT6_n20_m2
0.06232030914296572,0.049959385024634616,5000,mutation,cf03914eb12646b6,0.03151728436479551,-0.025526159081019795,ZDT,True,0.09383759350776123,mutation_eta_03,0.07522537240764882,2,20,ZDT6,2,ok,ZDT6_n20_m2
0.09379010037284051,0.07518729930040396,5000,mutation,cf03914eb12646b6,0.009374701877981104,-0.003523352635318222,ZDT,True,0.10316480225082161,mutation_eta_03,0.08270257557316436,2,20,ZDT6,3,ok,ZDT6_n20_m2
0.03373319886499013,0.027042386236282523,5000,mutation,cf03914eb12646b6,0.11084512185130968,-0.21841426326315455,ZDT,True,0.1445783207162998,mutation_eta_03,0.11590192812283273,2,20,ZDT6,4,ok,ZDT6_n20_m2
0.07914252463224702,0.06344499753448911,5000,mutation,cf03914eb12646b6,0.04779303178143582,-0.08113588177778946,ZDT,True,0.12693555641368284,mutation_eta_03,0.10175851858564168,2,20,ZDT6,5,ok,ZDT6_n20_m2
0.09778036185602373,0.07838611221594964,5000,mutation,cf03914eb12646b6,-0.08603420441391717,0.2030809381729488,ZDT,True,0.011746157442106565,mutation_eta_03,0.009416365391640811,2,20,ZDT6,6,ok,ZDT6_n20_m2
0.03490600845344804,0.027982574861726242,5000,mutation,cf03914eb12646b6,-0.02767779121783279,0.11041882304281009,ZDT,True,0.007228217235615248,mutation_eta_03,0.005794536209494432,2,20,ZDT6,7,ok,ZDT6_n20_m2
0.10438711530434014,0.0836824488969838,5000,mutation,cf03914eb12646b6,-0.019380595286469654,0.002075600712743264,ZDT,True,0.08500652001787048,mutation_eta_03,0.06814589852939551,2,20,ZDT6,8,ok,ZDT6_n20_m2
0.028046823815714085,0.022483875465266496,5000,mutation,cf03914eb12646b6,0.006679800083038055,-0.015130157905038188,ZDT,True,0.03472662389875214,mutation_eta_03,0.027838770343443658,2,20,ZDT6,9,ok,ZDT6_n20_m2
0.07457924953580648,0.05978682541288732,5000,mutation,125dae0e885401c4,-0.059018705685526626,0.1852167037636956,ZDT,True,0.015560543850279857,mutation_eta_04,0.012474187180706371,2,20,ZDT6,0,ok,ZDT6_n20_m2
0.022800419876201683,0.01827806971729478,5000,mutation,125dae0e885401c4,-0.007479489095017737,0.03810172382168475,ZDT,True,0.015320930781183946,mutation_eta_04,0.012282100175033225,2,20,ZDT6,1,ok,ZDT6_n20_m2
0.06232030914296572,0.049959385024634616,5000,mutation,125dae0e885401c4,-0.02778106992094761,0.09086768330617195,ZDT,True,0.03453923922201811,mutation_eta_04,0.02768855248763688,2,20,ZDT6,2,ok,ZDT6_n20_m2
0.09379010037284051,0.07518729930040396,5000,mutation,125dae0e885401c4,0.011664382103178814,0.0011708621379518114,ZDT,True,0.10545448247601932,mutation_eta_04,0.0845381090858677,2,20,ZDT6,3,ok,ZDT6_n20_m2
0.03373319886499013,0.027042386236282523,5000,mutation,125dae0e885401c4,0.1293160918558487,-0.21356378075159732,ZDT,True,0.16304929072083882,mutation_eta_04,0.13070927287008524,2,20,ZDT6,4,ok,ZDT6_n20_m2
0.07914252463224702,0.06344499753448911,5000,mutation,125dae0e885401c4,-0.009476587746757706,0.016589596268502316,ZDT,True,0.06966593688548932,mutation_eta_04,0.05584804394952051,2,20,ZDT6,5,ok,ZDT6_n20_m2
0.09778036185602373,0.07838611221594964,5000,mutation,125dae0e885401c4,0.010789975661664869,-0.01860417315020796,ZDT,True,0.1085703375176886,mutation_eta_04,0.08703594973923477,2,20,ZDT6,6,ok,ZDT6_n20_m2
0.03490600845344804,0.027982574861726242,5000,mutation,125dae0e885401c4,-0.0016965901027962207,0.02042042116214904,ZDT,True,0.03320941835065182,mutation_eta_04,0.026622494988243327,2,20,ZDT6,7,ok,ZDT6_n20_m2
0.10438711530434014,0.0836824488969838,5000,mutation,125dae0e885401c4,-0.04115102080577315,0.04485627816099741,ZDT,True,0.06323609449856699,mutation_eta_04,0.050693528898591474,2,20,ZDT6,8,ok,ZDT6_n20_m2
0.028046823815714085,0.022483875465266496,5000,mutation,125dae0e885401c4,-0.014460106448654888,0.05280511903228363,ZDT,True,0.013586717367059197,mutation_eta_04,0.01089185938735696,2,20,ZDT6,9,ok,ZDT6_n20_m2
0.07457924953580648,0.05978682541288732,5000,mutation,00f8dc6494a79c6d,-0.07066794804540205,0.22399616964469649,ZDT,True,0.003911301490404427,mutation_eta_05,0.0031355142455771513,2,20,ZDT6,0,ok,ZDT6_n20_m2
0.022800419876201683,0.01827806971729478,5000,mutation,00f8dc6494a79c6d,-0.022800419876201683,2.4570889019270616,ZDT,True,0.0,mutation_eta_05,0.0,2,20,ZDT6,1,ok,ZDT6_n20_m2
0.06232030914296572,0.049959385024634616,5000,mutation,00f8dc6494a79c6d,-0.032141313316176714,0.12193755416460345,ZDT,True,0.030178995826789002,mutation_eta_05,0.024193141736646433,2,20,ZDT6,2,ok,ZDT6_n20_m2
0.09379010037284051,0.07518729930040396,5000,mutation,00f8dc6494a79c6d,-0.09379010037284051,0.30605275918959784,ZDT,True,0.0,mutation_eta_05,0.0,2,20,ZDT6,3,ok,ZDT6_n20_m2
0.03373319886499013,0.027042386236282523,5000,mutation,00f8dc6494a79c6d,-0.03373319886499013,0.7554998782716102,ZDT,True,0.0,mutation_eta_05,0.0,2,20,ZDT6,4,ok,ZDT6_n20_m2
0.07914252463224702,0.06344499753448911,5000,mutation,00f8dc6494a79c6d,0.03231413030373244,-0.06690291659316705,ZDT,True,0.11145665493597946,mutation_eta_05,0.08934978041797714,2,20,ZDT6,5,ok,ZDT6_n20_m2
0.09778036185602373,0.07838611221594964,5000,mutation,00f8dc6494a79c6d,-0.057360391489992765,0.11235072651712841,ZDT,True,0.04041997036603097,mutation_eta_05,0.03240286978629008,2,20,ZDT6,6,ok,ZDT6_n20_m2
0.03490600845344804,0.027982574861726242,5000,mutation,00f8dc6494a79c6d,0.003431015042514751,-0.006124515958249699,ZDT,True,0.03833702349596279,mutation_eta_05,0.030733065093427152,2,20,ZDT6,7,ok,ZDT6_n20_m2
0.10438711530434014,0.0836824488969838,5000,mutation,00f8dc6494a79c6d,-0.029314436302191715,0.04799151649181743,ZDT,True,0.07507267900214842,mutation_eta_05,0.06018238559271451,2,20,ZDT6,8,ok,ZDT6_n20_m2
0.028046823815714085,0.022483875465266496,5000,mutation,00f8dc6494a79c6d,-0.028046823815714085,0.30517128594031967,ZDT,True,0.0,mutation_eta_05,0.0,2,20,ZDT6,9,ok,ZDT6_n20_m2
0.07457924953580648,0.05978682541288732,5000,crossover,60895be264bd69a2,-0.07457924953580648,0.3050999300416285,ZDT,True,0.0,crossover_prob_01,0.0,2,20,ZDT6,0,ok,ZDT6_n20_m2
0.022800419876201683,0.01827806971729478,5000,crossover,60895be264bd69a2,-0.022800419876201683,0.19376838010430508,ZDT,True,0.0,crossover_prob_01,0.0,2,20,ZDT6,1,ok,ZDT6_n20_m2
0.06232030914296572,0.049959385024634616,5000,crossover,60895be264bd69a2,-0.06232030914296572,0.27075014843797324,ZDT,True,0.0,crossover_prob_01,0.0,2,20,ZDT6,2,ok,ZDT6_n20_m2
0.09379010037284051,0.07518729930040396,5000,crossover,60895be264bd69a2,-0.09379010037284051,0.4826838982044085,ZDT,True,0.0,crossover_prob_01,0.0,2,20,ZDT6,3,ok,ZDT6_n20_m2
0.03373319886499013,0.027042386236282523,5000,crossover,60895be264bd69a2,-0.03373319886499013,0.22239463884039973,ZDT,True,0.0,crossover_prob_01,0.0,2,20,ZDT6,4,ok,ZDT6_n20_m2
0.07914252463224702,0.06344499753448911,5000,crossover,60895be264bd69a2,-0.07914252463224702,0.2758624387514535,ZDT,True,0.0,crossover_prob_01,0.0,2,20,ZDT6,5,ok,ZDT6_n20_m2
0.09778036185602373,0.07838611221594964,5000,crossover,60895be264bd69a2,-0.09778036185602373,0.6118320897358096,ZDT,True,0.0,crossover_prob_01,0.0,2,20,ZDT6,6,ok,ZDT6_n20_m2
0.03490600845344804,0.027982574861726242,5000,crossover,60895be264bd69a2,-0.03490600845344804,0.3045280029522987,ZDT,True,0.0,crossover_prob_01,0.0,2,20,ZDT6,7,ok,ZDT6_n20_m2
0.10438711530434014,0.0836824488969838,5000,crossover,60895be264bd69a2,-0.10438711530434014,0.5305453056904186,ZDT,True,0.0,crossover_prob_01,0.0,2,20,ZDT6,8,ok,ZDT6_n20_m2
0.028046823815714085,0.022483875465266496,5000,crossover,60895be264bd69a2,-0.028046823815714085,0.20059262511630654,ZDT,True,0.0,crossover_prob_01,0.0,2,20,ZDT6,9,ok,ZDT6_n20_m2
0.07457924953580648,0.05978682541288732,5000,crossover,366b8e08fff20523,-0.07266193218723117,0.26409386048481265,ZDT,True,0.001917317348575307,crossover_prob_02,0.001537026965192722,2,20,ZDT6,0,ok,ZDT6_n20_m2
0.022800419876201683,0.01827806971729478,5000,crossover,366b8e08fff20523,-0.022800419876201683,0.16030674722713656,ZDT,True,0.0,crossover_prob_02,0.0,2,20,ZDT6,1,ok,ZDT6_n20_m2
0.06232030914296572,0.049959385024634616,5000,crossover,366b8e08fff20523,-0.023503005246640195,0.07873939384658857,ZDT,True,0.038817303896325525,crossover_prob_02,0.031118084259273423,2,20,ZDT6,2,ok,ZDT6_n20_m2
0.09379010037284051,0.07518729930040396,5000,crossover,366b8e08fff20523,-0.017836225978467096,0.058012955181459214,ZDT,True,0.07595387439437341,crossover_prob_02,0.06088880025091383,2,20,ZDT6,3,ok,ZDT6_n20_m2
0.03373319886499013,0.027042386236282523,5000,crossover,366b8e08fff20523,0.01943229192773782,-0.04807702057849572,ZDT,True,0.05316549079272795,crossover_prob_02,0.042620379472834584,2,20,ZDT6,4,ok,ZDT6_n20_m2
0.07914252463224702,0.06344499753448911,5000,crossover,366b8e08fff20523,-0.01815134656698259,0.009870381770994585,ZDT,True,0.06099117806526443,crossover_prob_02,0.048893880501754965,2,20,ZDT6,5,ok,ZDT6_n20_m2
0.09778036185602373,0.07838611221594964,5000,crossover,366b8e08fff20523,-0.09778036185602373,0.3121361082392199,ZDT,True,0.0,crossover_prob_02,0.0,2,20,ZDT6,6,ok,ZDT6_n20_m2
0.03490600845344804,0.027982574861726242,5000,crossover,366b8e08fff20523,-0.01924506843778666,0.06324761314182975,ZDT,True,0.015660940015661377,crossover_prob_02,0.012554670264796756,2,20,ZDT6,7,ok,ZDT6_n20_m2
0.10438711530434014,0.0836824488969838,5000,crossover,366b8e08fff20523,-0.10438711530434014,0.39082807586313045,ZDT,True,0.0,crossover_prob_02,0.0,2,20,ZDT6,8,ok,ZDT6_n20_m2
0.028046823815714085,0.022483875465266496,5000,crossover,366b8e08fff20523,-0.008119000473806107,0.036533868976461104,ZDT,True,0.01992782334190798,crossover_prob_02,0.01597523845328445,2,20,ZDT6,9,ok,ZDT6_n20_m2
0.07457924953580648,0.05978682541288732,5000,crossover,080d47f8bdf25ffc,0.03331817029029904,-0.033594277412094364,ZDT,True,0.10789741982610553,crossover_prob_03,0.08649650193311806,2,20,ZDT6,0,ok,ZDT6_n20_m2
0.022800419876201683,0.01827806971729478,5000,crossover,080d47f8bdf25ffc,0.09021415626352365,-0.18579790956517572,ZDT,True,0.11301457613972533,crossover_prob_03,0.09059869568053515,2,20,ZDT6,1,ok,ZDT6_n20_m2
0.06232030914296572,0.049959385024634616,5000,crossover,080d47f8bdf25ffc,0.027401019834056746,-0.02640440429168428,ZDT,True,0.08972132897702247,crossover_prob_03,0.0719255485238702,2,20,ZDT6,2,ok,ZDT6_n20_m2
0.09379010037284051,0.07518729930040396,5000,crossover,080d47f8bdf25ffc,0.015515598916187687,-0.012048844237350143,ZDT,True,0.1093056992890282,crossover_prob_03,0.08762545615170259,2,20,ZDT6,3,ok,ZDT6_n20_m2
0.03373319886499013,0.027042386236282523,5000,crossover,080d47f8bdf25ffc,0.11103132854426329,-0.20773826136032997,ZDT,True,0.1447645274092534,crossover_prob_03,0.11605120164209745,2,20,ZDT6,4,ok,ZDT6_n20_m2
0.07914252463224702,0.06344499753448911,5000,crossover,080d47f8bdf25ffc,0.09460422674207888,-0.1401105540231223,ZDT,True,0.1737467513743259,crossover_prob_03,0.1392849452780544,2,20,ZDT6,5,ok,ZDT6_n20_m2
0.09778036185602373,0.07838611221594964,5000,crossover,080d47f8bdf25ffc,0.0026986580313627523,0.00015300860306705077,ZDT,True,0.10047901988738649,crossover_prob_03,0.08054950481609523,2,20,ZDT6,6,ok,ZDT6_n20_m2
0.03490600845344804,0.027982574861726242,5000,crossover,080d47f8bdf25ffc,0.134127186241896,-0.2375604172066318,ZDT,True,0.16903319469534406,crossover_prob_03,0.13550629918019122,2,20,ZDT6,7,ok,ZDT6_n20_m2
0.10438711530434014,0.0836824488969838,5000,crossover,080d47f8bdf25ffc,-0.02481328409027271,0.043112826832969464,ZDT,True,0.07957383121406743,crossover_prob_03,0.06379075659571892,2,20,ZDT6,8,ok,ZDT6_n20_m2
0.028046823815714085,0.022483875465266496,5000,crossover,080d47f8bdf25ffc,0.05288656033471096,-0.0957667762076575,ZDT,True,0.08093338415042504,crossover_prob_03,0.06488064895252744,2,20,ZDT6,9,ok,ZDT6_n20_m2
0.07457924953580648,0.05978682541288732,5000,crossover,3057f333433f2b09,0.016331142999513396,-0.008467228531656823,ZDT,True,0.09091039253531988,crossover_eta_01,0.07287876722487928,2,20,ZDT6,0,ok,ZDT6_n20_m2
0.022800419876201683,0.01827806971729478,5000,crossover,3057f333433f2b09,0.004942410773229752,-0.019249298191894526,ZDT,True,0.027742830649431435,crossover_eta_01,0.022240177835263872,2,20,ZDT6,1,ok,ZDT6_n20_m2
0.06232030914296572,0.049959385024634616,5000,crossover,3057f333433f2b09,0.053038908543077475,-0.06630071010769567,ZDT,True,0.1153592176860432,crossover_eta_01,0.09247828920900324,2,20,ZDT6,2,ok,ZDT6_n20_m2
0.09379010037284051,0.07518729930040396,5000,crossover,3057f333433f2b09,-0.02153045214512153,0.060805381715843654,ZDT,True,0.07225964822771898,crossover_eta_01,0.057927305515632965,2,20,ZDT6,3,ok,ZDT6_n20_m2
0.03373319886499013,0.027042386236282523,5000,crossover,3057f333433f2b09,0.0783848934054813,-0.16474676731785598,ZDT,True,0.11211809227047143,crossover_eta_01,0.08988002493887236,2,20,ZDT6,4,ok,ZDT6_n20_m2
0.07914252463224702,0.06344499753448911,5000,crossover,3057f333433f2b09,0.06452016528010329,-0.1099078793974661,ZDT,True,0.14366268991235032,crossover_eta_01,0.11516790814597437,2,20,ZDT6,5,ok,ZDT6_n20_m2
0.09778036185602373,0.07838611221594964,5000,crossover,3057f333433f2b09,0.0332201204876135,-0.04055124617968359,ZDT,True,0.13100048234363723,crossover_eta_01,0.10501718662538669,2,20,ZDT6,6,ok,ZDT6_n20_m2
0.03490600845344804,0.027982574861726242,5000,crossover,3057f333433f2b09,0.10498862291291675,-0.18833577597521495,ZDT,True,0.1398946313663648,crossover_eta_01,0.11214722531748579,2,20,ZDT6,7,ok,ZDT6_n20_m2
0.10438711530434014,0.0836824488969838,5000,crossover,3057f333433f2b09,0.0697291921924075,-0.09450355295702656,ZDT,True,0.17411630749674764,crossover_eta_01,0.1395812017771344,2,20,ZDT6,8,ok,ZDT6_n20_m2
0.028046823815714085,0.022483875465266496,5000,crossover,3057f333433f2b09,0.11764362743214893,-0.21902611552581563,ZDT,True,0.145690451247863,crossover_eta_01,0.11679347308125966,2,20,ZDT6,9,ok,ZDT6_n20_m2
0.07457924953580648,0.05978682541288732,5000,crossover,5486712f1437119a,-0.04938020146703717,0.1436941369123238,ZDT,True,0.02519904806876931,crossover_eta_02,0.020200941908581967,2,20,ZDT6,0,ok,ZDT6_n20_m2
0.022800419876201683,0.01827806971729478,5000,crossover,5486712f1437119a,0.031468346334132966,-0.07639852698649574,ZDT,True,0.05426876621033465,crossover_eta_02,0.043504825685223916,2,20,ZDT6,1,ok,ZDT6_n20_m2
0.06232030914296572,0.049959385024634616,5000,crossover,5486712f1437119a,-0.03491105786157496,0.10102149515388231,ZDT,True,0.027409251281390757,crossover_eta_02,0.021972762279830922,2,20,ZDT6,2,ok,ZDT6_n20_m2
0.09379010037284051,0.07518729930040396,5000,crossover,5486712f1437119a,0.002164523843295782,0.01853385387197909,ZDT,True,0.09595462421613629,crossover_eta_02,0.07692250057859633,2,20,ZDT6,3,ok,ZDT6_n20_m2
0.03373319886499013,0.027042386236282523,5000,crossover,5486712f1437119a,0.08259905376684638,-0.1670402367853035,ZDT,True,0.11633225263183651,crossover_eta_02,0.0932583275009795,2,20,ZDT6,4,ok,ZDT6_n20_m2
0.07914252463224702,0.06344499753448911,5000,crossover,5486712f1437119a,0.054355468673226576,-0.0829701969482276,ZDT,True,0.1334979933054736,crossover_eta_02,0.10701932867926175,2,20,ZDT6,5,ok,ZDT6_n20_m2
0.09778036185602373,0.07838611221594964,5000,crossover,5486712f1437119a,-0.02622017368779954,0.046655666366493875,ZDT,True,0.0715601881682242,crossover_eta_02,0.05736657988859073,2,20,ZDT6,6,ok,ZDT6_n20_m2
0.03490600845344804,0.027982574861726242,5000,crossover,5486712f1437119a,0.10056279576887511,-0.19246369332538138,ZDT,True,0.13546880422232316,crossover_eta_02,0.10859923902886813,2,20,ZDT6,7,ok,ZDT6_n20_m2
0.10438711530434014,0.0836824488969838,5000,crossover,5486712f1437119a,-0.028797271659714366,0.026189368318211392,ZDT,True,0.07558984364462577,crossover_eta_02,0.060596973194251946,2,20,ZDT6,8,ok,ZDT6_n20_m2
0.028046823815714085,0.022483875465266496,5000,crossover,5486712f1437119a,0.062281000298424184,-0.14943347215789737,ZDT,True,0.09032782411413827,crossover_eta_02,0.07241174835964487,2,20,ZDT6,9,ok,ZDT6_n20_m2
0.07457924953580648,0.05978682541288732,5000,crossover,d1adf67e8711abf0,-0.06860934164028078,0.23240264152861712,ZDT,True,0.0059699078955257005,crossover_eta_03,0.004785806283951005,2,20,ZDT6,0,ok,ZDT6_n20_m2
0.022800419876201683,0.01827806971729478,5000,crossover,d1adf67e8711abf0,-0.018121347043198715,0.09769375677586145,ZDT,True,0.004679072833002968,crossover_eta_03,0.003751001951643685,2,20,ZDT6,1,ok,ZDT6_n20_m2
0.06232030914296572,0.049959385024634616,5000,crossover,d1adf67e8711abf0,0.021108904049017684,-0.01133872256537971,ZDT,True,0.0834292131919834,crossover_eta_03,0.06688144268666689,2,20,ZDT6,2,ok,ZDT6_n20_m2
0.09379010037284051,0.07518729930040396,5000,crossover,d1adf67e8711abf0,-0.041174065322166234,0.0722242989268731,ZDT,True,0.052616035050674276,crossover_eta_03,0.04217990555111056,2,20,ZDT6,3,ok,ZDT6_n20_m2
0.03373319886499013,0.027042386236282523,5000,crossover,d1adf67e8711abf0,0.018480540858933303,-0.03676670612910582,ZDT,True,0.05221373972392343,crossover_eta_03,0.04185740350644565,2,20,ZDT6,4,ok,ZDT6_n20_m2
0.07914252463224702,0.06344499753448911,5000,crossover,d1adf67e8711abf0,-0.02703735852591657,0.05640115928190492,ZDT,True,0.05210516610633045,crossover_eta_03,0.04177036492721777,2,20,ZDT6,5,ok,ZDT6_n20_m2
0.09778036185602373,0.07838611221594964,5000,crossover,d1adf67e8711abf0,-0.064201180636072,0.1481017854873487,ZDT,True,0.03357918121995174,crossover_eta_03,0.026918917226983988,2,20,ZDT6,6,ok,ZDT6_n20_m2
0.03490600845344804,0.027982574861726242,5000,crossover,d1adf67e8711abf0,0.0540726642708322,-0.13315979468857486,ZDT,True,0.08897867272428024,crossover_eta_03,0.07133019445419468,2,20,ZDT6,7,ok,ZDT6_n20_m2
0.10438711530434014,0.0836824488969838,5000,crossover,d1adf67e8711abf0,-0.042545695955739295,0.03577628798242655,ZDT,True,0.061841419348600844,crossover_eta_03,0.049575480644985945,2,20,ZDT6,8,ok,ZDT6_n20_m2
0.028046823815714085,0.022483875465266496,5000,crossover,d1adf67e8711abf0,0.07529266404617058,-0.15791445900116308,ZDT,True,0.10333948786188467,crossover_eta_03,0.08284261315997002,2,20,ZDT6,9,ok,ZDT6_n20_m2
0.07457924953580648,0.05978682541288732,5000,crossover,09694d20d71d3102,-0.03848907947496302,0.10271790305568507,ZDT,True,0.03609017006084346,crossover_eta_04,0.028931863889473868,2,20,ZDT6,0,ok,ZDT6_n20_m2
0.022800419876201683,0.01827806971729478,5000,crossover,09694d20d71d3102,0.01874635492968836,-0.06632851416574431,ZDT,True,0.041546774805890044,crossover_eta_04,0.033306178156106495,2,20,ZDT6,1,ok,ZDT6_n20_m2
0.06232030914296572,0.049959385024634616,5000,crossover,09694d20d71d3102,-0.028701020852444505,0.10020733914265467,ZDT,True,0.033619288290521215,crossover_eta_04,0.02695106925909594,2,20,ZDT6,2,ok,ZDT6_n20_m2
0.09379010037284051,0.07518729930040396,5000,crossover,09694d20d71d3102,-0.058981851251881656,0.11185092638186844,ZDT,True,0.034808249120958853,crossover_eta_04,0.027904205607806553,2,20,ZDT6,3,ok,ZDT6_n20_m2
0.03373319886499013,0.027042386236282523,5000,crossover,09694d20d71d3102,-0.02054383811202691,0.055730524308250484,ZDT,True,0.013189360752963218,crossover_eta_04,0.01057331648619508,2,20,ZDT6,4,ok,ZDT6_n20_m2
0.07914252463224702,0.06344499753448911,5000,crossover,09694d20d71d3102,0.03179145596020326,-0.07195488637794811,ZDT,True,0.11093398059245028,crossover_eta_04,0.08893077593725532,2,20,ZDT6,5,ok,ZDT6_n20_m2
0.09778036185602373,0.07838611221594964,5000,crossover,09694d20d71d3102,-0.058872613017516055,0.12289774910626172,ZDT,True,0.03890774883850768,crossover_eta_04,0.031190589895913376,2,20,ZDT6,6,ok,ZDT6_n20_m2
0.03490600845344804,0.027982574861726242,5000,crossover,09694d20d71d3102,-0.013463676493628802,0.04730581645302262,ZDT,True,0.021442331959819236,crossover_eta_04,0.017189351801018007,2,20,ZDT6,7,ok,ZDT6_n20_m2
0.10438711530434014,0.0836824488969838,5000,crossover,09694d20d71d3102,-0.06401610682357675,0.10889837479354142,ZDT,True,0.04037100848076339,crossover_eta_04,0.03236361924804253,2,20,ZDT6,8,ok,ZDT6_n20_m2
0.028046823815714085,0.022483875465266496,5000,crossover,09694d20d71d3102,-0.004953041039400502,0.024289579310389053,ZDT,True,0.023093782776313583,crossover_eta_04,0.01851324554167993,2,20,ZDT6,9,ok,ZDT6_n20_m2
0.07457924953580648,0.05978682541288732,5000,selection,cc1188127007368d,0.11322587019282783,-0.14203475072962382,ZDT,True,0.1878051197286343,selection_tournament_01,0.15055490601942068,2,20,ZDT6,0,ok,ZDT6_n20_m2
0.022800419876201683,0.01827806971729478,5000,selection,cc1188127007368d,0.11518816419602323,-0.22426840295835676,ZDT,True,0.13798858407222492,selection_tournament_01,0.1106192330473472,2,20,ZDT6,1,ok,ZDT6_n20_m2
0.06232030914296572,0.049959385024634616,5000,selection,cc1188127007368d,0.048631127002310974,-0.058515150375076486,ZDT,True,0.1109514361452767,selection_tournament_01,0.08894476926778373,2,20,ZDT6,2,ok,ZDT6_n20_m2
0.09379010037284051,0.07518729930040396,5000,selection,cc1188127007368d,0.03755480261177378,-0.04935296978899151,ZDT,True,0.1313449029846143,selection_tournament_01,0.1052932931410577,2,20,ZDT6,3,ok,ZDT6_n20_m2
0.03373319886499013,0.027042386236282523,5000,selection,cc1188127007368d,0.1147748528641615,-0.2132201261665681,ZDT,True,0.14850805172915163,selection_tournament_01,0.1190522164865174,2,20,ZDT6,4,ok,ZDT6_n20_m2
0.07914252463224702,0.06344499753448911,5000,selection,cc1188127007368d,0.10564049060472752,-0.14211307355035666,ZDT,True,0.18478301523697455,selection_tournament_01,0.148132220959609,2,20,ZDT6,5,ok,ZDT6_n20_m2
0.09778036185602373,0.07838611221594964,5000,selection,cc1188127007368d,0.0054714354543654725,0.000693452554615337,ZDT,True,0.1032517973103892,selection_tournament_01,0.08277231559428988,2,20,ZDT6,6,ok,ZDT6_n20_m2
0.03490600845344804,0.027982574861726242,5000,selection,cc1188127007368d,0.11718228148045043,-0.20196003410173885,ZDT,True,0.15208828993389847,selection_tournament_01,0.12192233220658749,2,20,ZDT6,7,ok,ZDT6_n20_m2
0.10438711530434014,0.0836824488969838,5000,selection,cc1188127007368d,0.10250946996206434,-0.13919198288978907,ZDT,True,0.20689658526640448,selection_tournament_01,0.1658596740894562,2,20,ZDT6,8,ok,ZDT6_n20_m2
0.028046823815714085,0.022483875465266496,5000,selection,cc1188127007368d,0.0852994170151512,-0.1643897648934033,ZDT,True,0.1133462408308653,selection_tournament_01,0.09086457632573101,2,20,ZDT6,9,ok,ZDT6_n20_m2
0.07457924953580648,0.05978682541288732,5000,selection,5386e33447253502,0.07731732840764667,-0.09087277207157046,ZDT,True,0.15189657794345315,selection_tournament_02,0.1217686453382742,2,20,ZDT6,0,ok,ZDT6_n20_m2
0.022800419876201683,0.01827806971729478,5000,selection,5386e33447253502,0.07044281555121536,-0.17698565251163156,ZDT,True,0.09324323542741704,selection_tournament_02,0.07474890230365266,2,20,ZDT6,1,ok,ZDT6_n20_m2
0.06232030914296572,0.049959385024634616,5000,selection,5386e33447253502,0.09827658921219984,-0.13717640353539412,ZDT,True,0.16059689835516555,selection_tournament_02,0.1287433003626787,2,20,ZDT6,2,ok,ZDT6_n20_m2
0.09379010037284051,0.07518729930040396,5000,selection,5386e33447253502,0.06353846947644597,-0.07069348067591269,ZDT,True,0.15732856984928648,selection_tournament_02,0.12612322860023575,2,20,ZDT6,3,ok,ZDT6_n20_m2
0.03373319886499013,0.027042386236282523,5000,selection,5386e33447253502,0.08372118183466408,-0.16981747687038773,ZDT,True,0.1174543806996542,selection_tournament_02,0.09415788703394727,2,20,ZDT6,4,ok,ZDT6_n20_m2
0.07914252463224702,0.06344499753448911,5000,selection,5386e33447253502,0.12473033151686191,-0.17144882081970522,ZDT,True,0.20387285614910894,selection_tournament_02,0.16343568664044308,2,20,ZDT6,5,ok,ZDT6_n20_m2
0.09778036185602373,0.07838611221594964,5000,selection,5386e33447253502,0.07264996577218313,-0.09006764145895868,ZDT,True,0.17043032762820687,selection_tournament_02,0.1366263177276501,2,20,ZDT6,6,ok,ZDT6_n20_m2
0.03490600845344804,0.027982574861726242,5000,selection,5386e33447253502,0.11231763911870801,-0.20286101187483913,ZDT,True,0.14722364757215606,selection_tournament_02,0.11802256752153266,2,20,ZDT6,7,ok,ZDT6_n20_m2
0.10438711530434014,0.0836824488969838,5000,selection,5386e33447253502,0.04060337832383251,-0.06083668807515252,ZDT,True,0.14499049362817265,selection_tournament_02,0.11623234858261805,2,20,ZDT6,8,ok,ZDT6_n20_m2
0.028046823815714085,0.022483875465266496,5000,selection,5386e33447253502,0.0972147688036695,-0.1948413241392763,ZDT,True,0.12526159261938358,selection_tournament_02,0.100416577204625,2,20,ZDT6,9,ok,ZDT6_n20_m2
0.07457924953580648,0.05978682541288732,5000,selection,1f61345a07dc0f7d,0.09702534439561468,-0.12986437540640097,ZDT,True,0.17160459393142116,selection_tournament_03,0.13756767413570573,2,20,ZDT6,0,ok,ZDT6_n20_m2
0.022800419876201683,0.01827806971729478,5000,selection,1f61345a07dc0f7d,0.10997955135306434,-0.22161310931644612,ZDT,True,0.13277997122926602,selection_tournament_03,0.10644372271942691,2,20,ZDT6,1,ok,ZDT6_n20_m2
0.06232030914296572,0.049959385024634616,5000,selection,1f61345a07dc0f7d,0.057819442101412565,-0.07094385734956049,ZDT,True,0.12013975124437828,selection_tournament_03,0.09631062765450352,2,20,ZDT6,2,ok,ZDT6_n20_m2
0.09379010037284051,0.07518729930040396,5000,selection,1f61345a07dc0f7d,0.024312595132570405,-0.03266396432598828,ZDT,True,0.11810269550541092,selection_tournament_03,0.09467761181457486,2,20,ZDT6,3,ok,ZDT6_n20_m2
0.03373319886499013,0.027042386236282523,5000,selection,1f61345a07dc0f7d,0.17330645410033188,-0.2712870928757052,ZDT,True,0.207039652965322,selection_tournament_03,0.16597436502011909,2,20,ZDT6,4,ok,ZDT6_n20_m2
0.07914252463224702,0.06344499753448911,5000,selection,1f61345a07dc0f7d,0.12799107765792378,-0.17959545558284584,ZDT,True,0.2071336022901708,selection_tournament_03,0.16604967996251063,2,20,ZDT6,5,ok,ZDT6_n20_m2
0.09778036185602373,0.07838611221594964,5000,selection,1f61345a07dc0f7d,0.04500786324199943,-0.057629643965137034,ZDT,True,0.14278822509802316,selection_tournament_03,0.1144668890889404,2,20,ZDT6,6,ok,ZDT6_n20_m2
0.03490600845344804,0.027982574861726242,5000,selection,1f61345a07dc0f7d,0.09189198966389983,-0.1786668412157833,ZDT,True,0.12679799811734788,selection_tournament_03,0.10164824429489373,2,20,ZDT6,7,ok,ZDT6_n20_m2
0.10438711530434014,0.0836824488969838,5000,selection,1f61345a07dc0f7d,0.11312855531926527,-0.14732910247978753,ZDT,True,0.2175156706236054,selection_tournament_03,0.17437251655230118,2,20,ZDT6,8,ok,ZDT6_n20_m2
0.028046823815714085,0.022483875465266496,5000,selection,1f61345a07dc0f7d,0.061675135656861356,-0.1308702091786395,ZDT,True,0.08972195947257544,selection_tournament_03,0.07192605396375845,2,20,ZDT6,9,ok,ZDT6_n20_m2
0.37007598750274967,0.29667325150149115,10000,mutation,ded480d7d459da0d,0.0028635848242701822,-0.0033462432800303726,ZDT,True,0.37293957232701985,mutation_prob_01,0.2989688584834496,2,30,ZDT6,0,ok,ZDT6_n30_m2
0.3229249182289705,0.2588743628796775,10000,mutation,ded480d7d459da0d,0.048951365646456135,-0.03520636177418428,ZDT,True,0.37187628387542665,mutation_prob_01,0.29811646802075936,2,30,ZDT6,1,ok,ZDT6_n30_m2
0.3636445721218883,0.29151747545216644,10000,mutation,ded480d7d459da0d,0.02397081602028961,-0.013256167434300192,ZDT,True,0.3876153881421779,mutation_prob_01,0.31073379904525167,2,30,ZDT6,2,ok,ZDT6_n30_m2
0.3118419685421539,0.24998966127554856,10000,mutation,ded480d7d459da0d,0.030315808854160853,-0.02041343701227666,ZDT,True,0.34215777739631476,mutation_prob_01,0.2742924798543812,2,30,ZDT6,3,ok,ZDT6_n30_m2
0.33918713980800236,0.27191105349298916,10000,mutation,ded480d7d459da0d,0.05421297128833297,-0.03523965373707805,ZDT,True,0.3934001110963353,mutation_prob_01,0.3153711509021658,2,30,ZDT6,4,ok,ZDT6_n30_m2
0.36593812611166093,0.2933561143874608,10000,mutation,ded480d7d459da0d,-0.005199293526364723,0.0038016211155417617,ZDT,True,0.3607388325852962,mutation_prob_01,0.28918807493592585,2,30,ZDT6,5,ok,ZDT6_n30_m2
0.2922850017166833,0.2343117217886584,10000,mutation,ded480d7d459da0d,0.06249820707629178,-0.044398967213972323,ZDT,True,0.3547832087929751,mutation_prob_01,0.2844137195741788,2,30,ZDT6,6,ok,ZDT6_n30_m2
0.366325383681809,0.29366656133993574,10000,mutation,ded480d7d459da0d,-0.0119536959459704,0.00880159737681413,ZDT,True,0.3543716877358386,mutation_prob_01,0.2840838216769772,2,30,ZDT6,7,ok,ZDT6_n30_m2
0.2864371150318619,0.2296237344136728,10000,mutation,ded480d7d459da0d,0.05900435626691597,-0.042874738778147514,ZDT,True,0.3454414712987779,mutation_prob_01,0.27692486936323063,2,30,ZDT6,8,ok,ZDT6_n30_m2
0.3232760897882284,0.25915588130248285,10000,mutation,ded480d7d459da0d,0.03739051995181847,-0.02720035375386269,ZDT,True,0.3606666097400469,mutation_prob_01,0.28913017713370054,2,30,ZDT6,9,ok,ZDT6_n30_m2
0.37007598750274967,0.29667325150149115,10000,mutation,f2296ff9309d914d,-0.08436760706083096,0.055653033711556055,ZDT,True,0.2857083804419187,mutation_prob_02,0.22903954071405208,2,30,ZDT6,0,ok,ZDT6_n30_m2
0.3229249182289705,0.2588743628796775,10000,mutation,f2296ff9309d914d,-0.10620820637092301,0.08429539436851255,ZDT,True,0.2167167118580475,mutation_prob_02,0.1737320272938838,2,30,ZDT6,1,ok,ZDT6_n30_m2
0.3636445721218883,0.29151747545216644,10000,mutation,f2296ff9309d914d,-0.08929998737225059,0.0645503194463951,ZDT,True,0.2743445847496377,mutation_prob_02,0.21992969751623423,2,30,ZDT6,2,ok,ZDT6_n30_m2
0.3118419685421539,0.24998966127554856,10000,mutation,f2296ff9309d914d,0.015162599403263088,-0.00976879619292724,ZDT,True,0.327004567945417,mutation_prob_02,0.26214483431591545,2,30,ZDT6,3,ok,ZDT6_n30_m2
0.33918713980800236,0.27191105349298916,10000,mutation,f2296ff9309d914d,-0.04355805983478289,0.03243522971969545,ZDT,True,0.29562907997321947,mutation_prob_02,0.23699251871454569,2,30,ZDT6,4,ok,ZDT6_n30_m2
0.36593812611166093,0.2933561143874608,10000,mutation,f2296ff9309d914d,-0.10681974308303388,0.07004359173031119,ZDT,True,0.25911838302862705,mutation_prob_02,0.207723537362284,2,30,ZDT6,5,ok,ZDT6_n30_m2
0.2922850017166833,0.2343117217886584,10000,mutation,f2296ff9309d914d,0.010519430085326131,-0.011828723884113934,ZDT,True,0.30280443180200944,mutation_prob_02,0.24274467510836864,2,30,ZDT6,6,ok,ZDT6_n30_m2
0.366325383681809,0.29366656133993574,10000,mutation,f2296ff9309d914d,-0.08599736195432839,0.05550135133852918,ZDT,True,0.2803280217274806,mutation_prob_02,0.22472634945614897,2,30,ZDT6,7,ok,ZDT6_n30_m2
0.2864371150318619,0.2296237344136728,10000,mutation,f2296ff9309d914d,0.0023479839125065682,-0.001545927348778342,ZDT,True,0.2887850989443685,mutation_prob_02,0.2315060073665792,2,30,ZDT6,8,ok,ZDT6_n30_m2
0.3232760897882284,0.25915588130248285,10000,mutation,f2296ff9309d914d,-0.027415673976285082,0.019891225203149787,ZDT,True,0.29586041581194333,mutation_prob_02,0.23717797023742385,2,30,ZDT6,9,ok,ZDT6_n30_m2
0.37007598750274967,0.29667325150149115,10000,mutation,99d992c21a6abaeb,-0.3550801225160918,0.4604231930763737,ZDT,True,0.014995864986657908,mutation_prob_03,0.012021509568048119,2,30,ZDT6,0,ok,ZDT6_n30_m2
0.3229249182289705,0.2588743628796775,10000,mutation,99d992c21a6abaeb,-0.30617440645356286,0.3953458984053381,ZDT,True,0.01675051177540763,mutation_prob_03,0.013428130871872,2,30,ZDT6,1,ok,ZDT6_n30_m2
0.3636445721218883,0.29151747545216644,10000,mutation,99d992c21a6abaeb,-0.36241950776208903,0.528152817385288,ZDT,True,0.0012250643597992506,mutation_prob_03,0.0009820789221498232,2,30,ZDT6,2,ok,ZDT6_n30_m2
0.3118419685421539,0.24998966127554856,10000,mutation,99d992c21a6abaeb,-0.3002671012678198,0.43648179806824416,ZDT,True,0.011574867274334093,mutation_prob_03,0.009279049778795434,2,30,ZDT6,3,ok,ZDT6_n30_m2
0.33918713980800236,0.27191105349298916,10000,mutation,99d992c21a6abaeb,-0.32534857571655335,0.45158812824774186,ZDT,True,0.013838564091449016,mutation_prob_03,0.011093753563493357,2,30,ZDT6,4,ok,ZDT6_n30_m2
0.36593812611166093,0.2933561143874608,10000,mutation,99d992c21a6abaeb,-0.36593812611166093,0.5950287960249774,ZDT,True,0.0,mutation_prob_03,0.0,2,30,ZDT6,5,ok,ZDT6_n30_m2
0.2922850017166833,0.2343117217886584,10000,mutation,99d992c21a6abaeb,-0.2798583104040742,0.4290818104868519,ZDT,True,0.012426691312609098,mutation_prob_03,0.009961918745375707,2,30,ZDT6,6,ok,ZDT6_n30_m2
0.366325383681809,0.29366656133993574,10000,mutation,99d992c21a6abaeb,-0.33440989785457564,0.41094613365395133,ZDT,True,0.03191548582723338,mutation_prob_03,0.025585207561041032,2,30,ZDT6,7,ok,ZDT6_n30_m2
0.2864371150318619,0.2296237344136728,10000,mutation,99d992c21a6abaeb,-0.27907225362208116,0.46419455071255045,ZDT,True,0.007364861409780739,mutation_prob_03,0.005904077689669791,2,30,ZDT6,8,ok,ZDT6_n30_m2
0.3232760897882284,0.25915588130248285,10000,mutation,99d992c21a6abaeb,-0.3232760897882284,0.5280737627704392,ZDT,True,0.0,mutation_prob_03,0.0,2,30,ZDT6,9,ok,ZDT6_n30_m2
0.37007598750274967,0.29667325150149115,10000,mutation,0c81892b9123e1ec,-0.37007598750274967,1.1817350524862025,ZDT,True,0.0,mutation_prob_04,0.0,2,30,ZDT6,0,ok,ZDT6_n30_m2
0.3229249182289705,0.2588743628796775,10000,mutation,0c81892b9123e1ec,-0.3229249182289705,0.8648928714459465,ZDT,True,0.0,mutation_prob_04,0.0,2,30,ZDT6,1,ok,ZDT6_n30_m2
0.3636445721218883,0.29151747545216644,10000,mutation,0c81892b9123e1ec,-0.3636445721218883,1.0607234745651903,ZDT,True,0.0,mutation_prob_04,0.0,2,30,ZDT6,2,ok,ZDT6_n30_m2
0.3118419685421539,0.24998966127554856,10000,mutation,0c81892b9123e1ec,-0.3118419685421539,1.2444045388119593,ZDT,True,0.0,mutation_prob_04,0.0,2,30,ZDT6,3,ok,ZDT6_n30_m2
0.33918713980800236,0.27191105349298916,10000,mutation,0c81892b9123e1ec,-0.33918713980800236,0.9209005986341047,ZDT,True,0.0,mutation_prob_04,0.0,2,30,ZDT6,4,ok,ZDT6_n30_m2
0.36593812611166093,0.2933561143874608,10000,mutation,0c81892b9123e1ec,-0.36593812611166093,0.8359821871434414,ZDT,True,0.0,mutation_prob_04,0.0,2,30,ZDT6,5,ok,ZDT6_n30_m2
0.2922850017166833,0.2343117217886584,10000,mutation,0c81892b9123e1ec,-0.2922850017166833,0.9453731538177353,ZDT,True,0.0,mutation_prob_04,0.0,2,30,ZDT6,6,ok,ZDT6_n30_m2
0.366325383681809,0.29366656133993574,10000,mutation,0c81892b9123e1ec,-0.366325383681809,1.0371434441160736,ZDT,True,0.0,mutation_prob_04,0.0,2,30,ZDT6,7,ok,ZDT6_n30_m2
0.2864371150318619,0.2296237344136728,10000,mutation,0c81892b9123e1ec,-0.2864371150318619,1.0166529330569172,ZDT,True,0.0,mutation_prob_04,0.0,2,30,ZDT6,8,ok,ZDT6_n30_m2
0.3232760897882284,0.25915588130248285,10000,mutation,0c81892b9123e1ec,-0.3232760897882284,1.1219322399653182,ZDT,True,0.0,mutation_prob_04,0.0,2,30,ZDT6,9,ok,ZDT6_n30_m2
0.37007598750274967,0.29667325150149115,10000,mutation,f5fc7f9c900216af,-0.37007598750274967,1.2177195884021985,ZDT,True,0.0,mutation_prob_05,0.0,2,30,ZDT6,0,ok,ZDT6_n30_m2
0.3229249182289705,0.2588743628796775,10000,mutation,f5fc7f9c900216af,-0.3229249182289705,1.6642148662856149,ZDT,True,0.0,mutation_prob_05,0.0,2,30,ZDT6,1,ok,ZDT6_n30_m2
0.3636445721218883,0.29151747545216644,10000,mutation,f5fc7f9c900216af,-0.3636445721218883,1.7337986635689087,ZDT,True,0.0,mutation_prob_05,0.0,2,30,ZDT6,2,ok,ZDT6_n30_m2
0.3118419685421539,0.24998966127554856,10000,mutation,f5fc7f9c900216af,-0.3118419685421539,1.9586820886654344,ZDT,True,0.0,mutation_prob_05,0.0,2,30,ZDT6,3,ok,ZDT6_n30_m2
0.33918713980800236,0.27191105349298916,10000,mutation,f5fc7f9c900216af,-0.33918713980800236,1.995200782511475,ZDT,True,0.0,mutation_prob_05,0.0,2,30,ZDT6,4,ok,ZDT6_n30_m2
0.36593812611166093,0.2933561143874608,10000,mutation,f5fc7f9c900216af,-0.36593812611166093,1.7248007496976112,ZDT,True,0.0,mutation_prob_05,0.0,2,30,ZDT6,5,ok,ZDT6_n30_m2
0.2922850017166833,0.2343117217886584,10000,mutation,f5fc7f9c900216af,-0.2922850017166833,1.6273624023583602,ZDT,True,0.0,mutation_prob_05,0.0,2,30,ZDT6,6,ok,ZDT6_n30_m2
0.366325383681809,0.29366656133993574,10000,mutation,f5fc7f9c900216af,-0.366325383681809,1.8939389534877242,ZDT,True,0.0,mutation_prob_05,0.0,2,30,ZDT6,7,ok,ZDT6_n30_m2
0.2864371150318619,0.2296237344136728,10000,mutation,f5fc7f9c900216af,-0.2864371150318619,1.9533247450461908,ZDT,True,0.0,mutation_prob_05,0.0,2,30,ZDT6,8,ok,ZDT6_n30_m2
0.3232760897882284,0.25915588130248285,10000,mutation,f5fc7f9c900216af,-0.3232760897882284,2.049188399399148,ZDT,True,0.0,mutation_prob_05,0.0,2,30,ZDT6,9,ok,ZDT6_n30_m2
0.37007598750274967,0.29667325150149115,10000,mutation,a22af9170534861f,-0.05359082996446113,0.036796194315701206,ZDT,True,0.31648515753828854,mutation_eta_01,0.2537118967713302,2,30,ZDT6,0,ok,ZDT6_n30_m2
0.3229249182289705,0.2588743628796775,10000,mutation,a22af9170534861f,0.022338854171653655,-0.017065604566741582,ZDT,True,0.34526377240062417,mutation_eta_01,0.2767824161598781,2,30,ZDT6,1,ok,ZDT6_n30_m2
0.3636445721218883,0.29151747545216644,10000,mutation,a22af9170534861f,-0.007696862226358403,0.00748379326616995,ZDT,True,0.3559477098955299,mutation_eta_01,0.2853472476606758,2,30,ZDT6,2,ok,ZDT6_n30_m2
0.3118419685421539,0.24998966127554856,10000,mutation,a22af9170534861f,0.060614376261008185,-0.04142653226924359,ZDT,True,0.3724563448031621,mutation_eta_01,0.29858147674143165,2,30,ZDT6,3,ok,ZDT6_n30_m2
0.33918713980800236,0.27191105349298916,10000,mutation,a22af9170534861f,0.05134830123896633,-0.03392373206459008,ZDT,True,0.3905354410469687,mutation_eta_01,0.31307467394412397,2,30,ZDT6,4,ok,ZDT6_n30_m2
0.36593812611166093,0.2933561143874608,10000,mutation,a22af9170534861f,-0.01638048104165779,0.012485504487921198,ZDT,True,0.34955764507000314,mutation_eta_01,0.2802246204891949,2,30,ZDT6,5,ok,ZDT6_n30_m2
0.2922850017166833,0.2343117217886584,10000,mutation,a22af9170534861f,0.03569578870778467,-0.026427595817820268,ZDT,True,0.327980790424468,mutation_eta_01,0.2629274279097426,2,30,ZDT6,6,ok,ZDT6_n30_m2
0.366325383681809,0.29366656133993574,10000,mutation,a22af9170534861f,-0.08492766121107942,0.06529839294406772,ZDT,True,0.2813977224707296,mutation_eta_01,0.2255838803642598,2,30,ZDT6,7,ok,ZDT6_n30_m2
0.2864371150318619,0.2296237344136728,10000,mutation,a22af9170534861f,0.07623260008603994,-0.04927244725234575,ZDT,True,0.36266971511790186,mutation_eta_01,0.29073597649819977,2,30,ZDT6,8,ok,ZDT6_n30_m2
0.3232760897882284,0.25915588130248285,10000,mutation,a22af9170534861f,0.07040285376498889,-0.04743604868750882,ZDT,True,0.3936789435532173,mutation_eta_01,0.31559467832464316,2,30,ZDT6,9,ok,ZDT6_n30_m2
0.37007598750274967,0.29667325150149115,10000,mutation,4a401940654cfe81,-0.012561608369858757,0.007969044430176694,ZDT,True,0.3575143791328909,mutation_eta_02,0.2866031758277849,2,30,ZDT6,0,ok,ZDT6_n30_m2
0.3229249182289705,0.2588743628796775,10000,mutation,4a401940654cfe81,0.04722347973065538,-0.033758216093429286,ZDT,True,0.3701483979596259,mutation_eta_02,0.2967312997035081,2,30,ZDT6,1,ok,ZDT6_n30_m2
0.3636445721218883,0.29151747545216644,10000,mutation,4a401940654cfe81,-0.026355366840131733,0.020865642909692686,ZDT,True,0.33728920528175654,mutation_eta_02,0.270389564863484,2,30,ZDT6,2,ok,ZDT6_n30_m2
0.3118419685421539,0.24998966127554856,10000,mutation,4a401940654cfe81,0.05323629513570893,-0.034717221143550456,ZDT,True,0.36507826367786284,mutation_eta_02,0.29266680140122725,2,30,ZDT6,3,ok,ZDT6_n30_m2
0.33918713980800236,0.27191105349298916,10000,mutation,4a401940654cfe81,0.047672710179928746,-0.03289974146868002,ZDT,True,0.3868598499879311,mutation_eta_02,0.3101281181353218,2,30,ZDT6,4,ok,ZDT6_n30_m2
0.36593812611166093,0.2933561143874608,10000,mutation,4a401940654cfe81,-0.0051592444637097445,0.0022851474986055748,ZDT,True,0.3607788816479512,mutation_eta_02,0.2892201804657054,2,30,ZDT6,5,ok,ZDT6_n30_m2
0.2922850017166833,0.2343117217886584,10000,mutation,4a401940654cfe81,0.026716391700585096,-0.017533549754951416,ZDT,True,0.3190013934172684,mutation_eta_02,0.2557290497479366,2,30,ZDT6,6,ok,ZDT6_n30_m2
0.366325383681809,0.29366656133993574,10000,mutation,4a401940654cfe81,-0.06060443837650342,0.044821603990320424,ZDT,True,0.3057209453053056,mutation_eta_02,0.24508271262847234,2,30,ZDT6,7,ok,ZDT6_n30_m2
0.2864371150318619,0.2296237344136728,10000,mutation,4a401940654cfe81,0.06598987725864097,-0.04269179832568043,ZDT,True,0.3524269922905029,mutation_eta_02,0.2825248469246808,2,30,ZDT6,8,ok,ZDT6_n30_m2
0.3232760897882284,0.25915588130248285,10000,mutation,4a401940654cfe81,-0.01647180442611229,0.012610637278100717,ZDT,True,0.3068042853621161,mutation_eta_02,0.2459511775599707,2,30,ZDT6,9,ok,ZDT6_n30_m2
0.37007598750274967,0.29667325150149115,10000,mutation,05b5ebf0bd743069,-0.01930103458679111,0.011313582710932163,ZDT,True,0.35077495291595856,mutation_eta_03,0.281200481363538,2,30,ZDT6,0,ok,ZDT6_n30_m2
0.3229249182289705,0.2588743628796775,10000,mutation,05b5ebf0bd743069,0.015554705991618456,-0.012821356843236265,ZDT,True,0.33847962422058897,mutation_eta_03,0.2713438701120238,2,30,ZDT6,1,ok,ZDT6_n30_m2
0.3636445721218883,0.29151747545216644,10000,mutation,05b5ebf0bd743069,-0.03594536562349587,0.027705604177479984,ZDT,True,0.3276992064983924,mutation_eta_03,0.2627016947583349,2,30,ZDT6,2,ok,ZDT6_n30_m2
0.3118419685421539,0.24998966127554856,10000,mutation,05b5ebf0bd743069,-0.0012803426433776743,0.0027935351327761787,ZDT,True,0.31056162589877623,mutation_eta_03,0.24896326824310666,2,30,ZDT6,3,ok,ZDT6_n30_m2
0.33918713980800236,0.27191105349298916,10000,mutation,05b5ebf0bd743069,0.007083753248189606,-0.004043439446185099,ZDT,True,0.34627089305619196,mutation_eta_03,0.2775897794302104,2,30,ZDT6,4,ok,ZDT6_n30_m2
0.36593812611166093,0.2933561143874608,10000,mutation,05b5ebf0bd743069,-0.045370228612366115,0.03334240530352112,ZDT,True,0.3205678974992948,mutation_eta_03,0.2569848455174517,2,30,ZDT6,5,ok,ZDT6_n30_m2
0.2922850017166833,0.2343117217886584,10000,mutation,05b5ebf0bd743069,0.0464632562626226,-0.031112261904609945,ZDT,True,0.3387482579793059,mutation_eta_03,0.27155922169751673,2,30,ZDT6,6,ok,ZDT6_n30_m2
0.366325383681809,0.29366656133993574,10000,mutation,05b5ebf0bd743069,-0.019451453790293616,0.014249658179550331,ZDT,True,0.3468739298915154,mutation_eta_03,0.27807320690119497,2,30,ZDT6,7,ok,ZDT6_n30_m2
0.2864371150318619,0.2296237344136728,10000,mutation,05b5ebf0bd743069,0.05430508583313526,-0.037006960481231796,ZDT,True,0.3407422008649972,mutation_eta_03,0.27315767590471335,2,30,ZDT6,8,ok,ZDT6_n30_m2
0.3232760897882284,0.25915588130248285,10000,mutation,05b5ebf0bd743069,0.011625132042946629,-0.009548811596449241,ZDT,True,0.33490122183117504,mutation_eta_03,0.2684752260824236,2,30,ZDT6,9,ok,ZDT6_n30_m2
0.37007598750274967,0.29667325150149115,10000,mutation,6d53e25a70aa151f,-0.019545230338765762,0.013082651966576153,ZDT,True,0.3505307571639839,mutation_eta_04,0.2810047206273984,2,30,ZDT6,0,ok,ZDT6_n30_m2
0.3229249182289705,0.2588743628796775,10000,mutation,6d53e25a70aa151f,0.040760565855749,-0.031394396427272306,ZDT,True,0.3636854840847195,mutation_eta_04,0.29155027273015355,2,30,ZDT6,1,ok,ZDT6_n30_m2
0.3636445721218883,0.29151747545216644,10000,mutation,6d53e25a70aa151f,-0.10646832735518752,0.08301211005476784,ZDT,True,0.25717624476670076,mutation_eta_04,0.2061666125887555,2,30,ZDT6,2,ok,ZDT6_n30_m2
0.3118419685421539,0.24998966127554856,10000,mutation,6d53e25a70aa151f,0.02174958724340098,-0.013212638828724838,ZDT,True,0.3335915557855549,mutation_eta_04,0.26742532579908684,2,30,ZDT6,3,ok,ZDT6_n30_m2
0.33918713980800236,0.27191105349298916,10000,mutation,6d53e25a70aa151f,-0.030350532473919556,0.024000143550598957,ZDT,True,0.3088366073340828,mutation_eta_04,0.2475803985520969,2,30,ZDT6,4,ok,ZDT6_n30_m2
0.36593812611166093,0.2933561143874608,10000,mutation,6d53e25a70aa151f,-0.049364701590542626,0.034756843008196175,ZDT,True,0.3165734245211183,mutation_eta_04,0.25378265643604947,2,30,ZDT6,5,ok,ZDT6_n30_m2
0.2922850017166833,0.2343117217886584,10000,mutation,6d53e25a70aa151f,-0.06510795806788675,0.0612932568618384,ZDT,True,0.22717704364879657,mutation_eta_04,0.182117604172532,2,30,ZDT6,6,ok,ZDT6_n30_m2
0.366325383681809,0.29366656133993574,10000,mutation,6d53e25a70aa151f,0.015583652949363869,-0.009552339268476054,ZDT,True,0.38190903663117287,mutation_eta_04,0.30615927404457777,2,30,ZDT6,7,ok,ZDT6_n30_m2
0.2864371150318619,0.2296237344136728,10000,mutation,6d53e25a70aa151f,-0.0269090768555853,0.030675816047762372,ZDT,True,0.2595280381762766,mutation_eta_04,0.20805193944388786,2,30,ZDT6,8,ok,ZDT6_n30_m2
0.3232760897882284,0.25915588130248285,10000,mutation,6d53e25a70aa151f,-0.01731885384544779,0.013626304626142699,ZDT,True,0.3059572359427806,mutation_eta_04,0.24527213619035257,2,30,ZDT6,9,ok,ZDT6_n30_m2
0.37007598750274967,0.29667325150149115,10000,mutation,da1f8abb55d98184,-0.11014840737611331,0.08283070219630137,ZDT,True,0.25992758012663636,mutation_eta_05,0.20837223423070822,2,30,ZDT6,0,ok,ZDT6_n30_m2
0.3229249182289705,0.2588743628796775,10000,mutation,da1f8abb55d98184,-0.006203362029177484,0.004537485377795775,ZDT,True,0.31672155619979303,mutation_eta_05,0.2539014069312095,2,30,ZDT6,1,ok,ZDT6_n30_m2
0.3636445721218883,0.29151747545216644,10000,mutation,da1f8abb55d98184,-0.10038253868952712,0.08210082785657664,ZDT,True,0.26326203343236115,mutation_eta_05,0.2110453152670235,2,30,ZDT6,2,ok,ZDT6_n30_m2
0.3118419685421539,0.24998966127554856,10000,mutation,da1f8abb55d98184,-0.1281376914764795,0.12844895878845136,ZDT,True,0.1837042770656744,mutation_eta_05,0.14726744515246204,2,30,ZDT6,3,ok,ZDT6_n30_m2
0.33918713980800236,0.27191105349298916,10000,mutation,da1f8abb55d98184,-0.03783569623075883,0.027985496193931397,ZDT,True,0.3013514435772435,mutation_eta_05,0.24157987988903157,2,30,ZDT6,4,ok,ZDT6_n30_m2
0.36593812611166093,0.2933561143874608,10000,mutation,da1f8abb55d98184,-0.10638310560019343,0.07905640640752998,ZDT,True,0.2595550205114675,mutation_eta_05,0.2080735699667658,2,30,ZDT6,5,ok,ZDT6_n30_m2
0.2922850017166833,0.2343117217886584,10000,mutation,da1f8abb55d98184,-0.09244950368710783,0.08335234263662797,ZDT,True,0.19983549802957548,mutation_eta_05,0.16019911847269871,2,30,ZDT6,6,ok,ZDT6_n30_m2
0.366325383681809,0.29366656133993574,10000,mutation,da1f8abb55d98184,-0.03080967447505739,0.0214605763873503,ZDT,True,0.3355157092067516,mutation_eta_05,0.2689678329358135,2,30,ZDT6,7,ok,ZDT6_n30_m2
0.2864371150318619,0.2296237344136728,10000,mutation,da1f8abb55d98184,0.0022536096817779017,-4.9384379498446096e-05,ZDT,True,0.2886907247136398,mutation_eta_05,0.2314303517962809,2,30,ZDT6,8,ok,ZDT6_n30_m2
0.3232760897882284,0.25915588130248285,10000,mutation,da1f8abb55d98184,-0.02081356371834292,0.017279919018118706,ZDT,True,0.3024625260698855,mutation_eta_05,0.2424705846818574,2,30,ZDT6,9,ok,ZDT6_n30_m2
0.37007598750274967,0.29667325150149115,10000,crossover,e6fa82c69a6180da,-0.13686605710388466,0.10491458970879217,ZDT,True,0.233209930398865,crossover_prob_01,0.18695389776769472,2,30,ZDT6,0,ok,ZDT6_n30_m2
0.3229249182289705,0.2588743628796775,10000,crossover,e6fa82c69a6180da,-0.11941623799548581,0.10692971221372416,ZDT,True,0.2035086802334847,crossover_prob_01,0.16314374321083602,2,30,ZDT6,1,ok,ZDT6_n30_m2
0.3636445721218883,0.29151747545216644,10000,crossover,e6fa82c69a6180da,-0.18735705023921978,0.1636856582240897,ZDT,True,0.1762875218826685,crossover_prob_01,0.14132176656201703,2,30,ZDT6,2,ok,ZDT6_n30_m2
0.3118419685421539,0.24998966127554856,10000,crossover,e6fa82c69a6180da,-0.09945697125944189,0.08798602680525137,ZDT,True,0.212384997282712,crossover_prob_01,0.17025948681290587,2,30,ZDT6,3,ok,ZDT6_n30_m2
0.33918713980800236,0.27191105349298916,10000,crossover,e6fa82c69a6180da,-0.08584961653798356,0.06685987833899212,ZDT,True,0.2533375232700188,crossover_prob_01,0.20308928245524893,2,30,ZDT6,4,ok,ZDT6_n30_m2
0.36593812611166093,0.2933561143874608,10000,crossover,e6fa82c69a6180da,-0.17240257971536138,0.14363565122019223,ZDT,True,0.19353554639629955,crossover_prob_01,0.1551487309888791,2,30,ZDT6,5,ok,ZDT6_n30_m2
0.2922850017166833,0.2343117217886584,10000,crossover,e6fa82c69a6180da,-0.022352860601989433,0.018833601160279045,ZDT,True,0.2699321411146939,crossover_prob_01,0.21639244018408682,2,30,ZDT6,6,ok,ZDT6_n30_m2
0.366325383681809,0.29366656133993574,10000,crossover,e6fa82c69a6180da,-0.1804908128792271,0.15740485284705963,ZDT,True,0.1858345708025819,crossover_prob_01,0.14897520569603673,2,30,ZDT6,7,ok,ZDT6_n30_m2
0.2864371150318619,0.2296237344136728,10000,crossover,e6fa82c69a6180da,-0.18977528307641536,0.20868544131565794,ZDT,True,0.09666183195544656,crossover_prob_01,0.07748943717160249,2,30,ZDT6,8,ok,ZDT6_n30_m2
0.3232760897882284,0.25915588130248285,10000,crossover,e6fa82c69a6180da,-0.09515653616580025,0.07728115920076964,ZDT,True,0.22811955362242817,crossover_prob_01,0.1828731719691262,2,30,ZDT6,9,ok,ZDT6_n30_m2
0.37007598750274967,0.29667325150149115,10000,crossover,58ecbd6be871d1ab,-0.04378978440143638,0.029645653716372594,ZDT,True,0.3262862031013133,crossover_prob_02,0.26156895357449605,2,30,ZDT6,0,ok,ZDT6_n30_m2
0.3229249182289705,0.2588743628796775,10000,crossover,58ecbd6be871d1ab,-0.02010619964220739,0.011781260803252314,ZDT,True,0.3028187185867631,crossover_prob_02,0.2427561281802499,2,30,ZDT6,1,ok,ZDT6_n30_m2
0.3636445721218883,0.29151747545216644,10000,crossover,58ecbd6be871d1ab,-0.06982772886068317,0.05093147374719777,ZDT,True,0.2938168432612051,crossover_prob_02,0.23553973016300622,2,30,ZDT6,2,ok,ZDT6_n30_m2
0.3118419685421539,0.24998966127554856,10000,crossover,58ecbd6be871d1ab,0.04060500167895903,-0.028936302657664323,ZDT,True,0.35244697022111293,crossover_prob_02,0.28254086233187403,2,30,ZDT6,3,ok,ZDT6_n30_m2
0.33918713980800236,0.27191105349298916,10000,crossover,58ecbd6be871d1ab,-0.005255789079792961,0.0043106654713384596,ZDT,True,0.3339313507282094,crossover_prob_02,0.2676977241007474,2,30,ZDT6,4,ok,ZDT6_n30_m2
0.36593812611166093,0.2933561143874608,10000,crossover,58ecbd6be871d1ab,-0.042572409983101134,0.0271992769954304,ZDT,True,0.3233657161285598,crossover_prob_02,0.2592277307028875,2,30,ZDT6,5,ok,ZDT6_n30_m2
0.2922850017166833,0.2343117217886584,10000,crossover,58ecbd6be871d1ab,0.04885298026307361,-0.035654447391256255,ZDT,True,0.3411379819797569,crossover_prob_02,0.2734749557990157,2,30,ZDT6,6,ok,ZDT6_n30_m2
0.366325383681809,0.29366656133993574,10000,crossover,58ecbd6be871d1ab,-0.09602602984110425,0.07237252883759637,ZDT,True,0.27029935384070475,crossover_prob_02,0.2166868180878073,2,30,ZDT6,7,ok,ZDT6_n30_m2
0.2864371150318619,0.2296237344136728,10000,crossover,58ecbd6be871d1ab,-0.01303097167696915,0.004793595043772081,ZDT,True,0.27340614335489277,crossover_prob_02,0.21917739131609065,2,30,ZDT6,8,ok,ZDT6_n30_m2
0.3232760897882284,0.25915588130248285,10000,crossover,58ecbd6be871d1ab,-0.10227116939535622,0.08054620197918017,ZDT,True,0.2210049203928722,crossover_prob_02,0.17716969094163257,2,30,ZDT6,9,ok,ZDT6_n30_m2
0.37007598750274967,0.29667325150149115,10000,crossover,4b111096e6730d7d,-0.012350315962611214,0.006824054790286596,ZDT,True,0.35772567154013846,crossover_prob_03,0.286772559434375,2,30,ZDT6,0,ok,ZDT6_n30_m2
0.3229249182289705,0.2588743628796775,10000,crossover,4b111096e6730d7d,0.05276842869433174,-0.037541263007099146,ZDT,True,0.37569334692330225,crossover_prob_03,0.30117643555132234,2,30,ZDT6,1,ok,ZDT6_n30_m2
0.3636445721218883,0.29151747545216644,10000,crossover,4b111096e6730d7d,-0.040705452962204625,0.03017919364962106,ZDT,True,0.32293911915968365,crossover_prob_03,0.2588857471262412,2,30,ZDT6,2,ok,ZDT6_n30_m2
0.3118419685421539,0.24998966127554856,10000,crossover,4b111096e6730d7d,0.01238097833722518,-0.005501597285712673,ZDT,True,0.3242229468793791,crossover_prob_03,0.2599149339874043,2,30,ZDT6,3,ok,ZDT6_n30_m2
0.33918713980800236,0.27191105349298916,10000,crossover,4b111096e6730d7d,0.03487495190345141,-0.022489766882098902,ZDT,True,0.37406209171145377,crossover_prob_03,0.29986873171732453,2,30,ZDT6,4,ok,ZDT6_n30_m2
0.36593812611166093,0.2933561143874608,10000,crossover,4b111096e6730d7d,0.012187913546740425,-0.006626029728588598,ZDT,True,0.37812603965840136,crossover_prob_03,0.3031266157521399,2,30,ZDT6,5,ok,ZDT6_n30_m2
0.2922850017166833,0.2343117217886584,10000,crossover,4b111096e6730d7d,0.07600504390566348,-0.054621559638749845,ZDT,True,0.3682900456223468,crossover_prob_03,0.29524154233217415,2,30,ZDT6,6,ok,ZDT6_n30_m2
0.366325383681809,0.29366656133993574,10000,crossover,4b111096e6730d7d,0.02392575607583436,-0.014400397073850671,ZDT,True,0.39025113975764336,crossover_prob_03,0.31284676240498493,2,30,ZDT6,7,ok,ZDT6_n30_m2
0.2864371150318619,0.2296237344136728,10000,crossover,4b111096e6730d7d,0.06344862189530742,-0.04233209899423793,ZDT,True,0.34988573692716934,crossover_prob_03,0.2804876369543093,2,30,ZDT6,8,ok,ZDT6_n30_m2
0.3232760897882284,0.25915588130248285,10000,crossover,4b111096e6730d7d,0.020154727341942957,-0.01422657960054273,ZDT,True,0.3434308171301714,crossover_prob_03,0.275313018473172,2,30,ZDT6,9,ok,ZDT6_n30_m2
0.37007598750274967,0.29667325150149115,10000,crossover,534223483e6fa2e8,0.03541895958667379,-0.02383068510504968,ZDT,True,0.40549494708942346,crossover_eta_01,0.32506703618415805,2,30,ZDT6,0,ok,ZDT6_n30_m2
0.3229249182289705,0.2588743628796775,10000,crossover,534223483e6fa2e8,0.05592798547862049,-0.038929324412350474,ZDT,True,0.378852903707591,crossover_eta_01,0.30370930992348494,2,30,ZDT6,1,ok,ZDT6_n30_m2
0.3636445721218883,0.29151747545216644,10000,crossover,534223483e6fa2e8,0.04263199074482105,-0.025297526380458735,ZDT,True,0.4062765628667093,crossover_eta_01,0.32569362234998045,2,30,ZDT6,2,ok,ZDT6_n30_m2
0.3118419685421539,0.24998966127554856,10000,crossover,534223483e6fa2e8,0.0874181445916899,-0.05745631747404545,ZDT,True,0.3992601131338438,crossover_eta_01,0.32006885060974277,2,30,ZDT6,3,ok,ZDT6_n30_m2
0.33918713980800236,0.27191105349298916,10000,crossover,534223483e6fa2e8,0.04329564441168621,-0.027403814612179972,ZDT,True,0.38248278421968857,crossover_eta_01,0.3066192216455417,2,30,ZDT6,4,ok,ZDT6_n30_m2
0.36593812611166093,0.2933561143874608,10000,crossover,534223483e6fa2e8,0.053314161800953774,-0.0327370944312726,ZDT,True,0.4192522879126147,crossover_eta_01,0.336095676711666,2,30,ZDT6,5,ok,ZDT6_n30_m2
0.2922850017166833,0.2343117217886584,10000,crossover,534223483e6fa2e8,0.11518562188509535,-0.07781100402665189,ZDT,True,0.40747062360177866,crossover_eta_01,0.32665084706254205,2,30,ZDT6,6,ok,ZDT6_n30_m2
0.366325383681809,0.29366656133993574,10000,crossover,534223483e6fa2e8,0.04407248887154064,-0.025917511314005846,ZDT,True,0.41039787255334964,crossover_eta_01,0.32899749070801887,2,30,ZDT6,7,ok,ZDT6_n30_m2
0.2864371150318619,0.2296237344136728,10000,crossover,534223483e6fa2e8,0.09220498273057615,-0.0620739088906614,ZDT,True,0.37864209776243807,crossover_eta_01,0.30354031629164635,2,30,ZDT6,8,ok,ZDT6_n30_m2
0.3232760897882284,0.25915588130248285,10000,crossover,534223483e6fa2e8,0.07428102725465008,-0.04943596176902422,ZDT,True,0.3975571170428785,crossover_eta_01,0.31870363534406115,2,30,ZDT6,9,ok,ZDT6_n30_m2
0.37007598750274967,0.29667325150149115,10000,crossover,5c22cd80702c187e,-0.02941587703715115,0.019470908784000734,ZDT,True,0.3406601104655985,crossover_eta_02,0.2730918677287469,2,30,ZDT6,0,ok,ZDT6_n30_m2
0.3229249182289705,0.2588743628796775,10000,crossover,5c22cd80702c187e,0.04518355540535529,-0.03229943463952141,ZDT,True,0.3681084736343258,crossover_eta_02,0.2950959842471135,2,30,ZDT6,1,ok,ZDT6_n30_m2
0.3636445721218883,0.29151747545216644,10000,crossover,5c22cd80702c187e,0.014624367111340797,-0.007858235490038307,ZDT,True,0.3782689392332291,crossover_eta_02,0.30324117190529204,2,30,ZDT6,2,ok,ZDT6_n30_m2
0.3118419685421539,0.24998966127554856,10000,crossover,5c22cd80702c187e,0.030938639450319994,-0.02057552045165656,ZDT,True,0.3427806079924739,crossover_eta_02,0.2747917750919456,2,30,ZDT6,3,ok,ZDT6_n30_m2
0.33918713980800236,0.27191105349298916,10000,crossover,5c22cd80702c187e,0.047279486987407526,-0.031035266127664343,ZDT,True,0.3864666267954099,crossover_eta_02,0.30981288881207325,2,30,ZDT6,4,ok,ZDT6_n30_m2
0.36593812611166093,0.2933561143874608,10000,crossover,5c22cd80702c187e,-0.002176087575454233,0.001762102630436413,ZDT,True,0.3637620385362067,crossover_eta_02,0.29161164298601067,2,30,ZDT6,5,ok,ZDT6_n30_m2
0.2922850017166833,0.2343117217886584,10000,crossover,5c22cd80702c187e,0.1066618065498523,-0.0728446873721431,ZDT,True,0.3989468082665356,crossover_eta_02,0.3198176882084135,2,30,ZDT6,6,ok,ZDT6_n30_m2
0.366325383681809,0.29366656133993574,10000,crossover,5c22cd80702c187e,-0.013214551041792033,0.009853185891561825,ZDT,True,0.35311083264001697,crossover_eta_02,0.2830730509337204,2,30,ZDT6,7,ok,ZDT6_n30_m2
0.2864371150318619,0.2296237344136728,10000,crossover,5c22cd80702c187e,0.0706144011428354,-0.04738599582866897,ZDT,True,0.3570515161746973,crossover_eta_02,0.28623211944086935,2,30,ZDT6,8,ok,ZDT6_n30_m2
0.3232760897882284,0.25915588130248285,10000,crossover,5c22cd80702c187e,0.04645429383521138,-0.03178938215823976,ZDT,True,0.3697303836234398,crossover_eta_02,0.2963961964369401,2,30,ZDT6,9,ok,ZDT6_n30_m2
0.37007598750274967,0.29667325150149115,10000,crossover,a1fa9be497a597e6,-0.03629655633423651,0.023578615471960523,ZDT,True,0.33377943116851316,crossover_eta_03,0.2675759370319732,2,30,ZDT6,0,ok,ZDT6_n30_m2
0.3229249182289705,0.2588743628796775,10000,crossover,a1fa9be497a597e6,-0.05497117833107751,0.0430274701288304,ZDT,True,0.267953739897893,crossover_eta_03,0.21480644503286536,2,30,ZDT6,1,ok,ZDT6_n30_m2
0.3636445721218883,0.29151747545216644,10000,crossover,a1fa9be497a597e6,-0.0029476015195986083,0.001487459980004019,ZDT,True,0.36069697060228967,crossover_eta_03,0.2891545160695516,2,30,ZDT6,2,ok,ZDT6_n30_m2
0.3118419685421539,0.24998966127554856,10000,crossover,a1fa9be497a597e6,-0.00773089602987892,0.005679859024475667,ZDT,True,0.304111072512275,crossover_eta_03,0.24379215011660826,2,30,ZDT6,3,ok,ZDT6_n30_m2
0.33918713980800236,0.27191105349298916,10000,crossover,a1fa9be497a597e6,-0.058201711260771505,0.03958836823329151,ZDT,True,0.28098542854723085,crossover_eta_03,0.22525336289490414,2,30,ZDT6,4,ok,ZDT6_n30_m2
0.36593812611166093,0.2933561143874608,10000,crossover,a1fa9be497a597e6,-0.011348701622125867,0.007786419067838959,ZDT,True,0.35458942448953507,crossover_eta_03,0.2842583714258716,2,30,ZDT6,5,ok,ZDT6_n30_m2
0.2922850017166833,0.2343117217886584,10000,crossover,a1fa9be497a597e6,0.03739643460251202,-0.02644876605652957,ZDT,True,0.32968143631919533,crossover_eta_03,0.26429075912894995,2,30,ZDT6,6,ok,ZDT6_n30_m2
0.366325383681809,0.29366656133993574,10000,crossover,a1fa9be497a597e6,0.014490112133519528,-0.009574278855287305,ZDT,True,0.38081549581532853,crossover_eta_03,0.3052826316239893,2,30,ZDT6,7,ok,ZDT6_n30_m2
0.2864371150318619,0.2296237344136728,10000,crossover,a1fa9be497a597e6,0.0023065687107210464,0.0007007345990460712,ZDT,True,0.28874368374258297,crossover_eta_03,0.23147280666458767,2,30,ZDT6,8,ok,ZDT6_n30_m2
0.3232760897882284,0.25915588130248285,10000,crossover,a1fa9be497a597e6,0.046601925110482556,-0.031108136395405744,ZDT,True,0.36987801489871097,crossover_eta_03,0.29651454578122904,2,30,ZDT6,9,ok,ZDT6_n30_m2
0.37007598750274967,0.29667325150149115,10000,crossover,ec43915e719e59c2,-0.10601410799482497,0.07748953816873883,ZDT,True,0.2640618795079247,crossover_eta_04,0.21168651584190915,2,30,ZDT6,0,ok,ZDT6_n30_m2
0.3229249182289705,0.2588743628796775,10000,crossover,ec43915e719e59c2,-0.07283054491381957,0.05790627261460751,ZDT,True,0.25009437331515094,crossover_eta_04,0.2004893952031467,2,30,ZDT6,1,ok,ZDT6_n30_m2
0.3636445721218883,0.29151747545216644,10000,crossover,ec43915e719e59c2,-0.07988314338668279,0.06308595972909968,ZDT,True,0.2837614287352055,crossover_eta_04,0.2274787572186281,2,30,ZDT6,2,ok,ZDT6_n30_m2
0.3118419685421539,0.24998966127554856,10000,crossover,ec43915e719e59c2,-0.007725842840227648,0.006650789946416227,ZDT,True,0.30411612570192625,crossover_eta_04,0.2437962010311633,2,30,ZDT6,3,ok,ZDT6_n30_m2
0.33918713980800236,0.27191105349298916,10000,crossover,ec43915e719e59c2,-0.015477337392115764,0.009865029972116995,ZDT,True,0.3237098024158866,crossover_eta_04,0.2595035691822961,2,30,ZDT6,4,ok,ZDT6_n30_m2
0.36593812611166093,0.2933561143874608,10000,crossover,ec43915e719e59c2,-0.011951557116834655,0.0069333100585281665,ZDT,True,0.3539865689948263,crossover_eta_04,0.2837750893274905,2,30,ZDT6,5,ok,ZDT6_n30_m2
0.2922850017166833,0.2343117217886584,10000,crossover,ec43915e719e59c2,-0.008649954882500643,0.009282328669013684,ZDT,True,0.28363504683418267,crossover_eta_04,0.2273774425406337,2,30,ZDT6,6,ok,ZDT6_n30_m2
0.366325383681809,0.29366656133993574,10000,crossover,ec43915e719e59c2,-0.07892365652293071,0.05822670485714407,ZDT,True,0.2874017271588783,crossover_eta_04,0.230397020511187,2,30,ZDT6,7,ok,ZDT6_n30_m2
0.2864371150318619,0.2296237344136728,10000,crossover,ec43915e719e59c2,-0.001513293642364688,0.004060175497642149,ZDT,True,0.28492382138949723,crossover_eta_04,0.2284105950571143,2,30,ZDT6,8,ok,ZDT6_n30_m2
0.3232760897882284,0.25915588130248285,10000,crossover,ec43915e719e59c2,-0.06767379967042902,0.05329388580307612,ZDT,True,0.2556022901177994,crossover_eta_04,0.20490484403533904,2,30,ZDT6,9,ok,ZDT6_n30_m2
0.37007598750274967,0.29667325150149115,10000,selection,b1fb35ba085d5156,0.013821044608935129,-0.009632488088697391,ZDT,True,0.3838970321116848,selection_tournament_01,0.307752960484905,2,30,ZDT6,0,ok,ZDT6_n30_m2
0.3229249182289705,0.2588743628796775,10000,selection,b1fb35ba085d5156,0.07114453421837641,-0.05090094000022105,ZDT,True,0.3940694524473469,selection_tournament_01,0.31590773171711944,2,30,ZDT6,1,ok,ZDT6_n30_m2
0.3636445721218883,0.29151747545216644,10000,selection,b1fb35ba085d5156,-0.015594764728705857,0.012848103115428167,ZDT,True,0.3480498073931824,selection_tournament_01,0.2790158549344842,2,30,ZDT6,2,ok,ZDT6_n30_m2
0.3118419685421539,0.24998966127554856,10000,selection,b1fb35ba085d5156,0.08008580822479389,-0.05289334403356945,ZDT,True,0.3919277767669478,selection_tournament_01,0.31419084678207365,2,30,ZDT6,3,ok,ZDT6_n30_m2
0.33918713980800236,0.27191105349298916,10000,selection,b1fb35ba085d5156,0.012631428450080917,-0.00878893939886087,ZDT,True,0.3518185682580833,selection_tournament_01,0.2820371007804157,2,30,ZDT6,4,ok,ZDT6_n30_m2
0.36593812611166093,0.2933561143874608,10000,selection,b1fb35ba085d5156,0.02624710679121306,-0.01705727449565206,ZDT,True,0.392185232902874,selection_tournament_01,0.314397237770799,2,30,ZDT6,5,ok,ZDT6_n30_m2
0.2922850017166833,0.2343117217886584,10000,selection,b1fb35ba085d5156,0.06332393250342133,-0.04401984044720096,ZDT,True,0.35560893422010464,selection_tournament_01,0.2850756664596468,2,30,ZDT6,6,ok,ZDT6_n30_m2
0.366325383681809,0.29366656133993574,10000,selection,b1fb35ba085d5156,0.018301424890174334,-0.011813603909307538,ZDT,True,0.38462680857198334,selection_tournament_01,0.30833798940506546,2,30,ZDT6,7,ok,ZDT6_n30_m2
0.2864371150318619,0.2296237344136728,10000,selection,b1fb35ba085d5156,0.0714640516435821,-0.04722848006771843,ZDT,True,0.357901166675444,selection_tournament_01,0.286913245980306,2,30,ZDT6,8,ok,ZDT6_n30_m2
0.3232760897882284,0.25915588130248285,10000,selection,b1fb35ba085d5156,0.055275033712142485,-0.037853847547612285,ZDT,True,0.3785511235003709,selection_tournament_01,0.3034673863230945,2,30,ZDT6,9,ok,ZDT6_n30_m2
0.37007598750274967,0.29667325150149115,10000,selection,4598e4772a6f89d4,-0.015500331392112154,0.007880665384155078,ZDT,True,0.3545756561106375,selection_tournament_02,0.28424733393661716,2,30,ZDT6,0,ok,ZDT6_n30_m2
0.3229249182289705,0.2588743628796775,10000,selection,4598e4772a6f89d4,0.05183084629325224,-0.03814380556104956,ZDT,True,0.37475576452222276,selection_tournament_02,0.3004248179677125,2,30,ZDT6,1,ok,ZDT6_n30_m2
0.3636445721218883,0.29151747545216644,10000,selection,4598e4772a6f89d4,0.014995032707144973,-0.008342930612565455,ZDT,True,0.37863960482903325,selection_tournament_02,0.30353831781921375,2,30,ZDT6,2,ok,ZDT6_n30_m2
0.3118419685421539,0.24998966127554856,10000,selection,4598e4772a6f89d4,0.04708304805699587,-0.03154362029056802,ZDT,True,0.35892501659914977,selection_tournament_02,0.2877340203514428,2,30,ZDT6,3,ok,ZDT6_n30_m2
0.33918713980800236,0.27191105349298916,10000,selection,4598e4772a6f89d4,0.0063509189296162005,-0.004983176636545836,ZDT,True,0.34553805873761856,selection_tournament_02,0.2770022991627926,2,30,ZDT6,4,ok,ZDT6_n30_m2
0.36593812611166093,0.2933561143874608,10000,selection,4598e4772a6f89d4,0.017233750759092004,-0.009930013360786943,ZDT,True,0.38317187687075294,selection_tournament_02,0.30717163618817794,2,30,ZDT6,5,ok,ZDT6_n30_m2
0.2922850017166833,0.2343117217886584,10000,selection,4598e4772a6f89d4,0.10119504925649797,-0.06944118585058671,ZDT,True,0.3934800509731813,selection_tournament_02,0.3154352351010584,2,30,ZDT6,6,ok,ZDT6_n30_m2
0.366325383681809,0.29366656133993574,10000,selection,4598e4772a6f89d4,0.04397678286513812,-0.026738643176704262,ZDT,True,0.4103021665469471,selection_tournament_02,0.3289207675131442,2,30,ZDT6,7,ok,ZDT6_n30_m2
0.2864371150318619,0.2296237344136728,10000,selection,4598e4772a6f89d4,0.05492156822288108,-0.0377509365753579,ZDT,True,0.341358683254743,selection_tournament_02,0.2736518820711104,2,30,ZDT6,8,ok,ZDT6_n30_m2
0.3232760897882284,0.25915588130248285,10000,selection,4598e4772a6f89d4,0.0634052919256225,-0.042596858884355965,ZDT,True,0.3866813817138509,selection_tournament_02,0.3099850481579409,2,30,ZDT6,9,ok,ZDT6_n30_m2
0.37007598750274967,0.29667325150149115,10000,selection,bf15c95167fdc3d3,0.036172652726755294,-0.023370392507621192,ZDT,True,0.40624864022950496,selection_tournament_03,0.32567123802932835,2,30,ZDT6,0,ok,ZDT6_n30_m2
0.3229249182289705,0.2588743628796775,10000,selection,bf15c95167fdc3d3,0.07059474032576724,-0.04866086806795124,ZDT,True,0.39351965855473775,selection_tournament_03,0.31546698671532475,2,30,ZDT6,1,ok,ZDT6_n30_m2
0.3636445721218883,0.29151747545216644,10000,selection,bf15c95167fdc3d3,0.036287251264788045,-0.02159494312155138,ZDT,True,0.3999318233866763,selection_tournament_03,0.3206073304665948,2,30,ZDT6,2,ok,ZDT6_n30_m2
0.3118419685421539,0.24998966127554856,10000,selection,bf15c95167fdc3d3,0.06646072109583051,-0.04393231176431185,ZDT,True,0.3783026896379844,selection_tournament_03,0.30326822808471576,2,30,ZDT6,3,ok,ZDT6_n30_m2
0.33918713980800236,0.27191105349298916,10000,selection,bf15c95167fdc3d3,0.06049108724460722,-0.038795356077668625,ZDT,True,0.3996782270526096,selection_tournament_03,0.3204040337071798,2,30,ZDT6,4,ok,ZDT6_n30_m2
0.36593812611166093,0.2933561143874608,10000,selection,bf15c95167fdc3d3,-0.015884690278097413,0.011938797925614295,ZDT,True,0.3500534358335635,selection_tournament_03,0.2806220736146527,2,30,ZDT6,5,ok,ZDT6_n30_m2
0.2922850017166833,0.2343117217886584,10000,selection,bf15c95167fdc3d3,0.06539344988998941,-0.046278325325451175,ZDT,True,0.3576784516066727,selection_tournament_03,0.2867347053404321,2,30,ZDT6,6,ok,ZDT6_n30_m2
0.366325383681809,0.29366656133993574,10000,selection,bf15c95167fdc3d3,0.0632489540997766,-0.03871931832970221,ZDT,True,0.4295743377815856,selection_tournament_03,0.3443703992016394,2,30,ZDT6,7,ok,ZDT6_n30_m2
0.2864371150318619,0.2296237344136728,10000,selection,bf15c95167fdc3d3,0.08997768616549967,-0.060226042237378125,ZDT,True,0.3764148011973616,selection_tournament_03,0.30175479294959384,2,30,ZDT6,8,ok,ZDT6_n30_m2
0.3232760897882284,0.25915588130248285,10000,selection,bf15c95167fdc3d3,0.052812411423099836,-0.034717639088336416,ZDT,True,0.37608850121132825,selection_tournament_03,0.3014932129468633,2,30,ZDT6,9,ok,ZDT6_n30_m2
0.3390790772918979,0.41028568352319655,2000,mutation,51e8eae785dfda9d,-0.0032477368072159063,0.0016932605153699553,DTLZ,True,0.335831340484682,mutation_prob_01,0.4063559219864653,2,9,DTLZ2,0,ok,DTLZ2_n9_m2
0.33784739914102785,0.40879535296064373,2000,mutation,51e8eae785dfda9d,-0.0008622821343456932,0.0003263659387715851,DTLZ,True,0.33698511700668216,mutation_prob_01,0.4077519915780855,2,9,DTLZ2,1,ok,DTLZ2_n9_m2
0.33719989933629385,0.4080118781969156,2000,mutation,51e8eae785dfda9d,0.002075387051898747,-0.00021528578875431442,DTLZ,True,0.3392752863881926,mutation_prob_01,0.41052309652971314,2,9,DTLZ2,2,ok,DTLZ2_n9_m2
0.33805160501426207,0.40904244206725715,2000,mutation,51e8eae785dfda9d,0.0007710359295035607,-0.001708009688196014,DTLZ,True,0.33882264094376563,mutation_prob_01,0.40997539554195644,2,9,DTLZ2,3,ok,DTLZ2_n9_m2
0.33857394515271316,0.409674473634783,2000,mutation,51e8eae785dfda9d,0.002094787494552164,-0.0018165644081760135,DTLZ,True,0.3406687326472653,mutation_prob_01,0.4122091665031911,2,9,DTLZ2,4,ok,DTLZ2_n9_m2
0.3394096574072357,0.4106856854627553,2000,mutation,51e8eae785dfda9d,-0.004026070746339927,0.004285351468420025,DTLZ,True,0.3353835866608958,mutation_prob_01,0.40581413985968395,2,9,DTLZ2,5,ok,DTLZ2_n9_m2
0.337976002149189,0.4089509626005188,2000,mutation,51e8eae785dfda9d,-0.001071016062612562,0.00029982263489798135,DTLZ,True,0.33690498608657643,mutation_prob_01,0.40765503316475754,2,9,DTLZ2,6,ok,DTLZ2_n9_m2
0.3391480079412831,0.4103690896089526,2000,mutation,51e8eae785dfda9d,-0.0013973562279623875,0.0015840009152891087,DTLZ,True,0.3377506517133207,mutation_prob_01,0.4086782885731181,2,9,DTLZ2,7,ok,DTLZ2_n9_m2
0.33767214710895055,0.40858329800183024,2000,mutation,51e8eae785dfda9d,-0.0005357556948054065,0.0027861083837083488,DTLZ,True,0.33713639141414514,mutation_prob_01,0.40793503361111566,2,9,DTLZ2,8,ok,DTLZ2_n9_m2
0.3395257281938231,0.41082613111452604,2000,mutation,51e8eae785dfda9d,-0.0021953277818819172,-2.3032581494769958e-05,DTLZ,True,0.3373304004119412,mutation_prob_01,0.4081697844984489,2,9,DTLZ2,9,ok,DTLZ2_n9_m2
0.3390790772918979,0.41028568352319655,2000,mutation,d6a8d5c455cbecfa,-0.0029555477407801067,0.002801745757952681,DTLZ,True,0.3361235295511178,mutation_prob_02,0.4067094707568526,2,9,DTLZ2,0,ok,DTLZ2_n9_m2
0.33784739914102785,0.40879535296064373,2000,mutation,d6a8d5c455cbecfa,0.000796285848725875,-0.00016350166801544497,DTLZ,True,0.3386436849897537,mutation_prob_02,0.4097588588376021,2,9,DTLZ2,1,ok,DTLZ2_n9_m2
0.33719989933629385,0.4080118781969156,2000,mutation,d6a8d5c455cbecfa,0.0032269509585632905,0.0024549542740860426,DTLZ,True,0.34042685029485714,mutation_prob_02,0.41191648885677723,2,9,DTLZ2,2,ok,DTLZ2_n9_m2
0.33805160501426207,0.40904244206725715,2000,mutation,d6a8d5c455cbecfa,-0.001189237321022607,-0.0002595131865908932,DTLZ,True,0.33686236769323946,mutation_prob_02,0.4076034649088198,2,9,DTLZ2,3,ok,DTLZ2_n9_m2
0.33857394515271316,0.409674473634783,2000,mutation,d6a8d5c455cbecfa,-0.00027737853174142346,0.0016476959008566421,DTLZ,True,0.33829656662097174,mutation_prob_02,0.40933884561137585,2,9,DTLZ2,4,ok,DTLZ2_n9_m2
0.3394096574072357,0.4106856854627553,2000,mutation,d6a8d5c455cbecfa,-0.0019738772080219458,0.0017636582249664027,DTLZ,True,0.3374357801992138,mutation_prob_02,0.4082972940410487,2,9,DTLZ2,5,ok,DTLZ2_n9_m2
0.337976002149189,0.4089509626005188,2000,mutation,d6a8d5c455cbecfa,-6.858147644117629e-05,0.00043464208427048713,DTLZ,True,0.3379074206727478,mutation_prob_02,0.40886797901402494,2,9,DTLZ2,6,ok,DTLZ2_n9_m2
0.3391480079412831,0.4103690896089526,2000,mutation,d6a8d5c455cbecfa,-0.0019752085980711542,0.0013667724949741975,DTLZ,True,0.3371727993432119,mutation_prob_02,0.4079790872052865,2,9,DTLZ2,7,ok,DTLZ2_n9_m2
0.33767214710895055,0.40858329800183024,2000,mutation,d6a8d5c455cbecfa,0.002654521667251497,-0.000652784340621243,DTLZ,True,0.34032666877620205,mutation_prob_02,0.41179526921920456,2,9,DTLZ2,8,ok,DTLZ2_n9_m2
0.3395257281938231,0.41082613111452604,2000,mutation,d6a8d5c455cbecfa,7.202924877036665e-05,-0.0012018302498627113,DTLZ,True,0.33959775744259346,mutation_prob_02,0.41091328650553816,2,9,DTLZ2,9,ok,DTLZ2_n9_m2
0.3390790772918979,0.41028568352319655,2000,mutation,66e5ffa929c034ec,-0.0012973666908934756,0.0020783670899817315,DTLZ,True,0.3377817106010044,mutation_prob_03,0.4087158698272154,2,9,DTLZ2,0,ok,DTLZ2_n9_m2
0.33784739914102785,0.40879535296064373,2000,mutation,66e5ffa929c034ec,-0.0006309102407300315,0.0003448132050183593,DTLZ,True,0.3372164889002978,mutation_prob_03,0.40803195156936045,2,9,DTLZ2,1,ok,DTLZ2_n9_m2
0.33719989933629385,0.4080118781969156,2000,mutation,66e5ffa929c034ec,-0.0010707311693687882,0.0029772851981777673,DTLZ,True,0.33612916816692506,mutation_prob_03,0.4067162934819794,2,9,DTLZ2,2,ok,DTLZ2_n9_m2
0.33805160501426207,0.40904244206725715,2000,mutation,66e5ffa929c034ec,-4.5816339752258184e-05,-0.0016145401458773651,DTLZ,True,0.3380057886745098,mutation_prob_03,0.4089870042961569,2,9,DTLZ2,3,ok,DTLZ2_n9_m2
0.33857394515271316,0.409674473634783,2000,mutation,66e5ffa929c034ec,0.00051443903561188,-0.0008151020969853814,DTLZ,True,0.33908838418832504,mutation_prob_03,0.4102969448678734,2,9,DTLZ2,4,ok,DTLZ2_n9_m2
0.3394096574072357,0.4106856854627553,2000,mutation,66e5ffa929c034ec,-0.0018618016958242278,0.001042456253552454,DTLZ,True,0.3375478557114115,mutation_prob_03,0.40843290541080796,2,9,DTLZ2,5,ok,DTLZ2_n9_m2
0.337976002149189,0.4089509626005188,2000,mutation,66e5ffa929c034ec,-0.0021466193328437133,0.004772565775128419,DTLZ,True,0.3358293828163453,mutation_prob_03,0.40635355320777783,2,9,DTLZ2,6,ok,DTLZ2_n9_m2
0.3391480079412831,0.4103690896089526,2000,mutation,66e5ffa929c034ec,-0.0032419478594605255,0.002183406939113775,DTLZ,True,0.33590606008182256,mutation_prob_03,0.4064463326990054,2,9,DTLZ2,7,ok,DTLZ2_n9_m2
0.33767214710895055,0.40858329800183024,2000,mutation,66e5ffa929c034ec,-9.765694102614741e-05,0.0005746913989646864,DTLZ,True,0.3375744901679244,mutation_prob_03,0.4084651331031886,2,9,DTLZ2,8,ok,DTLZ2_n9_m2
0.3395257281938231,0.41082613111452604,2000,mutation,66e5ffa929c034ec,-0.0013733436775990593,-0.0014903095039376698,DTLZ,True,0.33815238451622404,mutation_prob_03,0.4091643852646311,2,9,DTLZ2,9,ok,DTLZ2_n9_m2
0.3390790772918979,0.41028568352319655,2000,mutation,e694687822a98236,-0.004505743255398542,0.0025673674815649243,DTLZ,True,0.33457333403649936,mutation_prob_04,0.4048337341841643,2,9,DTLZ2,0,ok,DTLZ2_n9_m2
0.33784739914102785,0.40879535296064373,2000,mutation,e694687822a98236,-0.0010332369099574912,0.001070314149533647,DTLZ,True,0.33681416223107036,mutation_prob_04,0.4075451362995952,2,9,DTLZ2,1,ok,DTLZ2_n9_m2
0.33719989933629385,0.4080118781969156,2000,mutation,e694687822a98236,-0.0006970751507044959,0.0009966540295876427,DTLZ,True,0.33650282418558936,mutation_prob_04,0.4071684172645632,2,9,DTLZ2,2,ok,DTLZ2_n9_m2
0.33805160501426207,0.40904244206725715,2000,mutation,e694687822a98236,-0.001276745644480326,-0.0013763147985150197,DTLZ,True,0.33677485936978174,mutation_prob_04,0.40749757983743595,2,9,DTLZ2,3,ok,DTLZ2_n9_m2
0.33857394515271316,0.409674473634783,2000,mutation,e694687822a98236,-0.002856418313972431,0.0011991030445552692,DTLZ,True,0.33571752683874073,mutation_prob_04,0.40621820747487636,2,9,DTLZ2,4,ok,DTLZ2_n9_m2
0.3394096574072357,0.4106856854627553,2000,mutation,e694687822a98236,-0.003566368504638373,0.003211162850576885,DTLZ,True,0.33584328890259735,mutation_prob_04,0.40637037957214284,2,9,DTLZ2,5,ok,DTLZ2_n9_m2
0.337976002149189,0.4089509626005188,2000,mutation,e694687822a98236,-0.002978129839327659,0.0012122956915622419,DTLZ,True,0.33499787230986133,mutation_prob_04,0.4053474254949323,2,9,DTLZ2,6,ok,DTLZ2_n9_m2
0.3391480079412831,0.4103690896089526,2000,mutation,e694687822a98236,-0.0028185274573657715,0.0015512159073659496,DTLZ,True,0.3363294804839173,mutation_prob_04,0.40695867138554,2,9,DTLZ2,7,ok,DTLZ2_n9_m2
0.33767214710895055,0.40858329800183024,2000,mutation,e694687822a98236,-0.003620289752742034,0.0023850398605965613,DTLZ,True,0.3340518573562085,mutation_prob_04,0.40420274740101236,2,9,DTLZ2,8,ok,DTLZ2_n9_m2
0.3395257281938231,0.41082613111452604,2000,mutation,e694687822a98236,-0.0027411418797159692,0.00031598572836753075,DTLZ,True,0.3367845863141071,mutation_prob_04,0.40750934944006967,2,9,DTLZ2,9,ok,DTLZ2_n9_m2
0.3390790772918979,0.41028568352319655,2000,mutation,ec86912810e491ab,-0.007140755165660595,0.003753517756401866,DTLZ,True,0.3319383221262373,mutation_prob_05,0.40164536977274723,2,9,DTLZ2,0,ok,DTLZ2_n9_m2
0.33784739914102785,0.40879535296064373,2000,mutation,ec86912810e491ab,-0.0041769959648456645,0.002523728272759528,DTLZ,True,0.3336704031761822,mutation_prob_05,0.4037411878431805,2,9,DTLZ2,1,ok,DTLZ2_n9_m2
0.33719989933629385,0.4080118781969156,2000,mutation,ec86912810e491ab,-0.003889224962580373,0.003724148212394262,DTLZ,True,0.3333106743737135,mutation_prob_05,0.4033059159921934,2,9,DTLZ2,2,ok,DTLZ2_n9_m2
0.33805160501426207,0.40904244206725715,2000,mutation,ec86912810e491ab,-0.0070338147436773135,0.003322763235767405,DTLZ,True,0.33101779027058476,mutation_prob_05,0.4005315262274076,2,9,DTLZ2,3,ok,DTLZ2_n9_m2
0.33857394515271316,0.409674473634783,2000,mutation,ec86912810e491ab,-0.00900889608324379,0.0026623987605334017,DTLZ,True,0.3295650490694694,mutation_prob_05,0.398773709374058,2,9,DTLZ2,4,ok,DTLZ2_n9_m2
0.3394096574072357,0.4106856854627553,2000,mutation,ec86912810e491ab,-0.006944315270221102,0.0031659346408490063,DTLZ,True,0.3324653421370146,mutation_prob_05,0.4022830639857878,2,9,DTLZ2,5,ok,DTLZ2_n9_m2
0.337976002149189,0.4089509626005188,2000,mutation,ec86912810e491ab,-0.006172549724215937,0.00313882207918101,DTLZ,True,0.33180345242497306,mutation_prob_05,0.4014821774342175,2,9,DTLZ2,6,ok,DTLZ2_n9_m2
0.3391480079412831,0.4103690896089526,2000,mutation,ec86912810e491ab,-0.006500363899760553,0.006583069922166833,DTLZ,True,0.3326476440415225,mutation_prob_05,0.4025036492902423,2,9,DTLZ2,7,ok,DTLZ2_n9_m2
0.33767214710895055,0.40858329800183024,2000,mutation,ec86912810e491ab,-0.006689648239572077,0.003117083296313999,DTLZ,True,0.33098249886937847,mutation_prob_05,0.40048882363194804,2,9,DTLZ2,8,ok,DTLZ2_n9_m2
0.3395257281938231,0.41082613111452604,2000,mutation,ec86912810e491ab,-0.007893050900117826,0.0033039585744790226,DTLZ,True,0.33163267729370527,mutation_prob_05,0.4012755395253834,2,9,DTLZ2,9,ok,DTLZ2_n9_m2
0.3390790772918979,0.41028568352319655,2000,mutation,44e1027f52827933,-0.003964446738885019,0.004442468066538471,DTLZ,True,0.3351146305530129,mutation_eta_01,0.40548870296914563,2,9,DTLZ2,0,ok,DTLZ2_n9_m2
0.33784739914102785,0.40879535296064373,2000,mutation,44e1027f52827933,-0.0017407608086396076,0.0010917333641994476,DTLZ,True,0.33610663833238824,mutation_eta_01,0.40668903238218984,2,9,DTLZ2,1,ok,DTLZ2_n9_m2
0.33719989933629385,0.4080118781969156,2000,mutation,44e1027f52827933,0.00019831860899371945,0.003537888497008366,DTLZ,True,0.33739821794528757,mutation_eta_01,0.408251843713798,2,9,DTLZ2,2,ok,DTLZ2_n9_m2
0.33805160501426207,0.40904244206725715,2000,mutation,44e1027f52827933,-0.004887707292086818,0.004523301490950853,DTLZ,True,0.33316389772217525,mutation_eta_01,0.4031283162438321,2,9,DTLZ2,3,ok,DTLZ2_n9_m2
0.33857394515271316,0.409674473634783,2000,mutation,44e1027f52827933,-0.010926566304367169,0.004952721162133088,DTLZ,True,0.327647378848346,mutation_eta_01,0.3964533284064987,2,9,DTLZ2,4,ok,DTLZ2_n9_m2
0.3394096574072357,0.4106856854627553,2000,mutation,44e1027f52827933,-0.009254213027254987,0.006607021200573026,DTLZ,True,0.33015544437998073,mutation_eta_01,0.39948808769977673,2,9,DTLZ2,5,ok,DTLZ2_n9_m2
0.337976002149189,0.4089509626005188,2000,mutation,44e1027f52827933,-0.006093739309490309,0.004785362043891999,DTLZ,True,0.3318822628396987,mutation_eta_01,0.40157753803603546,2,9,DTLZ2,6,ok,DTLZ2_n9_m2
0.3391480079412831,0.4103690896089526,2000,mutation,44e1027f52827933,-0.005324694822173404,0.0018697644909259278,DTLZ,True,0.3338233131191097,mutation_eta_01,0.4039262088741228,2,9,DTLZ2,7,ok,DTLZ2_n9_m2
0.33767214710895055,0.40858329800183024,2000,mutation,44e1027f52827933,-0.003920180030574871,0.005686610202601219,DTLZ,True,0.3337519670783757,mutation_eta_01,0.40383988016483463,2,9,DTLZ2,8,ok,DTLZ2_n9_m2
0.3395257281938231,0.41082613111452604,2000,mutation,44e1027f52827933,-0.005778928483590073,0.0006067349121249427,DTLZ,True,0.333746799710233,mutation_eta_01,0.403833627649382,2,9,DTLZ2,9,ok,DTLZ2_n9_m2
0.3390790772918979,0.41028568352319655,2000,mutation,dfb5eaa558c1e170,-0.004784896805044958,0.0066942896295261265,DTLZ,True,0.33429418048685294,mutation_eta_02,0.40449595838909214,2,9,DTLZ2,0,ok,DTLZ2_n9_m2
0.33784739914102785,0.40879535296064373,2000,mutation,dfb5eaa558c1e170,-0.003324994743522658,0.004590831922924482,DTLZ,True,0.3345224043975052,mutation_eta_02,0.40477210932098134,2,9,DTLZ2,1,ok,DTLZ2_n9_m2
0.33719989933629385,0.4080118781969156,2000,mutation,dfb5eaa558c1e170,-0.002341744240500765,0.003949612329697649,DTLZ,True,0.3348581550957931,mutation_eta_02,0.4051783676659097,2,9,DTLZ2,2,ok,DTLZ2_n9_m2
0.33805160501426207,0.40904244206725715,2000,mutation,dfb5eaa558c1e170,-0.0026916727484626035,-0.000393048709518673,DTLZ,True,0.33535993226579947,mutation_eta_02,0.4057855180416174,2,9,DTLZ2,3,ok,DTLZ2_n9_m2
0.33857394515271316,0.409674473634783,2000,mutation,dfb5eaa558c1e170,-0.002543523178592355,-0.00024765058441196183,DTLZ,True,0.3360304219741208,mutation_eta_02,0.40659681058868624,2,9,DTLZ2,4,ok,DTLZ2_n9_m2
0.3394096574072357,0.4106856854627553,2000,mutation,dfb5eaa558c1e170,-0.003674900988659191,0.008514173739269935,DTLZ,True,0.33573475641857653,mutation_eta_02,0.4062390552664777,2,9,DTLZ2,5,ok,DTLZ2_n9_m2
0.337976002149189,0.4089509626005188,2000,mutation,dfb5eaa558c1e170,-0.003966825963686527,0.003646527008197403,DTLZ,True,0.33400917618550247,mutation_eta_02,0.40415110318445807,2,9,DTLZ2,6,ok,DTLZ2_n9_m2
0.3391480079412831,0.4103690896089526,2000,mutation,dfb5eaa558c1e170,-0.005911966870729368,0.0036175516704126994,DTLZ,True,0.3332360410705537,mutation_eta_02,0.40321560969537007,2,9,DTLZ2,7,ok,DTLZ2_n9_m2
0.33767214710895055,0.40858329800183024,2000,mutation,dfb5eaa558c1e170,-0.0019240552014669898,0.0023803008576250163,DTLZ,True,0.33574809190748356,mutation_eta_02,0.4062551912080552,2,9,DTLZ2,8,ok,DTLZ2_n9_m2
0.3395257281938231,0.41082613111452604,2000,mutation,dfb5eaa558c1e170,-0.001883694590307905,0.0030146096802668425,DTLZ,True,0.3376420336035152,mutation_eta_02,0.4085468606602535,2,9,DTLZ2,9,ok,DTLZ2_n9_m2
0.3390790772918979,0.41028568352319655,2000,mutation,2917c62e1eed0ee7,-0.0014760068308337648,0.0022317474681832258,DTLZ,True,0.33760307046106414,mutation_eta_03,0.40849971525788764,2,9,DTLZ2,0,ok,DTLZ2_n9_m2
0.33784739914102785,0.40879535296064373,2000,mutation,2917c62e1eed0ee7,-0.00014110970432040792,0.0003771060879116505,DTLZ,True,0.33770628943670744,mutation_eta_03,0.40862461021841606,2,9,DTLZ2,1,ok,DTLZ2_n9_m2
0.33719989933629385,0.4080118781969156,2000,mutation,2917c62e1eed0ee7,-0.0017315514406427424,0.0027038055878136485,DTLZ,True,0.3354683478956511,mutation_eta_03,0.4059167009537379,2,9,DTLZ2,2,ok,DTLZ2_n9_m2
0.33805160501426207,0.40904244206725715,2000,mutation,2917c62e1eed0ee7,-0.0010507770676810857,7.476440622759817e-05,DTLZ,True,0.337000827946581,mutation_eta_03,0.407771001815363,2,9,DTLZ2,3,ok,DTLZ2_n9_m2
0.33857394515271316,0.409674473634783,2000,mutation,2917c62e1eed0ee7,0.00030567308161760787,-0.0012736067534218857,DTLZ,True,0.33887961823433077,mutation_eta_03,0.4100443380635403,2,9,DTLZ2,4,ok,DTLZ2_n9_m2
0.3394096574072357,0.4106856854627553,2000,mutation,2917c62e1eed0ee7,-0.004794937163032698,0.003282906008558368,DTLZ,True,0.334614720244203,mutation_eta_03,0.4048838114954857,2,9,DTLZ2,5,ok,DTLZ2_n9_m2
0.337976002149189,0.4089509626005188,2000,mutation,2917c62e1eed0ee7,-0.001720878941888604,0.00048279314739639416,DTLZ,True,0.3362551232073004,mutation_eta_03,0.4068686990808335,2,9,DTLZ2,6,ok,DTLZ2_n9_m2
0.3391480079412831,0.4103690896089526,2000,mutation,2917c62e1eed0ee7,-0.0022388697374630118,0.0037320799071088907,DTLZ,True,0.33690913820382007,mutation_eta_03,0.40766005722662235,2,9,DTLZ2,7,ok,DTLZ2_n9_m2
0.33767214710895055,0.40858329800183024,2000,mutation,2917c62e1eed0ee7,4.53629124117505e-05,-8.80141307694083e-05,DTLZ,True,0.3377175100213623,mutation_eta_03,0.40863818712584843,2,9,DTLZ2,8,ok,DTLZ2_n9_m2
0.3395257281938231,0.41082613111452604,2000,mutation,2917c62e1eed0ee7,-0.0004271868896265074,0.0017431402000320558,DTLZ,True,0.3390985413041966,mutation_eta_03,0.4103092349780779,2,9,DTLZ2,9,ok,DTLZ2_n9_m2
0.3390790772918979,0.41028568352319655,2000,mutation,0fb16d2f37410175,-0.0009554172017232077,0.0012599379197122378,DTLZ,True,0.3381236600901747,mutation_eta_04,0.40912962870911146,2,9,DTLZ2,0,ok,DTLZ2_n9_m2
0.33784739914102785,0.40879535296064373,2000,mutation,0fb16d2f37410175,0.0016156619976949727,0.0006743708177078152,DTLZ,True,0.3394630611387228,mutation_eta_04,0.41075030397785467,2,9,DTLZ2,1,ok,DTLZ2_n9_m2
0.33719989933629385,0.4080118781969156,2000,mutation,0fb16d2f37410175,0.0007900051808495956,0.0005206725098484879,DTLZ,True,0.33798990451714345,mutation_eta_04,0.4089677844657436,2,9,DTLZ2,2,ok,DTLZ2_n9_m2
0.33805160501426207,0.40904244206725715,2000,mutation,0fb16d2f37410175,-0.0016667870801261864,-0.0008414030698634025,DTLZ,True,0.3363848179341359,mutation_eta_04,0.4070256297003045,2,9,DTLZ2,3,ok,DTLZ2_n9_m2
0.33857394515271316,0.409674473634783,2000,mutation,0fb16d2f37410175,-0.0026248955908129146,0.000250952682921567,DTLZ,True,0.33594904956190025,mutation_eta_04,0.40649834996989936,2,9,DTLZ2,4,ok,DTLZ2_n9_m2
0.3394096574072357,0.4106856854627553,2000,mutation,0fb16d2f37410175,-0.0008012622431946004,0.0007435038264535041,DTLZ,True,0.3386083951640411,mutation_eta_04,0.40971615814848983,2,9,DTLZ2,5,ok,DTLZ2_n9_m2
0.337976002149189,0.4089509626005188,2000,mutation,0fb16d2f37410175,0.0009590447325276141,-0.0013478746987980062,DTLZ,True,0.3389350468817166,mutation_eta_04,0.4101114067268771,2,9,DTLZ2,6,ok,DTLZ2_n9_m2
0.3391480079412831,0.4103690896089526,2000,mutation,0fb16d2f37410175,-0.002814766670093949,0.009066279758151299,DTLZ,True,0.33633324127118913,mutation_eta_04,0.4069632219381389,2,9,DTLZ2,7,ok,DTLZ2_n9_m2
0.33767214710895055,0.40858329800183024,2000,mutation,0fb16d2f37410175,0.0013162732904403729,-0.00016091598526520555,DTLZ,True,0.3389884203993909,mutation_eta_04,0.41017598868326305,2,9,DTLZ2,8,ok,DTLZ2_n9_m2
0.3395257281938231,0.41082613111452604,2000,mutation,0fb16d2f37410175,-0.0007022131881704863,-0.00046560909832488867,DTLZ,True,0.3388235150056526,mutation_eta_04,0.4099764531568397,2,9,DTLZ2,9,ok,DTLZ2_n9_m2
0.3390790772918979,0.41028568352319655,2000,mutation,fdf8148d051033d5,-0.002387572768436763,0.0007851750669825124,DTLZ,True,0.33669150452346114,mutation_eta_05,0.40739672047338804,2,9,DTLZ2,0,ok,DTLZ2_n9_m2
0.33784739914102785,0.40879535296064373,2000,mutation,fdf8148d051033d5,0.000362099227174395,0.0008728311992339532,DTLZ,True,0.33820949836820224,mutation_eta_05,0.4092334930255248,2,9,DTLZ2,1,ok,DTLZ2_n9_m2
0.33719989933629385,0.4080118781969156,2000,mutation,fdf8148d051033d5,0.0017974862295945804,7.537647599908069e-05,DTLZ,True,0.33899738556588843,mutation_eta_05,0.4101868365347251,2,9,DTLZ2,2,ok,DTLZ2_n9_m2
0.33805160501426207,0.40904244206725715,2000,mutation,fdf8148d051033d5,1.3803394132705371e-06,-0.0015819105991923647,DTLZ,True,0.33805298535367534,mutation_eta_05,0.40904411227794724,2,9,DTLZ2,3,ok,DTLZ2_n9_m2
0.33857394515271316,0.409674473634783,2000,mutation,fdf8148d051033d5,-0.0007451013920661831,0.0018822431897397192,DTLZ,True,0.337828843760647,mutation_eta_05,0.4087729009503829,2,9,DTLZ2,4,ok,DTLZ2_n9_m2
0.3394096574072357,0.4106856854627553,2000,mutation,fdf8148d051033d5,-0.00606668639190866,0.0029281614485184657,DTLZ,True,0.33334297101532706,mutation_eta_05,0.4033449949285458,2,9,DTLZ2,5,ok,DTLZ2_n9_m2
0.337976002149189,0.4089509626005188,2000,mutation,fdf8148d051033d5,-0.003035902995278894,0.004840256192370159,DTLZ,True,0.3349400991539101,mutation_eta_05,0.4052775199762313,2,9,DTLZ2,6,ok,DTLZ2_n9_m2
0.3391480079412831,0.4103690896089526,2000,mutation,fdf8148d051033d5,-0.004286594984080128,0.004649997741228254,DTLZ,True,0.33486141295720295,mutation_eta_05,0.4051823096782156,2,9,DTLZ2,7,ok,DTLZ2_n9_m2
0.33767214710895055,0.40858329800183024,2000,mutation,fdf8148d051033d5,-0.001971303987146178,0.0014972137093750768,DTLZ,True,0.33570084312180437,mutation_eta_05,0.4061980201773834,2,9,DTLZ2,8,ok,DTLZ2_n9_m2
0.3395257281938231,0.41082613111452604,2000,mutation,fdf8148d051033d5,-0.00462723553277733,0.004368979899844564,DTLZ,True,0.33489849266104577,mutation_eta_05,0.4052271761198654,2,9,DTLZ2,9,ok,DTLZ2_n9_m2
0.3390790772918979,0.41028568352319655,2000,crossover,9056156a85d512f4,-0.007517381139897972,0.006047434965988413,DTLZ,True,0.33156169615199993,crossover_prob_01,0.40118965234391996,2,9,DTLZ2,0,ok,DTLZ2_n9_m2
0.33784739914102785,0.40879535296064373,2000,crossover,9056156a85d512f4,-0.0008309814867233367,0.0012717063145739737,DTLZ,True,0.3370164176543045,crossover_prob_01,0.4077898653617085,2,9,DTLZ2,1,ok,DTLZ2_n9_m2
0.33719989933629385,0.4080118781969156,2000,crossover,9056156a85d512f4,-0.001243979294105635,0.0020209797025269854,DTLZ,True,0.3359559200421882,crossover_prob_01,0.4065066632510478,2,9,DTLZ2,2,ok,DTLZ2_n9_m2
0.33805160501426207,0.40904244206725715,2000,crossover,9056156a85d512f4,-0.004719476416039203,0.0013141474946293738,DTLZ,True,0.33333212859822287,crossover_prob_01,0.4033318756038497,2,9,DTLZ2,3,ok,DTLZ2_n9_m2
0.33857394515271316,0.409674473634783,2000,crossover,9056156a85d512f4,-0.005294717630589807,0.011515302419347461,DTLZ,True,0.33327922752212336,crossover_prob_01,0.40326786530176933,2,9,DTLZ2,4,ok,DTLZ2_n9_m2
0.3394096574072357,0.4106856854627553,2000,crossover,9056156a85d512f4,-0.0021843640497920536,0.0022654226573244982,DTLZ,True,0.33722529335744367,crossover_prob_01,0.4080426049625069,2,9,DTLZ2,5,ok,DTLZ2_n9_m2
0.337976002149189,0.4089509626005188,2000,crossover,9056156a85d512f4,-0.004357333763246041,0.002942519288982986,DTLZ,True,0.33361866838594295,crossover_prob_01,0.40367858874699103,2,9,DTLZ2,6,ok,DTLZ2_n9_m2
0.3391480079412831,0.4103690896089526,2000,crossover,9056156a85d512f4,-0.002462495045391755,0.006836370926660423,DTLZ,True,0.3366855128958913,crossover_prob_01,0.4073894706040286,2,9,DTLZ2,7,ok,DTLZ2_n9_m2
0.33767214710895055,0.40858329800183024,2000,crossover,9056156a85d512f4,-0.0007983033712946619,0.00545954623289405,DTLZ,True,0.3368738437376559,crossover_prob_01,0.4076173509225637,2,9,DTLZ2,8,ok,DTLZ2_n9_m2
0.3395257281938231,0.41082613111452604,2000,crossover,9056156a85d512f4,-0.004704363455134697,0.00112748723745929,DTLZ,True,0.3348213647386884,crossover_prob_01,0.405133851333813,2,9,DTLZ2,9,ok,DTLZ2_n9_m2
0.3390790772918979,0.41028568352319655,2000,crossover,1a7f52ff41fc46d3,-0.0005211706121508453,0.0010778900519448718,DTLZ,True,0.33855790667974706,crossover_prob_02,0.409655067082494,2,9,DTLZ2,0,ok,DTLZ2_n9_m2
0.33784739914102785,0.40879535296064373,2000,crossover,1a7f52ff41fc46d3,-0.0012623946247841689,-9.05068555572628e-05,DTLZ,True,0.3365850045162437,crossover_prob_02,0.40726785546465494,2,9,DTLZ2,1,ok,DTLZ2_n9_m2
0.33719989933629385,0.4080118781969156,2000,crossover,1a7f52ff41fc46d3,0.0011079350262891419,0.002452594190399445,DTLZ,True,0.338307834362583,crossover_prob_02,0.4093524795787255,2,9,DTLZ2,2,ok,DTLZ2_n9_m2
0.33805160501426207,0.40904244206725715,2000,crossover,1a7f52ff41fc46d3,-0.0022099386900140128,0.0036212992670158865,DTLZ,True,0.33584166632424806,crossover_prob_02,0.4063684162523402,2,9,DTLZ2,3,ok,DTLZ2_n9_m2
0.33857394515271316,0.409674473634783,2000,crossover,1a7f52ff41fc46d3,-0.004281160684688146,9.012970986987251e-05,DTLZ,True,0.334292784468025,crossover_prob_02,0.4044942692063103,2,9,DTLZ2,4,ok,DTLZ2_n9_m2
0.3394096574072357,0.4106856854627553,2000,crossover,1a7f52ff41fc46d3,-0.0017075746851056839,0.0032073728197484913,DTLZ,True,0.33770208272213004,crossover_prob_02,0.4086195200937774,2,9,DTLZ2,5,ok,DTLZ2_n9_m2
0.337976002149189,0.4089509626005188,2000,crossover,1a7f52ff41fc46d3,-0.0028923506635606944,0.0029565571557967577,DTLZ,True,0.3350836514856283,crossover_prob_02,0.4054512182976103,2,9,DTLZ2,6,ok,DTLZ2_n9_m2
0.3391480079412831,0.4103690896089526,2000,crossover,1a7f52ff41fc46d3,-0.0010265971603460322,0.0007928804162926645,DTLZ,True,0.33812141078093705,crossover_prob_02,0.4091269070449339,2,9,DTLZ2,7,ok,DTLZ2_n9_m2
0.33767214710895055,0.40858329800183024,2000,crossover,1a7f52ff41fc46d3,0.0005357528687885971,0.0006513003147146403,DTLZ,True,0.33820789997773915,crossover_prob_02,0.40923155897306446,2,9,DTLZ2,8,ok,DTLZ2_n9_m2
0.3395257281938231,0.41082613111452604,2000,crossover,1a7f52ff41fc46d3,-0.0014126663847147114,0.0005462960352954731,DTLZ,True,0.3381130618091084,crossover_prob_02,0.40911680478902124,2,9,DTLZ2,9,ok,DTLZ2_n9_m2
0.3390790772918979,0.41028568352319655,2000,crossover,d79fd0966878536c,-0.0009730230454376154,0.0030818898353443137,DTLZ,True,0.3381060542464603,crossover_prob_03,0.40910832563821703,2,9,DTLZ2,0,ok,DTLZ2_n9_m2
0.33784739914102785,0.40879535296064373,2000,crossover,d79fd0966878536c,-0.0003853394341590821,-0.0002915176946814771,DTLZ,True,0.33746205970686877,crossover_prob_03,0.4083290922453113,2,9,DTLZ2,1,ok,DTLZ2_n9_m2
0.33719989933629385,0.4080118781969156,2000,crossover,d79fd0966878536c,0.0006993119216414656,-0.00043282935298454353,DTLZ,True,0.3378992112579353,crossover_prob_03,0.4088580456221018,2,9,DTLZ2,2,ok,DTLZ2_n9_m2
0.33805160501426207,0.40904244206725715,2000,crossover,d79fd0966878536c,0.001904947311048899,-0.002045087767544895,DTLZ,True,0.33995655232531097,crossover_prob_03,0.41134742831362636,2,9,DTLZ2,3,ok,DTLZ2_n9_m2
0.33857394515271316,0.409674473634783,2000,crossover,d79fd0966878536c,0.00019572142166479622,-3.5565771662618775e-05,DTLZ,True,0.33876966657437796,crossover_prob_03,0.4099112965549974,2,9,DTLZ2,4,ok,DTLZ2_n9_m2
0.3394096574072357,0.4106856854627553,2000,crossover,d79fd0966878536c,0.00011411113604931078,0.001390286607652818,DTLZ,True,0.33952376854328503,crossover_prob_03,0.41082375993737497,2,9,DTLZ2,5,ok,DTLZ2_n9_m2
0.337976002149189,0.4089509626005188,2000,crossover,d79fd0966878536c,0.0017188451179833697,-0.0010037706753108326,DTLZ,True,0.33969484726717236,crossover_prob_03,0.41103076519327864,2,9,DTLZ2,6,ok,DTLZ2_n9_m2
0.3391480079412831,0.4103690896089526,2000,crossover,d79fd0966878536c,-0.0011942996917911342,0.00037595384400509677,DTLZ,True,0.33795370824949195,crossover_prob_03,0.4089239869818853,2,9,DTLZ2,7,ok,DTLZ2_n9_m2
0.33767214710895055,0.40858329800183024,2000,crossover,d79fd0966878536c,-0.0002189528075254299,0.0006728304771893463,DTLZ,True,0.3374531943014251,crossover_prob_03,0.40831836510472447,2,9,DTLZ2,8,ok,DTLZ2_n9_m2
0.3395257281938231,0.41082613111452604,2000,crossover,d79fd0966878536c,-0.0020432615016631184,9.149634134805566e-05,DTLZ,True,0.33748246669216,crossover_prob_03,0.40835378469751366,2,9,DTLZ2,9,ok,DTLZ2_n9_m2
0.3390790772918979,0.41028568352319655,2000,crossover,99d18ab44ab34892,-0.0013480454426654243,0.002742850151724806,DTLZ,True,0.3377310318492325,crossover_eta_01,0.4086545485375713,2,9,DTLZ2,0,ok,DTLZ2_n9_m2
0.33784739914102785,0.40879535296064373,2000,crossover,99d18ab44ab34892,0.0008937060909782191,-0.000580791906676769,DTLZ,True,0.33874110523200607,crossover_eta_01,0.40987673733072744,2,9,DTLZ2,1,ok,DTLZ2_n9_m2
0.33719989933629385,0.4080118781969156,2000,crossover,99d18ab44ab34892,0.0017907929470222794,-0.000879566121680728,DTLZ,True,0.33899069228331613,crossover_eta_01,0.4101787376628126,2,9,DTLZ2,2,ok,DTLZ2_n9_m2
0.33805160501426207,0.40904244206725715,2000,crossover,99d18ab44ab34892,0.0005875523010190897,-0.0024918420637501503,DTLZ,True,0.33863915731528116,crossover_eta_01,0.4097533803514903,2,9,DTLZ2,3,ok,DTLZ2_n9_m2
0.33857394515271316,0.409674473634783,2000,crossover,99d18ab44ab34892,-0.0004066984785680572,-0.0007556934067158277,DTLZ,True,0.3381672466741451,crossover_eta_01,0.40918236847571565,2,9,DTLZ2,4,ok,DTLZ2_n9_m2
0.3394096574072357,0.4106856854627553,2000,crossover,99d18ab44ab34892,-0.0012753106675703063,0.001648856158200155,DTLZ,True,0.3381343467396654,crossover_eta_01,0.40914255955499523,2,9,DTLZ2,5,ok,DTLZ2_n9_m2
0.337976002149189,0.4089509626005188,2000,crossover,99d18ab44ab34892,-0.001678584552095741,3.9480239683600815e-05,DTLZ,True,0.33629741759709325,crossover_eta_01,0.4069198752924829,2,9,DTLZ2,6,ok,DTLZ2_n9_m2
0.3391480079412831,0.4103690896089526,2000,crossover,99d18ab44ab34892,-0.000831515516936554,0.00036309809383524433,DTLZ,True,0.3383164924243465,crossover_eta_01,0.40936295583345933,2,9,DTLZ2,7,ok,DTLZ2_n9_m2
0.33767214710895055,0.40858329800183024,2000,crossover,99d18ab44ab34892,0.0007170224604110542,-9.945143043776396e-05,DTLZ,True,0.3383891695693616,crossover_eta_01,0.4094508951789276,2,9,DTLZ2,8,ok,DTLZ2_n9_m2
0.3395257281938231,0.41082613111452604,2000,crossover,99d18ab44ab34892,-0.001974279105292409,0.001088997254143671,DTLZ,True,0.3375514490885307,crossover_eta_01,0.40843725339712217,2,9,DTLZ2,9,ok,DTLZ2_n9_m2
0.3390790772918979,0.41028568352319655,2000,crossover,3ee2e6c8c034109e,-0.0013962915589408875,0.0018056030395887275,DTLZ,True,0.337682785732957,crossover_eta_02,0.40859617073687804,2,9,DTLZ2,0,ok,DTLZ2_n9_m2
0.33784739914102785,0.40879535296064373,2000,crossover,3ee2e6c8c034109e,-0.0012401506819786912,0.00033192105542831536,DTLZ,True,0.33660724845904916,crossover_eta_02,0.40729477063544955,2,9,DTLZ2,1,ok,DTLZ2_n9_m2
0.33719989933629385,0.4080118781969156,2000,crossover,3ee2e6c8c034109e,0.0005045174497770866,0.0005898450358255772,DTLZ,True,0.33770441678607094,crossover_eta_02,0.4086223443111459,2,9,DTLZ2,2,ok,DTLZ2_n9_m2
0.33805160501426207,0.40904244206725715,2000,crossover,3ee2e6c8c034109e,6.127141623335497e-05,0.0003868178339876075,DTLZ,True,0.3381128764304954,crossover_eta_02,0.4091165804808995,2,9,DTLZ2,3,ok,DTLZ2_n9_m2
0.33857394515271316,0.409674473634783,2000,crossover,3ee2e6c8c034109e,0.0012248609022162404,-0.0007197902487633655,DTLZ,True,0.3397988060549294,crossover_eta_02,0.41115655532646467,2,9,DTLZ2,4,ok,DTLZ2_n9_m2
0.3394096574072357,0.4106856854627553,2000,crossover,3ee2e6c8c034109e,-0.00036865093428223306,0.0005089564948593424,DTLZ,True,0.3390410064729535,crossover_eta_02,0.41023961783227375,2,9,DTLZ2,5,ok,DTLZ2_n9_m2
0.337976002149189,0.4089509626005188,2000,crossover,3ee2e6c8c034109e,0.0019922040582400213,-0.00016961084168925881,DTLZ,True,0.339968206207429,crossover_eta_02,0.4113615295109892,2,9,DTLZ2,6,ok,DTLZ2_n9_m2
0.3391480079412831,0.4103690896089526,2000,crossover,3ee2e6c8c034109e,4.348845864848849e-05,0.0010939409785802809,DTLZ,True,0.33919149639993157,crossover_eta_02,0.41042171064391725,2,9,DTLZ2,7,ok,DTLZ2_n9_m2
0.33767214710895055,0.40858329800183024,2000,crossover,3ee2e6c8c034109e,-1.1602481990335978e-05,-0.00037634746896136884,DTLZ,True,0.3376605446269602,crossover_eta_02,0.40856925899862195,2,9,DTLZ2,8,ok,DTLZ2_n9_m2
0.3395257281938231,0.41082613111452604,2000,crossover,3ee2e6c8c034109e,-0.005206007178598371,0.0022880139948389736,DTLZ,True,0.3343197210152247,crossover_eta_02,0.404526862428422,2,9,DTLZ2,9,ok,DTLZ2_n9_m2
0.3390790772918979,0.41028568352319655,2000,crossover,e43fa1e38f39a137,-0.003651070880700269,0.005762889200910696,DTLZ,True,0.33542800641119763,crossover_eta_03,0.40586788775754923,2,9,DTLZ2,0,ok,DTLZ2_n9_m2
0.33784739914102785,0.40879535296064373,2000,crossover,e43fa1e38f39a137,-0.0010739952838991207,0.000855483062382506,DTLZ,True,0.33677340385712873,crossover_eta_03,0.4074958186671258,2,9,DTLZ2,1,ok,DTLZ2_n9_m2
0.33719989933629385,0.4080118781969156,2000,crossover,e43fa1e38f39a137,0.0023992969159630784,0.0015665018702044411,DTLZ,True,0.33959919625225693,crossover_eta_03,0.41091502746523095,2,9,DTLZ2,2,ok,DTLZ2_n9_m2
0.33805160501426207,0.40904244206725715,2000,crossover,e43fa1e38f39a137,-0.0018606796969461992,-0.0005466541913254526,DTLZ,True,0.33619092531731587,crossover_eta_03,0.40679101963395226,2,9,DTLZ2,3,ok,DTLZ2_n9_m2
0.33857394515271316,0.409674473634783,2000,crossover,e43fa1e38f39a137,0.0006814145544503103,-0.0019384518463508738,DTLZ,True,0.3392553597071635,crossover_eta_03,0.41049898524566786,2,9,DTLZ2,4,ok,DTLZ2_n9_m2
0.3394096574072357,0.4106856854627553,2000,crossover,e43fa1e38f39a137,-0.0010040486681008876,0.00413192901859012,DTLZ,True,0.33840560873913483,crossover_eta_03,0.4094707865743532,2,9,DTLZ2,5,ok,DTLZ2_n9_m2
0.337976002149189,0.4089509626005188,2000,crossover,e43fa1e38f39a137,-0.0007395269951437355,0.000932813939491987,DTLZ,True,0.33723647515404526,crossover_eta_03,0.4080561349363948,2,9,DTLZ2,6,ok,DTLZ2_n9_m2
0.3391480079412831,0.4103690896089526,2000,crossover,e43fa1e38f39a137,-0.0013520357686757634,0.00023850910863018777,DTLZ,True,0.3377959721726073,crossover_eta_03,0.4087331263288549,2,9,DTLZ2,7,ok,DTLZ2_n9_m2
0.33767214710895055,0.40858329800183024,2000,crossover,e43fa1e38f39a137,0.0009446669615428838,-0.0004676790655244508,DTLZ,True,0.33861681407049343,crossover_eta_03,0.4097263450252971,2,9,DTLZ2,8,ok,DTLZ2_n9_m2
0.3395257281938231,0.41082613111452604,2000,crossover,e43fa1e38f39a137,0.00047539315609557153,0.0012868079081475078,DTLZ,True,0.34000112134991867,crossover_eta_03,0.4114013568334016,2,9,DTLZ2,9,ok,DTLZ2_n9_m2
0.3390790772918979,0.41028568352319655,2000,crossover,d180c9572536923c,0.001496003606928198,0.0018551969797948077,DTLZ,True,0.3405750808988261,crossover_eta_04,0.41209584788757964,2,9,DTLZ2,0,ok,DTLZ2_n9_m2
0.33784739914102785,0.40879535296064373,2000,crossover,d180c9572536923c,0.0013371439410890251,0.000668212057320778,DTLZ,True,0.3391845430821169,crossover_eta_04,0.4104132971293615,2,9,DTLZ2,1,ok,DTLZ2_n9_m2
0.33719989933629385,0.4080118781969156,2000,crossover,d180c9572536923c,0.002747534027052745,0.0004228955526937913,DTLZ,True,0.3399474333633466,crossover_eta_04,0.4113363943696494,2,9,DTLZ2,2,ok,DTLZ2_n9_m2
0.33805160501426207,0.40904244206725715,2000,crossover,d180c9572536923c,-0.0008243304462995926,0.0017295987327947057,DTLZ,True,0.3372272745679625,crossover_eta_04,0.40804500222723467,2,9,DTLZ2,3,ok,DTLZ2_n9_m2
0.33857394515271316,0.409674473634783,2000,crossover,d180c9572536923c,-0.0007919499986372425,-0.00022393389418138947,DTLZ,True,0.3377819951540759,crossover_eta_04,0.40871621413643194,2,9,DTLZ2,4,ok,DTLZ2_n9_m2
0.3394096574072357,0.4106856854627553,2000,crossover,d180c9572536923c,-0.0026665882150527787,0.004953342467110714,DTLZ,True,0.33674306919218294,crossover_eta_04,0.4074591137225414,2,9,DTLZ2,5,ok,DTLZ2_n9_m2
0.337976002149189,0.4089509626005188,2000,crossover,d180c9572536923c,-0.0003954562420882546,0.0018019559445539464,DTLZ,True,0.33758054590710074,crossover_eta_04,0.40847246054759195,2,9,DTLZ2,6,ok,DTLZ2_n9_m2
0.3391480079412831,0.4103690896089526,2000,crossover,d180c9572536923c,0.0003892587563840699,0.0011341085154290033,DTLZ,True,0.33953726669766715,crossover_eta_04,0.4108400927041773,2,9,DTLZ2,7,ok,DTLZ2_n9_m2
0.33767214710895055,0.40858329800183024,2000,crossover,d180c9572536923c,0.0010818181643381664,0.0001156860652123913,DTLZ,True,0.3387539652732887,crossover_eta_04,0.4098922979806794,2,9,DTLZ2,8,ok,DTLZ2_n9_m2
0.3395257281938231,0.41082613111452604,2000,crossover,d180c9572536923c,-0.0011279722479458076,-5.470397128049323e-05,DTLZ,True,0.3383977559458773,crossover_eta_04,0.4094612846945116,2,9,DTLZ2,9,ok,DTLZ2_n9_m2
0.3390790772918979,0.41028568352319655,2000,selection,cdc4a828d2cbe851,-0.001982885450048044,0.000792853471255928,DTLZ,True,0.33709619184184986,selection_tournament_01,0.40788639212863836,2,9,DTLZ2,0,ok,DTLZ2_n9_m2
0.33784739914102785,0.40879535296064373,2000,selection,cdc4a828d2cbe851,0.0007151993885775587,-7.568802351200568e-05,DTLZ,True,0.3385625985296054,selection_tournament_01,0.4096607442208226,2,9,DTLZ2,1,ok,DTLZ2_n9_m2
0.33719989933629385,0.4080118781969156,2000,selection,cdc4a828d2cbe851,0.0016349225109568155,-0.0007794413148118507,DTLZ,True,0.33883482184725067,selection_tournament_01,0.40999013443517335,2,9,DTLZ2,2,ok,DTLZ2_n9_m2
0.33805160501426207,0.40904244206725715,2000,selection,cdc4a828d2cbe851,-0.0008258135455365134,-6.275756054332712e-05,DTLZ,True,0.33722579146872556,selection_tournament_01,0.40804320767715796,2,9,DTLZ2,3,ok,DTLZ2_n9_m2
0.33857394515271316,0.409674473634783,2000,selection,cdc4a828d2cbe851,-0.00022022706607577325,-0.0003457540768390492,DTLZ,True,0.3383537180866374,selection_tournament_01,0.4094079988848313,2,9,DTLZ2,4,ok,DTLZ2_n9_m2
0.3394096574072357,0.4106856854627553,2000,selection,cdc4a828d2cbe851,-0.001365233099708596,0.001696737374990688,DTLZ,True,0.3380444243075271,selection_tournament_01,0.4090337534121079,2,9,DTLZ2,5,ok,DTLZ2_n9_m2
0.337976002149189,0.4089509626005188,2000,selection,cdc4a828d2cbe851,0.0017041837063344611,7.151092806231135e-05,DTLZ,True,0.33968018585552345,selection_tournament_01,0.41101302488518343,2,9,DTLZ2,6,ok,DTLZ2_n9_m2
0.3391480079412831,0.4103690896089526,2000,selection,cdc4a828d2cbe851,4.613022138272305e-05,0.0007495518664077504,DTLZ,True,0.3391941381626658,selection_tournament_01,0.41042490717682567,2,9,DTLZ2,7,ok,DTLZ2_n9_m2
0.33767214710895055,0.40858329800183024,2000,selection,cdc4a828d2cbe851,-0.0015466922557796914,0.00155098491682539,DTLZ,True,0.33612545485317086,selection_tournament_01,0.4067118003723368,2,9,DTLZ2,8,ok,DTLZ2_n9_m2
0.3395257281938231,0.41082613111452604,2000,selection,cdc4a828d2cbe851,-0.0011415215671789491,-0.0003484651852833781,DTLZ,True,0.33838420662664415,selection_tournament_01,0.40944489001823947,2,9,DTLZ2,9,ok,DTLZ2_n9_m2
0.3390790772918979,0.41028568352319655,2000,selection,1193d81db00142d8,-0.0007853090900622473,0.001877672398229854,DTLZ,True,0.33829376820183565,selection_tournament_02,0.40933545952422123,2,9,DTLZ2,0,ok,DTLZ2_n9_m2
0.33784739914102785,0.40879535296064373,2000,selection,1193d81db00142d8,0.00035562353403667535,0.0002353086981119832,DTLZ,True,0.3382030226750645,selection_tournament_02,0.40922565743682815,2,9,DTLZ2,1,ok,DTLZ2_n9_m2
0.33719989933629385,0.4080118781969156,2000,selection,1193d81db00142d8,0.0010508487641703868,0.0008635422530887289,DTLZ,True,0.33825074810046424,selection_tournament_02,0.4092834052015618,2,9,DTLZ2,2,ok,DTLZ2_n9_m2
0.33805160501426207,0.40904244206725715,2000,selection,1193d81db00142d8,0.00017426416629934272,-0.002009034424971969,DTLZ,True,0.3382258691805614,selection_tournament_02,0.40925330170847934,2,9,DTLZ2,3,ok,DTLZ2_n9_m2
0.33857394515271316,0.409674473634783,2000,selection,1193d81db00142d8,0.0004042206051796948,0.00025565712204255603,DTLZ,True,0.33897816575789286,selection_tournament_02,0.41016358056705043,2,9,DTLZ2,4,ok,DTLZ2_n9_m2
0.3394096574072357,0.4106856854627553,2000,selection,1193d81db00142d8,0.0003769445652582193,0.0007116482909771127,DTLZ,True,0.33978660197249394,selection_tournament_02,0.4111417883867177,2,9,DTLZ2,5,ok,DTLZ2_n9_m2
0.337976002149189,0.4089509626005188,2000,selection,1193d81db00142d8,0.0012246869308799035,-0.0017271688411997065,DTLZ,True,0.3392006890800689,selection_tournament_02,0.41043283378688344,2,9,DTLZ2,6,ok,DTLZ2_n9_m2
0.3391480079412831,0.4103690896089526,2000,selection,1193d81db00142d8,-0.00031230642199364667,0.0018354317922911027,DTLZ,True,0.33883570151928943,selection_tournament_02,0.4099911988383403,2,9,DTLZ2,7,ok,DTLZ2_n9_m2
0.33767214710895055,0.40858329800183024,2000,selection,1193d81db00142d8,0.0012457965450951014,0.00029207076619564704,DTLZ,True,0.33891794365404565,selection_tournament_02,0.4100907118213953,2,9,DTLZ2,8,ok,DTLZ2_n9_m2
0.3395257281938231,0.41082613111452604,2000,selection,1193d81db00142d8,-0.00042470779405578973,0.0005031195775759851,DTLZ,True,0.3391010203997673,selection_tournament_02,0.4103122346837185,2,9,DTLZ2,9,ok,DTLZ2_n9_m2
0.3390790772918979,0.41028568352319655,2000,selection,435dae1f369a2cff,-0.0007027384725842856,0.0006680631780476565,DTLZ,True,0.3383763388193136,selection_tournament_03,0.40943536997136953,2,9,DTLZ2,0,ok,DTLZ2_n9_m2
0.33784739914102785,0.40879535296064373,2000,selection,435dae1f369a2cff,0.0022171919277971797,-0.00041027317823321037,DTLZ,True,0.34006459106882503,selection_tournament_03,0.41147815519327835,2,9,DTLZ2,1,ok,DTLZ2_n9_m2
0.33719989933629385,0.4080118781969156,2000,selection,435dae1f369a2cff,0.0017492257710067793,0.001025603990041351,DTLZ,True,0.33894912510730063,selection_tournament_03,0.41012844137983384,2,9,DTLZ2,2,ok,DTLZ2_n9_m2
0.33805160501426207,0.40904244206725715,2000,selection,435dae1f369a2cff,0.00012970351140489944,-0.0012018191558228648,DTLZ,True,0.33818130852566697,selection_tournament_03,0.4091993833160571,2,9,DTLZ2,3,ok,DTLZ2_n9_m2
0.33857394515271316,0.409674473634783,2000,selection,435dae1f369a2cff,0.0008837883718570416,-0.0018377294090955454,DTLZ,True,0.3394577335245702,selection_tournament_03,0.41074385756473003,2,9,DTLZ2,4,ok,DTLZ2_n9_m2
0.3394096574072357,0.4106856854627553,2000,selection,435dae1f369a2cff,-0.00026488626037446394,-1.3842050832033048e-05,DTLZ,True,0.33914477114686126,selection_tournament_03,0.4103651730877022,2,9,DTLZ2,5,ok,DTLZ2_n9_m2
0.337976002149189,0.4089509626005188,2000,selection,435dae1f369a2cff,0.000798630896030883,0.0009511208667147691,DTLZ,True,0.3387746330452199,selection_tournament_03,0.4099173059847161,2,9,DTLZ2,6,ok,DTLZ2_n9_m2
0.3391480079412831,0.4103690896089526,2000,selection,435dae1f369a2cff,-0.0002756059543793654,0.0012061813724555653,DTLZ,True,0.3388724019869037,selection_tournament_03,0.41003560640415354,2,9,DTLZ2,7,ok,DTLZ2_n9_m2
0.33767214710895055,0.40858329800183024,2000,selection,435dae1f369a2cff,0.001342552331532354,9.1545638211777e-05,DTLZ,True,0.3390146994404829,selection_tournament_03,0.4102077863229844,2,9,DTLZ2,8,ok,DTLZ2_n9_m2
0.3395257281938231,0.41082613111452604,2000,selection,435dae1f369a2cff,-0.0008557117293518379,0.0013576813406476502,DTLZ,True,0.33867001646447126,selection_tournament_03,0.40979071992201027,2,9,DTLZ2,9,ok,DTLZ2_n9_m2
0.4388874207871932,0.5841591570677543,2000,mutation,674d85807949deef,-0.002823010767533385,0.015506864051696004,DTLZ,True,0.43606441001965984,mutation_prob_01,0.5804017297361674,3,10,DTLZ2,0,ok,DTLZ2_n10_m3
0.48185536724686917,0.641349493805583,2000,mutation,674d85807949deef,-0.05845448045106649,0.015766347460595076,DTLZ,True,0.4234008867958027,mutation_prob_01,0.5635465803252135,3,10,DTLZ2,1,ok,DTLZ2_n10_m3
0.4722159893673647,0.6285194818479626,2000,mutation,674d85807949deef,-0.027140227619760815,0.00468843678950541,DTLZ,True,0.4450757617476039,mutation_prob_01,0.592395838886061,3,10,DTLZ2,2,ok,DTLZ2_n10_m3
0.4492929897684284,0.5980089693817784,2000,mutation,674d85807949deef,0.014090376625036594,-0.008279169923756921,DTLZ,True,0.463383366393465,mutation_prob_01,0.6167632606697021,3,10,DTLZ2,3,ok,DTLZ2_n10_m3
0.46490753804969176,0.6187919331441399,2000,mutation,674d85807949deef,-0.00819383283970282,0.017316797980602525,DTLZ,True,0.45671370520998894,mutation_prob_01,0.6078859416344955,3,10,DTLZ2,4,ok,DTLZ2_n10_m3
0.44820079680618724,0.5965552605490354,2000,mutation,674d85807949deef,-0.008219719177154916,0.009834782189656749,DTLZ,True,0.4399810776290323,mutation_prob_01,0.5856148143242422,3,10,DTLZ2,5,ok,DTLZ2_n10_m3
0.4580246380049711,0.6096307931846168,2000,mutation,674d85807949deef,0.022651131650051504,-0.001030022089031829,DTLZ,True,0.4806757696550226,mutation_prob_01,0.6397794494108353,3,10,DTLZ2,6,ok,DTLZ2_n10_m3
0.4373824362600819,0.5821560226621691,2000,mutation,674d85807949deef,0.03151703131599376,-0.01294650180481162,DTLZ,True,0.46889946757607565,mutation_prob_01,0.6241051913437569,3,10,DTLZ2,7,ok,DTLZ2_n10_m3
0.45679893765099794,0.6079993860134785,2000,mutation,674d85807949deef,-0.01352647377421684,0.0001738409544786157,DTLZ,True,0.4432724638767811,mutation_prob_01,0.5899956494199958,3,10,DTLZ2,8,ok,DTLZ2_n10_m3
0.4647734233723661,0.6186134265086195,2000,mutation,674d85807949deef,0.005481615738414158,0.0006284789204544367,DTLZ,True,0.47025503911078026,mutation_prob_01,0.6259094570564487,3,10,DTLZ2,9,ok,DTLZ2_n10_m3
0.4388874207871932,0.5841591570677543,2000,mutation,b7363d3b809d19d0,-0.020567582824815356,0.025835508417306377,DTLZ,True,0.41831983796237787,mutation_prob_03,0.5567837043279251,3,10,DTLZ2,0,ok,DTLZ2_n10_m3
0.48185536724686917,0.641349493805583,2000,mutation,b7363d3b809d19d0,-0.022812722439755684,0.0012048067523688782,DTLZ,True,0.4590426448071135,mutation_prob_03,0.6109857602382682,3,10,DTLZ2,1,ok,DTLZ2_n10_m3
0.4722159893673647,0.6285194818479626,2000,mutation,b7363d3b809d19d0,-0.03797373563492146,0.011054863037101528,DTLZ,True,0.43424225373244324,mutation_prob_03,0.5779764397178822,3,10,DTLZ2,2,ok,DTLZ2_n10_m3
0.4492929897684284,0.5980089693817784,2000,mutation,b7363d3b809d19d0,-0.016891495449184557,-0.004862227330629451,DTLZ,True,0.43240149431924385,mutation_prob_03,0.5755263889389137,3,10,DTLZ2,3,ok,DTLZ2_n10_m3
0.46490753804969176,0.6187919331441399,2000,mutation,b7363d3b809d19d0,-0.017965841011436057,0.01539424243275006,DTLZ,True,0.4469416970382557,mutation_prob_03,0.5948793987579185,3,10,DTLZ2,4,ok,DTLZ2_n10_m3
0.44820079680618724,0.5965552605490354,2000,mutation,b7363d3b809d19d0,0.00735309098134973,-0.0013065539804804072,DTLZ,True,0.45555388778753697,mutation_prob_03,0.6063422246452119,3,10,DTLZ2,5,ok,DTLZ2_n10_m3
0.4580246380049711,0.6096307931846168,2000,mutation,b7363d3b809d19d0,-0.019266884772704274,0.013162327914936295,DTLZ,True,0.43875775323226684,mutation_prob_03,0.5839865695521473,3,10,DTLZ2,6,ok,DTLZ2_n10_m3
0.4373824362600819,0.5821560226621691,2000,mutation,b7363d3b809d19d0,-0.024710560302141193,0.007237806520395837,DTLZ,True,0.4126718759579407,mutation_prob_03,0.5492662669000192,3,10,DTLZ2,7,ok,DTLZ2_n10_m3
0.45679893765099794,0.6079993860134785,2000,mutation,b7363d3b809d19d0,-0.026662087549617353,0.00032441234902863547,DTLZ,True,0.4301368501013806,mutation_prob_03,0.5725121474849377,3,10,DTLZ2,8,ok,DTLZ2_n10_m3
0.4647734233723661,0.6186134265086195,2000,mutation,b7363d3b809d19d0,-0.038074404142539986,0.010688098069922367,DTLZ,True,0.4266990192298261,mutation_prob_03,0.5679363945948988,3,10,DTLZ2,9,ok,DTLZ2_n10_m3
0.4388874207871932,0.5841591570677543,2000,mutation,c5896235e1cbc29f,-0.028423584895714393,0.020415539228402682,DTLZ,True,0.41046383589147883,mutation_prob_04,0.5463273655715585,3,10,DTLZ2,0,ok,DTLZ2_n10_m3
0.48185536724686917,0.641349493805583,2000,mutation,c5896235e1cbc29f,-0.041365371624900005,0.016709533224622194,DTLZ,True,0.44048999562196917,mutation_prob_04,0.5862921841728411,3,10,DTLZ2,1,ok,DTLZ2_n10_m3
0.4722159893673647,0.6285194818479626,2000,mutation,c5896235e1cbc29f,-0.06064830988197312,0.020728998515910105,DTLZ,True,0.4115676794853916,mutation_prob_04,0.5477965813950564,3,10,DTLZ2,2,ok,DTLZ2_n10_m3
0.4492929897684284,0.5980089693817784,2000,mutation,c5896235e1cbc29f,-0.01083380167263237,0.0015008993398878123,DTLZ,True,0.43845918809579604,mutation_prob_04,0.5835891793555047,3,10,DTLZ2,3,ok,DTLZ2_n10_m3
0.46490753804969176,0.6187919331441399,2000,mutation,c5896235e1cbc29f,-0.014938545135606274,0.008823450496021332,DTLZ,True,0.4499689929140855,mutation_prob_04,0.5989087295686479,3,10,DTLZ2,4,ok,DTLZ2_n10_m3
0.44820079680618724,0.5965552605490354,2000,mutation,c5896235e1cbc29f,-0.024426805199331048,0.007170114890774473,DTLZ,True,0.4237739916068562,mutation_prob_04,0.5640431828287258,3,10,DTLZ2,5,ok,DTLZ2_n10_m3
0.4580246380049711,0.6096307931846168,2000,mutation,c5896235e1cbc29f,-0.06032802941319243,0.02455018205156269,DTLZ,True,0.3976966085917787,mutation_prob_04,0.5293341860356576,3,10,DTLZ2,6,ok,DTLZ2_n10_m3
0.4373824362600819,0.5821560226621691,2000,mutation,c5896235e1cbc29f,-0.013731277236325612,0.011219335922500559,DTLZ,True,0.4236511590237563,mutation_prob_04,0.5638796926606198,3,10,DTLZ2,7,ok,DTLZ2_n10_m3
0.45679893765099794,0.6079993860134785,2000,mutation,c5896235e1cbc29f,-0.0435922086481314,0.00606111401906495,DTLZ,True,0.41320672900286654,mutation_prob_04,0.5499781563028155,3,10,DTLZ2,8,ok,DTLZ2_n10_m3
0.4647734233723661,0.6186134265086195,2000,mutation,c5896235e1cbc29f,-0.02802921473350356,0.00888536505518632,DTLZ,True,0.43674420863886254,mutation_prob_04,0.5813065416983262,3,10,DTLZ2,9,ok,DTLZ2_n10_m3
0.4388874207871932,0.5841591570677543,2000,mutation,8a12bdbee697d9c3,-0.029787826665820527,0.023482368632401038,DTLZ,True,0.4090995941213727,mutation_prob_05,0.5445115597755472,3,10,DTLZ2,0,ok,DTLZ2_n10_m3
0.48185536724686917,0.641349493805583,2000,mutation,8a12bdbee697d9c3,-0.12377501657003653,0.03873882128687889,DTLZ,True,0.35808035067683264,mutation_prob_05,0.4766049467508644,3,10,DTLZ2,1,ok,DTLZ2_n10_m3
0.4722159893673647,0.6285194818479626,2000,mutation,8a12bdbee697d9c3,-0.07092216412844005,0.020645873592193234,DTLZ,True,0.40129382523892465,mutation_prob_05,0.5341220813930089,3,10,DTLZ2,2,ok,DTLZ2_n10_m3
0.4492929897684284,0.5980089693817784,2000,mutation,8a12bdbee697d9c3,-0.033428798801521664,0.0025751466749453222,DTLZ,True,0.41586419096690674,mutation_prob_05,0.553515238176953,3,10,DTLZ2,3,ok,DTLZ2_n10_m3
0.46490753804969176,0.6187919331441399,2000,mutation,8a12bdbee697d9c3,-0.06168227040915075,0.03053601428635129,DTLZ,True,0.403225267640541,mutation_prob_05,0.5366928312295602,3,10,DTLZ2,4,ok,DTLZ2_n10_m3
0.44820079680618724,0.5965552605490354,2000,mutation,8a12bdbee697d9c3,-0.04262780740045019,0.01280700602115109,DTLZ,True,0.40557298940573705,mutation_prob_05,0.5398176488990362,3,10,DTLZ2,5,ok,DTLZ2_n10_m3
0.4580246380049711,0.6096307931846168,2000,mutation,8a12bdbee697d9c3,-0.07607232972804545,0.042714063446023146,DTLZ,True,0.38195230827692567,mutation_prob_05,0.5083785223165882,3,10,DTLZ2,6,ok,DTLZ2_n10_m3
0.4373824362600819,0.5821560226621691,2000,mutation,8a12bdbee697d9c3,-0.029000579768231893,0.019139874510135074,DTLZ,True,0.40838185649185,mutation_prob_05,0.5435562509906525,3,10,DTLZ2,7,ok,DTLZ2_n10_m3
0.45679893765099794,0.6079993860134785,2000,mutation,8a12bdbee697d9c3,-0.04408082904970417,0.01216414569627361,DTLZ,True,0.41271810860129376,mutation_prob_05,0.5493278025483221,3,10,DTLZ2,8,ok,DTLZ2_n10_m3
0.4647734233723661,0.6186134265086195,2000,mutation,8a12bdbee697d9c3,-0.0996189227333577,0.029543082016315003,DTLZ,True,0.3651545006390084,mutation_prob_05,0.48602064035052034,3,10,DTLZ2,9,ok,DTLZ2_n10_m3
0.4388874207871932,0.5841591570677543,2000,mutation,376937935402e107,-0.060622056334967145,0.04249901904367494,DTLZ,True,0.3782653644522261,mutation_eta_01,0.5034712000859131,3,10,DTLZ2,0,ok,DTLZ2_n10_m3
0.48185536724686917,0.641349493805583,2000,mutation,376937935402e107,-0.05580255887743646,0.017939158512094155,DTLZ,True,0.4260528083694327,mutation_eta_01,0.5670762879397151,3,10,DTLZ2,1,ok,DTLZ2_n10_m3
0.4722159893673647,0.6285194818479626,2000,mutation,376937935402e107,-0.049029974134706056,0.023986471306913823,DTLZ,True,0.42318601523265864,mutation_eta_01,0.5632605862746688,3,10,DTLZ2,2,ok,DTLZ2_n10_m3
0.4492929897684284,0.5980089693817784,2000,mutation,376937935402e107,-0.026453213704382694,0.01667644590482234,DTLZ,True,0.4228397760640457,mutation_eta_01,0.562799741941245,3,10,DTLZ2,3,ok,DTLZ2_n10_m3
0.46490753804969176,0.6187919331441399,2000,mutation,376937935402e107,-0.052485261937759986,0.025753646734178195,DTLZ,True,0.4124222761119318,mutation_eta_01,0.5489340495049814,3,10,DTLZ2,4,ok,DTLZ2_n10_m3
0.44820079680618724,0.5965552605490354,2000,mutation,376937935402e107,0.0021802710219683274,0.004179511953751783,DTLZ,True,0.45038106782815557,mutation_eta_01,0.5994572012792753,3,10,DTLZ2,5,ok,DTLZ2_n10_m3
0.4580246380049711,0.6096307931846168,2000,mutation,376937935402e107,-0.041527775622486274,0.016220826936442237,DTLZ,True,0.41649686238248484,mutation_eta_01,0.5543573238310875,3,10,DTLZ2,6,ok,DTLZ2_n10_m3
0.4373824362600819,0.5821560226621691,2000,mutation,376937935402e107,-0.022804096351570935,0.012150525346243543,DTLZ,True,0.41457833990851095,mutation_eta_01,0.5518037704182283,3,10,DTLZ2,7,ok,DTLZ2_n10_m3
0.45679893765099794,0.6079993860134785,2000,mutation,376937935402e107,-0.013856625243917564,0.004008291587762808,DTLZ,True,0.4429423124070804,mutation_eta_01,0.5895562178138242,3,10,DTLZ2,8,ok,DTLZ2_n10_m3
0.4647734233723661,0.6186134265086195,2000,mutation,376937935402e107,-0.015178879419364133,0.003551658132296215,DTLZ,True,0.44959454395300197,mutation_eta_01,0.5984103380014458,3,10,DTLZ2,9,ok,DTLZ2_n10_m3
0.4388874207871932,0.5841591570677543,2000,mutation,79e655eed70e2c52,-0.014630214417683696,0.016977107823642826,DTLZ,True,0.42425720636950953,mutation_eta_02,0.5646863416778174,3,10,DTLZ2,0,ok,DTLZ2_n10_m3
0.48185536724686917,0.641349493805583,2000,mutation,79e655eed70e2c52,-0.044757230536572046,0.012997437383912513,DTLZ,True,0.4370981367102971,mutation_eta_02,0.5817776199614056,3,10,DTLZ2,1,ok,DTLZ2_n10_m3
0.4722159893673647,0.6285194818479626,2000,mutation,79e655eed70e2c52,-0.07065861767094345,0.026483969102584257,DTLZ,True,0.40155737169642125,mutation_eta_02,0.5344728617279368,3,10,DTLZ2,2,ok,DTLZ2_n10_m3
0.4492929897684284,0.5980089693817784,2000,mutation,79e655eed70e2c52,-0.025498226259464518,0.0007574771189733098,DTLZ,True,0.4237947635089639,mutation_eta_02,0.5640708302304311,3,10,DTLZ2,3,ok,DTLZ2_n10_m3
0.46490753804969176,0.6187919331441399,2000,mutation,79e655eed70e2c52,-0.018383870097358812,0.015632082845721124,DTLZ,True,0.44652366795233295,mutation_eta_02,0.5943230020445553,3,10,DTLZ2,4,ok,DTLZ2_n10_m3
0.44820079680618724,0.5965552605490354,2000,mutation,79e655eed70e2c52,0.004517817526708989,-0.0024056847378484264,DTLZ,True,0.45271861433289623,mutation_eta_02,0.602568475677085,3,10,DTLZ2,5,ok,DTLZ2_n10_m3
0.4580246380049711,0.6096307931846168,2000,mutation,79e655eed70e2c52,-0.04295899428308719,0.021928809529884366,DTLZ,True,0.4150656437218839,mutation_eta_02,0.5524523717938277,3,10,DTLZ2,6,ok,DTLZ2_n10_m3
0.4373824362600819,0.5821560226621691,2000,mutation,79e655eed70e2c52,-0.014167032367855992,0.012718578780792356,DTLZ,True,0.4232154038922259,mutation_eta_02,0.5632997025805528,3,10,DTLZ2,7,ok,DTLZ2_n10_m3
0.45679893765099794,0.6079993860134785,2000,mutation,79e655eed70e2c52,-0.019167453453257877,-0.0035322120754845143,DTLZ,True,0.43763148419774006,mutation_eta_02,0.5824875054671922,3,10,DTLZ2,8,ok,DTLZ2_n10_m3
0.4647734233723661,0.6186134265086195,2000,mutation,79e655eed70e2c52,-0.004913589306105859,0.004579831503968804,DTLZ,True,0.45985983406626024,mutation_eta_02,0.6120734391421926,3,10,DTLZ2,9,ok,DTLZ2_n10_m3
0.4388874207871932,0.5841591570677543,2000,mutation,7de4d18dc4ed4dea,-0.0060329580247550085,0.01269186993748396,DTLZ,True,0.4328544627624382,mutation_eta_03,0.5761292899368055,3,10,DTLZ2,0,ok,DTLZ2_n10_m3
0.48185536724686917,0.641349493805583,2000,mutation,7de4d18dc4ed4dea,-0.036327271246097526,0.0017586254905708476,DTLZ,True,0.44552809600077165,mutation_eta_03,0.5929978957770272,3,10,DTLZ2,1,ok,DTLZ2_n10_m3
0.4722159893673647,0.6285194818479626,2000,mutation,7de4d18dc4ed4dea,-0.0269225673907576,-0.0030603730611469676,DTLZ,True,0.4452934219766071,mutation_eta_03,0.5926855446508642,3,10,DTLZ2,2,ok,DTLZ2_n10_m3
0.4492929897684284,0.5980089693817784,2000,mutation,7de4d18dc4ed4dea,0.01163850240494163,-0.0048859844553945375,DTLZ,True,0.46093149217337004,mutation_eta_03,0.6134998160827557,3,10,DTLZ2,3,ok,DTLZ2_n10_m3
0.46490753804969176,0.6187919331441399,2000,mutation,7de4d18dc4ed4dea,-0.0010063222806075967,0.0068925926839719515,DTLZ,True,0.46390121576908416,mutation_eta_03,0.6174525181886512,3,10,DTLZ2,4,ok,DTLZ2_n10_m3
0.44820079680618724,0.5965552605490354,2000,mutation,7de4d18dc4ed4dea,0.0003723224930269331,0.005921979591092044,DTLZ,True,0.4485731192992142,mutation_eta_03,0.5970508217872542,3,10,DTLZ2,5,ok,DTLZ2_n10_m3
0.4580246380049711,0.6096307931846168,2000,mutation,7de4d18dc4ed4dea,-0.021565930014418255,-0.00015451610600382415,DTLZ,True,0.43645870799055286,mutation_eta_03,0.580926540335426,3,10,DTLZ2,6,ok,DTLZ2_n10_m3
0.4373824362600819,0.5821560226621691,2000,mutation,7de4d18dc4ed4dea,0.023835817296375295,0.00045013525334874904,DTLZ,True,0.4612182535564572,mutation_eta_03,0.6138814954836447,3,10,DTLZ2,7,ok,DTLZ2_n10_m3
0.45679893765099794,0.6079993860134785,2000,mutation,7de4d18dc4ed4dea,-0.01173113263975073,-0.00957334519825516,DTLZ,True,0.4450678050112472,mutation_eta_03,0.5923852484699702,3,10,DTLZ2,8,ok,DTLZ2_n10_m3
0.4647734233723661,0.6186134265086195,2000,mutation,7de4d18dc4ed4dea,-0.043139281095649795,0.017187254214372824,DTLZ,True,0.4216341422767163,mutation_eta_03,0.5611950433703096,3,10,DTLZ2,9,ok,DTLZ2_n10_m3
0.4388874207871932,0.5841591570677543,2000,mutation,b92bddb847158308,0.01240134511752089,0.011810549128119768,DTLZ,True,0.4512887659047141,mutation_eta_04,0.6006653474191747,3,10,DTLZ2,0,ok,DTLZ2_n10_m3
0.48185536724686917,0.641349493805583,2000,mutation,b92bddb847158308,-0.04678200658335002,0.018867830997461227,DTLZ,True,0.43507336066351915,mutation_eta_04,0.5790826430431442,3,10,DTLZ2,1,ok,DTLZ2_n10_m3
0.4722159893673647,0.6285194818479626,2000,mutation,b92bddb847158308,0.001722040577875672,-0.0017458476087997693,DTLZ,True,0.47393802994524037,mutation_eta_04,0.6308115178571151,3,10,DTLZ2,2,ok,DTLZ2_n10_m3
0.4492929897684284,0.5980089693817784,2000,mutation,b92bddb847158308,0.020481125551467916,-0.010142132658580008,DTLZ,True,0.4697741153198963,mutation_eta_04,0.6252693474907822,3,10,DTLZ2,3,ok,DTLZ2_n10_m3
0.46490753804969176,0.6187919331441399,2000,mutation,b92bddb847158308,-0.042960427119914435,0.023898917559430174,DTLZ,True,0.4219471109297773,mutation_eta_04,0.5616116046475338,3,10,DTLZ2,4,ok,DTLZ2_n10_m3
0.44820079680618724,0.5965552605490354,2000,mutation,b92bddb847158308,-0.007250152985339486,0.010980729362476502,DTLZ,True,0.44095064382084775,mutation_eta_04,0.5869053069255485,3,10,DTLZ2,5,ok,DTLZ2_n10_m3
0.4580246380049711,0.6096307931846168,2000,mutation,b92bddb847158308,-0.009796051334192202,0.00898468711134806,DTLZ,True,0.4482285866707789,mutation_eta_04,0.5965922488588069,3,10,DTLZ2,6,ok,DTLZ2_n10_m3
0.4373824362600819,0.5821560226621691,2000,mutation,b92bddb847158308,0.010196332706452538,0.008933556454489303,DTLZ,True,0.4475787689665344,mutation_eta_04,0.5957273414944575,3,10,DTLZ2,7,ok,DTLZ2_n10_m3
0.45679893765099794,0.6079993860134785,2000,mutation,b92bddb847158308,0.009365130137177768,-0.006088507828671819,DTLZ,True,0.4661640677881757,mutation_eta_04,0.620464374226062,3,10,DTLZ2,8,ok,DTLZ2_n10_m3
0.4647734233723661,0.6186134265086195,2000,mutation,b92bddb847158308,-0.03525218546667169,0.01434765976343555,DTLZ,True,0.4295212379056944,mutation_eta_04,0.5716927676524794,3,10,DTLZ2,9,ok,DTLZ2_n10_m3
0.4388874207871932,0.5841591570677543,2000,mutation,642b841fae93126e,0.02677053910988858,0.004803126652865294,DTLZ,True,0.4656579598970818,mutation_eta_05,0.6197907446230161,3,10,DTLZ2,0,ok,DTLZ2_n10_m3
0.48185536724686917,0.641349493805583,2000,mutation,642b841fae93126e,-0.02029192888277248,0.01367339325978717,DTLZ,True,0.4615634383640967,mutation_eta_05,0.6143409364626129,3,10,DTLZ2,1,ok,DTLZ2_n10_m3
0.4722159893673647,0.6285194818479626,2000,mutation,642b841fae93126e,-0.026521175335949554,0.00637460533057066,DTLZ,True,0.44569481403141514,mutation_eta_05,0.5932197974758138,3,10,DTLZ2,2,ok,DTLZ2_n10_m3
0.4492929897684284,0.5980089693817784,2000,mutation,642b841fae93126e,-0.011546776126067915,0.0002870371723548565,DTLZ,True,0.4377462136423605,mutation_eta_05,0.582640210357982,3,10,DTLZ2,3,ok,DTLZ2_n10_m3
0.46490753804969176,0.6187919331441399,2000,mutation,642b841fae93126e,-0.019493902869040014,0.015336080227219592,DTLZ,True,0.44541363518065175,mutation_eta_05,0.5928455484254477,3,10,DTLZ2,4,ok,DTLZ2_n10_m3
0.44820079680618724,0.5965552605490354,2000,mutation,642b841fae93126e,0.010580048100538142,0.0014874283836096291,DTLZ,True,0.4587808449067254,mutation_eta_05,0.6106373045708516,3,10,DTLZ2,5,ok,DTLZ2_n10_m3
0.4580246380049711,0.6096307931846168,2000,mutation,642b841fae93126e,0.009762185852594363,-0.00032190154402918225,DTLZ,True,0.4677868238575655,mutation_eta_05,0.6226242625544198,3,10,DTLZ2,6,ok,DTLZ2_n10_m3
0.4373824362600819,0.5821560226621691,2000,mutation,642b841fae93126e,0.020881870307771222,0.004874418343385881,DTLZ,True,0.4582643065678531,mutation_eta_05,0.6099497920418127,3,10,DTLZ2,7,ok,DTLZ2_n10_m3
0.45679893765099794,0.6079993860134785,2000,mutation,642b841fae93126e,-0.005641143368708967,0.0019253731772370108,DTLZ,True,0.45115779428228897,mutation_eta_05,0.6004910241897268,3,10,DTLZ2,8,ok,DTLZ2_n10_m3
0.4647734233723661,0.6186134265086195,2000,mutation,642b841fae93126e,-0.04004912902065677,0.01967598302391306,DTLZ,True,0.42472429435170933,mutation_eta_05,0.5653080357821253,3,10,DTLZ2,9,ok,DTLZ2_n10_m3
0.4388874207871932,0.5841591570677543,2000,crossover,6b123a31cf0c3439,-0.03842689239164482,0.04359284176767948,DTLZ,True,0.4004605283955484,crossover_prob_01,0.5330129632944751,3,10,DTLZ2,0,ok,DTLZ2_n10_m3
0.48185536724686917,0.641349493805583,2000,crossover,6b123a31cf0c3439,-0.02060364971679629,0.00039571555924362845,DTLZ,True,0.4612517175300729,crossover_prob_01,0.6139260360325272,3,10,DTLZ2,1,ok,DTLZ2_n10_m3
0.4722159893673647,0.6285194818479626,2000,crossover,6b123a31cf0c3439,-0.0607807861849024,0.029808557509405628,DTLZ,True,0.4114352031824623,crossover_prob_01,0.5476202554358575,3,10,DTLZ2,2,ok,DTLZ2_n10_m3
0.4492929897684284,0.5980089693817784,2000,crossover,6b123a31cf0c3439,-0.03110912568411922,0.013169134467132554,DTLZ,True,0.4181838640843092,crossover_prob_01,0.5566027230962157,3,10,DTLZ2,3,ok,DTLZ2_n10_m3
0.46490753804969176,0.6187919331441399,2000,crossover,6b123a31cf0c3439,-0.037736498595156764,0.008860233961204778,DTLZ,True,0.427171039454535,crossover_prob_01,0.5685646535139862,3,10,DTLZ2,4,ok,DTLZ2_n10_m3
0.44820079680618724,0.5965552605490354,2000,crossover,6b123a31cf0c3439,-0.0040341659215574754,0.002855440491296185,DTLZ,True,0.44416663088462977,crossover_prob_01,0.5911857857074424,3,10,DTLZ2,5,ok,DTLZ2_n10_m3
0.4580246380049711,0.6096307931846168,2000,crossover,6b123a31cf0c3439,-0.022933341874372515,0.009326177914387293,DTLZ,True,0.4350912961305986,crossover_prob_01,0.5791065151498269,3,10,DTLZ2,6,ok,DTLZ2_n10_m3
0.4373824362600819,0.5821560226621691,2000,crossover,6b123a31cf0c3439,-0.0046226738974713966,0.0045691873599573996,DTLZ,True,0.4327597623626105,crossover_prob_01,0.5760032437046347,3,10,DTLZ2,7,ok,DTLZ2_n10_m3
0.45679893765099794,0.6079993860134785,2000,crossover,6b123a31cf0c3439,-0.03683561425886189,0.00039845918872011277,DTLZ,True,0.41996332339213605,crossover_prob_01,0.5589711834349332,3,10,DTLZ2,8,ok,DTLZ2_n10_m3
0.4647734233723661,0.6186134265086195,2000,crossover,6b123a31cf0c3439,-0.03372000148346338,0.026204614205871973,DTLZ,True,0.4310534218889027,crossover_prob_01,0.5737321045341297,3,10,DTLZ2,9,ok,DTLZ2_n10_m3
0.4388874207871932,0.5841591570677543,2000,crossover,179a4df0d2323165,-0.01742306995827536,0.011038169498337538,DTLZ,True,0.42146435082891787,crossover_prob_02,0.5609690509532899,3,10,DTLZ2,0,ok,DTLZ2_n10_m3
0.48185536724686917,0.641349493805583,2000,crossover,179a4df0d2323165,-0.027845170742766212,0.005903648606541689,DTLZ,True,0.45401019650410296,crossover_prob_02,0.6042875715469612,3,10,DTLZ2,1,ok,DTLZ2_n10_m3
0.4722159893673647,0.6285194818479626,2000,crossover,179a4df0d2323165,-0.04539900950556425,0.017054527906759306,DTLZ,True,0.42681697986180045,crossover_prob_02,0.5680934001960566,3,10,DTLZ2,2,ok,DTLZ2_n10_m3
0.4492929897684284,0.5980089693817784,2000,crossover,179a4df0d2323165,-0.012062385496689698,0.004736040194302543,DTLZ,True,0.4372306042717387,crossover_prob_02,0.5819539342856844,3,10,DTLZ2,3,ok,DTLZ2_n10_m3
0.46490753804969176,0.6187919331441399,2000,crossover,179a4df0d2323165,-0.0073362229287816105,0.002732994676726233,DTLZ,True,0.45757131512091015,crossover_prob_02,0.6090274204259316,3,10,DTLZ2,4,ok,DTLZ2_n10_m3
0.44820079680618724,0.5965552605490354,2000,crossover,179a4df0d2323165,0.005698324948951949,-0.008983326933421243,DTLZ,True,0.4538991217551392,crossover_prob_02,0.6041397310560904,3,10,DTLZ2,5,ok,DTLZ2_n10_m3
0.4580246380049711,0.6096307931846168,2000,crossover,179a4df0d2323165,-0.014838781731532191,0.009206674740833656,DTLZ,True,0.4431858562734389,crossover_prob_02,0.5898803746999474,3,10,DTLZ2,6,ok,DTLZ2_n10_m3
0.4373824362600819,0.5821560226621691,2000,crossover,179a4df0d2323165,-0.006417454766783848,0.0258895735163166,DTLZ,True,0.43096498149329804,crossover_prob_02,0.5736143903675799,3,10,DTLZ2,7,ok,DTLZ2_n10_m3
0.45679893765099794,0.6079993860134785,2000,crossover,179a4df0d2323165,-0.014558522570791266,-0.002679280572003395,DTLZ,True,0.4422404150802067,crossover_prob_02,0.5886219924717553,3,10,DTLZ2,8,ok,DTLZ2_n10_m3
0.4647734233723661,0.6186134265086195,2000,crossover,179a4df0d2323165,-0.03685303903029996,0.012286114350593708,DTLZ,True,0.42792038434206614,crossover_prob_02,0.5695620315592902,3,10,DTLZ2,9,ok,DTLZ2_n10_m3
0.4388874207871932,0.5841591570677543,2000,crossover,81f7409317939bd9,0.0053614396920808605,0.0030621163360724374,DTLZ,True,0.4442488604792741,crossover_prob_03,0.591295233297914,3,10,DTLZ2,0,ok,DTLZ2_n10_m3
0.48185536724686917,0.641349493805583,2000,crossover,81f7409317939bd9,-0.016494597044839743,-0.004487737535194047,DTLZ,True,0.46536077020202943,crossover_prob_03,0.6193951851389013,3,10,DTLZ2,1,ok,DTLZ2_n10_m3
0.4722159893673647,0.6285194818479626,2000,crossover,81f7409317939bd9,-0.010579248986586964,0.00044907654879280945,DTLZ,True,0.46163674038077773,crossover_prob_03,0.6144385014468153,3,10,DTLZ2,2,ok,DTLZ2_n10_m3
0.4492929897684284,0.5980089693817784,2000,crossover,81f7409317939bd9,0.0007559566077620095,-0.0032020024489654714,DTLZ,True,0.4500489463761904,crossover_prob_03,0.5990151476267096,3,10,DTLZ2,3,ok,DTLZ2_n10_m3
0.46490753804969176,0.6187919331441399,2000,crossover,81f7409317939bd9,0.0170182895041589,-0.0011580434638458065,DTLZ,True,0.48192582755385066,crossover_prob_03,0.6414432764741754,3,10,DTLZ2,4,ok,DTLZ2_n10_m3
0.44820079680618724,0.5965552605490354,2000,crossover,81f7409317939bd9,-0.009908983667849869,0.006171742047828416,DTLZ,True,0.43829181313833737,crossover_prob_03,0.5833664032871272,3,10,DTLZ2,5,ok,DTLZ2_n10_m3
0.4580246380049711,0.6096307931846168,2000,crossover,81f7409317939bd9,-0.023817386073771374,0.009717992553347488,DTLZ,True,0.43420725193119974,crossover_prob_03,0.577929852320427,3,10,DTLZ2,6,ok,DTLZ2_n10_m3
0.4373824362600819,0.5821560226621691,2000,crossover,81f7409317939bd9,0.022779736974835874,0.005585618404840398,DTLZ,True,0.46016217323491776,crossover_prob_03,0.6124758525756757,3,10,DTLZ2,7,ok,DTLZ2_n10_m3
0.45679893765099794,0.6079993860134785,2000,crossover,81f7409317939bd9,0.0173042982523533,-0.012655721312169355,DTLZ,True,0.47410323590335124,crossover_prob_03,0.6310314069873607,3,10,DTLZ2,8,ok,DTLZ2_n10_m3
0.4647734233723661,0.6186134265086195,2000,crossover,81f7409317939bd9,-0.010810400398125308,0.0074555299306448,DTLZ,True,0.4539630229742408,crossover_prob_03,0.6042247835787147,3,10,DTLZ2,9,ok,DTLZ2_n10_m3
0.4388874207871932,0.5841591570677543,2000,crossover,b4d06c62b1708784,-0.007056656017901064,0.00830887024299401,DTLZ,True,0.43183076476929216,crossover_eta_01,0.574766747907928,3,10,DTLZ2,0,ok,DTLZ2_n10_m3
0.48185536724686917,0.641349493805583,2000,crossover,b4d06c62b1708784,-0.06876280522587658,0.022821760258219054,DTLZ,True,0.4130925620209926,crossover_eta_01,0.5498262000499413,3,10,DTLZ2,1,ok,DTLZ2_n10_m3
0.4722159893673647,0.6285194818479626,2000,crossover,b4d06c62b1708784,0.001319134621521334,-0.005877584449012749,DTLZ,True,0.47353512398888603,crossover_eta_01,0.6302752500292075,3,10,DTLZ2,2,ok,DTLZ2_n10_m3
0.4492929897684284,0.5980089693817784,2000,crossover,b4d06c62b1708784,-0.0004553673228215871,-0.006122934534307109,DTLZ,True,0.4488376224456068,crossover_eta_01,0.5974028754751028,3,10,DTLZ2,3,ok,DTLZ2_n10_m3
0.46490753804969176,0.6187919331441399,2000,crossover,b4d06c62b1708784,-0.039356250595542264,0.009255438413059008,DTLZ,True,0.4255512874541495,crossover_eta_01,0.5664087636014732,3,10,DTLZ2,4,ok,DTLZ2_n10_m3
0.44820079680618724,0.5965552605490354,2000,crossover,b4d06c62b1708784,-0.0106155649804896,0.004899767439260572,DTLZ,True,0.43758523182569764,crossover_eta_01,0.5824259435600038,3,10,DTLZ2,5,ok,DTLZ2_n10_m3
0.4580246380049711,0.6096307931846168,2000,crossover,b4d06c62b1708784,-0.03192393410867744,0.00782463993561186,DTLZ,True,0.4261007038962937,crossover_eta_01,0.567140036885967,3,10,DTLZ2,6,ok,DTLZ2_n10_m3
0.4373824362600819,0.5821560226621691,2000,crossover,b4d06c62b1708784,0.006161460449237488,-0.003840129029463235,DTLZ,True,0.4435438967093194,crossover_eta_01,0.5903569265201043,3,10,DTLZ2,7,ok,DTLZ2_n10_m3
0.45679893765099794,0.6079993860134785,2000,crossover,b4d06c62b1708784,-0.00807287806109025,-0.003578618398054359,DTLZ,True,0.4487260595899077,crossover_eta_01,0.5972543853141673,3,10,DTLZ2,8,ok,DTLZ2_n10_m3
0.4647734233723661,0.6186134265086195,2000,crossover,b4d06c62b1708784,-0.018836050871109622,0.013785567655606734,DTLZ,True,0.4459373725012565,crossover_eta_01,0.5935426427991726,3,10,DTLZ2,9,ok,DTLZ2_n10_m3
0.4388874207871932,0.5841591570677543,2000,crossover,b50b6cdf2eab8380,-0.01965275470587613,0.025540319456332103,DTLZ,True,0.4192346660813171,crossover_eta_02,0.5580013405542332,3,10,DTLZ2,0,ok,DTLZ2_n10_m3
0.48185536724686917,0.641349493805583,2000,crossover,b50b6cdf2eab8380,-0.07980599668202615,0.03165928754756617,DTLZ,True,0.402049370564843,crossover_eta_02,0.5351277122218062,3,10,DTLZ2,1,ok,DTLZ2_n10_m3
0.4722159893673647,0.6285194818479626,2000,crossover,b50b6cdf2eab8380,-0.0016958082529096585,0.0011543597848677895,DTLZ,True,0.47052018111445504,crossover_eta_02,0.6262623610633399,3,10,DTLZ2,2,ok,DTLZ2_n10_m3
0.4492929897684284,0.5980089693817784,2000,crossover,b50b6cdf2eab8380,-0.015961112920196197,0.0010542097096701702,DTLZ,True,0.4333318768482322,crossover_eta_02,0.5767647280849972,3,10,DTLZ2,3,ok,DTLZ2_n10_m3
0.46490753804969176,0.6187919331441399,2000,crossover,b50b6cdf2eab8380,-0.020889521344635953,0.0013334725761749294,DTLZ,True,0.4440180167050558,crossover_eta_02,0.5909879802344294,3,10,DTLZ2,4,ok,DTLZ2_n10_m3
0.44820079680618724,0.5965552605490354,2000,crossover,b50b6cdf2eab8380,0.023493270058709048,-0.005026618582715664,DTLZ,True,0.4716940668648963,crossover_eta_02,0.6278248029971771,3,10,DTLZ2,5,ok,DTLZ2_n10_m3
0.4580246380049711,0.6096307931846168,2000,crossover,b50b6cdf2eab8380,-0.0033600690510532383,0.009240416717379657,DTLZ,True,0.4546645689539179,crossover_eta_02,0.6051585412776649,3,10,DTLZ2,6,ok,DTLZ2_n10_m3
0.4373824362600819,0.5821560226621691,2000,crossover,b50b6cdf2eab8380,-0.026724886933529035,0.01387885295959504,DTLZ,True,0.41065754932655285,crossover_eta_02,0.546585198153642,3,10,DTLZ2,7,ok,DTLZ2_n10_m3
0.45679893765099794,0.6079993860134785,2000,crossover,b50b6cdf2eab8380,-0.004587502922696607,0.0002745968603506954,DTLZ,True,0.45221143472830133,crossover_eta_02,0.6018934196233693,3,10,DTLZ2,8,ok,DTLZ2_n10_m3
0.4647734233723661,0.6186134265086195,2000,crossover,b50b6cdf2eab8380,-0.03152363671793568,0.010244227002775358,DTLZ,True,0.4332497866544304,crossover_eta_02,0.5766554660370471,3,10,DTLZ2,9,ok,DTLZ2_n10_m3
0.4388874207871932,0.5841591570677543,2000,crossover,f97eddde79cf9980,-0.011122727281649036,0.016928171643787793,DTLZ,True,0.4277646935055442,crossover_eta_03,0.5693548070558795,3,10,DTLZ2,0,ok,DTLZ2_n10_m3
0.48185536724686917,0.641349493805583,2000,crossover,f97eddde79cf9980,-0.05076711094357361,0.008822358590811694,DTLZ,True,0.43108825630329556,crossover_eta_03,0.5737784691396866,3,10,DTLZ2,1,ok,DTLZ2_n10_m3
0.4722159893673647,0.6285194818479626,2000,crossover,f97eddde79cf9980,-0.014613813700149303,0.0031501619516629,DTLZ,True,0.4576021756672154,crossover_eta_03,0.6090684958130639,3,10,DTLZ2,2,ok,DTLZ2_n10_m3
0.4492929897684284,0.5980089693817784,2000,crossover,f97eddde79cf9980,-0.004829966743750191,-0.0016927561804887942,DTLZ,True,0.4444630230246782,crossover_eta_03,0.5915802836458469,3,10,DTLZ2,3,ok,DTLZ2_n10_m3
0.46490753804969176,0.6187919331441399,2000,crossover,f97eddde79cf9980,0.0064845066081232194,0.0025393004694187205,DTLZ,True,0.471392044657815,crossover_eta_03,0.6274228114395519,3,10,DTLZ2,4,ok,DTLZ2_n10_m3
0.44820079680618724,0.5965552605490354,2000,crossover,f97eddde79cf9980,0.013392330520778206,0.004348510067524472,DTLZ,True,0.46159312732696545,crossover_eta_03,0.6143804524721912,3,10,DTLZ2,5,ok,DTLZ2_n10_m3
0.4580246380049711,0.6096307931846168,2000,crossover,f97eddde79cf9980,-0.011228012868055581,0.0025008800733540143,DTLZ,True,0.44679662513691554,crossover_eta_03,0.5946863080572348,3,10,DTLZ2,6,ok,DTLZ2_n10_m3
0.4373824362600819,0.5821560226621691,2000,crossover,f97eddde79cf9980,0.02995504826599349,-0.004354125462683753,DTLZ,True,0.4673374845260754,crossover_eta_03,0.6220261919042065,3,10,DTLZ2,7,ok,DTLZ2_n10_m3
0.45679893765099794,0.6079993860134785,2000,crossover,f97eddde79cf9980,0.008310156662390988,-0.005359693362886914,DTLZ,True,0.4651090943133889,crossover_eta_03,0.6190602045311209,3,10,DTLZ2,8,ok,DTLZ2_n10_m3
0.4647734233723661,0.6186134265086195,2000,crossover,f97eddde79cf9980,-0.015178715688008215,0.0031699267532058206,DTLZ,True,0.4495947076843579,crossover_eta_03,0.5984105559278805,3,10,DTLZ2,9,ok,DTLZ2_n10_m3
0.4388874207871932,0.5841591570677543,2000,crossover,1427caec608b1b79,-0.004822339093780326,0.015416036842573935,DTLZ,True,0.4340650816934129,crossover_eta_04,0.5777406237339328,3,10,DTLZ2,0,ok,DTLZ2_n10_m3
0.48185536724686917,0.641349493805583,2000,crossover,1427caec608b1b79,-0.00327404377535917,0.011810267325556206,DTLZ,True,0.47858132347151,crossover_eta_04,0.63699174154058,3,10,DTLZ2,1,ok,DTLZ2_n10_m3
0.4722159893673647,0.6285194818479626,2000,crossover,1427caec608b1b79,-0.014830518369606749,0.005077066032529373,DTLZ,True,0.45738547099775795,crossover_eta_04,0.608780061898016,3,10,DTLZ2,2,ok,DTLZ2_n10_m3
0.4492929897684284,0.5980089693817784,2000,crossover,1427caec608b1b79,0.039864080187682505,-0.0020396285846351753,DTLZ,True,0.4891570699561109,crossover_eta_04,0.6510680601115838,3,10,DTLZ2,3,ok,DTLZ2_n10_m3
0.46490753804969176,0.6187919331441399,2000,crossover,1427caec608b1b79,-0.013712132314279868,0.00759993609171955,DTLZ,True,0.4511954057354119,crossover_eta_04,0.6005410850338334,3,10,DTLZ2,4,ok,DTLZ2_n10_m3
0.44820079680618724,0.5965552605490354,2000,crossover,1427caec608b1b79,0.032029899733559186,-0.00903532811617462,DTLZ,True,0.4802306965397464,crossover_eta_04,0.6391870570944027,3,10,DTLZ2,5,ok,DTLZ2_n10_m3
0.4580246380049711,0.6096307931846168,2000,crossover,1427caec608b1b79,-0.011787482622602263,0.011043810119057695,DTLZ,True,0.44623715538236886,crossover_eta_04,0.5939416538139332,3,10,DTLZ2,6,ok,DTLZ2_n10_m3
0.4373824362600819,0.5821560226621691,2000,crossover,1427caec608b1b79,0.04561411104713081,-0.007419024920476303,DTLZ,True,0.4829965473072127,crossover_eta_04,0.6428684044659003,3,10,DTLZ2,7,ok,DTLZ2_n10_m3
0.45679893765099794,0.6079993860134785,2000,crossover,1427caec608b1b79,0.029056318341991738,-0.004571925025709397,DTLZ,True,0.4858552559929897,crossover_eta_04,0.6466733457266695,3,10,DTLZ2,8,ok,DTLZ2_n10_m3
0.4647734233723661,0.6186134265086195,2000,crossover,1427caec608b1b79,0.016374821216994517,-0.010926186379594194,DTLZ,True,0.4811482445893606,crossover_eta_04,0.6404083135484392,3,10,DTLZ2,9,ok,DTLZ2_n10_m3
0.4388874207871932,0.5841591570677543,2000,selection,66d4fdffd4f4b50f,0.01712936730581499,0.0044611835571374825,DTLZ,True,0.4560167880930082,selection_tournament_01,0.6069583449517941,3,10,DTLZ2,0,ok,DTLZ2_n10_m3
0.48185536724686917,0.641349493805583,2000,selection,66d4fdffd4f4b50f,-0.0061077374160140585,-0.004200803620752175,DTLZ,True,0.4757476298308551,selection_tournament_01,0.6332200953048683,3,10,DTLZ2,1,ok,DTLZ2_n10_m3
0.4722159893673647,0.6285194818479626,2000,selection,66d4fdffd4f4b50f,-0.04622948645342512,0.01045823769348532,DTLZ,True,0.4259865029139396,selection_tournament_01,0.5669880353784538,3,10,DTLZ2,2,ok,DTLZ2_n10_m3
0.4492929897684284,0.5980089693817784,2000,selection,66d4fdffd4f4b50f,0.006630130958664604,-0.009227669486495782,DTLZ,True,0.455923120727093,selection_tournament_01,0.606833673687761,3,10,DTLZ2,3,ok,DTLZ2_n10_m3
0.46490753804969176,0.6187919331441399,2000,selection,66d4fdffd4f4b50f,-0.022159382192844912,0.013984931395249978,DTLZ,True,0.44274815585684685,selection_tournament_01,0.5892977954454633,3,10,DTLZ2,4,ok,DTLZ2_n10_m3
0.44820079680618724,0.5965552605490354,2000,selection,66d4fdffd4f4b50f,-0.024912327231728204,0.010210029410379018,DTLZ,True,0.42328846957445904,selection_tournament_01,0.5633969530036051,3,10,DTLZ2,5,ok,DTLZ2_n10_m3
0.4580246380049711,0.6096307931846168,2000,selection,66d4fdffd4f4b50f,-0.00288825942550075,0.005582743218973632,DTLZ,True,0.45513637857947037,selection_tournament_01,0.6057865198892752,3,10,DTLZ2,6,ok,DTLZ2_n10_m3
0.4373824362600819,0.5821560226621691,2000,selection,66d4fdffd4f4b50f,0.03384712248921923,0.00566500175490553,DTLZ,True,0.4712295587493011,selection_tournament_01,0.62720654269532,3,10,DTLZ2,7,ok,DTLZ2_n10_m3
0.45679893765099794,0.6079993860134785,2000,selection,66d4fdffd4f4b50f,-0.023345137060069354,0.010720306277181901,DTLZ,True,0.4334538005909286,selection_tournament_01,0.5769270085865261,3,10,DTLZ2,8,ok,DTLZ2_n10_m3
0.4647734233723661,0.6186134265086195,2000,selection,66d4fdffd4f4b50f,-0.018920605419004477,0.008862699449676298,DTLZ,True,0.4458528179533616,selection_tournament_01,0.5934301006959245,3,10,DTLZ2,9,ok,DTLZ2_n10_m3
0.4388874207871932,0.5841591570677543,2000,selection,472372b9892f51c1,-0.019469428462995875,0.026048215054110133,DTLZ,True,0.41941799232419735,selection_tournament_02,0.5582453477835069,3,10,DTLZ2,0,ok,DTLZ2_n10_m3
0.48185536724686917,0.641349493805583,2000,selection,472372b9892f51c1,-0.02164526894195845,0.019120815664029844,DTLZ,True,0.4602100983049107,selection_tournament_02,0.6125396408438364,3,10,DTLZ2,1,ok,DTLZ2_n10_m3
0.4722159893673647,0.6285194818479626,2000,selection,472372b9892f51c1,-0.0018591703460769105,0.0039461165404570675,DTLZ,True,0.4703568190212878,selection_tournament_02,0.6260449261173342,3,10,DTLZ2,2,ok,DTLZ2_n10_m3
0.4492929897684284,0.5980089693817784,2000,selection,472372b9892f51c1,0.016295817283761393,0.0017360478665123802,DTLZ,True,0.4655888070521898,selection_tournament_02,0.6196987021864648,3,10,DTLZ2,3,ok,DTLZ2_n10_m3
0.46490753804969176,0.6187919331441399,2000,selection,472372b9892f51c1,-0.06451512666576242,0.029110641408977497,DTLZ,True,0.40039241138392934,selection_tournament_02,0.5329222995520101,3,10,DTLZ2,4,ok,DTLZ2_n10_m3
0.44820079680618724,0.5965552605490354,2000,selection,472372b9892f51c1,0.01731790526290422,-0.0010490463226284497,DTLZ,True,0.46551870206909146,selection_tournament_02,0.619605392453961,3,10,DTLZ2,5,ok,DTLZ2_n10_m3
0.4580246380049711,0.6096307931846168,2000,selection,472372b9892f51c1,-0.01459119022199279,0.006865347286655346,DTLZ,True,0.44343344778297833,selection_tournament_02,0.5902099189991443,3,10,DTLZ2,6,ok,DTLZ2_n10_m3
0.4373824362600819,0.5821560226621691,2000,selection,472372b9892f51c1,0.027189481327071663,0.005243120260226872,DTLZ,True,0.46457191758715355,selection_tournament_02,0.6183452223085015,3,10,DTLZ2,7,ok,DTLZ2_n10_m3
0.45679893765099794,0.6079993860134785,2000,selection,472372b9892f51c1,-0.03458408923658102,0.007416855130049832,DTLZ,True,0.4222148484144169,selection_tournament_02,0.5619679632395891,3,10,DTLZ2,8,ok,DTLZ2_n10_m3
0.4647734233723661,0.6186134265086195,2000,selection,472372b9892f51c1,-0.035664464701858356,0.020648008500436243,DTLZ,True,0.42910895867050775,selection_tournament_02,0.571144023990446,3,10,DTLZ2,9,ok,DTLZ2_n10_m3
0.4388874207871932,0.5841591570677543,2000,selection,f3d34417ab22bfdf,0.025299624129629772,0.010152145837435081,DTLZ,True,0.464187044916823,selection_tournament_03,0.6178329567842916,3,10,DTLZ2,0,ok,DTLZ2_n10_m3
0.48185536724686917,0.641349493805583,2000,selection,f3d34417ab22bfdf,-0.022862124944239393,0.014119875616404862,DTLZ,True,0.4589932423026298,selection_tournament_03,0.6109200055048004,3,10,DTLZ2,1,ok,DTLZ2_n10_m3
0.4722159893673647,0.6285194818479626,2000,selection,f3d34417ab22bfdf,-0.019874539485831955,0.01197182301711798,DTLZ,True,0.45234144988153274,selection_tournament_03,0.6020664697923203,3,10,DTLZ2,2,ok,DTLZ2_n10_m3
0.4492929897684284,0.5980089693817784,2000,selection,f3d34417ab22bfdf,-0.007822095910046234,0.006325815707089941,DTLZ,True,0.4414708938583822,selection_tournament_03,0.5875977597255069,3,10,DTLZ2,3,ok,DTLZ2_n10_m3
0.46490753804969176,0.6187919331441399,2000,selection,f3d34417ab22bfdf,-0.02512640107020425,0.01693254429288399,DTLZ,True,0.4397811369794875,selection_tournament_03,0.5853486933196981,3,10,DTLZ2,4,ok,DTLZ2_n10_m3
0.44820079680618724,0.5965552605490354,2000,selection,f3d34417ab22bfdf,0.030373124127583195,-0.002041308553751897,DTLZ,True,0.47857392093377044,selection_tournament_03,0.6369818887628487,3,10,DTLZ2,5,ok,DTLZ2_n10_m3
0.4580246380049711,0.6096307931846168,2000,selection,f3d34417ab22bfdf,-0.04800918856603442,0.026349141559166026,DTLZ,True,0.4100154494389367,selection_tournament_03,0.5457305632032249,3,10,DTLZ2,6,ok,DTLZ2_n10_m3
0.4373824362600819,0.5821560226621691,2000,selection,f3d34417ab22bfdf,-0.01890172860375744,0.020882764255265113,DTLZ,True,0.41848070765632445,selection_tournament_03,0.556997821890568,3,10,DTLZ2,7,ok,DTLZ2_n10_m3
0.45679893765099794,0.6079993860134785,2000,selection,f3d34417ab22bfdf,-0.009115878437228553,0.002922073905438874,DTLZ,True,0.4476830592137694,selection_tournament_03,0.5958661518135272,3,10,DTLZ2,8,ok,DTLZ2_n10_m3
0.4647734233723661,0.6186134265086195,2000,selection,f3d34417ab22bfdf,-0.015069645776649099,0.003863400024776864,DTLZ,True,0.449703777595717,selection_tournament_03,0.5985557279798995,3,10,DTLZ2,9,ok,DTLZ2_n10_m3
0.3310674786026758,0.4005916491092378,2000,mutation,9a9c0bc2b7248ff3,0.0007862449127302162,0.0010244076682820683,DTLZ,True,0.33185372351540604,mutation_prob_01,0.40154300545364136,2,12,DTLZ2,0,ok,DTLZ2_n12_m2
0.33599205244094504,0.40655038345354355,2000,mutation,9a9c0bc2b7248ff3,-0.00019216410359423897,8.316458077613394e-05,DTLZ,True,0.3357998883373508,mutation_prob_01,0.40631786488819455,2,12,DTLZ2,1,ok,DTLZ2_n12_m2
0.3338663571702407,0.40397829217599135,2000,mutation,9a9c0bc2b7248ff3,-0.00018653176459532128,0.00472077380875823,DTLZ,True,0.3336798254056454,mutation_prob_01,0.403752588740831,2,12,DTLZ2,2,ok,DTLZ2_n12_m2
0.33632094636405757,0.40694834510050976,2000,mutation,9a9c0bc2b7248ff3,-0.0040324996712910455,0.003601213758393746,DTLZ,True,0.3322884466927665,mutation_prob_01,0.40206902049824755,2,12,DTLZ2,3,ok,DTLZ2_n12_m2
0.337279593219494,0.4081083077955878,2000,mutation,9a9c0bc2b7248ff3,-0.012031783706839716,0.009659680158703532,DTLZ,True,0.3252478095126543,mutation_prob_01,0.3935498495103118,2,12,DTLZ2,4,ok,DTLZ2_n12_m2
0.3371469482962848,0.4079478074385047,2000,mutation,9a9c0bc2b7248ff3,-0.0017895349750517986,0.00244823140620584,DTLZ,True,0.335357413321233,mutation_prob_01,0.40578247011869195,2,12,DTLZ2,5,ok,DTLZ2_n12_m2
0.3313475244741662,0.4009305046137412,2000,mutation,9a9c0bc2b7248ff3,0.00015933425283309877,-0.0044659725794930875,DTLZ,True,0.3315068587269993,mutation_prob_01,0.40112329905966926,2,12,DTLZ2,6,ok,DTLZ2_n12_m2
0.33112057615270074,0.40065589714476796,2000,mutation,9a9c0bc2b7248ff3,0.0027830638266730934,-0.0037169804271872265,DTLZ,True,0.33390363997937383,mutation_prob_01,0.4040234043750424,2,12,DTLZ2,7,ok,DTLZ2_n12_m2
0.33142070868635065,0.40101905751048433,2000,mutation,9a9c0bc2b7248ff3,-0.0027909790903512532,0.002699774953766774,DTLZ,True,0.3286297295959994,mutation_prob_01,0.3976419728111593,2,12,DTLZ2,8,ok,DTLZ2_n12_m2
0.33537045796489834,0.40579825413752707,2000,mutation,9a9c0bc2b7248ff3,-0.009246108239194695,0.004530539082857376,DTLZ,True,0.32612434972570364,mutation_prob_01,0.39461046316810144,2,12,DTLZ2,9,ok,DTLZ2_n12_m2
0.3310674786026758,0.4005916491092378,2000,mutation,43f383d01c437ca4,-0.001275974863199747,0.0013805001339624017,DTLZ,True,0.3297915037394761,mutation_prob_02,0.3990477195247661,2,12,DTLZ2,0,ok,DTLZ2_n12_m2
0.33599205244094504,0.40655038345354355,2000,mutation,43f383d01c437ca4,0.00028801581909493335,-0.0012799636822524458,DTLZ,True,0.33628006826004,mutation_prob_02,0.40689888259464846,2,12,DTLZ2,1,ok,DTLZ2_n12_m2
0.3338663571702407,0.40397829217599135,2000,mutation,43f383d01c437ca4,-0.00044349198591048244,0.0022903800937723925,DTLZ,True,0.33342286518433023,mutation_prob_02,0.4034416668730397,2,12,DTLZ2,2,ok,DTLZ2_n12_m2
0.33632094636405757,0.40694834510050976,2000,mutation,43f383d01c437ca4,-0.004595665702301355,0.00014892502350624844,DTLZ,True,0.3317252806617562,mutation_prob_02,0.40138758960072507,2,12,DTLZ2,3,ok,DTLZ2_n12_m2
0.337279593219494,0.4081083077955878,2000,mutation,43f383d01c437ca4,-0.0029294041823677563,0.0013876624127673789,DTLZ,True,0.33435018903712627,mutation_prob_02,0.40456372873492286,2,12,DTLZ2,4,ok,DTLZ2_n12_m2
0.3371469482962848,0.4079478074385047,2000,mutation,43f383d01c437ca4,-0.0016874221364355235,0.0009724149495388742,DTLZ,True,0.33545952615984925,mutation_prob_02,0.4059060266534177,2,12,DTLZ2,5,ok,DTLZ2_n12_m2
0.3313475244741662,0.4009305046137412,2000,mutation,43f383d01c437ca4,-0.002135867584550477,-0.0025193545620983797,DTLZ,True,0.32921165688961573,mutation_prob_02,0.39834610483643507,2,12,DTLZ2,6,ok,DTLZ2_n12_m2
0.33112057615270074,0.40065589714476796,2000,mutation,43f383d01c437ca4,0.002949930118557653,-0.004331944567372591,DTLZ,True,0.3340705062712584,mutation_prob_02,0.40422531258822275,2,12,DTLZ2,7,ok,DTLZ2_n12_m2
0.33142070868635065,0.40101905751048433,2000,mutation,43f383d01c437ca4,-0.0012877279578355494,0.0010318673594712866,DTLZ,True,0.3301329807285151,mutation_prob_02,0.39946090668150336,2,12,DTLZ2,8,ok,DTLZ2_n12_m2
0.33537045796489834,0.40579825413752707,2000,mutation,43f383d01c437ca4,-0.0039440243851578405,0.0035131445726989726,DTLZ,True,0.3314264335797405,mutation_prob_02,0.4010259846314861,2,12,DTLZ2,9,ok,DTLZ2_n12_m2
0.3310674786026758,0.4005916491092378,2000,mutation,2aea2dc50a7af05f,0.0007253187563163732,-0.0014354824687764101,DTLZ,True,0.3317927973589922,mutation_prob_03,0.4014692848043806,2,12,DTLZ2,0,ok,DTLZ2_n12_m2
0.33599205244094504,0.40655038345354355,2000,mutation,2aea2dc50a7af05f,-0.003516771766531257,0.0032395417192307326,DTLZ,True,0.3324752806744138,mutation_prob_03,0.40229508961604077,2,12,DTLZ2,1,ok,DTLZ2_n12_m2
0.3338663571702407,0.40397829217599135,2000,mutation,2aea2dc50a7af05f,-0.0028571017657108566,0.0014388813492770842,DTLZ,True,0.33100925540452986,mutation_prob_03,0.4005211990394812,2,12,DTLZ2,2,ok,DTLZ2_n12_m2
0.33632094636405757,0.40694834510050976,2000,mutation,2aea2dc50a7af05f,-0.007208311800755818,0.0024351115265471707,DTLZ,True,0.32911263456330175,mutation_prob_03,0.3982262878215952,2,12,DTLZ2,3,ok,DTLZ2_n12_m2
0.337279593219494,0.4081083077955878,2000,mutation,2aea2dc50a7af05f,-0.0042215511232756575,0.005607117741994327,DTLZ,True,0.33305804209621837,mutation_prob_03,0.4030002309364243,2,12,DTLZ2,4,ok,DTLZ2_n12_m2
0.3371469482962848,0.4079478074385047,2000,mutation,2aea2dc50a7af05f,-0.002281272316414673,0.005395307829410887,DTLZ,True,0.3348656759798701,mutation_prob_03,0.40518746793564286,2,12,DTLZ2,5,ok,DTLZ2_n12_m2
0.3313475244741662,0.4009305046137412,2000,mutation,2aea2dc50a7af05f,-0.00017515033286225057,-0.0008503841276573873,DTLZ,True,0.33117237414130396,mutation_prob_03,0.4007185727109779,2,12,DTLZ2,6,ok,DTLZ2_n12_m2
0.33112057615270074,0.40065589714476796,2000,mutation,2aea2dc50a7af05f,-0.0012258834121593454,0.003187188452136284,DTLZ,True,0.3298946927405414,mutation_prob_03,0.3991725782160551,2,12,DTLZ2,7,ok,DTLZ2_n12_m2
0.33142070868635065,0.40101905751048433,2000,mutation,2aea2dc50a7af05f,-0.005104488735201029,0.002079688876551017,DTLZ,True,0.3263162199511496,mutation_prob_03,0.3948426261408911,2,12,DTLZ2,8,ok,DTLZ2_n12_m2
0.33537045796489834,0.40579825413752707,2000,mutation,2aea2dc50a7af05f,-0.0028867612422343036,0.0037718918094719212,DTLZ,True,0.33248369672266403,mutation_prob_03,0.40230527303442354,2,12,DTLZ2,9,ok,DTLZ2_n12_m2
0.3310674786026758,0.4005916491092378,2000,mutation,967bbc645e34c019,-0.0006037802724916941,0.0065020129149439086,DTLZ,True,0.33046369833018413,mutation_prob_04,0.3998610749795229,2,12,DTLZ2,0,ok,DTLZ2_n12_m2
0.33599205244094504,0.40655038345354355,2000,mutation,967bbc645e34c019,-0.004738480189633021,0.0032720078094023233,DTLZ,True,0.331253572251312,mutation_prob_04,0.4008168224240876,2,12,DTLZ2,1,ok,DTLZ2_n12_m2
0.3338663571702407,0.40397829217599135,2000,mutation,967bbc645e34c019,-0.008603598196514461,0.005743934370490774,DTLZ,True,0.32526275897372625,mutation_prob_04,0.39356793835820886,2,12,DTLZ2,2,ok,DTLZ2_n12_m2
0.33632094636405757,0.40694834510050976,2000,mutation,967bbc645e34c019,-0.01159909459389974,0.008319366996701324,DTLZ,True,0.32472185177015783,mutation_prob_04,0.39291344064189104,2,12,DTLZ2,3,ok,DTLZ2_n12_m2
0.337279593219494,0.4081083077955878,2000,mutation,967bbc645e34c019,-0.00647015027189346,0.0057343144089705995,DTLZ,True,0.33080944294760056,mutation_prob_04,0.4002794259665967,2,12,DTLZ2,4,ok,DTLZ2_n12_m2
0.3371469482962848,0.4079478074385047,2000,mutation,967bbc645e34c019,-0.005950214440861412,0.004952573903388357,DTLZ,True,0.33119673385542336,mutation_prob_04,0.4007480479650623,2,12,DTLZ2,5,ok,DTLZ2_n12_m2
0.3313475244741662,0.4009305046137412,2000,mutation,967bbc645e34c019,0.000694888989250686,-0.002554724489288906,DTLZ,True,0.3320424134634169,mutation_prob_04,0.4017713202907345,2,12,DTLZ2,6,ok,DTLZ2_n12_m2
0.33112057615270074,0.40065589714476796,2000,mutation,967bbc645e34c019,-0.006561373103783186,0.0020706451587898522,DTLZ,True,0.32455920304891756,mutation_prob_04,0.3927166356891903,2,12,DTLZ2,7,ok,DTLZ2_n12_m2
0.33142070868635065,0.40101905751048433,2000,mutation,967bbc645e34c019,-0.0032357585724440696,0.0014867996672310434,DTLZ,True,0.3281849501139066,mutation_prob_04,0.397103789637827,2,12,DTLZ2,8,ok,DTLZ2_n12_m2
0.33537045796489834,0.40579825413752707,2000,mutation,967bbc645e34c019,-0.005879943916656416,0.0035066386537337107,DTLZ,True,0.3294905140482419,mutation_prob_04,0.39868352199837276,2,12,DTLZ2,9,ok,DTLZ2_n12_m2
0.3310674786026758,0.4005916491092378,2000,mutation,d1179ca81af00587,-0.00718644681469871,0.005808618802597096,DTLZ,True,0.3238810317879771,mutation_prob_05,0.3918960484634524,2,12,DTLZ2,0,ok,DTLZ2_n12_m2
0.33599205244094504,0.40655038345354355,2000,mutation,d1179ca81af00587,-0.014474212383328411,0.006789671163979775,DTLZ,True,0.32151784005761663,mutation_prob_05,0.3890365864697162,2,12,DTLZ2,1,ok,DTLZ2_n12_m2
0.3338663571702407,0.40397829217599135,2000,mutation,d1179ca81af00587,-0.01556579865308022,0.012975277115896489,DTLZ,True,0.3183005585171605,mutation_prob_05,0.38514367580576425,2,12,DTLZ2,2,ok,DTLZ2_n12_m2
0.33632094636405757,0.40694834510050976,2000,mutation,d1179ca81af00587,-0.01171877384312997,0.006574998591042394,DTLZ,True,0.3246021725209276,mutation_prob_05,0.3927686287503225,2,12,DTLZ2,3,ok,DTLZ2_n12_m2
0.337279593219494,0.4081083077955878,2000,mutation,d1179ca81af00587,-0.012642626274481816,0.011542745026869196,DTLZ,True,0.3246369669450122,mutation_prob_05,0.39281073000346484,2,12,DTLZ2,4,ok,DTLZ2_n12_m2
0.3371469482962848,0.4079478074385047,2000,mutation,d1179ca81af00587,-0.01359400190413873,0.008944266307247086,DTLZ,True,0.32355294639214605,mutation_prob_05,0.3914990651344968,2,12,DTLZ2,5,ok,DTLZ2_n12_m2
0.3313475244741662,0.4009305046137412,2000,mutation,d1179ca81af00587,-0.004570509919762322,0.0034427454627509665,DTLZ,True,0.3267770145544039,mutation_prob_05,0.39540018761082873,2,12,DTLZ2,6,ok,DTLZ2_n12_m2
0.33112057615270074,0.40065589714476796,2000,mutation,d1179ca81af00587,-0.008165719053443043,0.0032528712104215977,DTLZ,True,0.3229548570992577,mutation_prob_05,0.39077537709010185,2,12,DTLZ2,7,ok,DTLZ2_n12_m2
0.33142070868635065,0.40101905751048433,2000,mutation,d1179ca81af00587,-0.004703496099550231,0.0038868965751895548,DTLZ,True,0.3267172125868004,mutation_prob_05,0.3953278272300286,2,12,DTLZ2,8,ok,DTLZ2_n12_m2
0.33537045796489834,0.40579825413752707,2000,mutation,d1179ca81af00587,-0.012323126158429454,0.007596721094868164,DTLZ,True,0.3230473318064689,mutation_prob_05,0.3908872714858274,2,12,DTLZ2,9,ok,DTLZ2_n12_m2
0.3310674786026758,0.4005916491092378,2000,mutation,5a3ab894e2aa767c,-0.014239553955914253,0.01146875590407991,DTLZ,True,0.31682792464676157,mutation_eta_01,0.38336178882258154,2,12,DTLZ2,0,ok,DTLZ2_n12_m2
0.33599205244094504,0.40655038345354355,2000,mutation,5a3ab894e2aa767c,-0.004810822645031132,0.006442862140889068,DTLZ,True,0.3311812297959139,mutation_eta_01,0.4007292880530559,2,12,DTLZ2,1,ok,DTLZ2_n12_m2
0.3338663571702407,0.40397829217599135,2000,mutation,5a3ab894e2aa767c,-0.018331516123146818,0.01793269659533505,DTLZ,True,0.3155348410470939,mutation_eta_01,0.3817971576669837,2,12,DTLZ2,2,ok,DTLZ2_n12_m2
0.33632094636405757,0.40694834510050976,2000,mutation,5a3ab894e2aa767c,-0.017961061917675714,0.012543591918693382,DTLZ,True,0.31835988444638186,mutation_eta_01,0.3852154601801221,2,12,DTLZ2,3,ok,DTLZ2_n12_m2
0.337279593219494,0.4081083077955878,2000,mutation,5a3ab894e2aa767c,-0.022348126444977356,0.01581950556067608,DTLZ,True,0.31493146677451667,mutation_eta_01,0.38106707479716523,2,12,DTLZ2,4,ok,DTLZ2_n12_m2
0.3371469482962848,0.4079478074385047,2000,mutation,5a3ab894e2aa767c,-0.014899625714711096,0.008275167515677568,DTLZ,True,0.3222473225815737,mutation_eta_01,0.3899192603237042,2,12,DTLZ2,5,ok,DTLZ2_n12_m2
0.3313475244741662,0.4009305046137412,2000,mutation,5a3ab894e2aa767c,-0.014416801970434712,0.007434903433655809,DTLZ,True,0.3169307225037315,mutation_eta_01,0.3834861742295152,2,12,DTLZ2,6,ok,DTLZ2_n12_m2
0.33112057615270074,0.40065589714476796,2000,mutation,5a3ab894e2aa767c,-0.0034903446588697706,0.007831547258807331,DTLZ,True,0.32763023149383097,mutation_eta_01,0.3964325801075355,2,12,DTLZ2,7,ok,DTLZ2_n12_m2
0.33142070868635065,0.40101905751048433,2000,mutation,5a3ab894e2aa767c,-0.007972655379805238,0.006810851928014934,DTLZ,True,0.3234480533065454,mutation_eta_01,0.39137214450092,2,12,DTLZ2,8,ok,DTLZ2_n12_m2
0.33537045796489834,0.40579825413752707,2000,mutation,5a3ab894e2aa767c,-0.021718196488062835,0.01574931751331579,DTLZ,True,0.3136522614768355,mutation_eta_01,0.379519236386971,2,12,DTLZ2,9,ok,DTLZ2_n12_m2
0.3310674786026758,0.4005916491092378,2000,mutation,e618de8c4837294f,-0.008311919006496749,0.004447347620666278,DTLZ,True,0.3227555595961791,mutation_eta_02,0.39053422711137675,2,12,DTLZ2,0,ok,DTLZ2_n12_m2
0.33599205244094504,0.40655038345354355,2000,mutation,e618de8c4837294f,-0.005618333800708697,0.007625256599738062,DTLZ,True,0.33037371864023635,mutation_eta_02,0.39975219955468605,2,12,DTLZ2,1,ok,DTLZ2_n12_m2
0.3338663571702407,0.40397829217599135,2000,mutation,e618de8c4837294f,-0.009860701324990562,0.014930291658430574,DTLZ,True,0.32400565584525015,mutation_eta_02,0.3920468435727527,2,12,DTLZ2,2,ok,DTLZ2_n12_m2
0.33632094636405757,0.40694834510050976,2000,mutation,e618de8c4837294f,-0.007672233357141345,0.007943266300110968,DTLZ,True,0.3286487130069162,mutation_eta_02,0.39766494273836867,2,12,DTLZ2,3,ok,DTLZ2_n12_m2
0.337279593219494,0.4081083077955878,2000,mutation,e618de8c4837294f,-0.009494508881337071,0.0073641646359602995,DTLZ,True,0.32778508433815695,mutation_eta_02,0.39661995204917,2,12,DTLZ2,4,ok,DTLZ2_n12_m2
0.3371469482962848,0.4079478074385047,2000,mutation,e618de8c4837294f,-0.0035538508220968046,0.004982473213037441,DTLZ,True,0.33359309747418797,mutation_eta_02,0.4036476479437675,2,12,DTLZ2,5,ok,DTLZ2_n12_m2
0.3313475244741662,0.4009305046137412,2000,mutation,e618de8c4837294f,-0.007031652124579457,0.0009209087683341582,DTLZ,True,0.32431587234958675,mutation_eta_02,0.392422205543,2,12,DTLZ2,6,ok,DTLZ2_n12_m2
0.33112057615270074,0.40065589714476796,2000,mutation,e618de8c4837294f,-0.0041739406801274415,-0.001214166787489531,DTLZ,True,0.3269466354725733,mutation_eta_02,0.3956054289218138,2,12,DTLZ2,7,ok,DTLZ2_n12_m2
0.33142070868635065,0.40101905751048433,2000,mutation,e618de8c4837294f,-0.0010932837762183678,0.0007869255334080026,DTLZ,True,0.3303274249101323,mutation_eta_02,0.3996961841412601,2,12,DTLZ2,8,ok,DTLZ2_n12_m2
0.33537045796489834,0.40579825413752707,2000,mutation,e618de8c4837294f,-0.014018751547020813,0.016538772995337105,DTLZ,True,0.3213517064178775,mutation_eta_02,0.38883556476563186,2,12,DTLZ2,9,ok,DTLZ2_n12_m2
0.3310674786026758,0.4005916491092378,2000,mutation,599c55ff45a50538,0.001469666351849419,-0.0004276373490849743,DTLZ,True,0.33253714495452524,mutation_eta_03,0.4023699453949756,2,12,DTLZ2,0,ok,DTLZ2_n12_m2
0.33599205244094504,0.40655038345354355,2000,mutation,599c55ff45a50538,-0.004755919013435861,0.005696106280443782,DTLZ,True,0.3312361334275092,mutation_eta_03,0.4007957214472862,2,12,DTLZ2,1,ok,DTLZ2_n12_m2
0.3338663571702407,0.40397829217599135,2000,mutation,599c55ff45a50538,-0.002482873148484721,0.004283062291486015,DTLZ,True,0.331383484021756,mutation_eta_03,0.4009740156663248,2,12,DTLZ2,2,ok,DTLZ2_n12_m2
0.33632094636405757,0.40694834510050976,2000,mutation,599c55ff45a50538,-0.009507884617622642,0.003283317709425332,DTLZ,True,0.32681306174643493,mutation_eta_03,0.3954438047131863,2,12,DTLZ2,3,ok,DTLZ2_n12_m2
0.337279593219494,0.4081083077955878,2000,mutation,599c55ff45a50538,-0.0044413786711557934,0.003322174698682486,DTLZ,True,0.33283821454833823,mutation_eta_03,0.4027342396034893,2,12,DTLZ2,4,ok,DTLZ2_n12_m2
0.3371469482962848,0.4079478074385047,2000,mutation,599c55ff45a50538,-0.005092189065460995,0.0030500334156881633,DTLZ,True,0.3320547592308238,mutation_eta_03,0.40178625866929685,2,12,DTLZ2,5,ok,DTLZ2_n12_m2
0.3313475244741662,0.4009305046137412,2000,mutation,599c55ff45a50538,-0.0027816031066179026,0.0007987485592654206,DTLZ,True,0.3285659213675483,mutation_eta_03,0.3975647648547335,2,12,DTLZ2,6,ok,DTLZ2_n12_m2
0.33112057615270074,0.40065589714476796,2000,mutation,599c55ff45a50538,0.0035960856336714198,-0.004656413684049761,DTLZ,True,0.33471666178637216,mutation_eta_03,0.4050071607615104,2,12,DTLZ2,7,ok,DTLZ2_n12_m2
0.33142070868635065,0.40101905751048433,2000,mutation,599c55ff45a50538,-0.0011473563630036154,0.0017260922259965724,DTLZ,True,0.33027335232334704,mutation_eta_03,0.39963075631125,2,12,DTLZ2,8,ok,DTLZ2_n12_m2
0.33537045796489834,0.40579825413752707,2000,mutation,599c55ff45a50538,-0.0060018542742513725,0.003463852087247846,DTLZ,True,0.32936860369064697,mutation_eta_03,0.3985360104656829,2,12,DTLZ2,9,ok,DTLZ2_n12_m2
0.3310674786026758,0.4005916491092378,2000,mutation,29e0088e59f1b0ab,-0.0004241937734641432,0.004922731973055877,DTLZ,True,0.3306432848292117,mutation_eta_04,0.4000783746433462,2,12,DTLZ2,0,ok,DTLZ2_n12_m2
0.33599205244094504,0.40655038345354355,2000,mutation,29e0088e59f1b0ab,0.0012093378493722717,-0.00021814653413430862,DTLZ,True,0.3372013902903173,mutation_eta_04,0.40801368225128404,2,12,DTLZ2,1,ok,DTLZ2_n12_m2
0.3338663571702407,0.40397829217599135,2000,mutation,29e0088e59f1b0ab,-0.017679994650482145,0.01434874288511956,DTLZ,True,0.31618636251975857,mutation_eta_04,0.38258549864890795,2,12,DTLZ2,2,ok,DTLZ2_n12_m2
0.33632094636405757,0.40694834510050976,2000,mutation,29e0088e59f1b0ab,-0.005927771641102086,0.00038231650415340365,DTLZ,True,0.3303931747229555,mutation_eta_04,0.3997757414147762,2,12,DTLZ2,3,ok,DTLZ2_n12_m2
0.337279593219494,0.4081083077955878,2000,mutation,29e0088e59f1b0ab,-0.01573857135443707,0.009416200107512521,DTLZ,True,0.32154102186505695,mutation_eta_04,0.38906463645671896,2,12,DTLZ2,4,ok,DTLZ2_n12_m2
0.3371469482962848,0.4079478074385047,2000,mutation,29e0088e59f1b0ab,0.0004226430569436168,-2.618344790795632e-05,DTLZ,True,0.3375695913532284,mutation_eta_04,0.40845920553740644,2,12,DTLZ2,5,ok,DTLZ2_n12_m2
0.3313475244741662,0.4009305046137412,2000,mutation,29e0088e59f1b0ab,0.000526584956320908,-0.004887271871142509,DTLZ,True,0.3318741094304871,mutation_eta_04,0.4015676724108895,2,12,DTLZ2,6,ok,DTLZ2_n12_m2
0.33112057615270074,0.40065589714476796,2000,mutation,29e0088e59f1b0ab,0.0009432767135503783,-0.0029337482307341747,DTLZ,True,0.3320638528662511,mutation_eta_04,0.4017972619681639,2,12,DTLZ2,7,ok,DTLZ2_n12_m2
0.33142070868635065,0.40101905751048433,2000,mutation,29e0088e59f1b0ab,-0.00034608403345637306,0.002124632345742122,DTLZ,True,0.3310746246528943,mutation_eta_04,0.4006002958300021,2,12,DTLZ2,8,ok,DTLZ2_n12_m2
0.33537045796489834,0.40579825413752707,2000,mutation,29e0088e59f1b0ab,-0.002119287641413059,0.0029247284344308244,DTLZ,True,0.3332511703234853,mutation_eta_04,0.40323391609141723,2,12,DTLZ2,9,ok,DTLZ2_n12_m2
0.3310674786026758,0.4005916491092378,2000,mutation,c068354f13b7c796,-0.01580121030261361,0.037716266099731444,DTLZ,True,0.3152662683000622,mutation_eta_05,0.38147218464307536,2,12,DTLZ2,0,ok,DTLZ2_n12_m2
0.33599205244094504,0.40655038345354355,2000,mutation,c068354f13b7c796,-0.01836971906455448,0.013131435640849135,DTLZ,True,0.31762233337639056,mutation_eta_05,0.3843230233854326,2,12,DTLZ2,1,ok,DTLZ2_n12_m2
0.3338663571702407,0.40397829217599135,2000,mutation,c068354f13b7c796,-0.027605345264856196,0.018726787914121426,DTLZ,True,0.3062610119053845,mutation_eta_05,0.37057582440551534,2,12,DTLZ2,2,ok,DTLZ2_n12_m2
0.33632094636405757,0.40694834510050976,2000,mutation,c068354f13b7c796,-0.0075617158760791225,0.007242655258632026,DTLZ,True,0.32875923048797845,mutation_eta_05,0.397798668890454,2,12,DTLZ2,3,ok,DTLZ2_n12_m2
0.337279593219494,0.4081083077955878,2000,mutation,c068354f13b7c796,-0.020099945261404684,0.014407157294857942,DTLZ,True,0.31717964795808934,mutation_eta_05,0.38378737402928814,2,12,DTLZ2,4,ok,DTLZ2_n12_m2
0.3371469482962848,0.4079478074385047,2000,mutation,c068354f13b7c796,-0.002552802979948865,0.005805499243823968,DTLZ,True,0.3345941453163359,mutation_eta_05,0.4048589158327665,2,12,DTLZ2,5,ok,DTLZ2_n12_m2
0.3313475244741662,0.4009305046137412,2000,mutation,c068354f13b7c796,0.0048077903482154905,-0.0018869079814311587,DTLZ,True,0.3361553148223817,mutation_eta_05,0.40674793093508194,2,12,DTLZ2,6,ok,DTLZ2_n12_m2
0.33112057615270074,0.40065589714476796,2000,mutation,c068354f13b7c796,-0.009260352265767047,0.010795464139095209,DTLZ,True,0.3218602238869337,mutation_eta_05,0.3894508709031898,2,12,DTLZ2,7,ok,DTLZ2_n12_m2
0.33142070868635065,0.40101905751048433,2000,mutation,c068354f13b7c796,-0.0012579817515114833,0.002264077951486086,DTLZ,True,0.33016272693483917,mutation_eta_05,0.3994968995911555,2,12,DTLZ2,8,ok,DTLZ2_n12_m2
0.33537045796489834,0.40579825413752707,2000,mutation,c068354f13b7c796,-0.006685280170661001,0.004345511721137058,DTLZ,True,0.32868517779423734,mutation_eta_05,0.3977090651310272,2,12,DTLZ2,9,ok,DTLZ2_n12_m2
0.3310674786026758,0.4005916491092378,2000,crossover,344f88ebbf3f21c2,-0.01120085403096549,0.013389407704763589,DTLZ,True,0.31986662457171033,crossover_prob_01,0.38703861573176956,2,12,DTLZ2,0,ok,DTLZ2_n12_m2
0.33599205244094504,0.40655038345354355,2000,crossover,344f88ebbf3f21c2,-0.011298485880782028,0.010218622919312307,DTLZ,True,0.324693566560163,crossover_prob_01,0.3928792155377973,2,12,DTLZ2,1,ok,DTLZ2_n12_m2
0.3338663571702407,0.40397829217599135,2000,crossover,344f88ebbf3f21c2,-0.004030368289035802,0.004490614171504674,DTLZ,True,0.3298359888812049,crossover_prob_01,0.399101546546258,2,12,DTLZ2,2,ok,DTLZ2_n12_m2
0.33632094636405757,0.40694834510050976,2000,crossover,344f88ebbf3f21c2,-0.015088583673979528,0.01501737149082779,DTLZ,True,0.32123236269007804,crossover_prob_01,0.3886911588549945,2,12,DTLZ2,3,ok,DTLZ2_n12_m2
0.337279593219494,0.4081083077955878,2000,crossover,344f88ebbf3f21c2,-0.01287327123205445,0.014744123012467867,DTLZ,True,0.32440632198743957,crossover_prob_01,0.39253164960480197,2,12,DTLZ2,4,ok,DTLZ2_n12_m2
0.3371469482962848,0.4079478074385047,2000,crossover,344f88ebbf3f21c2,-0.003716249557908169,0.005453005494030388,DTLZ,True,0.3334306987383766,crossover_prob_01,0.40345114547343575,2,12,DTLZ2,5,ok,DTLZ2_n12_m2
0.3313475244741662,0.4009305046137412,2000,crossover,344f88ebbf3f21c2,-0.008007671737461919,0.0010909783746712483,DTLZ,True,0.3233398527367043,crossover_prob_01,0.39124122181141224,2,12,DTLZ2,6,ok,DTLZ2_n12_m2
0.33112057615270074,0.40065589714476796,2000,crossover,344f88ebbf3f21c2,-0.003579930903498285,0.004767332871249436,DTLZ,True,0.32754064524920246,crossover_prob_01,0.396324180751535,2,12,DTLZ2,7,ok,DTLZ2_n12_m2
0.33142070868635065,0.40101905751048433,2000,crossover,344f88ebbf3f21c2,0.0004529305411400397,0.0024746286567065515,DTLZ,True,0.3318736392274907,crossover_prob_01,0.4015671034652638,2,12,DTLZ2,8,ok,DTLZ2_n12_m2
0.33537045796489834,0.40579825413752707,2000,crossover,344f88ebbf3f21c2,-0.00859777578752463,0.0105027427926315,DTLZ,True,0.3267726821773737,crossover_prob_01,0.3953949454346223,2,12,DTLZ2,9,ok,DTLZ2_n12_m2
0.3310674786026758,0.4005916491092378,2000,crossover,3bfc3c430cd08610,-0.004396273186537181,0.00817731552907069,DTLZ,True,0.32667120541613864,crossover_prob_02,0.3952721585535278,2,12,DTLZ2,0,ok,DTLZ2_n12_m2
0.33599205244094504,0.40655038345354355,2000,crossover,3bfc3c430cd08610,-0.001227834745657852,0.0007592912129714257,DTLZ,True,0.3347642176952872,crossover_prob_02,0.4050647034112976,2,12,DTLZ2,1,ok,DTLZ2_n12_m2
0.3338663571702407,0.40397829217599135,2000,crossover,3bfc3c430cd08610,-0.016634112285246472,0.012006085411660596,DTLZ,True,0.31723224488499424,crossover_prob_02,0.3838510163108431,2,12,DTLZ2,2,ok,DTLZ2_n12_m2
0.33632094636405757,0.40694834510050976,2000,crossover,3bfc3c430cd08610,-0.006929860531032339,0.00354473766487862,DTLZ,True,0.32939108583302523,crossover_prob_02,0.39856321385796056,2,12,DTLZ2,3,ok,DTLZ2_n12_m2
0.337279593219494,0.4081083077955878,2000,crossover,3bfc3c430cd08610,-0.009338713478911742,0.007166921055239929,DTLZ,True,0.3279408797405823,crossover_prob_02,0.39680846448610463,2,12,DTLZ2,4,ok,DTLZ2_n12_m2
0.3371469482962848,0.4079478074385047,2000,crossover,3bfc3c430cd08610,-0.003602350690679823,0.001943817720543882,DTLZ,True,0.33354459760560495,crossover_prob_02,0.4035889631027821,2,12,DTLZ2,5,ok,DTLZ2_n12_m2
0.3313475244741662,0.4009305046137412,2000,crossover,3bfc3c430cd08610,-0.007992748003745831,0.007563126991732554,DTLZ,True,0.3233547764704204,crossover_prob_02,0.3912592795292087,2,12,DTLZ2,6,ok,DTLZ2_n12_m2
0.33112057615270074,0.40065589714476796,2000,crossover,3bfc3c430cd08610,0.001217148975309612,-0.00022548338391020772,DTLZ,True,0.33233772512801035,crossover_prob_02,0.40212864740489257,2,12,DTLZ2,7,ok,DTLZ2_n12_m2
0.33142070868635065,0.40101905751048433,2000,crossover,3bfc3c430cd08610,0.0036265132816474255,0.0003827250797627038,DTLZ,True,0.3350472219679981,crossover_prob_02,0.40540713858127775,2,12,DTLZ2,8,ok,DTLZ2_n12_m2
0.33537045796489834,0.40579825413752707,2000,crossover,3bfc3c430cd08610,-0.007108415469374851,0.004132308624636575,DTLZ,True,0.3282620424955235,crossover_prob_02,0.3971970714195835,2,12,DTLZ2,9,ok,DTLZ2_n12_m2
0.3310674786026758,0.4005916491092378,2000,crossover,aaa35fedcad4b096,0.005411816869723751,-0.0029706013422786705,DTLZ,True,0.3364792954723996,crossover_prob_03,0.40713994752160354,2,12,DTLZ2,0,ok,DTLZ2_n12_m2
0.33599205244094504,0.40655038345354355,2000,crossover,aaa35fedcad4b096,0.002570678107779778,-0.0003619006294123678,DTLZ,True,0.3385627305487248,crossover_prob_03,0.4096609039639571,2,12,DTLZ2,1,ok,DTLZ2_n12_m2
0.3338663571702407,0.40397829217599135,2000,crossover,aaa35fedcad4b096,-0.0003963245584231445,0.0008047094617596538,DTLZ,True,0.33347003261181757,crossover_prob_03,0.40349873946029935,2,12,DTLZ2,2,ok,DTLZ2_n12_m2
0.33632094636405757,0.40694834510050976,2000,crossover,aaa35fedcad4b096,-0.003236353753467369,0.0002604751899656782,DTLZ,True,0.3330845926105902,crossover_prob_03,0.40303235705881424,2,12,DTLZ2,3,ok,DTLZ2_n12_m2
0.337279593219494,0.4081083077955878,2000,crossover,aaa35fedcad4b096,-0.000527540794669823,-0.00026544593201995037,DTLZ,True,0.3367520524248242,crossover_prob_03,0.40746998343403734,2,12,DTLZ2,4,ok,DTLZ2_n12_m2
0.3371469482962848,0.4079478074385047,2000,crossover,aaa35fedcad4b096,-0.0009217901396798012,0.00015303765407479256,DTLZ,True,0.336225158156605,crossover_prob_03,0.4068324413694921,2,12,DTLZ2,5,ok,DTLZ2_n12_m2
0.3313475244741662,0.4009305046137412,2000,crossover,aaa35fedcad4b096,-0.0007876808142954772,-0.0023367281580825884,DTLZ,True,0.33055984365987073,crossover_prob_03,0.3999774108284436,2,12,DTLZ2,6,ok,DTLZ2_n12_m2
0.33112057615270074,0.40065589714476796,2000,crossover,aaa35fedcad4b096,0.006412382605274158,-0.006889525747423856,DTLZ,True,0.3375329587579749,crossover_prob_03,0.4084148800971497,2,12,DTLZ2,7,ok,DTLZ2_n12_m2
0.33142070868635065,0.40101905751048433,2000,crossover,aaa35fedcad4b096,0.0025197222049242463,0.0019909833560228397,DTLZ,True,0.3339404308912749,crossover_prob_03,0.4040679213784427,2,12,DTLZ2,8,ok,DTLZ2_n12_m2
0.33537045796489834,0.40579825413752707,2000,crossover,aaa35fedcad4b096,-4.95591540868312e-05,-0.00026129212856005647,DTLZ,True,0.3353208988108115,crossover_prob_03,0.405738287561082,2,12,DTLZ2,9,ok,DTLZ2_n12_m2
0.3310674786026758,0.4005916491092378,2000,crossover,6dbe9e9221b36f9c,-0.0031772175385963997,0.0030074366607739118,DTLZ,True,0.3278902610640794,crossover_eta_01,0.39674721588753614,2,12,DTLZ2,0,ok,DTLZ2_n12_m2
0.33599205244094504,0.40655038345354355,2000,crossover,6dbe9e9221b36f9c,0.0027703865520346538,-0.0022069025636940395,DTLZ,True,0.3387624389929797,crossover_eta_01,0.4099025511815055,2,12,DTLZ2,1,ok,DTLZ2_n12_m2
0.3338663571702407,0.40397829217599135,2000,crossover,6dbe9e9221b36f9c,-0.0059243346228757265,0.004828661540049883,DTLZ,True,0.327942022547365,crossover_eta_01,0.39680984728231167,2,12,DTLZ2,2,ok,DTLZ2_n12_m2
0.33632094636405757,0.40694834510050976,2000,crossover,6dbe9e9221b36f9c,-0.0016762559339707495,-0.0015269558007701429,DTLZ,True,0.3346446904300868,crossover_eta_01,0.40492007542040515,2,12,DTLZ2,3,ok,DTLZ2_n12_m2
0.337279593219494,0.4081083077955878,2000,crossover,6dbe9e9221b36f9c,-0.007809659303542216,0.007970353975053518,DTLZ,True,0.3294699339159518,crossover_eta_01,0.39865862003830177,2,12,DTLZ2,4,ok,DTLZ2_n12_m2
0.3371469482962848,0.4079478074385047,2000,crossover,6dbe9e9221b36f9c,-0.004903184541549033,0.001719038602029226,DTLZ,True,0.33224376375473574,crossover_eta_01,0.4020149541432303,2,12,DTLZ2,5,ok,DTLZ2_n12_m2
0.3313475244741662,0.4009305046137412,2000,crossover,6dbe9e9221b36f9c,0.0039882302212495,-0.0059949338166238805,DTLZ,True,0.3353357546954157,crossover_eta_01,0.4057562631814531,2,12,DTLZ2,6,ok,DTLZ2_n12_m2
0.33112057615270074,0.40065589714476796,2000,crossover,6dbe9e9221b36f9c,0.005911520075297605,-0.006176159569200042,DTLZ,True,0.33703209622799835,crossover_eta_01,0.40780883643587806,2,12,DTLZ2,7,ok,DTLZ2_n12_m2
0.33142070868635065,0.40101905751048433,2000,crossover,6dbe9e9221b36f9c,0.003214506604932943,-0.0019178874584046372,DTLZ,True,0.3346352152912836,crossover_eta_01,0.4049086105024532,2,12,DTLZ2,8,ok,DTLZ2_n12_m2
0.33537045796489834,0.40579825413752707,2000,crossover,6dbe9e9221b36f9c,-0.00031265317589157515,0.0008379642713520086,DTLZ,True,0.33505780478900676,crossover_eta_01,0.40541994379469826,2,12,DTLZ2,9,ok,DTLZ2_n12_m2
0.3310674786026758,0.4005916491092378,2000,crossover,a853aecc18b94062,-0.003340263105474972,0.0011472140094294769,DTLZ,True,0.32772721549720085,crossover_eta_02,0.3965499307516131,2,12,DTLZ2,0,ok,DTLZ2_n12_m2
0.33599205244094504,0.40655038345354355,2000,crossover,a853aecc18b94062,0.0022844281841177816,-0.0005272015597961172,DTLZ,True,0.3382764806250628,crossover_eta_02,0.4093145415563261,2,12,DTLZ2,1,ok,DTLZ2_n12_m2
0.3338663571702407,0.40397829217599135,2000,crossover,a853aecc18b94062,-0.007881332711504652,0.009103764560979532,DTLZ,True,0.32598502445873606,crossover_eta_02,0.3944418795950707,2,12,DTLZ2,2,ok,DTLZ2_n12_m2
0.33632094636405757,0.40694834510050976,2000,crossover,a853aecc18b94062,-0.0030382489178296113,-0.001126374924765224,DTLZ,True,0.33328269744622796,crossover_eta_02,0.40327206390993586,2,12,DTLZ2,3,ok,DTLZ2_n12_m2
0.337279593219494,0.4081083077955878,2000,crossover,a853aecc18b94062,-0.005439470574990335,0.0030385543312922494,DTLZ,True,0.3318401226445037,crossover_eta_02,0.4015265483998495,2,12,DTLZ2,4,ok,DTLZ2_n12_m2
0.3371469482962848,0.4079478074385047,2000,crossover,a853aecc18b94062,-0.001367562143382517,0.0012461203851042105,DTLZ,True,0.33577938615290226,crossover_eta_02,0.4062930572450118,2,12,DTLZ2,5,ok,DTLZ2_n12_m2
0.3313475244741662,0.4009305046137412,2000,crossover,a853aecc18b94062,0.0013536608658429317,-0.005380298470102827,DTLZ,True,0.33270118534000914,crossover_eta_02,0.40256843426141115,2,12,DTLZ2,6,ok,DTLZ2_n12_m2
0.33112057615270074,0.40065589714476796,2000,crossover,a853aecc18b94062,0.0016174944164809024,-0.004766819045236957,DTLZ,True,0.33273807056918164,crossover_eta_02,0.40261306538870983,2,12,DTLZ2,7,ok,DTLZ2_n12_m2
0.33142070868635065,0.40101905751048433,2000,crossover,a853aecc18b94062,0.002174193412760206,-0.0008801585661542162,DTLZ,True,0.33359490209911086,crossover_eta_02,0.40364983153992423,2,12,DTLZ2,8,ok,DTLZ2_n12_m2
0.33537045796489834,0.40579825413752707,2000,crossover,a853aecc18b94062,-0.0060655454162550915,0.007455923756988546,DTLZ,True,0.32930491254864325,crossover_eta_02,0.3984589441838584,2,12,DTLZ2,9,ok,DTLZ2_n12_m2
0.3310674786026758,0.4005916491092378,2000,crossover,c4e507292b68586e,0.0018887726150471629,0.0022358251318046144,DTLZ,True,0.332956251217723,crossover_eta_03,0.40287706397344486,2,12,DTLZ2,0,ok,DTLZ2_n12_m2
0.33599205244094504,0.40655038345354355,2000,crossover,c4e507292b68586e,0.0018052673544374231,-0.0002929561929094198,DTLZ,True,0.33779731979538247,crossover_eta_03,0.40873475695241285,2,12,DTLZ2,1,ok,DTLZ2_n12_m2
0.3338663571702407,0.40397829217599135,2000,crossover,c4e507292b68586e,-0.0014201925269518578,0.0006352165159815674,DTLZ,True,0.33244616464328886,crossover_eta_03,0.4022598592183796,2,12,DTLZ2,2,ok,DTLZ2_n12_m2
0.33632094636405757,0.40694834510050976,2000,crossover,c4e507292b68586e,-0.0037505104165178604,-0.00010703339194672278,DTLZ,True,0.3325704359475397,crossover_eta_03,0.4024102274965231,2,12,DTLZ2,3,ok,DTLZ2_n12_m2
0.337279593219494,0.4081083077955878,2000,crossover,c4e507292b68586e,-0.003880163528594882,0.005560428833392585,DTLZ,True,0.33339942969089914,crossover_eta_03,0.403413309925988,2,12,DTLZ2,4,ok,DTLZ2_n12_m2
0.3371469482962848,0.4079478074385047,2000,crossover,c4e507292b68586e,-0.0014061398134706526,0.00029560009303107593,DTLZ,True,0.3357408084828141,crossover_eta_03,0.4062463782642052,2,12,DTLZ2,5,ok,DTLZ2_n12_m2
0.3313475244741662,0.4009305046137412,2000,crossover,c4e507292b68586e,0.00460139601740106,-0.003109316004022273,DTLZ,True,0.33594892049156727,crossover_eta_03,0.40649819379479646,2,12,DTLZ2,6,ok,DTLZ2_n12_m2
0.33112057615270074,0.40065589714476796,2000,crossover,c4e507292b68586e,0.00357638005069405,-0.004362551929568491,DTLZ,True,0.3346969562033948,crossover_eta_03,0.4049833170061078,2,12,DTLZ2,7,ok,DTLZ2_n12_m2
0.33142070868635065,0.40101905751048433,2000,crossover,c4e507292b68586e,0.0013433727637439663,0.002938902040083938,DTLZ,True,0.3327640814500946,crossover_eta_03,0.4026445385546145,2,12,DTLZ2,8,ok,DTLZ2_n12_m2
0.33537045796489834,0.40579825413752707,2000,crossover,c4e507292b68586e,-0.003925870262501463,0.0027308769242189637,DTLZ,True,0.3314445877023969,crossover_eta_03,0.40104795111990027,2,12,DTLZ2,9,ok,DTLZ2_n12_m2
0.3310674786026758,0.4005916491092378,2000,crossover,552d0c0c7da1603f,8.293885523458222e-05,0.018556755892953712,DTLZ,True,0.3311504174579104,crossover_eta_04,0.40069200512407166,2,12,DTLZ2,0,ok,DTLZ2_n12_m2
0.33599205244094504,0.40655038345354355,2000,crossover,552d0c0c7da1603f,0.0009192947503253723,0.001011404854816371,DTLZ,True,0.3369113471912704,crossover_eta_04,0.4076627301014373,2,12,DTLZ2,1,ok,DTLZ2_n12_m2
0.3338663571702407,0.40397829217599135,2000,crossover,552d0c0c7da1603f,-0.0023772415102374933,0.012883903322239534,DTLZ,True,0.3314891156600032,crossover_eta_04,0.40110182994860394,2,12,DTLZ2,2,ok,DTLZ2_n12_m2
0.33632094636405757,0.40694834510050976,2000,crossover,552d0c0c7da1603f,-0.0012510038723962391,0.0017381406173791608,DTLZ,True,0.33506994249166133,crossover_eta_04,0.4054346304149103,2,12,DTLZ2,3,ok,DTLZ2_n12_m2
0.337279593219494,0.4081083077955878,2000,crossover,552d0c0c7da1603f,-0.007572786564517042,0.006234568547775784,DTLZ,True,0.329706806654977,crossover_eta_04,0.3989452360525222,2,12,DTLZ2,4,ok,DTLZ2_n12_m2
0.3371469482962848,0.4079478074385047,2000,crossover,552d0c0c7da1603f,-0.0023048443614611114,0.010856363775797148,DTLZ,True,0.33484210393482366,crossover_eta_04,0.4051589457611367,2,12,DTLZ2,5,ok,DTLZ2_n12_m2
0.3313475244741662,0.4009305046137412,2000,crossover,552d0c0c7da1603f,0.0024829959506786348,-0.001702980565838376,DTLZ,True,0.33383052042484485,crossover_eta_04,0.4039349297140623,2,12,DTLZ2,6,ok,DTLZ2_n12_m2
0.33112057615270074,0.40065589714476796,2000,crossover,552d0c0c7da1603f,-0.004404184078466933,0.02676496973063373,DTLZ,True,0.3267163920742338,crossover_eta_04,0.39532683440982297,2,12,DTLZ2,7,ok,DTLZ2_n12_m2
0.33142070868635065,0.40101905751048433,2000,crossover,552d0c0c7da1603f,0.0007016534027969312,-0.0014277521415786993,DTLZ,True,0.3321223620891476,crossover_eta_04,0.40186805812786863,2,12,DTLZ2,8,ok,DTLZ2_n12_m2
0.33537045796489834,0.40579825413752707,2000,crossover,552d0c0c7da1603f,-0.003903806516621644,0.002150103545865794,DTLZ,True,0.3314666514482767,crossover_eta_04,0.40107464825241484,2,12,DTLZ2,9,ok,DTLZ2_n12_m2
0.3310674786026758,0.4005916491092378,2000,selection,5a97c748af885ab4,-0.00036951669356383166,0.0014677416377032858,DTLZ,True,0.330697961909112,selection_tournament_01,0.4001445339100256,2,12,DTLZ2,0,ok,DTLZ2_n12_m2
0.33599205244094504,0.40655038345354355,2000,selection,5a97c748af885ab4,-0.002803589701549647,0.0022289601823666707,DTLZ,True,0.3331884627393954,selection_tournament_01,0.4031580399146685,2,12,DTLZ2,1,ok,DTLZ2_n12_m2
0.3338663571702407,0.40397829217599135,2000,selection,5a97c748af885ab4,0.0022813174940584102,-0.00133278717983497,DTLZ,True,0.3361476746642991,selection_tournament_01,0.406738686343802,2,12,DTLZ2,2,ok,DTLZ2_n12_m2
0.33632094636405757,0.40694834510050976,2000,selection,5a97c748af885ab4,-0.0014361905051420432,-0.0007827904044394058,DTLZ,True,0.33488475585891553,selection_tournament_01,0.40521055458928784,2,12,DTLZ2,3,ok,DTLZ2_n12_m2
0.337279593219494,0.4081083077955878,2000,selection,5a97c748af885ab4,-0.0011527522889292485,0.0004423610157206666,DTLZ,True,0.3361268409305648,selection_tournament_01,0.4067134775259834,2,12,DTLZ2,4,ok,DTLZ2_n12_m2
0.3371469482962848,0.4079478074385047,2000,selection,5a97c748af885ab4,-0.007397688985841588,0.007493285234434212,DTLZ,True,0.3297492593104432,selection_tournament_01,0.39899660376563634,2,12,DTLZ2,5,ok,DTLZ2_n12_m2
0.3313475244741662,0.4009305046137412,2000,selection,5a97c748af885ab4,0.006487317278266291,-0.006215637129018235,DTLZ,True,0.3378348417524325,selection_tournament_01,0.40878015852044336,2,12,DTLZ2,6,ok,DTLZ2_n12_m2
0.33112057615270074,0.40065589714476796,2000,selection,5a97c748af885ab4,0.0012126087019915799,-0.003757035334499963,DTLZ,True,0.3323331848546923,selection_tournament_01,0.4021231536741778,2,12,DTLZ2,7,ok,DTLZ2_n12_m2
0.33142070868635065,0.40101905751048433,2000,selection,5a97c748af885ab4,0.0009781206413008725,0.0006167203668608397,DTLZ,True,0.3323988293276515,selection_tournament_01,0.4022025834864584,2,12,DTLZ2,8,ok,DTLZ2_n12_m2
0.33537045796489834,0.40579825413752707,2000,selection,5a97c748af885ab4,-0.00025174264626776077,-0.00013606347362091382,DTLZ,True,0.3351187153186306,selection_tournament_01,0.40549364553554307,2,12,DTLZ2,9,ok,DTLZ2_n12_m2
0.3310674786026758,0.4005916491092378,2000,selection,868e96ed2273bcab,0.004623777133736906,-0.003152762033966262,DTLZ,True,0.33569125573641273,selection_tournament_02,0.4061864194410595,2,12,DTLZ2,0,ok,DTLZ2_n12_m2
0.33599205244094504,0.40655038345354355,2000,selection,868e96ed2273bcab,-0.0016872091357982844,0.0007807658831369534,DTLZ,True,0.33430484330514676,selection_tournament_02,0.4045088603992276,2,12,DTLZ2,1,ok,DTLZ2_n12_m2
0.3338663571702407,0.40397829217599135,2000,selection,868e96ed2273bcab,-0.0029167158387662373,0.0002540417558350508,DTLZ,True,0.3309496413314745,selection_tournament_02,0.40044906601108415,2,12,DTLZ2,2,ok,DTLZ2_n12_m2
0.33632094636405757,0.40694834510050976,2000,selection,868e96ed2273bcab,-0.0029147919244497666,-0.0006947864552042139,DTLZ,True,0.3334061544396078,selection_tournament_02,0.4034214468719255,2,12,DTLZ2,3,ok,DTLZ2_n12_m2
0.337279593219494,0.4081083077955878,2000,selection,868e96ed2273bcab,-0.0022529785973774974,0.000447513104208536,DTLZ,True,0.3350266146221165,selection_tournament_02,0.40538220369276107,2,12,DTLZ2,4,ok,DTLZ2_n12_m2
0.3371469482962848,0.4079478074385047,2000,selection,868e96ed2273bcab,0.0005476312829874042,0.00015464493874930117,DTLZ,True,0.3376945795792722,selection_tournament_02,0.4086104412909194,2,12,DTLZ2,5,ok,DTLZ2_n12_m2
0.3313475244741662,0.4009305046137412,2000,selection,868e96ed2273bcab,0.0024556669893737726,-0.0067597627146101635,DTLZ,True,0.33380319146354,selection_tournament_02,0.40390186167088343,2,12,DTLZ2,6,ok,DTLZ2_n12_m2
0.33112057615270074,0.40065589714476796,2000,selection,868e96ed2273bcab,0.0054820170676678215,-0.006295210489009268,DTLZ,True,0.33660259322036856,selection_tournament_02,0.40728913779664605,2,12,DTLZ2,7,ok,DTLZ2_n12_m2
0.33142070868635065,0.40101905751048433,2000,selection,868e96ed2273bcab,0.005049747335044652,-0.0025984238324095067,DTLZ,True,0.3364704560213953,selection_tournament_02,0.4071292517858884,2,12,DTLZ2,8,ok,DTLZ2_n12_m2
0.33537045796489834,0.40579825413752707,2000,selection,868e96ed2273bcab,0.0029097779291988313,-0.0020078295538691043,DTLZ,True,0.33828023589409717,selection_tournament_02,0.40931908543185763,2,12,DTLZ2,9,ok,DTLZ2_n12_m2
0.3310674786026758,0.4005916491092378,2000,selection,77381e492db90e50,0.0029334217660236805,-0.0016024601650332579,DTLZ,True,0.3340009003686995,selection_tournament_03,0.4041410894461265,2,12,DTLZ2,0,ok,DTLZ2_n12_m2
0.33599205244094504,0.40655038345354355,2000,selection,77381e492db90e50,-0.0011736035424729785,-0.00024005605768059705,DTLZ,True,0.33481844889847207,selection_tournament_03,0.40513032316715125,2,12,DTLZ2,1,ok,DTLZ2_n12_m2
0.3338663571702407,0.40397829217599135,2000,selection,77381e492db90e50,-0.0004279382948586541,-0.0003000858782015309,DTLZ,True,0.33343841887538206,selection_tournament_03,0.4034604868392124,2,12,DTLZ2,2,ok,DTLZ2_n12_m2
0.33632094636405757,0.40694834510050976,2000,selection,77381e492db90e50,-0.0033557366623029883,-0.00016222264478498588,DTLZ,True,0.3329652097017546,selection_tournament_03,0.4028879037391231,2,12,DTLZ2,3,ok,DTLZ2_n12_m2
0.337279593219494,0.4081083077955878,2000,selection,77381e492db90e50,-0.006613803023633513,0.00432582175306922,DTLZ,True,0.3306657901958605,selection_tournament_03,0.4001056061369913,2,12,DTLZ2,4,ok,DTLZ2_n12_m2
0.3371469482962848,0.4079478074385047,2000,selection,77381e492db90e50,-0.003032874232665239,0.0014335407931891208,DTLZ,True,0.33411407406361954,selection_tournament_03,0.40427802961697973,2,12,DTLZ2,5,ok,DTLZ2_n12_m2
0.3313475244741662,0.4009305046137412,2000,selection,77381e492db90e50,0.0007647772469588365,-0.003994474892517147,DTLZ,True,0.33211230172112505,selection_tournament_03,0.40185588508256137,2,12,DTLZ2,6,ok,DTLZ2_n12_m2
0.33112057615270074,0.40065589714476796,2000,selection,77381e492db90e50,0.004336810138940994,-0.00371117888222342,DTLZ,True,0.33545738629164173,selection_tournament_03,0.4059034374128866,2,12,DTLZ2,7,ok,DTLZ2_n12_m2
0.33142070868635065,0.40101905751048433,2000,selection,77381e492db90e50,0.005436624474651264,-0.002071800471797728,DTLZ,True,0.3368573331610019,selection_tournament_03,0.40759737312481237,2,12,DTLZ2,8,ok,DTLZ2_n12_m2
0.33537045796489834,0.40579825413752707,2000,selection,77381e492db90e50,0.0024935644440919336,-0.0014992110151617818,DTLZ,True,0.33786402240899027,selection_tournament_03,0.4088154671148783,2,12,DTLZ2,9,ok,DTLZ2_n12_m2
