baseline_IGD,baseline_normalized_HV,baseline_raw_HV,baseline_status,category,config_hash,delta_normalized_HV,family,function_evaluations_equal,intervention_IGD,intervention_id,intervention_normalized_HV,intervention_raw_HV,intervention_status,problem,seed,task_id
0.018147046903729497,0.8437828762210307,0.8437828762210307,ok,mutation,5f20bc8a4bf15392,-0.006080262879973208,ZDT,True,0.028502973657787874,mutation_prob_01,0.8377026133410574,0.8377026133410574,ok,ZDT1,0,ZDT1_n10_m2
0.013974908870728806,0.8523750219972352,0.8523750219972352,ok,mutation,5f20bc8a4bf15392,-0.01504639946354458,ZDT,True,0.0336314569181754,mutation_prob_01,0.8373286225336907,0.8373286225336907,ok,ZDT1,1,ZDT1_n10_m2
0.01495878461039073,0.8501427562448602,0.8501427562448602,ok,mutation,5f20bc8a4bf15392,-0.007606782117214994,ZDT,True,0.018584186955344948,mutation_prob_01,0.8425359741276452,0.8425359741276452,ok,ZDT1,2,ZDT1_n10_m2
0.13399661689502987,0.7704173564242692,0.7704173564242692,ok,mutation,5f20bc8a4bf15392,0.07752650137359185,ZDT,True,0.01649310188239608,mutation_prob_01,0.8479438577978611,0.8479438577978611,ok,ZDT1,3,ZDT1_n10_m2
0.020465105518142006,0.8411053361420079,0.8411053361420079,ok,mutation,5f20bc8a4bf15392,-0.027574391135806064,ZDT,True,0.036292394052829045,mutation_prob_01,0.8135309450062018,0.8135309450062018,ok,ZDT1,4,ZDT1_n10_m2
0.10944548604773369,0.7868536140737232,0.7868536140737232,ok,mutation,5f20bc8a4bf15392,0.03534396148957131,ZDT,True,0.038137946664602636,mutation_prob_01,0.8221975755632945,0.8221975755632945,ok,ZDT1,5,ZDT1_n10_m2
0.016317894498908726,0.8467023121831471,0.8467023121831471,ok,mutation,5f20bc8a4bf15392,-0.03149573170816955,ZDT,True,0.04549514644940587,mutation_prob_01,0.8152065804749775,0.8152065804749775,ok,ZDT1,6,ZDT1_n10_m2
0.12573389856211456,0.776836520515406,0.776836520515406,ok,mutation,5f20bc8a4bf15392,0.04042361739521716,ZDT,True,0.050255901981817126,mutation_prob_01,0.8172601379106231,0.8172601379106231,ok,ZDT1,7,ZDT1_n10_m2
0.019367026410246967,0.8440164848349576,0.8440164848349576,ok,mutation,5f20bc8a4bf15392,-0.023020884051389023,ZDT,True,0.05785428406169204,mutation_prob_01,0.8209956007835686,0.8209956007835686,ok,ZDT1,8,ZDT1_n10_m2
0.023031252498993897,0.8349720001191931,0.8349720001191931,ok,mutation,5f20bc8a4bf15392,0.005578373693000294,ZDT,True,0.020664013928545857,mutation_prob_01,0.8405503738121934,0.8405503738121934,ok,ZDT1,9,ZDT1_n10_m2
0.018147046903729497,0.8437828762210307,0.8437828762210307,ok,mutation,25df4ba55691c996,-0.0025473449278881066,ZDT,True,0.024164040363051077,mutation_prob_03,0.8412355312931425,0.8412355312931425,ok,ZDT1,0,ZDT1_n10_m2
0.013974908870728806,0.8523750219972352,0.8523750219972352,ok,mutation,25df4ba55691c996,0.0011864294278804977,ZDT,True,0.013024925072011986,mutation_prob_03,0.8535614514251157,0.8535614514251157,ok,ZDT1,1,ZDT1_n10_m2
0.01495878461039073,0.8501427562448602,0.8501427562448602,ok,mutation,25df4ba55691c996,-0.002025985400405439,ZDT,True,0.016636427224567537,mutation_prob_03,0.8481167708444548,0.8481167708444548,ok,ZDT1,2,ZDT1_n10_m2
0.13399661689502987,0.7704173564242692,0.7704173564242692,ok,mutation,25df4ba55691c996,0.0658729533952348,ZDT,True,0.026139001528288294,mutation_prob_03,0.836290309819504,0.836290309819504,ok,ZDT1,3,ZDT1_n10_m2
0.020465105518142006,0.8411053361420079,0.8411053361420079,ok,mutation,25df4ba55691c996,-0.006298994187592721,ZDT,True,0.024135894427163254,mutation_prob_03,0.8348063419544152,0.8348063419544152,ok,ZDT1,4,ZDT1_n10_m2
0.10944548604773369,0.7868536140737232,0.7868536140737232,ok,mutation,25df4ba55691c996,0.062064416095157116,ZDT,True,0.015162446210461668,mutation_prob_03,0.8489180301688803,0.8489180301688803,ok,ZDT1,5,ZDT1_n10_m2
0.016317894498908726,0.8467023121831471,0.8467023121831471,ok,mutation,25df4ba55691c996,-0.02131314131225248,ZDT,True,0.04914874391102745,mutation_prob_03,0.8253891708708946,0.8253891708708946,ok,ZDT1,6,ZDT1_n10_m2
0.12573389856211456,0.776836520515406,0.776836520515406,ok,mutation,25df4ba55691c996,0.032986302251532096,ZDT,True,0.07427046650602839,mutation_prob_03,0.8098228227669381,0.8098228227669381,ok,ZDT1,7,ZDT1_n10_m2
0.019367026410246967,0.8440164848349576,0.8440164848349576,ok,mutation,25df4ba55691c996,0.006572577736381202,ZDT,True,0.015147758431769333,mutation_prob_03,0.8505890625713388,0.8505890625713388,ok,ZDT1,8,ZDT1_n10_m2
0.023031252498993897,0.8349720001191931,0.8349720001191931,ok,mutation,25df4ba55691c996,0.013485794371509763,ZDT,True,0.015406303268632111,mutation_prob_03,0.8484577944907029,0.8484577944907029,ok,ZDT1,9,ZDT1_n10_m2
0.018147046903729497,0.8437828762210307,0.8437828762210307,ok,mutation,e975cec92cdd56f3,0.0062088456139333115,ZDT,True,0.016236500347933582,mutation_prob_04,0.849991721834964,0.849991721834964,ok,ZDT1,0,ZDT1_n10_m2
0.013974908870728806,0.8523750219972352,0.8523750219972352,ok,mutation,e975cec92cdd56f3,-0.003832101671338739,ZDT,True,0.01575364024630583,mutation_prob_04,0.8485429203258965,0.8485429203258965,ok,ZDT1,1,ZDT1_n10_m2
0.01495878461039073,0.8501427562448602,0.8501427562448602,ok,mutation,e975cec92cdd56f3,-0.003957677523085068,ZDT,True,0.021104701836784708,mutation_prob_04,0.8461850787217752,0.8461850787217752,ok,ZDT1,2,ZDT1_n10_m2
0.13399661689502987,0.7704173564242692,0.7704173564242692,ok,mutation,e975cec92cdd56f3,0.07723458726124022,ZDT,True,0.016117936221706496,mutation_prob_04,0.8476519436855094,0.8476519436855094,ok,ZDT1,3,ZDT1_n10_m2
0.020465105518142006,0.8411053361420079,0.8411053361420079,ok,mutation,e975cec92cdd56f3,-0.0062902185396626065,ZDT,True,0.023386077159927375,mutation_prob_04,0.8348151176023453,0.8348151176023453,ok,ZDT1,4,ZDT1_n10_m2
0.10944548604773369,0.7868536140737232,0.7868536140737232,ok,mutation,e975cec92cdd56f3,0.05719755769948576,ZDT,True,0.017841142306426507,mutation_prob_04,0.844051171773209,0.844051171773209,ok,ZDT1,5,ZDT1_n10_m2
0.016317894498908726,0.8467023121831471,0.8467023121831471,ok,mutation,e975cec92cdd56f3,-0.00015754903618270255,ZDT,True,0.018037944168402292,mutation_prob_04,0.8465447631469644,0.8465447631469644,ok,ZDT1,6,ZDT1_n10_m2
0.12573389856211456,0.776836520515406,0.776836520515406,ok,mutation,e975cec92cdd56f3,0.07013848953028912,ZDT,True,0.018698807655297793,mutation_prob_04,0.8469750100456951,0.8469750100456951,ok,ZDT1,7,ZDT1_n10_m2
0.019367026410246967,0.8440164848349576,0.8440164848349576,ok,mutation,e975cec92cdd56f3,0.0022900981531642772,ZDT,True,0.018248758171685645,mutation_prob_04,0.8463065829881219,0.8463065829881219,ok,ZDT1,8,ZDT1_n10_m2
0.023031252498993897,0.8349720001191931,0.8349720001191931,ok,mutation,e975cec92cdd56f3,0.016692210034146227,ZDT,True,0.014066212781546178,mutation_prob_04,0.8516642101533394,0.8516642101533394,ok,ZDT1,9,ZDT1_n10_m2
0.018147046903729497,0.8437828762210307,0.8437828762210307,ok,mutation,3b9917d0b61158a5,-0.011506361727771974,ZDT,True,0.02718169604812544,mutation_prob_05,0.8322765144932587,0.8322765144932587,ok,ZDT1,0,ZDT1_n10_m2
0.013974908870728806,0.8523750219972352,0.8523750219972352,ok,mutation,3b9917d0b61158a5,-0.012264917673142639,ZDT,True,0.021994143424732694,mutation_prob_05,0.8401101043240926,0.8401101043240926,ok,ZDT1,1,ZDT1_n10_m2
0.01495878461039073,0.8501427562448602,0.8501427562448602,ok,mutation,3b9917d0b61158a5,-0.008040154740658889,ZDT,True,0.019656484846210687,mutation_prob_05,0.8421026015042014,0.8421026015042014,ok,ZDT1,2,ZDT1_n10_m2
0.13399661689502987,0.7704173564242692,0.7704173564242692,ok,mutation,3b9917d0b61158a5,0.06655339800285887,ZDT,True,0.02252384067269687,mutation_prob_05,0.8369707544271281,0.8369707544271281,ok,ZDT1,3,ZDT1_n10_m2
0.020465105518142006,0.8411053361420079,0.8411053361420079,ok,mutation,3b9917d0b61158a5,-0.012298000921259766,ZDT,True,0.028287123397597515,mutation_prob_05,0.8288073352207481,0.8288073352207481,ok,ZDT1,4,ZDT1_n10_m2
0.10944548604773369,0.7868536140737232,0.7868536140737232,ok,mutation,3b9917d0b61158a5,0.04780592697011665,ZDT,True,0.024653033738000783,mutation_prob_05,0.8346595410438399,0.8346595410438399,ok,ZDT1,5,ZDT1_n10_m2
0.016317894498908726,0.8467023121831471,0.8467023121831471,ok,mutation,3b9917d0b61158a5,-0.026675980122901954,ZDT,True,0.03844248169173818,mutation_prob_05,0.8200263320602451,0.8200263320602451,ok,ZDT1,6,ZDT1_n10_m2
0.12573389856211456,0.776836520515406,0.776836520515406,ok,mutation,3b9917d0b61158a5,0.06093906991223974,ZDT,True,0.021033971769665292,mutation_prob_05,0.8377755904276457,0.8377755904276457,ok,ZDT1,7,ZDT1_n10_m2
0.019367026410246967,0.8440164848349576,0.8440164848349576,ok,mutation,3b9917d0b61158a5,-0.0015127000703503146,ZDT,True,0.020245335516414643,mutation_prob_05,0.8425037847646073,0.8425037847646073,ok,ZDT1,8,ZDT1_n10_m2
0.023031252498993897,0.8349720001191931,0.8349720001191931,ok,mutation,3b9917d0b61158a5,0.007065173697667015,ZDT,True,0.01947495985955817,mutation_prob_05,0.8420371738168602,0.8420371738168602,ok,ZDT1,9,ZDT1_n10_m2
0.018147046903729497,0.8437828762210307,0.8437828762210307,ok,mutation,cc116fdf0d996a17,0.009562915850867326,ZDT,True,0.013475350575334829,mutation_eta_01,0.853345792071898,0.853345792071898,ok,ZDT1,0,ZDT1_n10_m2
0.013974908870728806,0.8523750219972352,0.8523750219972352,ok,mutation,cc116fdf0d996a17,0.0012752710547551116,ZDT,True,0.013047602346952117,mutation_eta_01,0.8536502930519904,0.8536502930519904,ok,ZDT1,1,ZDT1_n10_m2
0.01495878461039073,0.8501427562448602,0.8501427562448602,ok,mutation,cc116fdf0d996a17,0.0029099133950184486,ZDT,True,0.01392309382869385,mutation_eta_01,0.8530526696398787,0.8530526696398787,ok,ZDT1,2,ZDT1_n10_m2
0.13399661689502987,0.7704173564242692,0.7704173564242692,ok,mutation,cc116fdf0d996a17,0.08700361046634497,ZDT,True,0.011541631590535407,mutation_eta_01,0.8574209668906142,0.8574209668906142,ok,ZDT1,3,ZDT1_n10_m2
0.020465105518142006,0.8411053361420079,0.8411053361420079,ok,mutation,cc116fdf0d996a17,0.015655693425001616,ZDT,True,0.012497763566337455,mutation_eta_01,0.8567610295670095,0.8567610295670095,ok,ZDT1,4,ZDT1_n10_m2
0.10944548604773369,0.7868536140737232,0.7868536140737232,ok,mutation,cc116fdf0d996a17,0.0686286646632952,ZDT,True,0.012421905754203943,mutation_eta_01,0.8554822787370184,0.8554822787370184,ok,ZDT1,5,ZDT1_n10_m2
0.016317894498908726,0.8467023121831471,0.8467023121831471,ok,mutation,cc116fdf0d996a17,-0.001202578649569186,ZDT,True,0.017542090926839126,mutation_eta_01,0.8454997335335779,0.8454997335335779,ok,ZDT1,6,ZDT1_n10_m2
0.12573389856211456,0.776836520515406,0.776836520515406,ok,mutation,cc116fdf0d996a17,0.07829161189963674,ZDT,True,0.012687829111500232,mutation_eta_01,0.8551281324150427,0.8551281324150427,ok,ZDT1,7,ZDT1_n10_m2
0.019367026410246967,0.8440164848349576,0.8440164848349576,ok,mutation,cc116fdf0d996a17,0.005674946930131819,ZDT,True,0.014868476515695296,mutation_eta_01,0.8496914317650894,0.8496914317650894,ok,ZDT1,8,ZDT1_n10_m2
0.023031252498993897,0.8349720001191931,0.8349720001191931,ok,mutation,cc116fdf0d996a17,0.020370849176919448,ZDT,True,0.01202862318759559,mutation_eta_01,0.8553428492961126,0.8553428492961126,ok,ZDT1,9,ZDT1_n10_m2
0.018147046903729497,0.8437828762210307,0.8437828762210307,ok,mutation,63d3be0475e9845d,0.0030419361255354938,ZDT,True,0.01799034548500817,mutation_eta_02,0.8468248123465661,0.8468248123465661,ok,ZDT1,0,ZDT1_n10_m2
0.013974908870728806,0.8523750219972352,0.8523750219972352,ok,mutation,63d3be0475e9845d,-0.004960881913112725,ZDT,True,0.016858517097201334,mutation_eta_02,0.8474141400841225,0.8474141400841225,ok,ZDT1,1,ZDT1_n10_m2
0.01495878461039073,0.8501427562448602,0.8501427562448602,ok,mutation,63d3be0475e9845d,0.0012230446308630905,ZDT,True,0.014981100094092922,mutation_eta_02,0.8513658008757233,0.8513658008757233,ok,ZDT1,2,ZDT1_n10_m2
0.13399661689502987,0.7704173564242692,0.7704173564242692,ok,mutation,63d3be0475e9845d,0.08557639068577061,ZDT,True,0.013542035225099665,mutation_eta_02,0.8559937471100398,0.8559937471100398,ok,ZDT1,3,ZDT1_n10_m2
0.020465105518142006,0.8411053361420079,0.8411053361420079,ok,mutation,63d3be0475e9845d,0.008544218742692067,ZDT,True,0.015382185360255178,mutation_eta_02,0.8496495548847,0.8496495548847,ok,ZDT1,4,ZDT1_n10_m2
0.10944548604773369,0.7868536140737232,0.7868536140737232,ok,mutation,63d3be0475e9845d,0.06772350622545209,ZDT,True,0.013120475410543413,mutation_eta_02,0.8545771202991753,0.8545771202991753,ok,ZDT1,5,ZDT1_n10_m2
0.016317894498908726,0.8467023121831471,0.8467023121831471,ok,mutation,63d3be0475e9845d,0.00845522998358439,ZDT,True,0.012517285901852743,mutation_eta_02,0.8551575421667315,0.8551575421667315,ok,ZDT1,6,ZDT1_n10_m2
0.12573389856211456,0.776836520515406,0.776836520515406,ok,mutation,63d3be0475e9845d,0.07897529480347254,ZDT,True,0.012586734767874022,mutation_eta_02,0.8558118153188785,0.8558118153188785,ok,ZDT1,7,ZDT1_n10_m2
0.019367026410246967,0.8440164848349576,0.8440164848349576,ok,mutation,63d3be0475e9845d,0.01069436867737461,ZDT,True,0.012613056539301082,mutation_eta_02,0.8547108535123322,0.8547108535123322,ok,ZDT1,8,ZDT1_n10_m2
0.023031252498993897,0.8349720001191931,0.8349720001191931,ok,mutation,63d3be0475e9845d,0.023521982436665145,ZDT,True,0.010650899429356929,mutation_eta_02,0.8584939825558583,0.8584939825558583,ok,ZDT1,9,ZDT1_n10_m2
0.018147046903729497,0.8437828762210307,0.8437828762210307,ok,mutation,635d1e13e520fdf7,-0.002578943328660155,ZDT,True,0.022080360745909425,mutation_eta_03,0.8412039328923705,0.8412039328923705,ok,ZDT1,0,ZDT1_n10_m2
0.013974908870728806,0.8523750219972352,0.8523750219972352,ok,mutation,635d1e13e520fdf7,-0.005530404229555974,ZDT,True,0.01688340641728266,mutation_eta_03,0.8468446177676793,0.8468446177676793,ok,ZDT1,1,ZDT1_n10_m2
0.01495878461039073,0.8501427562448602,0.8501427562448602,ok,mutation,635d1e13e520fdf7,0.005167048860809986,ZDT,True,0.012284056163009316,mutation_eta_03,0.8553098051056702,0.8553098051056702,ok,ZDT1,2,ZDT1_n10_m2
0.13399661689502987,0.7704173564242692,0.7704173564242692,ok,mutation,635d1e13e520fdf7,0.0661047922982807,ZDT,True,0.028467349336698002,mutation_eta_03,0.8365221487225499,0.8365221487225499,ok,ZDT1,3,ZDT1_n10_m2
0.020465105518142006,0.8411053361420079,0.8411053361420079,ok,mutation,635d1e13e520fdf7,0.0018040652219749598,ZDT,True,0.019488807125434326,mutation_eta_03,0.8429094013639828,0.8429094013639828,ok,ZDT1,4,ZDT1_n10_m2
0.10944548604773369,0.7868536140737232,0.7868536140737232,ok,mutation,635d1e13e520fdf7,0.06390089987824354,ZDT,True,0.015809652483142204,mutation_eta_03,0.8507545139519668,0.8507545139519668,ok,ZDT1,5,ZDT1_n10_m2
0.016317894498908726,0.8467023121831471,0.8467023121831471,ok,mutation,635d1e13e520fdf7,0.0034774849356050686,ZDT,True,0.015021006477743763,mutation_eta_03,0.8501797971187521,0.8501797971187521,ok,ZDT1,6,ZDT1_n10_m2
0.12573389856211456,0.776836520515406,0.776836520515406,ok,mutation,635d1e13e520fdf7,0.07272638225703276,ZDT,True,0.014939499268665083,mutation_eta_03,0.8495629027724387,0.8495629027724387,ok,ZDT1,7,ZDT1_n10_m2
0.019367026410246967,0.8440164848349576,0.8440164848349576,ok,mutation,635d1e13e520fdf7,0.00647388117205161,ZDT,True,0.01641084189046911,mutation_eta_03,0.8504903660070092,0.8504903660070092,ok,ZDT1,8,ZDT1_n10_m2
0.023031252498993897,0.8349720001191931,0.8349720001191931,ok,mutation,635d1e13e520fdf7,0.013236803765073746,ZDT,True,0.01650538716672114,mutation_eta_03,0.8482088038842669,0.8482088038842669,ok,ZDT1,9,ZDT1_n10_m2
0.018147046903729497,0.8437828762210307,0.8437828762210307,ok,mutation,8071d793dcc39e68,-0.014576428796065577,ZDT,True,0.026511738600213795,mutation_eta_04,0.8292064474249651,0.8292064474249651,ok,ZDT1,0,ZDT1_n10_m2
0.013974908870728806,0.8523750219972352,0.8523750219972352,ok,mutation,8071d793dcc39e68,-0.015750788509889424,ZDT,True,0.023830910767253743,mutation_eta_04,0.8366242334873458,0.8366242334873458,ok,ZDT1,1,ZDT1_n10_m2
0.01495878461039073,0.8501427562448602,0.8501427562448602,ok,mutation,8071d793dcc39e68,-0.004479043616624434,ZDT,True,0.018045791546313358,mutation_eta_04,0.8456637126282358,0.8456637126282358,ok,ZDT1,2,ZDT1_n10_m2
0.13399661689502987,0.7704173564242692,0.7704173564242692,ok,mutation,8071d793dcc39e68,0.05869881509148944,ZDT,True,0.03065601561604848,mutation_eta_04,0.8291161715157587,0.8291161715157587,ok,ZDT1,3,ZDT1_n10_m2
0.020465105518142006,0.8411053361420079,0.8411053361420079,ok,mutation,8071d793dcc39e68,-0.04528373911258021,ZDT,True,0.04660083430449762,mutation_eta_04,0.7958215970294277,0.7958215970294277,ok,ZDT1,4,ZDT1_n10_m2
0.10944548604773369,0.7868536140737232,0.7868536140737232,ok,mutation,8071d793dcc39e68,0.0425526429641786,ZDT,True,0.03813464641864835,mutation_eta_04,0.8294062570379018,0.8294062570379018,ok,ZDT1,5,ZDT1_n10_m2
0.016317894498908726,0.8467023121831471,0.8467023121831471,ok,mutation,8071d793dcc39e68,-0.04587081827019568,ZDT,True,0.08454229674302924,mutation_eta_04,0.8008314939129514,0.8008314939129514,ok,ZDT1,6,ZDT1_n10_m2
0.12573389856211456,0.776836520515406,0.776836520515406,ok,mutation,8071d793dcc39e68,0.07414037457056233,ZDT,True,0.015101143372775993,mutation_eta_04,0.8509768950859683,0.8509768950859683,ok,ZDT1,7,ZDT1_n10_m2
0.019367026410246967,0.8440164848349576,0.8440164848349576,ok,mutation,8071d793dcc39e68,0.0023911783485590643,ZDT,True,0.016903408796199518,mutation_eta_04,0.8464076631835167,0.8464076631835167,ok,ZDT1,8,ZDT1_n10_m2
0.023031252498993897,0.8349720001191931,0.8349720001191931,ok,mutation,8071d793dcc39e68,-0.011836737377119322,ZDT,True,0.03779994318714099,mutation_eta_04,0.8231352627420738,0.8231352627420738,ok,ZDT1,9,ZDT1_n10_m2
0.018147046903729497,0.8437828762210307,0.8437828762210307,ok,mutation,49a60040f4ff5669,-0.0405900468370215,ZDT,True,0.042213712733647005,mutation_eta_05,0.8031928293840092,0.8031928293840092,ok,ZDT1,0,ZDT1_n10_m2
0.013974908870728806,0.8523750219972352,0.8523750219972352,ok,mutation,49a60040f4ff5669,-0.12202601200142316,ZDT,True,0.1170468593908379,mutation_eta_05,0.7303490099958121,0.7303490099958121,ok,ZDT1,1,ZDT1_n10_m2
0.01495878461039073,0.8501427562448602,0.8501427562448602,ok,mutation,49a60040f4ff5669,-0.01654171859737119,ZDT,True,0.027191293691008363,mutation_eta_05,0.833601037647489,0.833601037647489,ok,ZDT1,2,ZDT1_n10_m2
0.13399661689502987,0.7704173564242692,0.7704173564242692,ok,mutation,49a60040f4ff5669,-0.23249004518843908,ZDT,True,0.44134991367339105,mutation_eta_05,0.5379273112358302,0.5379273112358302,ok,ZDT1,3,ZDT1_n10_m2
0.020465105518142006,0.8411053361420079,0.8411053361420079,ok,mutation,49a60040f4ff5669,-0.052737089980919416,ZDT,True,0.06410509879476815,mutation_eta_05,0.7883682461610885,0.7883682461610885,ok,ZDT1,4,ZDT1_n10_m2
0.10944548604773369,0.7868536140737232,0.7868536140737232,ok,mutation,49a60040f4ff5669,-0.1549011448767188,ZDT,True,0.32447418724336674,mutation_eta_05,0.6319524691970044,0.6319524691970044,ok,ZDT1,5,ZDT1_n10_m2
0.016317894498908726,0.8467023121831471,0.8467023121831471,ok,mutation,49a60040f4ff5669,-0.013649511589443053,ZDT,True,0.02512471415959525,mutation_eta_05,0.833052800593704,0.833052800593704,ok,ZDT1,6,ZDT1_n10_m2
0.12573389856211456,0.776836520515406,0.776836520515406,ok,mutation,49a60040f4ff5669,0.0449285845369668,ZDT,True,0.030923782333487335,mutation_eta_05,0.8217651050523728,0.8217651050523728,ok,ZDT1,7,ZDT1_n10_m2
0.019367026410246967,0.8440164848349576,0.8440164848349576,ok,mutation,49a60040f4ff5669,-0.04994423581184737,ZDT,True,0.04902904720646582,mutation_eta_05,0.7940722490231102,0.7940722490231102,ok,ZDT1,8,ZDT1_n10_m2
0.023031252498993897,0.8349720001191931,0.8349720001191931,ok,mutation,49a60040f4ff5669,-0.06679421230891758,ZDT,True,0.06736939350544273,mutation_eta_05,0.7681777878102756,0.7681777878102756,ok,ZDT1,9,ZDT1_n10_m2
0.018147046903729497,0.8437828762210307,0.8437828762210307,ok,crossover,8e5d827896deca87,-0.030048180836980687,ZDT,True,0.0356768157735754,crossover_prob_01,0.81373469538405,0.81373469538405,ok,ZDT1,0,ZDT1_n10_m2
0.013974908870728806,0.8523750219972352,0.8523750219972352,ok,crossover,8e5d827896deca87,-0.014684603156204679,ZDT,True,0.02477874569735566,crossover_prob_01,0.8376904188410306,0.8376904188410306,ok,ZDT1,1,ZDT1_n10_m2
0.01495878461039073,0.8501427562448602,0.8501427562448602,ok,crossover,8e5d827896deca87,-0.02282525837864513,ZDT,True,0.02888735438118391,crossover_prob_01,0.8273174978662151,0.8273174978662151,ok,ZDT1,2,ZDT1_n10_m2
0.13399661689502987,0.7704173564242692,0.7704173564242692,ok,crossover,8e5d827896deca87,-0.05875631736788667,ZDT,True,0.20194504177381123,crossover_prob_01,0.7116610390563826,0.7116610390563826,ok,ZDT1,3,ZDT1_n10_m2
0.020465105518142006,0.8411053361420079,0.8411053361420079,ok,crossover,8e5d827896deca87,-0.03726455626861758,ZDT,True,0.04364016093264158,crossover_prob_01,0.8038407798733903,0.8038407798733903,ok,ZDT1,4,ZDT1_n10_m2
0.10944548604773369,0.7868536140737232,0.7868536140737232,ok,crossover,8e5d827896deca87,-0.014680632560636453,ZDT,True,0.11638306996732972,crossover_prob_01,0.7721729815130868,0.7721729815130868,ok,ZDT1,5,ZDT1_n10_m2
0.016317894498908726,0.8467023121831471,0.8467023121831471,ok,crossover,8e5d827896deca87,-0.05379460541090897,ZDT,True,0.07135330187350415,crossover_prob_01,0.7929077067722381,0.7929077067722381,ok,ZDT1,6,ZDT1_n10_m2
0.12573389856211456,0.776836520515406,0.776836520515406,ok,crossover,8e5d827896deca87,0.0019748673704230724,ZDT,True,0.08107928682809169,crossover_prob_01,0.778811387885829,0.778811387885829,ok,ZDT1,7,ZDT1_n10_m2
0.019367026410246967,0.8440164848349576,0.8440164848349576,ok,crossover,8e5d827896deca87,-0.06745943001524635,ZDT,True,0.0708642720883757,crossover_prob_01,0.7765570548197113,0.7765570548197113,ok,ZDT1,8,ZDT1_n10_m2
0.023031252498993897,0.8349720001191931,0.8349720001191931,ok,crossover,8e5d827896deca87,-0.024453957300717977,ZDT,True,0.038714468038627166,crossover_prob_01,0.8105180428184752,0.8105180428184752,ok,ZDT1,9,ZDT1_n10_m2
0.018147046903729497,0.8437828762210307,0.8437828762210307,ok,crossover,b098af475e7ddd49,-0.013043443699591761,ZDT,True,0.026836543180617303,crossover_prob_02,0.8307394325214389,0.8307394325214389,ok,ZDT1,0,ZDT1_n10_m2
0.013974908870728806,0.8523750219972352,0.8523750219972352,ok,crossover,b098af475e7ddd49,-0.004355048915473447,ZDT,True,0.01571921747401145,crossover_prob_02,0.8480199730817618,0.8480199730817618,ok,ZDT1,1,ZDT1_n10_m2
0.01495878461039073,0.8501427562448602,0.8501427562448602,ok,crossover,b098af475e7ddd49,-0.0024650918326100113,ZDT,True,0.01785591568723545,crossover_prob_02,0.8476776644122502,0.8476776644122502,ok,ZDT1,2,ZDT1_n10_m2
0.13399661689502987,0.7704173564242692,0.7704173564242692,ok,crossover,b098af475e7ddd49,-0.0004982501140394779,ZDT,True,0.13342508065235906,crossover_prob_02,0.7699191063102298,0.7699191063102298,ok,ZDT1,3,ZDT1_n10_m2
0.020465105518142006,0.8411053361420079,0.8411053361420079,ok,crossover,b098af475e7ddd49,-0.002200244175429855,ZDT,True,0.021709794218029488,crossover_prob_02,0.838905091966578,0.838905091966578,ok,ZDT1,4,ZDT1_n10_m2
0.10944548604773369,0.7868536140737232,0.7868536140737232,ok,crossover,b098af475e7ddd49,0.06962833729831563,ZDT,True,0.011612836296693026,crossover_prob_02,0.8564819513720389,0.8564819513720389,ok,ZDT1,5,ZDT1_n10_m2
0.016317894498908726,0.8467023121831471,0.8467023121831471,ok,crossover,b098af475e7ddd49,0.0031192621274379606,ZDT,True,0.018288890243106534,crossover_prob_02,0.849821574310585,0.849821574310585,ok,ZDT1,6,ZDT1_n10_m2
0.12573389856211456,0.776836520515406,0.776836520515406,ok,crossover,b098af475e7ddd49,-0.0764740907903223,ZDT,True,0.23349358639429757,crossover_prob_02,0.7003624297250837,0.7003624297250837,ok,ZDT1,7,ZDT1_n10_m2
0.019367026410246967,0.8440164848349576,0.8440164848349576,ok,crossover,b098af475e7ddd49,-0.0006051963229476431,ZDT,True,0.019677507734352163,crossover_prob_02,0.84341128851201,0.84341128851201,ok,ZDT1,8,ZDT1_n10_m2
0.023031252498993897,0.8349720001191931,0.8349720001191931,ok,crossover,b098af475e7ddd49,-0.001370619368711412,ZDT,True,0.02602575145406601,crossover_prob_02,0.8336013807504817,0.8336013807504817,ok,ZDT1,9,ZDT1_n10_m2
0.018147046903729497,0.8437828762210307,0.8437828762210307,ok,crossover,558590fd27d2f280,0.0014947118649004665,ZDT,True,0.01770058997481669,crossover_prob_03,0.8452775880859311,0.8452775880859311,ok,ZDT1,0,ZDT1_n10_m2
0.013974908870728806,0.8523750219972352,0.8523750219972352,ok,crossover,558590fd27d2f280,0.000681038996804606,ZDT,True,0.013271877246098202,crossover_prob_03,0.8530560609940399,0.8530560609940399,ok,ZDT1,1,ZDT1_n10_m2
0.01495878461039073,0.8501427562448602,0.8501427562448602,ok,crossover,558590fd27d2f280,0.006246983202253031,ZDT,True,0.011511205044720127,crossover_prob_03,0.8563897394471133,0.8563897394471133,ok,ZDT1,2,ZDT1_n10_m2
0.13399661689502987,0.7704173564242692,0.7704173564242692,ok,crossover,558590fd27d2f280,0.01612397001362842,ZDT,True,0.1093820777236081,crossover_prob_03,0.7865413264378976,0.7865413264378976,ok,ZDT1,3,ZDT1_n10_m2
0.020465105518142006,0.8411053361420079,0.8411053361420079,ok,crossover,558590fd27d2f280,-0.004709464296205557,ZDT,True,0.030414838862070828,crossover_prob_03,0.8363958718458023,0.8363958718458023,ok,ZDT1,4,ZDT1_n10_m2
0.10944548604773369,0.7868536140737232,0.7868536140737232,ok,crossover,558590fd27d2f280,0.05259529336533941,ZDT,True,0.025770944044176118,crossover_prob_03,0.8394489074390626,0.8394489074390626,ok,ZDT1,5,ZDT1_n10_m2
0.016317894498908726,0.8467023121831471,0.8467023121831471,ok,crossover,558590fd27d2f280,0.00839626066681165,ZDT,True,0.012516017510719252,crossover_prob_03,0.8550985728499587,0.8550985728499587,ok,ZDT1,6,ZDT1_n10_m2
0.12573389856211456,0.776836520515406,0.776836520515406,ok,crossover,558590fd27d2f280,0.011687584214297497,ZDT,True,0.09731893986507269,crossover_prob_03,0.7885241047297035,0.7885241047297035,ok,ZDT1,7,ZDT1_n10_m2
0.019367026410246967,0.8440164848349576,0.8440164848349576,ok,crossover,558590fd27d2f280,0.008230751453203733,ZDT,True,0.013595307248337397,crossover_prob_03,0.8522472362881613,0.8522472362881613,ok,ZDT1,8,ZDT1_n10_m2
0.023031252498993897,0.8349720001191931,0.8349720001191931,ok,crossover,558590fd27d2f280,0.01096632880864945,ZDT,True,0.016580448621414074,crossover_prob_03,0.8459383289278426,0.8459383289278426,ok,ZDT1,9,ZDT1_n10_m2
0.018147046903729497,0.8437828762210307,0.8437828762210307,ok,crossover,cfb1abeb7db770cd,0.008074966764598401,ZDT,True,0.014028065872021428,crossover_eta_01,0.851857842985629,0.851857842985629,ok,ZDT1,0,ZDT1_n10_m2
0.013974908870728806,0.8523750219972352,0.8523750219972352,ok,crossover,cfb1abeb7db770cd,-0.006299045538270431,ZDT,True,0.017404587806482446,crossover_eta_01,0.8460759764589648,0.8460759764589648,ok,ZDT1,1,ZDT1_n10_m2
0.01495878461039073,0.8501427562448602,0.8501427562448602,ok,crossover,cfb1abeb7db770cd,0.0031330099726636362,ZDT,True,0.01332644847538988,crossover_eta_01,0.8532757662175239,0.8532757662175239,ok,ZDT1,2,ZDT1_n10_m2
0.13399661689502987,0.7704173564242692,0.7704173564242692,ok,crossover,cfb1abeb7db770cd,0.07666716122346529,ZDT,True,0.018649503730065523,crossover_eta_01,0.8470845176477345,0.8470845176477345,ok,ZDT1,3,ZDT1_n10_m2
0.020465105518142006,0.8411053361420079,0.8411053361420079,ok,crossover,cfb1abeb7db770cd,0.0033624962345875087,ZDT,True,0.018756790460111285,crossover_eta_01,0.8444678323765954,0.8444678323765954,ok,ZDT1,4,ZDT1_n10_m2
0.10944548604773369,0.7868536140737232,0.7868536140737232,ok,crossover,cfb1abeb7db770cd,0.06764192304445715,ZDT,True,0.013135611967440713,crossover_eta_01,0.8544955371181804,0.8544955371181804,ok,ZDT1,5,ZDT1_n10_m2
0.016317894498908726,0.8467023121831471,0.8467023121831471,ok,crossover,cfb1abeb7db770cd,0.007076465096385376,ZDT,True,0.013901603689116512,crossover_eta_01,0.8537787772795324,0.8537787772795324,ok,ZDT1,6,ZDT1_n10_m2
0.12573389856211456,0.776836520515406,0.776836520515406,ok,crossover,cfb1abeb7db770cd,0.08045008460494574,ZDT,True,0.010965346571010684,crossover_eta_01,0.8572866051203517,0.8572866051203517,ok,ZDT1,7,ZDT1_n10_m2
0.019367026410246967,0.8440164848349576,0.8440164848349576,ok,crossover,cfb1abeb7db770cd,0.014053797997815143,ZDT,True,0.01086261640056707,crossover_eta_01,0.8580702828327728,0.8580702828327728,ok,ZDT1,8,ZDT1_n10_m2
0.023031252498993897,0.8349720001191931,0.8349720001191931,ok,crossover,cfb1abeb7db770cd,0.019941602400309955,ZDT,True,0.011708050796896687,crossover_eta_01,0.8549136025195031,0.8549136025195031,ok,ZDT1,9,ZDT1_n10_m2
0.018147046903729497,0.8437828762210307,0.8437828762210307,ok,crossover,0659d068ee0d2946,-0.13652814468546293,ZDT,True,0.22240844335034102,crossover_eta_02,0.7072547315355677,0.7072547315355677,ok,ZDT1,0,ZDT1_n10_m2
0.013974908870728806,0.8523750219972352,0.8523750219972352,ok,crossover,0659d068ee0d2946,-0.011498385914558096,ZDT,True,0.025580831852336925,crossover_eta_02,0.8408766360826772,0.8408766360826772,ok,ZDT1,1,ZDT1_n10_m2
0.01495878461039073,0.8501427562448602,0.8501427562448602,ok,crossover,0659d068ee0d2946,0.004235249411856601,ZDT,True,0.01279007862790952,crossover_eta_02,0.8543780056567168,0.8543780056567168,ok,ZDT1,2,ZDT1_n10_m2
0.13399661689502987,0.7704173564242692,0.7704173564242692,ok,crossover,0659d068ee0d2946,0.07687165533475493,ZDT,True,0.019029238859472847,crossover_eta_02,0.8472890117590242,0.8472890117590242,ok,ZDT1,3,ZDT1_n10_m2
0.020465105518142006,0.8411053361420079,0.8411053361420079,ok,crossover,0659d068ee0d2946,0.0006867553378109292,ZDT,True,0.02002456340996496,crossover_eta_02,0.8417920914798188,0.8417920914798188,ok,ZDT1,4,ZDT1_n10_m2
0.10944548604773369,0.7868536140737232,0.7868536140737232,ok,crossover,0659d068ee0d2946,-0.01900327363331078,ZDT,True,0.13516555464465563,crossover_eta_02,0.7678503404404124,0.7678503404404124,ok,ZDT1,5,ZDT1_n10_m2
0.016317894498908726,0.8467023121831471,0.8467023121831471,ok,crossover,0659d068ee0d2946,0.004867491350764697,ZDT,True,0.01424238798914994,crossover_eta_02,0.8515698035339118,0.8515698035339118,ok,ZDT1,6,ZDT1_n10_m2
0.12573389856211456,0.776836520515406,0.776836520515406,ok,crossover,0659d068ee0d2946,0.0794361045177181,ZDT,True,0.011939538454951455,crossover_eta_02,0.8562726250331241,0.8562726250331241,ok,ZDT1,7,ZDT1_n10_m2
0.019367026410246967,0.8440164848349576,0.8440164848349576,ok,crossover,0659d068ee0d2946,0.005848452574553575,ZDT,True,0.015700312742504604,crossover_eta_02,0.8498649374095112,0.8498649374095112,ok,ZDT1,8,ZDT1_n10_m2
0.023031252498993897,0.8349720001191931,0.8349720001191931,ok,crossover,0659d068ee0d2946,0.01762188945508003,ZDT,True,0.013342336338866617,crossover_eta_02,0.8525938895742732,0.8525938895742732,ok,ZDT1,9,ZDT1_n10_m2
0.018147046903729497,0.8437828762210307,0.8437828762210307,ok,crossover,c029821d4c2471d9,0.004326575120478626,ZDT,True,0.015859381050334253,crossover_eta_03,0.8481094513415093,0.8481094513415093,ok,ZDT1,0,ZDT1_n10_m2
0.013974908870728806,0.8523750219972352,0.8523750219972352,ok,crossover,c029821d4c2471d9,-0.012692531610790425,ZDT,True,0.020853246656950424,crossover_eta_03,0.8396824903864448,0.8396824903864448,ok,ZDT1,1,ZDT1_n10_m2
0.01495878461039073,0.8501427562448602,0.8501427562448602,ok,crossover,c029821d4c2471d9,-0.018463787111344332,ZDT,True,0.044848995493818766,crossover_eta_03,0.8316789691335159,0.8316789691335159,ok,ZDT1,2,ZDT1_n10_m2
0.13399661689502987,0.7704173564242692,0.7704173564242692,ok,crossover,c029821d4c2471d9,-0.06432766397122913,ZDT,True,0.22497030338289326,crossover_eta_03,0.7060896924530401,0.7060896924530401,ok,ZDT1,3,ZDT1_n10_m2
0.020465105518142006,0.8411053361420079,0.8411053361420079,ok,crossover,c029821d4c2471d9,0.00986281145795076,ZDT,True,0.015239949360251167,crossover_eta_03,0.8509681475999586,0.8509681475999586,ok,ZDT1,4,ZDT1_n10_m2
0.10944548604773369,0.7868536140737232,0.7868536140737232,ok,crossover,c029821d4c2471d9,0.07077196524551077,ZDT,True,0.01133456431058522,crossover_eta_03,0.857625579319234,0.857625579319234,ok,ZDT1,5,ZDT1_n10_m2
0.016317894498908726,0.8467023121831471,0.8467023121831471,ok,crossover,c029821d4c2471d9,-0.00532369343094341,ZDT,True,0.022646663436067856,crossover_eta_03,0.8413786187522037,0.8413786187522037,ok,ZDT1,6,ZDT1_n10_m2
0.12573389856211456,0.776836520515406,0.776836520515406,ok,crossover,c029821d4c2471d9,0.06904123929807038,ZDT,True,0.020027699549384385,crossover_eta_03,0.8458777598134763,0.8458777598134763,ok,ZDT1,7,ZDT1_n10_m2
0.019367026410246967,0.8440164848349576,0.8440164848349576,ok,crossover,c029821d4c2471d9,-0.00742073734185511,ZDT,True,0.03376804195342924,crossover_eta_03,0.8365957474931025,0.8365957474931025,ok,ZDT1,8,ZDT1_n10_m2
0.023031252498993897,0.8349720001191931,0.8349720001191931,ok,crossover,c029821d4c2471d9,-0.0077194157879509895,ZDT,True,0.035435158143759304,crossover_eta_03,0.8272525843312422,0.8272525843312422,ok,ZDT1,9,ZDT1_n10_m2
0.018147046903729497,0.8437828762210307,0.8437828762210307,ok,crossover,13ec22ea08fe356d,0.004521631327053965,ZDT,True,0.01655326517360763,crossover_eta_04,0.8483045075480846,0.8483045075480846,ok,ZDT1,0,ZDT1_n10_m2
0.013974908870728806,0.8523750219972352,0.8523750219972352,ok,crossover,13ec22ea08fe356d,-0.02272673785367396,ZDT,True,0.04396919492090489,crossover_eta_04,0.8296482841435613,0.8296482841435613,ok,ZDT1,1,ZDT1_n10_m2
0.01495878461039073,0.8501427562448602,0.8501427562448602,ok,crossover,13ec22ea08fe356d,-0.006642417798910616,ZDT,True,0.026543428993722973,crossover_eta_04,0.8435003384459496,0.8435003384459496,ok,ZDT1,2,ZDT1_n10_m2
0.13399661689502987,0.7704173564242692,0.7704173564242692,ok,crossover,13ec22ea08fe356d,-0.001480523715500337,ZDT,True,0.14080120624503212,crossover_eta_04,0.7689368327087689,0.7689368327087689,ok,ZDT1,3,ZDT1_n10_m2
0.020465105518142006,0.8411053361420079,0.8411053361420079,ok,crossover,13ec22ea08fe356d,-0.02062860261532118,ZDT,True,0.04492575996004186,crossover_eta_04,0.8204767335266867,0.8204767335266867,ok,ZDT1,4,ZDT1_n10_m2
0.10944548604773369,0.7868536140737232,0.7868536140737232,ok,crossover,13ec22ea08fe356d,0.06405488313020602,ZDT,True,0.015840378168550592,crossover_eta_04,0.8509084972039292,0.8509084972039292,ok,ZDT1,5,ZDT1_n10_m2
0.016317894498908726,0.8467023121831471,0.8467023121831471,ok,crossover,13ec22ea08fe356d,-0.05328468755349991,ZDT,True,0.09505243748337323,crossover_eta_04,0.7934176246296472,0.7934176246296472,ok,ZDT1,6,ZDT1_n10_m2
0.12573389856211456,0.776836520515406,0.776836520515406,ok,crossover,13ec22ea08fe356d,0.0009650455107853562,ZDT,True,0.12229172531958561,crossover_eta_04,0.7778015660261913,0.7778015660261913,ok,ZDT1,7,ZDT1_n10_m2
0.019367026410246967,0.8440164848349576,0.8440164848349576,ok,crossover,13ec22ea08fe356d,0.012824545682092015,ZDT,True,0.011512090230264498,crossover_eta_04,0.8568410305170496,0.8568410305170496,ok,ZDT1,8,ZDT1_n10_m2
0.023031252498993897,0.8349720001191931,0.8349720001191931,ok,crossover,13ec22ea08fe356d,0.00107100136116689,ZDT,True,0.02562020249885909,crossover_eta_04,0.83604300148036,0.83604300148036,ok,ZDT1,9,ZDT1_n10_m2
0.018147046903729497,0.8437828762210307,0.8437828762210307,ok,selection,8c2cb099152b01ef,0.01175837991847617,ZDT,True,0.012532953843131774,selection_tournament_01,0.8555412561395068,0.8555412561395068,ok,ZDT1,0,ZDT1_n10_m2
0.013974908870728806,0.8523750219972352,0.8523750219972352,ok,selection,8c2cb099152b01ef,-0.014755018099696038,ZDT,True,0.03020648886889455,selection_tournament_01,0.8376200038975392,0.8376200038975392,ok,ZDT1,1,ZDT1_n10_m2
0.01495878461039073,0.8501427562448602,0.8501427562448602,ok,selection,8c2cb099152b01ef,-0.04958430121112478,ZDT,True,0.09141313633989978,selection_tournament_01,0.8005584550337355,0.8005584550337355,ok,ZDT1,2,ZDT1_n10_m2
0.13399661689502987,0.7704173564242692,0.7704173564242692,ok,selection,8c2cb099152b01ef,0.08437900063638859,ZDT,True,0.012667727548806348,selection_tournament_01,0.8547963570606578,0.8547963570606578,ok,ZDT1,3,ZDT1_n10_m2
0.020465105518142006,0.8411053361420079,0.8411053361420079,ok,selection,8c2cb099152b01ef,-0.015299250756173444,ZDT,True,0.02771049189956225,selection_tournament_01,0.8258060853858344,0.8258060853858344,ok,ZDT1,4,ZDT1_n10_m2
0.10944548604773369,0.7868536140737232,0.7868536140737232,ok,selection,8c2cb099152b01ef,-0.019290458509327757,ZDT,True,0.13355247846303353,selection_tournament_01,0.7675631555643955,0.7675631555643955,ok,ZDT1,5,ZDT1_n10_m2
0.016317894498908726,0.8467023121831471,0.8467023121831471,ok,selection,8c2cb099152b01ef,-0.001474337427243011,ZDT,True,0.021904715600548255,selection_tournament_01,0.845227974755904,0.845227974755904,ok,ZDT1,6,ZDT1_n10_m2
0.12573389856211456,0.776836520515406,0.776836520515406,ok,selection,8c2cb099152b01ef,0.0034259966392352625,ZDT,True,0.11777522545037689,selection_tournament_01,0.7802625171546412,0.7802625171546412,ok,ZDT1,7,ZDT1_n10_m2
0.019367026410246967,0.8440164848349576,0.8440164848349576,ok,selection,8c2cb099152b01ef,0.0100558849823289,ZDT,True,0.012973897207115073,selection_tournament_01,0.8540723698172865,0.8540723698172865,ok,ZDT1,8,ZDT1_n10_m2
0.023031252498993897,0.8349720001191931,0.8349720001191931,ok,selection,8c2cb099152b01ef,0.022642082597347457,ZDT,True,0.011766041767654818,selection_tournament_01,0.8576140827165406,0.8576140827165406,ok,ZDT1,9,ZDT1_n10_m2
0.018147046903729497,0.8437828762210307,0.8437828762210307,ok,selection,5b1978066176501c,-0.005647429517698144,ZDT,True,0.028528613140657112,selection_tournament_02,0.8381354467033325,0.8381354467033325,ok,ZDT1,0,ZDT1_n10_m2
0.013974908870728806,0.8523750219972352,0.8523750219972352,ok,selection,5b1978066176501c,-0.06677800340090467,ZDT,True,0.11275693175250515,selection_tournament_02,0.7855970185963306,0.7855970185963306,ok,ZDT1,1,ZDT1_n10_m2
0.01495878461039073,0.8501427562448602,0.8501427562448602,ok,selection,5b1978066176501c,0.006788150042737584,ZDT,True,0.011766244390645789,selection_tournament_02,0.8569309062875978,0.8569309062875978,ok,ZDT1,2,ZDT1_n10_m2
0.13399661689502987,0.7704173564242692,0.7704173564242692,ok,selection,5b1978066176501c,0.08826575948340143,ZDT,True,0.011092587165579537,selection_tournament_02,0.8586831159076707,0.8586831159076707,ok,ZDT1,3,ZDT1_n10_m2
0.020465105518142006,0.8411053361420079,0.8411053361420079,ok,selection,5b1978066176501c,0.010565994193070471,ZDT,True,0.013558979081091216,selection_tournament_02,0.8516713303350784,0.8516713303350784,ok,ZDT1,4,ZDT1_n10_m2
0.10944548604773369,0.7868536140737232,0.7868536140737232,ok,selection,5b1978066176501c,0.06180199873063075,ZDT,True,0.016643535767038833,selection_tournament_02,0.848655612804354,0.848655612804354,ok,ZDT1,5,ZDT1_n10_m2
0.016317894498908726,0.8467023121831471,0.8467023121831471,ok,selection,5b1978066176501c,0.005038046606442914,ZDT,True,0.017350963406195997,selection_tournament_02,0.85174035878959,0.85174035878959,ok,ZDT1,6,ZDT1_n10_m2
0.12573389856211456,0.776836520515406,0.776836520515406,ok,selection,5b1978066176501c,0.05599794041974271,ZDT,True,0.03793100757576266,selection_tournament_02,0.8328344609351487,0.8328344609351487,ok,ZDT1,7,ZDT1_n10_m2
0.019367026410246967,0.8440164848349576,0.8440164848349576,ok,selection,5b1978066176501c,0.013533067818879085,ZDT,True,0.011684570517359145,selection_tournament_02,0.8575495526538367,0.8575495526538367,ok,ZDT1,8,ZDT1_n10_m2
0.023031252498993897,0.8349720001191931,0.8349720001191931,ok,selection,5b1978066176501c,0.013930575362088415,ZDT,True,0.019466428471994732,selection_tournament_02,0.8489025754812816,0.8489025754812816,ok,ZDT1,9,ZDT1_n10_m2
0.018147046903729497,0.8437828762210307,0.8437828762210307,ok,selection,2983d505a37bd8e9,-0.002315941723551873,ZDT,True,0.02066287382258233,selection_tournament_03,0.8414669344974788,0.8414669344974788,ok,ZDT1,0,ZDT1_n10_m2
0.013974908870728806,0.8523750219972352,0.8523750219972352,ok,selection,2983d505a37bd8e9,-0.009835008406289147,ZDT,True,0.02879114868450517,selection_tournament_03,0.8425400135909461,0.8425400135909461,ok,ZDT1,1,ZDT1_n10_m2
0.01495878461039073,0.8501427562448602,0.8501427562448602,ok,selection,2983d505a37bd8e9,0.002928768964574502,ZDT,True,0.013395868389462317,selection_tournament_03,0.8530715252094347,0.8530715252094347,ok,ZDT1,2,ZDT1_n10_m2
0.13399661689502987,0.7704173564242692,0.7704173564242692,ok,selection,2983d505a37bd8e9,0.07048870617780811,ZDT,True,0.02383096498974269,selection_tournament_03,0.8409060626020773,0.8409060626020773,ok,ZDT1,3,ZDT1_n10_m2
0.020465105518142006,0.8411053361420079,0.8411053361420079,ok,selection,2983d505a37bd8e9,-0.002153218988660055,ZDT,True,0.021377240779359437,selection_tournament_03,0.8389521171533478,0.8389521171533478,ok,ZDT1,4,ZDT1_n10_m2
0.10944548604773369,0.7868536140737232,0.7868536140737232,ok,selection,2983d505a37bd8e9,0.0713214752463075,ZDT,True,0.010658710396425427,selection_tournament_03,0.8581750893200307,0.8581750893200307,ok,ZDT1,5,ZDT1_n10_m2
0.016317894498908726,0.8467023121831471,0.8467023121831471,ok,selection,2983d505a37bd8e9,0.005249597182679477,ZDT,True,0.015760575702561553,selection_tournament_03,0.8519519093658265,0.8519519093658265,ok,ZDT1,6,ZDT1_n10_m2
0.12573389856211456,0.776836520515406,0.776836520515406,ok,selection,2983d505a37bd8e9,0.07264769453783926,ZDT,True,0.018586499076856177,selection_tournament_03,0.8494842150532452,0.8494842150532452,ok,ZDT1,7,ZDT1_n10_m2
0.019367026410246967,0.8440164848349576,0.8440164848349576,ok,selection,2983d505a37bd8e9,0.014085759834195466,ZDT,True,0.01139673249205161,selection_tournament_03,0.8581022446691531,0.8581022446691531,ok,ZDT1,8,ZDT1_n10_m2
0.023031252498993897,0.8349720001191931,0.8349720001191931,ok,selection,2983d505a37bd8e9,0.018096520827515228,ZDT,True,0.013855506032863693,selection_tournament_03,0.8530685209467084,0.8530685209467084,ok,ZDT1,9,ZDT1_n10_m2
0.034050280925050136,0.8151038932349042,0.8151038932349042,ok,mutation,63b0b23eead2885c,0.009774397694332526,ZDT,True,0.03408981276681506,mutation_prob_02,0.8248782909292367,0.8248782909292367,ok,ZDT1,0,ZDT1_n20_m2
0.05883086716812038,0.7929428001042307,0.7929428001042307,ok,mutation,63b0b23eead2885c,0.03350973951848624,ZDT,True,0.029002610776685842,mutation_prob_02,0.8264525396227169,0.8264525396227169,ok,ZDT1,1,ZDT1_n20_m2
0.04496659386496944,0.7990862473119021,0.7990862473119021,ok,mutation,63b0b23eead2885c,-0.010882581843469685,ZDT,True,0.0764074328320949,mutation_prob_02,0.7882036654684325,0.7882036654684325,ok,ZDT1,2,ZDT1_n20_m2
0.05019005398358491,0.789384352935568,0.789384352935568,ok,mutation,63b0b23eead2885c,0.0362075957814173,ZDT,True,0.028762869734057433,mutation_prob_02,0.8255919487169853,0.8255919487169853,ok,ZDT1,3,ZDT1_n20_m2
0.14690922518492813,0.7377156481187103,0.7377156481187103,ok,mutation,63b0b23eead2885c,0.09286802000117278,ZDT,True,0.0258639974290629,mutation_prob_02,0.830583668119883,0.830583668119883,ok,ZDT1,4,ZDT1_n20_m2
0.051599248220205854,0.8095886094203119,0.8095886094203119,ok,mutation,63b0b23eead2885c,0.02441445668989528,ZDT,True,0.02398647818732839,mutation_prob_02,0.8340030661102071,0.8340030661102071,ok,ZDT1,5,ZDT1_n20_m2
0.12355746293235836,0.7597052365978674,0.7597052365978674,ok,mutation,63b0b23eead2885c,0.07403191533439424,ZDT,True,0.024234762471287804,mutation_prob_02,0.8337371519322616,0.8337371519322616,ok,ZDT1,6,ZDT1_n20_m2
0.08242059977530582,0.7724987292343182,0.7724987292343182,ok,mutation,63b0b23eead2885c,0.05667072801469408,ZDT,True,0.027479498462256852,mutation_prob_02,0.8291694572490123,0.8291694572490123,ok,ZDT1,7,ZDT1_n20_m2
0.03990406116105203,0.8075478725459124,0.8075478725459124,ok,mutation,63b0b23eead2885c,-0.03435451995389249,ZDT,True,0.12243836220626308,mutation_prob_02,0.7731933525920199,0.7731933525920199,ok,ZDT1,8,ZDT1_n20_m2
0.060718008859475606,0.7852489804538894,0.7852489804538894,ok,mutation,63b0b23eead2885c,0.032050604959136586,ZDT,True,0.04248921845781553,mutation_prob_02,0.8172995854130259,0.8172995854130259,ok,ZDT1,9,ZDT1_n20_m2
0.034050280925050136,0.8151038932349042,0.8151038932349042,ok,mutation,3064b9579071b709,0.009972856824743581,ZDT,True,0.02929965372544988,mutation_prob_03,0.8250767500596478,0.8250767500596478,ok,ZDT1,0,ZDT1_n20_m2
0.05883086716812038,0.7929428001042307,0.7929428001042307,ok,mutation,3064b9579071b709,0.033402454793642566,ZDT,True,0.028049487420664782,mutation_prob_03,0.8263452548978732,0.8263452548978732,ok,ZDT1,1,ZDT1_n20_m2
0.04496659386496944,0.7990862473119021,0.7990862473119021,ok,mutation,3064b9579071b709,0.03250878183074424,ZDT,True,0.025913680073588317,mutation_prob_03,0.8315950291426464,0.8315950291426464,ok,ZDT1,2,ZDT1_n20_m2
0.05019005398358491,0.789384352935568,0.789384352935568,ok,mutation,3064b9579071b709,0.04560250595855497,ZDT,True,0.024086444525325743,mutation_prob_03,0.8349868588941229,0.8349868588941229,ok,ZDT1,3,ZDT1_n20_m2
0.14690922518492813,0.7377156481187103,0.7377156481187103,ok,mutation,3064b9579071b709,0.08633606452981313,ZDT,True,0.03128995518837778,mutation_prob_03,0.8240517126485234,0.8240517126485234,ok,ZDT1,4,ZDT1_n20_m2
0.051599248220205854,0.8095886094203119,0.8095886094203119,ok,mutation,3064b9579071b709,0.017076356085931277,ZDT,True,0.029595475062850145,mutation_prob_03,0.8266649655062431,0.8266649655062431,ok,ZDT1,5,ZDT1_n20_m2
0.12355746293235836,0.7597052365978674,0.7597052365978674,ok,mutation,3064b9579071b709,0.07979536496177997,ZDT,True,0.02098463492710312,mutation_prob_03,0.8395006015596473,0.8395006015596473,ok,ZDT1,6,ZDT1_n20_m2
0.08242059977530582,0.7724987292343182,0.7724987292343182,ok,mutation,3064b9579071b709,0.0613599446032399,ZDT,True,0.023717346502751743,mutation_prob_03,0.8338586738375581,0.8338586738375581,ok,ZDT1,7,ZDT1_n20_m2
0.03990406116105203,0.8075478725459124,0.8075478725459124,ok,mutation,3064b9579071b709,0.027915117313924043,ZDT,True,0.02391054146616197,mutation_prob_03,0.8354629898598365,0.8354629898598365,ok,ZDT1,8,ZDT1_n20_m2
0.060718008859475606,0.7852489804538894,0.7852489804538894,ok,mutation,3064b9579071b709,0.03065605178393105,ZDT,True,0.04281976857593641,mutation_prob_03,0.8159050322378204,0.8159050322378204,ok,ZDT1,9,ZDT1_n20_m2
0.034050280925050136,0.8151038932349042,0.8151038932349042,ok,mutation,e94bbdb5b5fbb3c4,0.005415888584103357,ZDT,True,0.032200427093287146,mutation_prob_04,0.8205197818190075,0.8205197818190075,ok,ZDT1,0,ZDT1_n20_m2
0.05883086716812038,0.7929428001042307,0.7929428001042307,ok,mutation,e94bbdb5b5fbb3c4,0.024171833510229446,ZDT,True,0.03437647827392479,mutation_prob_04,0.8171146336144601,0.8171146336144601,ok,ZDT1,1,ZDT1_n20_m2
0.04496659386496944,0.7990862473119021,0.7990862473119021,ok,mutation,e94bbdb5b5fbb3c4,0.016326869489935336,ZDT,True,0.03631967155393098,mutation_prob_04,0.8154131168018375,0.8154131168018375,ok,ZDT1,2,ZDT1_n20_m2
0.05019005398358491,0.789384352935568,0.789384352935568,ok,mutation,e94bbdb5b5fbb3c4,-0.0267231108684286,ZDT,True,0.09584157493644642,mutation_prob_04,0.7626612420671394,0.7626612420671394,ok,ZDT1,3,ZDT1_n20_m2
0.14690922518492813,0.7377156481187103,0.7377156481187103,ok,mutation,e94bbdb5b5fbb3c4,0.061837900944730406,ZDT,True,0.05446497036994721,mutation_prob_04,0.7995535490634407,0.7995535490634407,ok,ZDT1,4,ZDT1_n20_m2
0.051599248220205854,0.8095886094203119,0.8095886094203119,ok,mutation,e94bbdb5b5fbb3c4,0.023494810511032305,ZDT,True,0.02542430217894131,mutation_prob_04,0.8330834199313442,0.8330834199313442,ok,ZDT1,5,ZDT1_n20_m2
0.12355746293235836,0.7597052365978674,0.7597052365978674,ok,mutation,e94bbdb5b5fbb3c4,0.0636934105486523,ZDT,True,0.030388660012949906,mutation_prob_04,0.8233986471465197,0.8233986471465197,ok,ZDT1,6,ZDT1_n20_m2
0.08242059977530582,0.7724987292343182,0.7724987292343182,ok,mutation,e94bbdb5b5fbb3c4,0.056197153812078904,ZDT,True,0.027196590804234724,mutation_prob_04,0.8286958830463971,0.8286958830463971,ok,ZDT1,7,ZDT1_n20_m2
0.03990406116105203,0.8075478725459124,0.8075478725459124,ok,mutation,e94bbdb5b5fbb3c4,0.02097924960015307,ZDT,True,0.02722263340662887,mutation_prob_04,0.8285271221460655,0.8285271221460655,ok,ZDT1,8,ZDT1_n20_m2
0.060718008859475606,0.7852489804538894,0.7852489804538894,ok,mutation,e94bbdb5b5fbb3c4,0.0292645486239419,ZDT,True,0.03599429317088929,mutation_prob_04,0.8145135290778313,0.8145135290778313,ok,ZDT1,9,ZDT1_n20_m2
0.034050280925050136,0.8151038932349042,0.8151038932349042,ok,mutation,fe5554470026d965,-0.024181298658467187,ZDT,True,0.05069945734296547,mutation_prob_05,0.790922594576437,0.790922594576437,ok,ZDT1,0,ZDT1_n20_m2
0.05883086716812038,0.7929428001042307,0.7929428001042307,ok,mutation,fe5554470026d965,-0.005477852332275268,ZDT,True,0.050938495405841666,mutation_prob_05,0.7874649477719554,0.7874649477719554,ok,ZDT1,1,ZDT1_n20_m2
0.04496659386496944,0.7990862473119021,0.7990862473119021,ok,mutation,fe5554470026d965,-0.0435308819812007,ZDT,True,0.10880814984554753,mutation_prob_05,0.7555553653307014,0.7555553653307014,ok,ZDT1,2,ZDT1_n20_m2
0.05019005398358491,0.789384352935568,0.789384352935568,ok,mutation,fe5554470026d965,0.002630187379441873,ZDT,True,0.04852235325777144,mutation_prob_05,0.7920145403150098,0.7920145403150098,ok,ZDT1,3,ZDT1_n20_m2
0.14690922518492813,0.7377156481187103,0.7377156481187103,ok,mutation,fe5554470026d965,0.04558449435895351,ZDT,True,0.05557138082883055,mutation_prob_05,0.7833001424776638,0.7833001424776638,ok,ZDT1,4,ZDT1_n20_m2
0.051599248220205854,0.8095886094203119,0.8095886094203119,ok,mutation,fe5554470026d965,-0.0362145420997384,ZDT,True,0.059837168071541026,mutation_prob_05,0.7733740673205735,0.7733740673205735,ok,ZDT1,5,ZDT1_n20_m2
0.12355746293235836,0.7597052365978674,0.7597052365978674,ok,mutation,fe5554470026d965,0.010475350480911194,ZDT,True,0.07057080723377668,mutation_prob_05,0.7701805870787786,0.7701805870787786,ok,ZDT1,6,ZDT1_n20_m2
0.08242059977530582,0.7724987292343182,0.7724987292343182,ok,mutation,fe5554470026d965,0.01845951704142834,ZDT,True,0.04772820500011021,mutation_prob_05,0.7909582462757465,0.7909582462757465,ok,ZDT1,7,ZDT1_n20_m2
0.03990406116105203,0.8075478725459124,0.8075478725459124,ok,mutation,fe5554470026d965,-0.02180963839433092,ZDT,True,0.05639222018698533,mutation_prob_05,0.7857382341515815,0.7857382341515815,ok,ZDT1,8,ZDT1_n20_m2
0.060718008859475606,0.7852489804538894,0.7852489804538894,ok,mutation,fe5554470026d965,-0.0699176301117993,ZDT,True,0.11710439320423721,mutation_prob_05,0.71533135034209,0.71533135034209,ok,ZDT1,9,ZDT1_n20_m2
0.034050280925050136,0.8151038932349042,0.8151038932349042,ok,mutation,78d3ed4debbbbe97,0.015994653004881676,ZDT,True,0.025003233402163157,mutation_eta_01,0.8310985462397859,0.8310985462397859,ok,ZDT1,0,ZDT1_n20_m2
0.05883086716812038,0.7929428001042307,0.7929428001042307,ok,mutation,78d3ed4debbbbe97,0.01828012504576415,ZDT,True,0.03646862894265092,mutation_eta_01,0.8112229251499948,0.8112229251499948,ok,ZDT1,1,ZDT1_n20_m2
0.04496659386496944,0.7990862473119021,0.7990862473119021,ok,mutation,78d3ed4debbbbe97,0.014536793479995036,ZDT,True,0.03708545450197617,mutation_eta_01,0.8136230407918972,0.8136230407918972,ok,ZDT1,2,ZDT1_n20_m2
0.05019005398358491,0.789384352935568,0.789384352935568,ok,mutation,78d3ed4debbbbe97,0.04232959846367468,ZDT,True,0.025457460069766326,mutation_eta_01,0.8317139513992426,0.8317139513992426,ok,ZDT1,3,ZDT1_n20_m2
0.14690922518492813,0.7377156481187103,0.7377156481187103,ok,mutation,78d3ed4debbbbe97,0.08531315050170485,ZDT,True,0.02995791872158928,mutation_eta_01,0.8230287986204151,0.8230287986204151,ok,ZDT1,4,ZDT1_n20_m2
0.051599248220205854,0.8095886094203119,0.8095886094203119,ok,mutation,78d3ed4debbbbe97,0.016768271819216585,ZDT,True,0.030441994194242473,mutation_eta_01,0.8263568812395284,0.8263568812395284,ok,ZDT1,5,ZDT1_n20_m2
0.12355746293235836,0.7597052365978674,0.7597052365978674,ok,mutation,78d3ed4debbbbe97,0.05189414454305541,ZDT,True,0.03733946969521942,mutation_eta_01,0.8115993811409228,0.8115993811409228,ok,ZDT1,6,ZDT1_n20_m2
0.08242059977530582,0.7724987292343182,0.7724987292343182,ok,mutation,78d3ed4debbbbe97,0.05817138578414438,ZDT,True,0.025174681647294247,mutation_eta_01,0.8306701150184626,0.8306701150184626,ok,ZDT1,7,ZDT1_n20_m2
0.03990406116105203,0.8075478725459124,0.8075478725459124,ok,mutation,78d3ed4debbbbe97,0.026220470618881553,ZDT,True,0.024247893133858243,mutation_eta_01,0.833768343164794,0.833768343164794,ok,ZDT1,8,ZDT1_n20_m2
0.060718008859475606,0.7852489804538894,0.7852489804538894,ok,mutation,78d3ed4debbbbe97,0.0030257314462216467,ZDT,True,0.06019008910811687,mutation_eta_01,0.788274711900111,0.788274711900111,ok,ZDT1,9,ZDT1_n20_m2
0.034050280925050136,0.8151038932349042,0.8151038932349042,ok,mutation,7970bd1b81a26e03,0.016605796210156787,ZDT,True,0.025805520234437888,mutation_eta_02,0.831709689445061,0.831709689445061,ok,ZDT1,0,ZDT1_n20_m2
0.05883086716812038,0.7929428001042307,0.7929428001042307,ok,mutation,7970bd1b81a26e03,0.009095739389786694,ZDT,True,0.04766519868145542,mutation_eta_02,0.8020385394940174,0.8020385394940174,ok,ZDT1,1,ZDT1_n20_m2
0.04496659386496944,0.7990862473119021,0.7990862473119021,ok,mutation,7970bd1b81a26e03,-0.008277058247305513,ZDT,True,0.05013845018073097,mutation_eta_02,0.7908091890645966,0.7908091890645966,ok,ZDT1,2,ZDT1_n20_m2
0.05019005398358491,0.789384352935568,0.789384352935568,ok,mutation,7970bd1b81a26e03,0.047541665020861434,ZDT,True,0.022024629071735437,mutation_eta_02,0.8369260179564294,0.8369260179564294,ok,ZDT1,3,ZDT1_n20_m2
0.14690922518492813,0.7377156481187103,0.7377156481187103,ok,mutation,7970bd1b81a26e03,0.0906139376147419,ZDT,True,0.027363253334031286,mutation_eta_02,0.8283295857334522,0.8283295857334522,ok,ZDT1,4,ZDT1_n20_m2
0.051599248220205854,0.8095886094203119,0.8095886094203119,ok,mutation,7970bd1b81a26e03,0.0062866969737219724,ZDT,True,0.03749124378086775,mutation_eta_02,0.8158753063940338,0.8158753063940338,ok,ZDT1,5,ZDT1_n20_m2
0.12355746293235836,0.7597052365978674,0.7597052365978674,ok,mutation,7970bd1b81a26e03,0.06595291869116715,ZDT,True,0.028757021956182006,mutation_eta_02,0.8256581552890345,0.8256581552890345,ok,ZDT1,6,ZDT1_n20_m2
0.08242059977530582,0.7724987292343182,0.7724987292343182,ok,mutation,7970bd1b81a26e03,0.0594449634106613,ZDT,True,0.02481255200005386,mutation_eta_02,0.8319436926449795,0.8319436926449795,ok,ZDT1,7,ZDT1_n20_m2
0.03990406116105203,0.8075478725459124,0.8075478725459124,ok,mutation,7970bd1b81a26e03,0.03596618420342401,ZDT,True,0.018516992756201323,mutation_eta_02,0.8435140567493364,0.8435140567493364,ok,ZDT1,8,ZDT1_n20_m2
0.060718008859475606,0.7852489804538894,0.7852489804538894,ok,mutation,7970bd1b81a26e03,0.047704748829098254,ZDT,True,0.02426609870331043,mutation_eta_02,0.8329537292829876,0.8329537292829876,ok,ZDT1,9,ZDT1_n20_m2
0.034050280925050136,0.8151038932349042,0.8151038932349042,ok,mutation,553818b022d6bcd1,0.003491263339785333,ZDT,True,0.03810191665775579,mutation_eta_03,0.8185951565746895,0.8185951565746895,ok,ZDT1,0,ZDT1_n20_m2
0.05883086716812038,0.7929428001042307,0.7929428001042307,ok,mutation,553818b022d6bcd1,0.008359289213399568,ZDT,True,0.04377478414393849,mutation_eta_03,0.8013020893176303,0.8013020893176303,ok,ZDT1,1,ZDT1_n20_m2
0.04496659386496944,0.7990862473119021,0.7990862473119021,ok,mutation,553818b022d6bcd1,0.0036579418415476628,ZDT,True,0.047727281429045226,mutation_eta_03,0.8027441891534498,0.8027441891534498,ok,ZDT1,2,ZDT1_n20_m2
0.05019005398358491,0.789384352935568,0.789384352935568,ok,mutation,553818b022d6bcd1,0.02025588581747273,ZDT,True,0.039721114448126586,mutation_eta_03,0.8096402387530407,0.8096402387530407,ok,ZDT1,3,ZDT1_n20_m2
0.14690922518492813,0.7377156481187103,0.7377156481187103,ok,mutation,553818b022d6bcd1,0.1013047518740614,ZDT,True,0.02090075682139797,mutation_eta_03,0.8390203999927717,0.8390203999927717,ok,ZDT1,4,ZDT1_n20_m2
0.051599248220205854,0.8095886094203119,0.8095886094203119,ok,mutation,553818b022d6bcd1,0.02675765379881445,ZDT,True,0.023690895684343224,mutation_eta_03,0.8363462632191263,0.8363462632191263,ok,ZDT1,5,ZDT1_n20_m2
0.12355746293235836,0.7597052365978674,0.7597052365978674,ok,mutation,553818b022d6bcd1,0.03672853650544261,ZDT,True,0.06031058515952964,mutation_eta_03,0.79643377310331,0.79643377310331,ok,ZDT1,6,ZDT1_n20_m2
0.08242059977530582,0.7724987292343182,0.7724987292343182,ok,mutation,553818b022d6bcd1,0.05270545758375522,ZDT,True,0.03312387852882266,mutation_eta_03,0.8252041868180734,0.8252041868180734,ok,ZDT1,7,ZDT1_n20_m2
0.03990406116105203,0.8075478725459124,0.8075478725459124,ok,mutation,553818b022d6bcd1,0.010603239732621006,ZDT,True,0.04215195395402154,mutation_eta_03,0.8181511122785334,0.8181511122785334,ok,ZDT1,8,ZDT1_n20_m2
0.060718008859475606,0.7852489804538894,0.7852489804538894,ok,mutation,553818b022d6bcd1,0.011663481369178275,ZDT,True,0.06694217819754093,mutation_eta_03,0.7969124618230676,0.7969124618230676,ok,ZDT1,9,ZDT1_n20_m2
0.034050280925050136,0.8151038932349042,0.8151038932349042,ok,mutation,6f9c13e459e5ea52,-0.009428154682798229,ZDT,True,0.041317561356822345,mutation_eta_04,0.805675738552106,0.805675738552106,ok,ZDT1,0,ZDT1_n20_m2
0.05883086716812038,0.7929428001042307,0.7929428001042307,ok,mutation,6f9c13e459e5ea52,-0.11325564827381496,ZDT,True,0.13369811188394695,mutation_eta_04,0.6796871518304157,0.6796871518304157,ok,ZDT1,1,ZDT1_n20_m2
0.04496659386496944,0.7990862473119021,0.7990862473119021,ok,mutation,6f9c13e459e5ea52,-0.21239885985159324,ZDT,True,0.27996815156729005,mutation_eta_04,0.5866873874603089,0.5866873874603089,ok,ZDT1,2,ZDT1_n20_m2
0.05019005398358491,0.789384352935568,0.789384352935568,ok,mutation,6f9c13e459e5ea52,-0.11582307127834301,ZDT,True,0.12346002332999419,mutation_eta_04,0.673561281657225,0.673561281657225,ok,ZDT1,3,ZDT1_n20_m2
0.14690922518492813,0.7377156481187103,0.7377156481187103,ok,mutation,6f9c13e459e5ea52,-0.04316617892230634,ZDT,True,0.20262101621335715,mutation_eta_04,0.6945494691964039,0.6945494691964039,ok,ZDT1,4,ZDT1_n20_m2
0.051599248220205854,0.8095886094203119,0.8095886094203119,ok,mutation,6f9c13e459e5ea52,-0.010386217026586486,ZDT,True,0.04446641793387132,mutation_eta_04,0.7992023923937254,0.7992023923937254,ok,ZDT1,5,ZDT1_n20_m2
0.12355746293235836,0.7597052365978674,0.7597052365978674,ok,mutation,6f9c13e459e5ea52,0.035551234497311124,ZDT,True,0.05162732875547932,mutation_eta_04,0.7952564710951785,0.7952564710951785,ok,ZDT1,6,ZDT1_n20_m2
0.08242059977530582,0.7724987292343182,0.7724987292343182,ok,mutation,6f9c13e459e5ea52,-0.11531872802398135,ZDT,True,0.20634997206636657,mutation_eta_04,0.6571800012103368,0.6571800012103368,ok,ZDT1,7,ZDT1_n20_m2
0.03990406116105203,0.8075478725459124,0.8075478725459124,ok,mutation,6f9c13e459e5ea52,-0.03706979891262385,ZDT,True,0.1114810342226356,mutation_eta_04,0.7704780736332886,0.7704780736332886,ok,ZDT1,8,ZDT1_n20_m2
0.060718008859475606,0.7852489804538894,0.7852489804538894,ok,mutation,6f9c13e459e5ea52,0.0034458958640594117,ZDT,True,0.05276301018547087,mutation_eta_04,0.7886948763179488,0.7886948763179488,ok,ZDT1,9,ZDT1_n20_m2
0.034050280925050136,0.8151038932349042,0.8151038932349042,ok,mutation,49162d6a26947520,-0.05127048241882004,ZDT,True,0.06626561409523256,mutation_eta_05,0.7638334108160841,0.7638334108160841,ok,ZDT1,0,ZDT1_n20_m2
0.05883086716812038,0.7929428001042307,0.7929428001042307,ok,mutation,49162d6a26947520,-0.10008221379502003,ZDT,True,0.12124060060964142,mutation_eta_05,0.6928605863092107,0.6928605863092107,ok,ZDT1,1,ZDT1_n20_m2
0.04496659386496944,0.7990862473119021,0.7990862473119021,ok,mutation,49162d6a26947520,-0.13819702920489774,ZDT,True,0.15239566889268943,mutation_eta_05,0.6608892181070044,0.6608892181070044,ok,ZDT1,2,ZDT1_n20_m2
0.05019005398358491,0.789384352935568,0.789384352935568,ok,mutation,49162d6a26947520,-0.028786345559264515,ZDT,True,0.06826663666954305,mutation_eta_05,0.7605980073763035,0.7605980073763035,ok,ZDT1,3,ZDT1_n20_m2
0.14690922518492813,0.7377156481187103,0.7377156481187103,ok,mutation,49162d6a26947520,0.0023071796228917307,ZDT,True,0.10210192628834737,mutation_eta_05,0.740022827741602,0.740022827741602,ok,ZDT1,4,ZDT1_n20_m2
0.051599248220205854,0.8095886094203119,0.8095886094203119,ok,mutation,49162d6a26947520,-0.11620079728552324,ZDT,True,0.11345011233429268,mutation_eta_05,0.6933878121347886,0.6933878121347886,ok,ZDT1,5,ZDT1_n20_m2
0.12355746293235836,0.7597052365978674,0.7597052365978674,ok,mutation,49162d6a26947520,0.05275881997733256,ZDT,True,0.04072993125487581,mutation_eta_05,0.8124640565751999,0.8124640565751999,ok,ZDT1,6,ZDT1_n20_m2
0.08242059977530582,0.7724987292343182,0.7724987292343182,ok,mutation,49162d6a26947520,-0.04004377541501769,ZDT,True,0.08725443227402532,mutation_eta_05,0.7324549538193005,0.7324549538193005,ok,ZDT1,7,ZDT1_n20_m2
0.03990406116105203,0.8075478725459124,0.8075478725459124,ok,mutation,49162d6a26947520,0.01556531183175247,ZDT,True,0.033602838699475134,mutation_eta_05,0.8231131843776649,0.8231131843776649,ok,ZDT1,8,ZDT1_n20_m2
0.060718008859475606,0.7852489804538894,0.7852489804538894,ok,mutation,49162d6a26947520,-0.10781315139101644,ZDT,True,0.1263133484299902,mutation_eta_05,0.6774358290628729,0.6774358290628729,ok,ZDT1,9,ZDT1_n20_m2
0.034050280925050136,0.8151038932349042,0.8151038932349042,ok,crossover,c074a8f3de126e34,-0.17986253086074433,ZDT,True,0.23826779630533687,crossover_prob_01,0.6352413623741598,0.6352413623741598,ok,ZDT1,0,ZDT1_n20_m2
0.05883086716812038,0.7929428001042307,0.7929428001042307,ok,crossover,c074a8f3de126e34,-0.20264360252538927,ZDT,True,0.21651558056338624,crossover_prob_01,0.5902991975788414,0.5902991975788414,ok,ZDT1,1,ZDT1_n20_m2
0.04496659386496944,0.7990862473119021,0.7990862473119021,ok,crossover,c074a8f3de126e34,-0.09682783022147778,ZDT,True,0.14633044972438147,crossover_prob_01,0.7022584170904244,0.7022584170904244,ok,ZDT1,2,ZDT1_n20_m2
0.05019005398358491,0.789384352935568,0.789384352935568,ok,crossover,c074a8f3de126e34,-0.08264361380516816,ZDT,True,0.1318924785562671,crossover_prob_01,0.7067407391303998,0.7067407391303998,ok,ZDT1,3,ZDT1_n20_m2
0.14690922518492813,0.7377156481187103,0.7377156481187103,ok,crossover,c074a8f3de126e34,-0.07071189306398662,ZDT,True,0.16452240790371994,crossover_prob_01,0.6670037550547236,0.6670037550547236,ok,ZDT1,4,ZDT1_n20_m2
0.051599248220205854,0.8095886094203119,0.8095886094203119,ok,crossover,c074a8f3de126e34,-0.12072422228428092,ZDT,True,0.14392736274949003,crossover_prob_01,0.6888643871360309,0.6888643871360309,ok,ZDT1,5,ZDT1_n20_m2
0.12355746293235836,0.7597052365978674,0.7597052365978674,ok,crossover,c074a8f3de126e34,-0.16905498224059734,ZDT,True,0.3220851876769238,crossover_prob_01,0.59065025435727,0.59065025435727,ok,ZDT1,6,ZDT1_n20_m2
0.08242059977530582,0.7724987292343182,0.7724987292343182,ok,crossover,c074a8f3de126e34,-0.04013871983618478,ZDT,True,0.10383622078750884,crossover_prob_01,0.7323600093981334,0.7323600093981334,ok,ZDT1,7,ZDT1_n20_m2
0.03990406116105203,0.8075478725459124,0.8075478725459124,ok,crossover,c074a8f3de126e34,-0.059268426946602504,ZDT,True,0.11732692610479868,crossover_prob_01,0.7482794455993099,0.7482794455993099,ok,ZDT1,8,ZDT1_n20_m2
0.060718008859475606,0.7852489804538894,0.7852489804538894,ok,crossover,c074a8f3de126e34,-0.1320377165898835,ZDT,True,0.22084088611043276,crossover_prob_01,0.6532112638640059,0.6532112638640059,ok,ZDT1,9,ZDT1_n20_m2
0.034050280925050136,0.8151038932349042,0.8151038932349042,ok,crossover,ed1e67efb44ffac5,-0.08466626019197454,ZDT,True,0.10599909621779335,crossover_prob_02,0.7304376330429296,0.7304376330429296,ok,ZDT1,0,ZDT1_n20_m2
0.05883086716812038,0.7929428001042307,0.7929428001042307,ok,crossover,ed1e67efb44ffac5,-0.030530533757793243,ZDT,True,0.08021100123174844,crossover_prob_02,0.7624122663464374,0.7624122663464374,ok,ZDT1,1,ZDT1_n20_m2
0.04496659386496944,0.7990862473119021,0.7990862473119021,ok,crossover,ed1e67efb44ffac5,-0.027789816724172134,ZDT,True,0.08113418571820631,crossover_prob_02,0.77129643058773,0.77129643058773,ok,ZDT1,2,ZDT1_n20_m2
0.05019005398358491,0.789384352935568,0.789384352935568,ok,crossover,ed1e67efb44ffac5,0.02811827387784882,ZDT,True,0.03349065082979963,crossover_prob_02,0.8175026268134168,0.8175026268134168,ok,ZDT1,3,ZDT1_n20_m2
0.14690922518492813,0.7377156481187103,0.7377156481187103,ok,crossover,ed1e67efb44ffac5,0.04438324160669471,ZDT,True,0.055477146409918125,crossover_prob_02,0.782098889725405,0.782098889725405,ok,ZDT1,4,ZDT1_n20_m2
0.051599248220205854,0.8095886094203119,0.8095886094203119,ok,crossover,ed1e67efb44ffac5,-0.09475565103608563,ZDT,True,0.17551097693027654,crossover_prob_02,0.7148329583842262,0.7148329583842262,ok,ZDT1,5,ZDT1_n20_m2
0.12355746293235836,0.7597052365978674,0.7597052365978674,ok,crossover,ed1e67efb44ffac5,0.02638116000631552,ZDT,True,0.05248166540490905,crossover_prob_02,0.7860863966041829,0.7860863966041829,ok,ZDT1,6,ZDT1_n20_m2
0.08242059977530582,0.7724987292343182,0.7724987292343182,ok,crossover,ed1e67efb44ffac5,0.04215079499202046,ZDT,True,0.03612550048507343,crossover_prob_02,0.8146495242263386,0.8146495242263386,ok,ZDT1,7,ZDT1_n20_m2
0.03990406116105203,0.8075478725459124,0.8075478725459124,ok,crossover,ed1e67efb44ffac5,-0.08924300301006283,ZDT,True,0.1253756975912744,crossover_prob_02,0.7183048695358496,0.7183048695358496,ok,ZDT1,8,ZDT1_n20_m2
0.060718008859475606,0.7852489804538894,0.7852489804538894,ok,crossover,ed1e67efb44ffac5,0.002564232069734884,ZDT,True,0.050394776000270695,crossover_prob_02,0.7878132125236242,0.7878132125236242,ok,ZDT1,9,ZDT1_n20_m2
0.034050280925050136,0.8151038932349042,0.8151038932349042,ok,crossover,70b60f15d63e88f2,0.0005630842704454908,ZDT,True,0.03685637475415164,crossover_prob_03,0.8156669775053497,0.8156669775053497,ok,ZDT1,0,ZDT1_n20_m2
0.05883086716812038,0.7929428001042307,0.7929428001042307,ok,crossover,70b60f15d63e88f2,0.019292222205852694,ZDT,True,0.0353699753495576,crossover_prob_03,0.8122350223100834,0.8122350223100834,ok,ZDT1,1,ZDT1_n20_m2
0.04496659386496944,0.7990862473119021,0.7990862473119021,ok,crossover,70b60f15d63e88f2,-0.028374888504985263,ZDT,True,0.07723906547267866,crossover_prob_03,0.7707113588069169,0.7707113588069169,ok,ZDT1,2,ZDT1_n20_m2
0.05019005398358491,0.789384352935568,0.789384352935568,ok,crossover,70b60f15d63e88f2,-0.04271224650351679,ZDT,True,0.08791827799258506,crossover_prob_03,0.7466721064320512,0.7466721064320512,ok,ZDT1,3,ZDT1_n20_m2
0.14690922518492813,0.7377156481187103,0.7377156481187103,ok,crossover,70b60f15d63e88f2,0.0939715015786946,ZDT,True,0.025219526302921402,crossover_prob_03,0.8316871496974049,0.8316871496974049,ok,ZDT1,4,ZDT1_n20_m2
0.051599248220205854,0.8095886094203119,0.8095886094203119,ok,crossover,70b60f15d63e88f2,0.004394174725998012,ZDT,True,0.04190893937113536,crossover_prob_03,0.8139827841463099,0.8139827841463099,ok,ZDT1,5,ZDT1_n20_m2
0.12355746293235836,0.7597052365978674,0.7597052365978674,ok,crossover,70b60f15d63e88f2,0.0015166185913521035,ZDT,True,0.11691735899488594,crossover_prob_03,0.7612218551892195,0.7612218551892195,ok,ZDT1,6,ZDT1_n20_m2
0.08242059977530582,0.7724987292343182,0.7724987292343182,ok,crossover,70b60f15d63e88f2,0.005540837580861102,ZDT,True,0.0570518719116555,crossover_prob_03,0.7780395668151793,0.7780395668151793,ok,ZDT1,7,ZDT1_n20_m2
0.03990406116105203,0.8075478725459124,0.8075478725459124,ok,crossover,70b60f15d63e88f2,-0.0169785243698245,ZDT,True,0.08823656891147294,crossover_prob_03,0.7905693481760879,0.7905693481760879,ok,ZDT1,8,ZDT1_n20_m2
0.060718008859475606,0.7852489804538894,0.7852489804538894,ok,crossover,70b60f15d63e88f2,-0.15360951211227258,ZDT,True,0.3004801258025613,crossover_prob_03,0.6316394683416168,0.6316394683416168,ok,ZDT1,9,ZDT1_n20_m2
0.034050280925050136,0.8151038932349042,0.8151038932349042,ok,crossover,58a6736b23c93664,0.017962289651916374,ZDT,True,0.02376770641818435,crossover_eta_01,0.8330661828868205,0.8330661828868205,ok,ZDT1,0,ZDT1_n20_m2
0.05883086716812038,0.7929428001042307,0.7929428001042307,ok,crossover,58a6736b23c93664,0.009228251957507871,ZDT,True,0.042849400643999655,crossover_eta_01,0.8021710520617386,0.8021710520617386,ok,ZDT1,1,ZDT1_n20_m2
0.04496659386496944,0.7990862473119021,0.7990862473119021,ok,crossover,58a6736b23c93664,0.020709435858878078,ZDT,True,0.03287103865016436,crossover_eta_01,0.8197956831707802,0.8197956831707802,ok,ZDT1,2,ZDT1_n20_m2
0.05019005398358491,0.789384352935568,0.789384352935568,ok,crossover,58a6736b23c93664,0.03369478436322948,ZDT,True,0.030361024359646886,crossover_eta_01,0.8230791372987974,0.8230791372987974,ok,ZDT1,3,ZDT1_n20_m2
0.14690922518492813,0.7377156481187103,0.7377156481187103,ok,crossover,58a6736b23c93664,-0.012869008463282094,ZDT,True,0.18544997602588176,crossover_eta_01,0.7248466396554282,0.7248466396554282,ok,ZDT1,4,ZDT1_n20_m2
0.051599248220205854,0.8095886094203119,0.8095886094203119,ok,crossover,58a6736b23c93664,0.027449775987110403,ZDT,True,0.02167999309870913,crossover_eta_01,0.8370383854074223,0.8370383854074223,ok,ZDT1,5,ZDT1_n20_m2
0.12355746293235836,0.7597052365978674,0.7597052365978674,ok,crossover,58a6736b23c93664,0.05309607490084156,ZDT,True,0.0369989936835171,crossover_eta_01,0.8128013114987089,0.8128013114987089,ok,ZDT1,6,ZDT1_n20_m2
0.08242059977530582,0.7724987292343182,0.7724987292343182,ok,crossover,58a6736b23c93664,0.0242815329420194,ZDT,True,0.04636324891402732,crossover_eta_01,0.7967802621763376,0.7967802621763376,ok,ZDT1,7,ZDT1_n20_m2
0.03990406116105203,0.8075478725459124,0.8075478725459124,ok,crossover,58a6736b23c93664,0.020338052577116628,ZDT,True,0.034239103154149034,crossover_eta_01,0.827885925123029,0.827885925123029,ok,ZDT1,8,ZDT1_n20_m2
0.060718008859475606,0.7852489804538894,0.7852489804538894,ok,crossover,58a6736b23c93664,0.042893836878820424,ZDT,True,0.027090058294133617,crossover_eta_01,0.8281428173327098,0.8281428173327098,ok,ZDT1,9,ZDT1_n20_m2
0.034050280925050136,0.8151038932349042,0.8151038932349042,ok,crossover,649095c6dcf9abb6,0.007911048459895875,ZDT,True,0.030048362200351376,crossover_eta_02,0.8230149416948,0.8230149416948,ok,ZDT1,0,ZDT1_n20_m2
0.05883086716812038,0.7929428001042307,0.7929428001042307,ok,crossover,649095c6dcf9abb6,-0.010353258913671781,ZDT,True,0.05466477900075888,crossover_eta_02,0.7825895411905589,0.7825895411905589,ok,ZDT1,1,ZDT1_n20_m2
0.04496659386496944,0.7990862473119021,0.7990862473119021,ok,crossover,649095c6dcf9abb6,0.03318721240816269,ZDT,True,0.027133583887577833,crossover_eta_02,0.8322734597200648,0.8322734597200648,ok,ZDT1,2,ZDT1_n20_m2
0.05019005398358491,0.789384352935568,0.789384352935568,ok,crossover,649095c6dcf9abb6,0.011176721847347415,ZDT,True,0.04420035296074544,crossover_eta_02,0.8005610747829154,0.8005610747829154,ok,ZDT1,3,ZDT1_n20_m2
0.14690922518492813,0.7377156481187103,0.7377156481187103,ok,crossover,649095c6dcf9abb6,0.0723295760382342,ZDT,True,0.041011535151973366,crossover_eta_02,0.8100452241569445,0.8100452241569445,ok,ZDT1,4,ZDT1_n20_m2
0.051599248220205854,0.8095886094203119,0.8095886094203119,ok,crossover,649095c6dcf9abb6,0.006119908597906898,ZDT,True,0.05549805185066518,crossover_eta_02,0.8157085180182188,0.8157085180182188,ok,ZDT1,5,ZDT1_n20_m2
0.12355746293235836,0.7597052365978674,0.7597052365978674,ok,crossover,649095c6dcf9abb6,0.06412095934004747,ZDT,True,0.02978770030067718,crossover_eta_02,0.8238261959379148,0.8238261959379148,ok,ZDT1,6,ZDT1_n20_m2
0.08242059977530582,0.7724987292343182,0.7724987292343182,ok,crossover,649095c6dcf9abb6,0.06379165351126159,ZDT,True,0.022126794108697286,crossover_eta_02,0.8362903827455798,0.8362903827455798,ok,ZDT1,7,ZDT1_n20_m2
0.03990406116105203,0.8075478725459124,0.8075478725459124,ok,crossover,649095c6dcf9abb6,0.03769826182893243,ZDT,True,0.01761272217734046,crossover_eta_02,0.8452461343748449,0.8452461343748449,ok,ZDT1,8,ZDT1_n20_m2
0.060718008859475606,0.7852489804538894,0.7852489804538894,ok,crossover,649095c6dcf9abb6,-0.011452571801547462,ZDT,True,0.08591606859158199,crossover_eta_02,0.7737964086523419,0.7737964086523419,ok,ZDT1,9,ZDT1_n20_m2
0.034050280925050136,0.8151038932349042,0.8151038932349042,ok,crossover,84c61b40458c7d53,-0.014646911565110221,ZDT,True,0.04510088895245989,crossover_eta_03,0.800456981669794,0.800456981669794,ok,ZDT1,0,ZDT1_n20_m2
0.05883086716812038,0.7929428001042307,0.7929428001042307,ok,crossover,84c61b40458c7d53,-0.03757297309112295,ZDT,True,0.11109566796505434,crossover_eta_03,0.7553698270131077,0.7553698270131077,ok,ZDT1,1,ZDT1_n20_m2
0.04496659386496944,0.7990862473119021,0.7990862473119021,ok,crossover,84c61b40458c7d53,0.01301112974032581,ZDT,True,0.03643986838284265,crossover_eta_03,0.812097377052228,0.812097377052228,ok,ZDT1,2,ZDT1_n20_m2
0.05019005398358491,0.789384352935568,0.789384352935568,ok,crossover,84c61b40458c7d53,-0.02262741531199941,ZDT,True,0.06275005086780922,crossover_eta_03,0.7667569376235686,0.7667569376235686,ok,ZDT1,3,ZDT1_n20_m2
0.14690922518492813,0.7377156481187103,0.7377156481187103,ok,crossover,84c61b40458c7d53,0.0727560081181069,ZDT,True,0.05183333338877285,crossover_eta_03,0.8104716562368172,0.8104716562368172,ok,ZDT1,4,ZDT1_n20_m2
0.051599248220205854,0.8095886094203119,0.8095886094203119,ok,crossover,84c61b40458c7d53,-0.01218099377010573,ZDT,True,0.0683260331181697,crossover_eta_03,0.7974076156502061,0.7974076156502061,ok,ZDT1,5,ZDT1_n20_m2
0.12355746293235836,0.7597052365978674,0.7597052365978674,ok,crossover,84c61b40458c7d53,0.07157299851998322,ZDT,True,0.02551525986241987,crossover_eta_03,0.8312782351178506,0.8312782351178506,ok,ZDT1,6,ZDT1_n20_m2
0.08242059977530582,0.7724987292343182,0.7724987292343182,ok,crossover,84c61b40458c7d53,0.04182996709628961,ZDT,True,0.041249415798861065,crossover_eta_03,0.8143286963306078,0.8143286963306078,ok,ZDT1,7,ZDT1_n20_m2
0.03990406116105203,0.8075478725459124,0.8075478725459124,ok,crossover,84c61b40458c7d53,-0.011239224658976532,ZDT,True,0.06797607390924676,crossover_eta_03,0.7963086478869359,0.7963086478869359,ok,ZDT1,8,ZDT1_n20_m2
0.060718008859475606,0.7852489804538894,0.7852489804538894,ok,crossover,84c61b40458c7d53,0.0017862635602297061,ZDT,True,0.05153129007969803,crossover_eta_03,0.7870352440141191,0.7870352440141191,ok,ZDT1,9,ZDT1_n20_m2
0.034050280925050136,0.8151038932349042,0.8151038932349042,ok,crossover,b5b3febed946f3a4,-0.022241514321473144,ZDT,True,0.049089336344497025,crossover_eta_04,0.792862378913431,0.792862378913431,ok,ZDT1,0,ZDT1_n20_m2
0.05883086716812038,0.7929428001042307,0.7929428001042307,ok,crossover,b5b3febed946f3a4,-0.03029954187418893,ZDT,True,0.07616672146135357,crossover_eta_04,0.7626432582300418,0.7626432582300418,ok,ZDT1,1,ZDT1_n20_m2
0.04496659386496944,0.7990862473119021,0.7990862473119021,ok,crossover,b5b3febed946f3a4,-0.028104820403951014,ZDT,True,0.07865904245971746,crossover_eta_04,0.7709814269079511,0.7709814269079511,ok,ZDT1,2,ZDT1_n20_m2
0.05019005398358491,0.789384352935568,0.789384352935568,ok,crossover,b5b3febed946f3a4,0.020317751150505048,ZDT,True,0.04188011225864455,crossover_eta_04,0.809702104086073,0.809702104086073,ok,ZDT1,3,ZDT1_n20_m2
0.14690922518492813,0.7377156481187103,0.7377156481187103,ok,crossover,b5b3febed946f3a4,0.054665496361557264,ZDT,True,0.05432313142478651,crossover_eta_04,0.7923811444802675,0.7923811444802675,ok,ZDT1,4,ZDT1_n20_m2
0.051599248220205854,0.8095886094203119,0.8095886094203119,ok,crossover,b5b3febed946f3a4,-0.0299201546816229,ZDT,True,0.062365471220624365,crossover_eta_04,0.779668454738689,0.779668454738689,ok,ZDT1,5,ZDT1_n20_m2
0.12355746293235836,0.7597052365978674,0.7597052365978674,ok,crossover,b5b3febed946f3a4,0.04704681239635111,ZDT,True,0.04081457390589334,crossover_eta_04,0.8067520489942185,0.8067520489942185,ok,ZDT1,6,ZDT1_n20_m2
0.08242059977530582,0.7724987292343182,0.7724987292343182,ok,crossover,b5b3febed946f3a4,0.032054141063679764,ZDT,True,0.041478053157873104,crossover_eta_04,0.8045528702979979,0.8045528702979979,ok,ZDT1,7,ZDT1_n20_m2
0.03990406116105203,0.8075478725459124,0.8075478725459124,ok,crossover,b5b3febed946f3a4,-0.009987479067356864,ZDT,True,0.06075099860825034,crossover_eta_04,0.7975603934785556,0.7975603934785556,ok,ZDT1,8,ZDT1_n20_m2
0.060718008859475606,0.7852489804538894,0.7852489804538894,ok,crossover,b5b3febed946f3a4,-0.06947010600172576,ZDT,True,0.1490248719957742,crossover_eta_04,0.7157788744521636,0.7157788744521636,ok,ZDT1,9,ZDT1_n20_m2
0.034050280925050136,0.8151038932349042,0.8151038932349042,ok,selection,4eff8081853248b5,0.014378762392212474,ZDT,True,0.02966116503187917,selection_tournament_01,0.8294826556271166,0.8294826556271166,ok,ZDT1,0,ZDT1_n20_m2
0.05883086716812038,0.7929428001042307,0.7929428001042307,ok,selection,4eff8081853248b5,0.01571090819289256,ZDT,True,0.03877132662543911,selection_tournament_01,0.8086537082971232,0.8086537082971232,ok,ZDT1,1,ZDT1_n20_m2
0.04496659386496944,0.7990862473119021,0.7990862473119021,ok,selection,4eff8081853248b5,0.006168031205480706,ZDT,True,0.04317518620449822,selection_tournament_01,0.8052542785173828,0.8052542785173828,ok,ZDT1,2,ZDT1_n20_m2
0.05019005398358491,0.789384352935568,0.789384352935568,ok,selection,4eff8081853248b5,-0.012432419185088195,ZDT,True,0.058570674603342934,selection_tournament_01,0.7769519337504798,0.7769519337504798,ok,ZDT1,3,ZDT1_n20_m2
0.14690922518492813,0.7377156481187103,0.7377156481187103,ok,selection,4eff8081853248b5,-0.014021954016539162,ZDT,True,0.16571620482693553,selection_tournament_01,0.7236936941021711,0.7236936941021711,ok,ZDT1,4,ZDT1_n20_m2
0.051599248220205854,0.8095886094203119,0.8095886094203119,ok,selection,4eff8081853248b5,-0.009012425436683902,ZDT,True,0.042770066901071845,selection_tournament_01,0.800576183983628,0.800576183983628,ok,ZDT1,5,ZDT1_n20_m2
0.12355746293235836,0.7597052365978674,0.7597052365978674,ok,selection,4eff8081853248b5,0.07669360457172836,ZDT,True,0.02256664668269779,selection_tournament_01,0.8363988411695957,0.8363988411695957,ok,ZDT1,6,ZDT1_n20_m2
0.08242059977530582,0.7724987292343182,0.7724987292343182,ok,selection,4eff8081853248b5,0.06195932086576983,ZDT,True,0.023563328414427542,selection_tournament_01,0.834458050100088,0.834458050100088,ok,ZDT1,7,ZDT1_n20_m2
0.03990406116105203,0.8075478725459124,0.8075478725459124,ok,selection,4eff8081853248b5,0.0034519390844387488,ZDT,True,0.03775557553565457,selection_tournament_01,0.8109998116303512,0.8109998116303512,ok,ZDT1,8,ZDT1_n20_m2
0.060718008859475606,0.7852489804538894,0.7852489804538894,ok,selection,4eff8081853248b5,-0.008386814577439616,ZDT,True,0.07843950623271707,selection_tournament_01,0.7768621658764497,0.7768621658764497,ok,ZDT1,9,ZDT1_n20_m2
0.034050280925050136,0.8151038932349042,0.8151038932349042,ok,selection,82b9e8db7d16541c,-0.09097761892341838,ZDT,True,0.18114990162744612,selection_tournament_02,0.7241262743114858,0.7241262743114858,ok,ZDT1,0,ZDT1_n20_m2
0.05883086716812038,0.7929428001042307,0.7929428001042307,ok,selection,82b9e8db7d16541c,0.018600172466384235,ZDT,True,0.03702128106119747,selection_tournament_02,0.8115429725706149,0.8115429725706149,ok,ZDT1,1,ZDT1_n20_m2
0.04496659386496944,0.7990862473119021,0.7990862473119021,ok,selection,82b9e8db7d16541c,-0.04481160627198899,ZDT,True,0.0870209120759867,selection_tournament_02,0.7542746410399132,0.7542746410399132,ok,ZDT1,2,ZDT1_n20_m2
0.05019005398358491,0.789384352935568,0.789384352935568,ok,selection,82b9e8db7d16541c,0.04349037631812891,ZDT,True,0.024340963022541063,selection_tournament_02,0.8328747292536969,0.8328747292536969,ok,ZDT1,3,ZDT1_n20_m2
0.14690922518492813,0.7377156481187103,0.7377156481187103,ok,selection,82b9e8db7d16541c,0.005631257499011166,ZDT,True,0.11919681990067126,selection_tournament_02,0.7433469056177214,0.7433469056177214,ok,ZDT1,4,ZDT1_n20_m2
0.051599248220205854,0.8095886094203119,0.8095886094203119,ok,selection,82b9e8db7d16541c,-0.004925387454274177,ZDT,True,0.044541000013437776,selection_tournament_02,0.8046632219660377,0.8046632219660377,ok,ZDT1,5,ZDT1_n20_m2
0.12355746293235836,0.7597052365978674,0.7597052365978674,ok,selection,82b9e8db7d16541c,0.038491873315648184,ZDT,True,0.05010664916449885,selection_tournament_02,0.7981971099135156,0.7981971099135156,ok,ZDT1,6,ZDT1_n20_m2
0.08242059977530582,0.7724987292343182,0.7724987292343182,ok,selection,82b9e8db7d16541c,0.03508651115664563,ZDT,True,0.040381739969571756,selection_tournament_02,0.8075852403909638,0.8075852403909638,ok,ZDT1,7,ZDT1_n20_m2
0.03990406116105203,0.8075478725459124,0.8075478725459124,ok,selection,82b9e8db7d16541c,0.03028313907828295,ZDT,True,0.02170619068330816,selection_tournament_02,0.8378310116241954,0.8378310116241954,ok,ZDT1,8,ZDT1_n20_m2
0.060718008859475606,0.7852489804538894,0.7852489804538894,ok,selection,82b9e8db7d16541c,-0.04888365268703054,ZDT,True,0.08252180262798495,selection_tournament_02,0.7363653277668588,0.7363653277668588,ok,ZDT1,9,ZDT1_n20_m2
0.034050280925050136,0.8151038932349042,0.8151038932349042,ok,selection,baef3e925c65a3a3,-0.0031074519508141885,ZDT,True,0.037012657181373004,selection_tournament_03,0.81199644128409,0.81199644128409,ok,ZDT1,0,ZDT1_n20_m2
0.05883086716812038,0.7929428001042307,0.7929428001042307,ok,selection,baef3e925c65a3a3,0.034277562438772224,ZDT,True,0.02926102825448737,selection_tournament_03,0.8272203625430029,0.8272203625430029,ok,ZDT1,1,ZDT1_n20_m2
0.04496659386496944,0.7990862473119021,0.7990862473119021,ok,selection,baef3e925c65a3a3,-0.015021719302686365,ZDT,True,0.05070761882369323,selection_tournament_03,0.7840645280092158,0.7840645280092158,ok,ZDT1,2,ZDT1_n20_m2
0.05019005398358491,0.789384352935568,0.789384352935568,ok,selection,baef3e925c65a3a3,0.03057524983336657,ZDT,True,0.03236268971326264,selection_tournament_03,0.8199596027689345,0.8199596027689345,ok,ZDT1,3,ZDT1_n20_m2
0.14690922518492813,0.7377156481187103,0.7377156481187103,ok,selection,baef3e925c65a3a3,0.05714542292799418,ZDT,True,0.0818487098781236,selection_tournament_03,0.7948610710467044,0.7948610710467044,ok,ZDT1,4,ZDT1_n20_m2
0.051599248220205854,0.8095886094203119,0.8095886094203119,ok,selection,baef3e925c65a3a3,0.013627326876853196,ZDT,True,0.030367738549654993,selection_tournament_03,0.823215936297165,0.823215936297165,ok,ZDT1,5,ZDT1_n20_m2
0.12355746293235836,0.7597052365978674,0.7597052365978674,ok,selection,baef3e925c65a3a3,0.05898530897091614,ZDT,True,0.03616685605026599,selection_tournament_03,0.8186905455687835,0.8186905455687835,ok,ZDT1,6,ZDT1_n20_m2
0.08242059977530582,0.7724987292343182,0.7724987292343182,ok,selection,baef3e925c65a3a3,0.0457397406750184,ZDT,True,0.033536394305643355,selection_tournament_03,0.8182384699093366,0.8182384699093366,ok,ZDT1,7,ZDT1_n20_m2
0.03990406116105203,0.8075478725459124,0.8075478725459124,ok,selection,baef3e925c65a3a3,-0.06263859802433902,ZDT,True,0.16378461477365078,selection_tournament_03,0.7449092745215734,0.7449092745215734,ok,ZDT1,8,ZDT1_n20_m2
0.060718008859475606,0.7852489804538894,0.7852489804538894,ok,selection,baef3e925c65a3a3,0.005363580863711581,ZDT,True,0.05066747952694399,selection_tournament_03,0.7906125613176009,0.7906125613176009,ok,ZDT1,9,ZDT1_n20_m2
0.45945239254592307,0.13694512507057255,0.13694512507057255,ok,mutation,a13a1cdcfba08ee2,-0.020119588080562134,ZDT,True,0.5050971577253229,mutation_prob_01,0.11682553699001041,0.11682553699001041,ok,ZDT2,0,ZDT2_n10_m2
0.02867522668887942,0.48669955782169516,0.48669955782169516,ok,mutation,a13a1cdcfba08ee2,-0.21977136535685182,ZDT,True,0.23574293261253446,mutation_prob_01,0.26692819246484334,0.26692819246484334,ok,ZDT2,1,ZDT2_n10_m2
0.3663081414469268,0.1826383583929778,0.1826383583929778,ok,mutation,a13a1cdcfba08ee2,0.2752937493528771,ZDT,True,0.07976467925924993,mutation_prob_01,0.45793210774585486,0.45793210774585486,ok,ZDT2,2,ZDT2_n10_m2
0.40099751746362083,0.1604131990885656,0.1604131990885656,ok,mutation,a13a1cdcfba08ee2,-0.08219162576815375,ZDT,True,0.6028554212578023,mutation_prob_01,0.07822157332041185,0.07822157332041185,ok,ZDT2,3,ZDT2_n10_m2
0.2936500556151754,0.22619402043593545,0.22619402043593545,ok,mutation,a13a1cdcfba08ee2,-0.13716589032333773,ZDT,True,0.49811583559223926,mutation_prob_01,0.08902813011259772,0.08902813011259772,ok,ZDT2,4,ZDT2_n10_m2
0.3799016982856663,0.17715092964134366,0.17715092964134366,ok,mutation,a13a1cdcfba08ee2,-0.04863952777070407,ZDT,True,0.470271061459063,mutation_prob_01,0.12851140187063959,0.12851140187063959,ok,ZDT2,5,ZDT2_n10_m2
0.07363302359316594,0.4249509524968822,0.4249509524968822,ok,mutation,a13a1cdcfba08ee2,-0.29262695893495294,ZDT,True,0.4497923769970461,mutation_prob_01,0.13232399356192928,0.13232399356192928,ok,ZDT2,6,ZDT2_n10_m2
0.23789728099073704,0.2767428987783796,0.2767428987783796,ok,mutation,a13a1cdcfba08ee2,-0.1698527941090744,ZDT,True,0.6110044516572413,mutation_prob_01,0.10689010466930521,0.10689010466930521,ok,ZDT2,7,ZDT2_n10_m2
0.10730367784039613,0.3894962546474355,0.3894962546474355,ok,mutation,a13a1cdcfba08ee2,0.11786241181188734,ZDT,True,0.02590305420763869,mutation_prob_01,0.5073586664593228,0.5073586664593228,ok,ZDT2,8,ZDT2_n10_m2
0.24471794204127453,0.26790240877704125,0.26790240877704125,ok,mutation,a13a1cdcfba08ee2,-0.13613901637194967,ZDT,True,0.47969714234734434,mutation_prob_01,0.13176339240509158,0.13176339240509158,ok,ZDT2,9,ZDT2_n10_m2
0.45945239254592307,0.13694512507057255,0.13694512507057255,ok,mutation,bedf27f58d78e4b0,0.3759474845542201,ZDT,True,0.017539885201178555,mutation_prob_03,0.5128926096247927,0.5128926096247927,ok,ZDT2,0,ZDT2_n10_m2
0.02867522668887942,0.48669955782169516,0.48669955782169516,ok,mutation,bedf27f58d78e4b0,-0.3433977793821035,ZDT,True,0.44480337769941514,mutation_prob_03,0.14330177843959166,0.14330177843959166,ok,ZDT2,1,ZDT2_n10_m2
0.3663081414469268,0.1826383583929778,0.1826383583929778,ok,mutation,bedf27f58d78e4b0,-0.0013850754728247094,ZDT,True,0.37179287548536893,mutation_prob_03,0.18125328292015308,0.18125328292015308,ok,ZDT2,2,ZDT2_n10_m2
0.40099751746362083,0.1604131990885656,0.1604131990885656,ok,mutation,bedf27f58d78e4b0,0.19233016470836434,ZDT,True,0.13724123877963462,mutation_prob_03,0.35274336379692994,0.35274336379692994,ok,ZDT2,3,ZDT2_n10_m2
0.2936500556151754,0.22619402043593545,0.22619402043593545,ok,mutation,bedf27f58d78e4b0,0.25531583167149824,ZDT,True,0.03492388305775413,mutation_prob_03,0.4815098521074337,0.4815098521074337,ok,ZDT2,4,ZDT2_n10_m2
0.3799016982856663,0.17715092964134366,0.17715092964134366,ok,mutation,bedf27f58d78e4b0,0.01973534920453318,ZDT,True,0.34261996962761065,mutation_prob_03,0.19688627884587684,0.19688627884587684,ok,ZDT2,5,ZDT2_n10_m2
0.07363302359316594,0.4249509524968822,0.4249509524968822,ok,mutation,bedf27f58d78e4b0,-0.2422544846530599,ZDT,True,0.36516275470270776,mutation_prob_03,0.1826964678438223,0.1826964678438223,ok,ZDT2,6,ZDT2_n10_m2
0.23789728099073704,0.2767428987783796,0.2767428987783796,ok,mutation,bedf27f58d78e4b0,0.004483918976177892,ZDT,True,0.22161571677675415,mutation_prob_03,0.2812268177545575,0.2812268177545575,ok,ZDT2,7,ZDT2_n10_m2
0.10730367784039613,0.3894962546474355,0.3894962546474355,ok,mutation,bedf27f58d78e4b0,-0.16316758447277208,ZDT,True,0.2633583862553935,mutation_prob_03,0.2263286701746634,0.2263286701746634,ok,ZDT2,8,ZDT2_n10_m2
0.24471794204127453,0.26790240877704125,0.26790240877704125,ok,mutation,bedf27f58d78e4b0,0.09400658724501537,ZDT,True,0.1342016333282273,mutation_prob_03,0.3619089960220566,0.3619089960220566,ok,ZDT2,9,ZDT2_n10_m2
0.45945239254592307,0.13694512507057255,0.13694512507057255,ok,mutation,aa4b885462011d33,0.07655678207695563,ZDT,True,0.3221888220878453,mutation_prob_04,0.21350190714752817,0.21350190714752817,ok,ZDT2,0,ZDT2_n10_m2
0.02867522668887942,0.48669955782169516,0.48669955782169516,ok,mutation,aa4b885462011d33,-0.176763305781517,ZDT,True,0.18956968452076775,mutation_prob_04,0.30993625204017816,0.30993625204017816,ok,ZDT2,1,ZDT2_n10_m2
0.3663081414469268,0.1826383583929778,0.1826383583929778,ok,mutation,aa4b885462011d33,0.32768456750275843,ZDT,True,0.02257198803100336,mutation_prob_04,0.5103229258957362,0.5103229258957362,ok,ZDT2,2,ZDT2_n10_m2
0.40099751746362083,0.1604131990885656,0.1604131990885656,ok,mutation,aa4b885462011d33,-0.02401827491224512,ZDT,True,0.41623229713835047,mutation_prob_04,0.1363949241763205,0.1363949241763205,ok,ZDT2,3,ZDT2_n10_m2
0.2936500556151754,0.22619402043593545,0.22619402043593545,ok,mutation,aa4b885462011d33,0.26005128995906757,ZDT,True,0.029244588873397818,mutation_prob_04,0.486245310395003,0.486245310395003,ok,ZDT2,4,ZDT2_n10_m2
0.3799016982856663,0.17715092964134366,0.17715092964134366,ok,mutation,aa4b885462011d33,0.01250473385821077,ZDT,True,0.33620716553716934,mutation_prob_04,0.18965566349955443,0.18965566349955443,ok,ZDT2,5,ZDT2_n10_m2
0.07363302359316594,0.4249509524968822,0.4249509524968822,ok,mutation,aa4b885462011d33,-0.26675969621806,ZDT,True,0.4132540254697493,mutation_prob_04,0.1581912562788222,0.1581912562788222,ok,ZDT2,6,ZDT2_n10_m2
0.23789728099073704,0.2767428987783796,0.2767428987783796,ok,mutation,aa4b885462011d33,-0.12619734428273244,ZDT,True,0.4282721225028059,mutation_prob_04,0.15054555449564716,0.15054555449564716,ok,ZDT2,7,ZDT2_n10_m2
0.10730367784039613,0.3894962546474355,0.3894962546474355,ok,mutation,aa4b885462011d33,-0.2086884939445864,ZDT,True,0.3577218007272063,mutation_prob_04,0.18080776070284907,0.18080776070284907,ok,ZDT2,8,ZDT2_n10_m2
0.24471794204127453,0.26790240877704125,0.26790240877704125,ok,mutation,aa4b885462011d33,-0.10972335812539508,ZDT,True,0.39796335517866716,mutation_prob_04,0.15817905065164617,0.15817905065164617,ok,ZDT2,9,ZDT2_n10_m2
0.45945239254592307,0.13694512507057255,0.13694512507057255,ok,mutation,d9b0721e0597659a,0.07872083150574297,ZDT,True,0.3050527658908151,mutation_prob_05,0.21566595657631552,0.21566595657631552,ok,ZDT2,0,ZDT2_n10_m2
0.02867522668887942,0.48669955782169516,0.48669955782169516,ok,mutation,d9b0721e0597659a,-0.3653057512701345,ZDT,True,0.47793222955889975,mutation_prob_05,0.12139380655156068,0.12139380655156068,ok,ZDT2,1,ZDT2_n10_m2
0.3663081414469268,0.1826383583929778,0.1826383583929778,ok,mutation,d9b0721e0597659a,-0.010294928279456994,ZDT,True,0.3659034802516783,mutation_prob_05,0.1723434301135208,0.1723434301135208,ok,ZDT2,2,ZDT2_n10_m2
0.40099751746362083,0.1604131990885656,0.1604131990885656,ok,mutation,d9b0721e0597659a,0.08032383377360647,ZDT,True,0.2429213741551506,mutation_prob_05,0.24073703286217207,0.24073703286217207,ok,ZDT2,3,ZDT2_n10_m2
0.2936500556151754,0.22619402043593545,0.22619402043593545,ok,mutation,d9b0721e0597659a,-0.11381219939501241,ZDT,True,0.46995715405605554,mutation_prob_05,0.11238182104092304,0.11238182104092304,ok,ZDT2,4,ZDT2_n10_m2
0.3799016982856663,0.17715092964134366,0.17715092964134366,ok,mutation,d9b0721e0597659a,-0.05970177666210734,ZDT,True,0.5146921688395129,mutation_prob_05,0.11744915297923632,0.11744915297923632,ok,ZDT2,5,ZDT2_n10_m2
0.07363302359316594,0.4249509524968822,0.4249509524968822,ok,mutation,d9b0721e0597659a,-0.14107967991596249,ZDT,True,0.22352997381824394,mutation_prob_05,0.2838712725809197,0.2838712725809197,ok,ZDT2,6,ZDT2_n10_m2
0.23789728099073704,0.2767428987783796,0.2767428987783796,ok,mutation,d9b0721e0597659a,-0.16470034477196827,ZDT,True,0.5522621239935294,mutation_prob_05,0.11204255400641135,0.11204255400641135,ok,ZDT2,7,ZDT2_n10_m2
0.10730367784039613,0.3894962546474355,0.3894962546474355,ok,mutation,d9b0721e0597659a,0.09872618949119766,ZDT,True,0.02784359853889868,mutation_prob_05,0.48822244413863314,0.48822244413863314,ok,ZDT2,8,ZDT2_n10_m2
0.24471794204127453,0.26790240877704125,0.26790240877704125,ok,mutation,d9b0721e0597659a,-0.160544898881542,ZDT,True,0.5073699902024142,mutation_prob_05,0.10735750989549926,0.10735750989549926,ok,ZDT2,9,ZDT2_n10_m2
0.45945239254592307,0.13694512507057255,0.13694512507057255,ok,mutation,9192be92effca056,0.372633484712671,ZDT,True,0.017095527121969236,mutation_eta_01,0.5095786097832435,0.5095786097832435,ok,ZDT2,0,ZDT2_n10_m2
0.02867522668887942,0.48669955782169516,0.48669955782169516,ok,mutation,9192be92effca056,0.022501870706339133,ZDT,True,0.020691393073404837,mutation_eta_01,0.5092014285280343,0.5092014285280343,ok,ZDT2,1,ZDT2_n10_m2
0.3663081414469268,0.1826383583929778,0.1826383583929778,ok,mutation,9192be92effca056,0.31813110427844127,ZDT,True,0.019239765628454135,mutation_eta_01,0.5007694626714191,0.5007694626714191,ok,ZDT2,2,ZDT2_n10_m2
0.40099751746362083,0.1604131990885656,0.1604131990885656,ok,mutation,9192be92effca056,0.3567208326323174,ZDT,True,0.013349861750148812,mutation_eta_01,0.517134031720883,0.517134031720883,ok,ZDT2,3,ZDT2_n10_m2
0.2936500556151754,0.22619402043593545,0.22619402043593545,ok,mutation,9192be92effca056,0.2935256638034051,ZDT,True,0.014652001116197143,mutation_eta_01,0.5197196842393406,0.5197196842393406,ok,ZDT2,4,ZDT2_n10_m2
0.3799016982856663,0.17715092964134366,0.17715092964134366,ok,mutation,9192be92effca056,0.3299227038283317,ZDT,True,0.019146064836703794,mutation_eta_01,0.5070736334696754,0.5070736334696754,ok,ZDT2,5,ZDT2_n10_m2
0.07363302359316594,0.4249509524968822,0.4249509524968822,ok,mutation,9192be92effca056,0.08748558577625365,ZDT,True,0.015225981719657292,mutation_eta_01,0.5124365382731358,0.5124365382731358,ok,ZDT2,6,ZDT2_n10_m2
0.23789728099073704,0.2767428987783796,0.2767428987783796,ok,mutation,9192be92effca056,0.2389720580962829,ZDT,True,0.01295062099260671,mutation_eta_01,0.5157149568746625,0.5157149568746625,ok,ZDT2,7,ZDT2_n10_m2
0.10730367784039613,0.3894962546474355,0.3894962546474355,ok,mutation,9192be92effca056,0.1300843808631192,ZDT,True,0.011990274213929857,mutation_eta_01,0.5195806355105547,0.5195806355105547,ok,ZDT2,8,ZDT2_n10_m2
0.24471794204127453,0.26790240877704125,0.26790240877704125,ok,mutation,9192be92effca056,0.24695092081591424,ZDT,True,0.014871113830366788,mutation_eta_01,0.5148533295929555,0.5148533295929555,ok,ZDT2,9,ZDT2_n10_m2
0.45945239254592307,0.13694512507057255,0.13694512507057255,ok,mutation,1c697649e2ad0dad,0.3683852832495692,ZDT,True,0.01755402821468903,mutation_eta_02,0.5053304083201418,0.5053304083201418,ok,ZDT2,0,ZDT2_n10_m2
0.02867522668887942,0.48669955782169516,0.48669955782169516,ok,mutation,1c697649e2ad0dad,0.012280793327476447,ZDT,True,0.02323018050525367,mutation_eta_02,0.4989803511491716,0.4989803511491716,ok,ZDT2,1,ZDT2_n10_m2
0.3663081414469268,0.1826383583929778,0.1826383583929778,ok,mutation,1c697649e2ad0dad,0.3154358644325469,ZDT,True,0.02320957346875451,mutation_eta_02,0.4980742228255247,0.4980742228255247,ok,ZDT2,2,ZDT2_n10_m2
0.40099751746362083,0.1604131990885656,0.1604131990885656,ok,mutation,1c697649e2ad0dad,0.35243257703845016,ZDT,True,0.019083805527263017,mutation_eta_02,0.5128457761270158,0.5128457761270158,ok,ZDT2,3,ZDT2_n10_m2
0.2936500556151754,0.22619402043593545,0.22619402043593545,ok,mutation,1c697649e2ad0dad,0.28975799373516326,ZDT,True,0.01568667659504851,mutation_eta_02,0.5159520141710987,0.5159520141710987,ok,ZDT2,4,ZDT2_n10_m2
0.3799016982856663,0.17715092964134366,0.17715092964134366,ok,mutation,1c697649e2ad0dad,0.32541843262236564,ZDT,True,0.020917976851375735,mutation_eta_02,0.5025693622637093,0.5025693622637093,ok,ZDT2,5,ZDT2_n10_m2
0.07363302359316594,0.4249509524968822,0.4249509524968822,ok,mutation,1c697649e2ad0dad,0.08415464207224166,ZDT,True,0.01744650307674689,mutation_eta_02,0.5091055945691239,0.5091055945691239,ok,ZDT2,6,ZDT2_n10_m2
0.23789728099073704,0.2767428987783796,0.2767428987783796,ok,mutation,1c697649e2ad0dad,0.21561848078554002,ZDT,True,0.024924213562038302,mutation_eta_02,0.4923613795639196,0.4923613795639196,ok,ZDT2,7,ZDT2_n10_m2
0.10730367784039613,0.3894962546474355,0.3894962546474355,ok,mutation,1c697649e2ad0dad,0.098079441742208,ZDT,True,0.029494197871316363,mutation_eta_02,0.4875756963896435,0.4875756963896435,ok,ZDT2,8,ZDT2_n10_m2
0.24471794204127453,0.26790240877704125,0.26790240877704125,ok,mutation,1c697649e2ad0dad,0.24217982822630052,ZDT,True,0.015833575403319994,mutation_eta_02,0.5100822370033418,0.5100822370033418,ok,ZDT2,9,ZDT2_n10_m2
0.45945239254592307,0.13694512507057255,0.13694512507057255,ok,mutation,755deabab1d31550,0.058675671610517705,ZDT,True,0.34706574651558714,mutation_eta_03,0.19562079668109025,0.19562079668109025,ok,ZDT2,0,ZDT2_n10_m2
0.02867522668887942,0.48669955782169516,0.48669955782169516,ok,mutation,755deabab1d31550,-0.07023367610815073,ZDT,True,0.08175303055979419,mutation_eta_03,0.41646588171354443,0.41646588171354443,ok,ZDT2,1,ZDT2_n10_m2
0.3663081414469268,0.1826383583929778,0.1826383583929778,ok,mutation,755deabab1d31550,0.19871968784209607,ZDT,True,0.11724293674821136,mutation_eta_03,0.38135804623507386,0.38135804623507386,ok,ZDT2,2,ZDT2_n10_m2
0.40099751746362083,0.1604131990885656,0.1604131990885656,ok,mutation,755deabab1d31550,0.26790363124463906,ZDT,True,0.07443105905036528,mutation_eta_03,0.42831683033320467,0.42831683033320467,ok,ZDT2,3,ZDT2_n10_m2
0.2936500556151754,0.22619402043593545,0.22619402043593545,ok,mutation,755deabab1d31550,0.2741113401944007,ZDT,True,0.022965931092441317,mutation_eta_03,0.5003053606303361,0.5003053606303361,ok,ZDT2,4,ZDT2_n10_m2
0.3799016982856663,0.17715092964134366,0.17715092964134366,ok,mutation,755deabab1d31550,0.09512452835082563,ZDT,True,0.23666181876885967,mutation_eta_03,0.2722754579921693,0.2722754579921693,ok,ZDT2,5,ZDT2_n10_m2
0.07363302359316594,0.4249509524968822,0.4249509524968822,ok,mutation,755deabab1d31550,0.0851205259141361,ZDT,True,0.01909880918487188,mutation_eta_03,0.5100714784110183,0.5100714784110183,ok,ZDT2,6,ZDT2_n10_m2
0.23789728099073704,0.2767428987783796,0.2767428987783796,ok,mutation,755deabab1d31550,0.20687163875615394,ZDT,True,0.027989354727263775,mutation_eta_03,0.48361453753453354,0.48361453753453354,ok,ZDT2,7,ZDT2_n10_m2
0.10730367784039613,0.3894962546474355,0.3894962546474355,ok,mutation,755deabab1d31550,0.13311882974076766,ZDT,True,0.012768993703924737,mutation_eta_03,0.5226150843882031,0.5226150843882031,ok,ZDT2,8,ZDT2_n10_m2
0.24471794204127453,0.26790240877704125,0.26790240877704125,ok,mutation,755deabab1d31550,0.12540459719633806,ZDT,True,0.1056060821827149,mutation_eta_03,0.3933070059733793,0.3933070059733793,ok,ZDT2,9,ZDT2_n10_m2
0.45945239254592307,0.13694512507057255,0.13694512507057255,ok,mutation,c98c041851d9217b,-0.03125961584190998,ZDT,True,0.6114813081908121,mutation_eta_04,0.10568550922866257,0.10568550922866257,ok,ZDT2,0,ZDT2_n10_m2
0.02867522668887942,0.48669955782169516,0.48669955782169516,ok,mutation,c98c041851d9217b,-0.3928386236729237,ZDT,True,0.6164255232571146,mutation_eta_04,0.09386093414877145,0.09386093414877145,ok,ZDT2,1,ZDT2_n10_m2
0.3663081414469268,0.1826383583929778,0.1826383583929778,ok,mutation,c98c041851d9217b,0.31123937181882533,ZDT,True,0.03166222631033159,mutation_eta_04,0.4938777302118031,0.4938777302118031,ok,ZDT2,2,ZDT2_n10_m2
0.40099751746362083,0.1604131990885656,0.1604131990885656,ok,mutation,c98c041851d9217b,-0.04018541649371882,ZDT,True,0.5189051649407742,mutation_eta_04,0.12022778259484679,0.12022778259484679,ok,ZDT2,3,ZDT2_n10_m2
0.2936500556151754,0.22619402043593545,0.22619402043593545,ok,mutation,c98c041851d9217b,-0.12986200024496514,ZDT,True,0.6153568994552859,mutation_eta_04,0.09633202019097033,0.09633202019097033,ok,ZDT2,4,ZDT2_n10_m2
0.3799016982856663,0.17715092964134366,0.17715092964134366,ok,mutation,c98c041851d9217b,-0.06957570034997299,ZDT,True,0.6107358942635973,mutation_eta_04,0.10757522929137067,0.10757522929137067,ok,ZDT2,5,ZDT2_n10_m2
0.07363302359316594,0.4249509524968822,0.4249509524968822,ok,mutation,c98c041851d9217b,-0.31356405914106883,ZDT,True,0.5593595258802986,mutation_eta_04,0.11138689335581338,0.11138689335581338,ok,ZDT2,6,ZDT2_n10_m2
0.23789728099073704,0.2767428987783796,0.2767428987783796,ok,mutation,c98c041851d9217b,-0.17034701638517513,ZDT,True,0.6111993958595651,mutation_eta_04,0.10639588239320448,0.10639588239320448,ok,ZDT2,7,ZDT2_n10_m2
0.10730367784039613,0.3894962546474355,0.3894962546474355,ok,mutation,c98c041851d9217b,-0.2756762116878857,ZDT,True,0.5478297443187923,mutation_eta_04,0.11382004295954976,0.11382004295954976,ok,ZDT2,8,ZDT2_n10_m2
0.24471794204127453,0.26790240877704125,0.26790240877704125,ok,mutation,c98c041851d9217b,-0.1608908576450782,ZDT,True,0.6109566280944515,mutation_eta_04,0.10701155113196302,0.10701155113196302,ok,ZDT2,9,ZDT2_n10_m2
0.45945239254592307,0.13694512507057255,0.13694512507057255,ok,mutation,6a66b1df3d345953,-0.10757746893861292,ZDT,True,0.6488073576932536,mutation_eta_05,0.029367656131959626,0.029367656131959626,ok,ZDT2,0,ZDT2_n10_m2
0.02867522668887942,0.48669955782169516,0.48669955782169516,ok,mutation,6a66b1df3d345953,-0.38403374527053297,ZDT,True,0.6127007556740779,mutation_eta_05,0.1026658125511622,0.1026658125511622,ok,ZDT2,1,ZDT2_n10_m2
0.3663081414469268,0.1826383583929778,0.1826383583929778,ok,mutation,6a66b1df3d345953,-0.07370541018996302,ZDT,True,0.610209731083865,mutation_eta_05,0.10893294820301477,0.10893294820301477,ok,ZDT2,2,ZDT2_n10_m2
0.40099751746362083,0.1604131990885656,0.1604131990885656,ok,mutation,6a66b1df3d345953,-0.05106219199091909,ZDT,True,0.6100494206506142,mutation_eta_05,0.10935100709764652,0.10935100709764652,ok,ZDT2,3,ZDT2_n10_m2
0.2936500556151754,0.22619402043593545,0.22619402043593545,ok,mutation,6a66b1df3d345953,-0.11762808606132567,ZDT,True,0.5601409332006643,mutation_eta_05,0.10856593437460978,0.10856593437460978,ok,ZDT2,4,ZDT2_n10_m2
0.3799016982856663,0.17715092964134366,0.17715092964134366,ok,mutation,6a66b1df3d345953,-0.15876406896989295,ZDT,True,0.6549722620386479,mutation_eta_05,0.018386860671450705,0.018386860671450705,ok,ZDT2,5,ZDT2_n10_m2
0.07363302359316594,0.4249509524968822,0.4249509524968822,ok,mutation,6a66b1df3d345953,-0.32202894404079274,ZDT,True,0.6125960345462409,mutation_eta_05,0.10292200845608944,0.10292200845608944,ok,ZDT2,6,ZDT2_n10_m2
0.23789728099073704,0.2767428987783796,0.2767428987783796,ok,mutation,6a66b1df3d345953,-0.17020261769620057,ZDT,True,0.6111423378194007,mutation_eta_05,0.10654028108217903,0.10654028108217903,ok,ZDT2,7,ZDT2_n10_m2
0.10730367784039613,0.3894962546474355,0.3894962546474355,ok,mutation,6a66b1df3d345953,0.020352953545188124,ZDT,True,0.0729899365628767,mutation_eta_05,0.4098492081926236,0.4098492081926236,ok,ZDT2,8,ZDT2_n10_m2
0.24471794204127453,0.26790240877704125,0.26790240877704125,ok,mutation,6a66b1df3d345953,-0.2623479120843209,ZDT,True,0.6623620582816853,mutation_eta_05,0.0055544966927203706,0.0055544966927203706,ok,ZDT2,9,ZDT2_n10_m2
0.45945239254592307,0.13694512507057255,0.13694512507057255,ok,crossover,89c8d84355680c85,0.3248121641985483,ZDT,True,0.04117534349767099,crossover_prob_01,0.46175728926912085,0.46175728926912085,ok,ZDT2,0,ZDT2_n10_m2
0.02867522668887942,0.48669955782169516,0.48669955782169516,ok,crossover,89c8d84355680c85,-0.24650608869677088,ZDT,True,0.25935712384561277,crossover_prob_01,0.24019346912492429,0.24019346912492429,ok,ZDT2,1,ZDT2_n10_m2
0.3663081414469268,0.1826383583929778,0.1826383583929778,ok,crossover,89c8d84355680c85,0.2574958404288785,ZDT,True,0.06515928500135648,crossover_prob_01,0.44013419882185634,0.44013419882185634,ok,ZDT2,2,ZDT2_n10_m2
0.40099751746362083,0.1604131990885656,0.1604131990885656,ok,crossover,89c8d84355680c85,-0.05833096145145672,ZDT,True,0.6129401290711759,crossover_prob_01,0.10208223763710889,0.10208223763710889,ok,ZDT2,3,ZDT2_n10_m2
0.2936500556151754,0.22619402043593545,0.22619402043593545,ok,crossover,89c8d84355680c85,-0.0667766544368365,ZDT,True,0.37688393205532333,crossover_prob_01,0.15941736599909895,0.15941736599909895,ok,ZDT2,4,ZDT2_n10_m2
0.3799016982856663,0.17715092964134366,0.17715092964134366,ok,crossover,89c8d84355680c85,0.209242776372295,ZDT,True,0.10772736834402191,crossover_prob_01,0.38639370601363865,0.38639370601363865,ok,ZDT2,5,ZDT2_n10_m2
0.07363302359316594,0.4249509524968822,0.4249509524968822,ok,crossover,89c8d84355680c85,-0.30306199856677185,ZDT,True,0.46135705068658334,crossover_prob_01,0.12188895393011032,0.12188895393011032,ok,ZDT2,6,ZDT2_n10_m2
0.23789728099073704,0.2767428987783796,0.2767428987783796,ok,crossover,89c8d84355680c85,-0.10505657792930376,ZDT,True,0.3615153452946161,crossover_prob_01,0.17168632084907584,0.17168632084907584,ok,ZDT2,7,ZDT2_n10_m2
0.10730367784039613,0.3894962546474355,0.3894962546474355,ok,crossover,89c8d84355680c85,-0.3022867122895895,ZDT,True,0.612721358894116,crossover_prob_01,0.08720954235784598,0.08720954235784598,ok,ZDT2,8,ZDT2_n10_m2
0.24471794204127453,0.26790240877704125,0.26790240877704125,ok,crossover,89c8d84355680c85,-0.16352648528435373,ZDT,True,0.5651825487987093,crossover_prob_01,0.10437592349268751,0.10437592349268751,ok,ZDT2,9,ZDT2_n10_m2
0.45945239254592307,0.13694512507057255,0.13694512507057255,ok,crossover,7427b8849a7b79d1,-0.030103036606459452,ZDT,True,0.6055615010538168,crossover_prob_02,0.1068420884641131,0.1068420884641131,ok,ZDT2,0,ZDT2_n10_m2
0.02867522668887942,0.48669955782169516,0.48669955782169516,ok,crossover,7427b8849a7b79d1,-0.3839393235575653,ZDT,True,0.6126621344219746,crossover_prob_02,0.10276023426412983,0.10276023426412983,ok,ZDT2,1,ZDT2_n10_m2
0.3663081414469268,0.1826383583929778,0.1826383583929778,ok,crossover,7427b8849a7b79d1,-0.04954887347297149,ZDT,True,0.4733514719161862,crossover_prob_02,0.1330894849200063,0.1330894849200063,ok,ZDT2,2,ZDT2_n10_m2
0.40099751746362083,0.1604131990885656,0.1604131990885656,ok,crossover,7427b8849a7b79d1,-0.033284708451411904,ZDT,True,0.4636401189757388,crossover_prob_02,0.1271284906371537,0.1271284906371537,ok,ZDT2,3,ZDT2_n10_m2
0.2936500556151754,0.22619402043593545,0.22619402043593545,ok,crossover,7427b8849a7b79d1,0.2602788016830107,ZDT,True,0.039335708064405735,crossover_prob_02,0.48647282211894616,0.48647282211894616,ok,ZDT2,4,ZDT2_n10_m2
0.3799016982856663,0.17715092964134366,0.17715092964134366,ok,crossover,7427b8849a7b79d1,-0.056749427357139864,ZDT,True,0.5161862882190201,crossover_prob_02,0.12040150228420379,0.12040150228420379,ok,ZDT2,5,ZDT2_n10_m2
0.07363302359316594,0.4249509524968822,0.4249509524968822,ok,crossover,7427b8849a7b79d1,-0.2973223240534009,ZDT,True,0.4849168062486897,crossover_prob_02,0.12762862844348127,0.12762862844348127,ok,ZDT2,6,ZDT2_n10_m2
0.23789728099073704,0.2767428987783796,0.2767428987783796,ok,crossover,7427b8849a7b79d1,-0.17134840630339943,ZDT,True,0.6115973658328774,crossover_prob_02,0.10539449247498019,0.10539449247498019,ok,ZDT2,7,ZDT2_n10_m2
0.10730367784039613,0.3894962546474355,0.3894962546474355,ok,crossover,7427b8849a7b79d1,-0.20333399167386834,ZDT,True,0.3485259762879649,crossover_prob_02,0.18616226297356714,0.18616226297356714,ok,ZDT2,8,ZDT2_n10_m2
0.24471794204127453,0.26790240877704125,0.26790240877704125,ok,crossover,7427b8849a7b79d1,-0.12975441226657536,ZDT,True,0.4399997889795378,crossover_prob_02,0.1381479965104659,0.1381479965104659,ok,ZDT2,9,ZDT2_n10_m2
0.45945239254592307,0.13694512507057255,0.13694512507057255,ok,crossover,29a7e70db29fb1aa,0.002251537847196894,ZDT,True,0.4472195824461799,crossover_prob_03,0.13919666291776944,0.13919666291776944,ok,ZDT2,0,ZDT2_n10_m2
0.02867522668887942,0.48669955782169516,0.48669955782169516,ok,crossover,29a7e70db29fb1aa,0.010478464834989376,ZDT,True,0.023019711550630373,crossover_prob_03,0.49717802265668454,0.49717802265668454,ok,ZDT2,1,ZDT2_n10_m2
0.3663081414469268,0.1826383583929778,0.1826383583929778,ok,crossover,29a7e70db29fb1aa,0.1910348739607818,ZDT,True,0.13142741452499818,crossover_prob_03,0.3736732323537596,0.3736732323537596,ok,ZDT2,2,ZDT2_n10_m2
0.40099751746362083,0.1604131990885656,0.1604131990885656,ok,crossover,29a7e70db29fb1aa,0.07329846309716154,ZDT,True,0.28635651374073057,crossover_prob_03,0.23371166218572714,0.23371166218572714,ok,ZDT2,3,ZDT2_n10_m2
0.2936500556151754,0.22619402043593545,0.22619402043593545,ok,crossover,29a7e70db29fb1aa,0.032963207850224,ZDT,True,0.25542140578111333,crossover_prob_03,0.25915722828615945,0.25915722828615945,ok,ZDT2,4,ZDT2_n10_m2
0.3799016982856663,0.17715092964134366,0.17715092964134366,ok,crossover,29a7e70db29fb1aa,0.08098957022464426,ZDT,True,0.2604752598449847,crossover_prob_03,0.2581404998659879,0.2581404998659879,ok,ZDT2,5,ZDT2_n10_m2
0.07363302359316594,0.4249509524968822,0.4249509524968822,ok,crossover,29a7e70db29fb1aa,0.0919261358271537,ZDT,True,0.01470659402245295,crossover_prob_03,0.5168770883240359,0.5168770883240359,ok,ZDT2,6,ZDT2_n10_m2
0.23789728099073704,0.2767428987783796,0.2767428987783796,ok,crossover,29a7e70db29fb1aa,0.23091553926788405,ZDT,True,0.017799522442861506,crossover_prob_03,0.5076584380462636,0.5076584380462636,ok,ZDT2,7,ZDT2_n10_m2
0.10730367784039613,0.3894962546474355,0.3894962546474355,ok,crossover,29a7e70db29fb1aa,-0.24214157002407982,ZDT,True,0.42974377596334656,crossover_prob_03,0.14735468462335566,0.14735468462335566,ok,ZDT2,8,ZDT2_n10_m2
0.24471794204127453,0.26790240877704125,0.26790240877704125,ok,crossover,29a7e70db29fb1aa,-0.09369307766738419,ZDT,True,0.37025273328865294,crossover_prob_03,0.17420933110965706,0.17420933110965706,ok,ZDT2,9,ZDT2_n10_m2
0.45945239254592307,0.13694512507057255,0.13694512507057255,ok,crossover,5a69d4d15b7b45e2,-0.03116133381536261,ZDT,True,0.6114421869295832,crossover_eta_01,0.10578379125520994,0.10578379125520994,ok,ZDT2,0,ZDT2_n10_m2
0.02867522668887942,0.48669955782169516,0.48669955782169516,ok,crossover,5a69d4d15b7b45e2,-0.36271437646401666,ZDT,True,0.48560602956963256,crossover_eta_01,0.12398518135767848,0.12398518135767848,ok,ZDT2,1,ZDT2_n10_m2
0.3663081414469268,0.1826383583929778,0.1826383583929778,ok,crossover,5a69d4d15b7b45e2,-0.05211257512319903,ZDT,True,0.4839009244958876,crossover_eta_01,0.13052578326977876,0.13052578326977876,ok,ZDT2,2,ZDT2_n10_m2
0.40099751746362083,0.1604131990885656,0.1604131990885656,ok,crossover,5a69d4d15b7b45e2,0.041671929987519785,ZDT,True,0.3319590411811234,crossover_eta_01,0.2020851290760854,0.2020851290760854,ok,ZDT2,3,ZDT2_n10_m2
0.2936500556151754,0.22619402043593545,0.22619402043593545,ok,crossover,5a69d4d15b7b45e2,-0.09455695267532713,ZDT,True,0.46835554096367416,crossover_eta_01,0.13163706776060832,0.13163706776060832,ok,ZDT2,4,ZDT2_n10_m2
0.3799016982856663,0.17715092964134366,0.17715092964134366,ok,crossover,5a69d4d15b7b45e2,-0.04368197581891953,ZDT,True,0.4714099286889342,crossover_eta_01,0.13346895382242413,0.13346895382242413,ok,ZDT2,5,ZDT2_n10_m2
0.07363302359316594,0.4249509524968822,0.4249509524968822,ok,crossover,5a69d4d15b7b45e2,0.09205533297635793,ZDT,True,0.013780946566318706,crossover_eta_01,0.5170062854732401,0.5170062854732401,ok,ZDT2,6,ZDT2_n10_m2
0.23789728099073704,0.2767428987783796,0.2767428987783796,ok,crossover,5a69d4d15b7b45e2,-0.15777952117469066,ZDT,True,0.5190127961725334,crossover_eta_01,0.11896337760368894,0.11896337760368894,ok,ZDT2,7,ZDT2_n10_m2
0.10730367784039613,0.3894962546474355,0.3894962546474355,ok,crossover,5a69d4d15b7b45e2,0.12996029486507238,ZDT,True,0.012583308851833808,crossover_eta_01,0.5194565495125079,0.5194565495125079,ok,ZDT2,8,ZDT2_n10_m2
0.24471794204127453,0.26790240877704125,0.26790240877704125,ok,crossover,5a69d4d15b7b45e2,-0.1274396268785419,ZDT,True,0.4298816929929289,crossover_eta_01,0.14046278189849934,0.14046278189849934,ok,ZDT2,9,ZDT2_n10_m2
0.45945239254592307,0.13694512507057255,0.13694512507057255,ok,crossover,29d8c62df1a2dfb9,-0.009270952143588057,ZDT,True,0.46841499092261113,crossover_eta_02,0.1276741729269845,0.1276741729269845,ok,ZDT2,0,ZDT2_n10_m2
0.02867522668887942,0.48669955782169516,0.48669955782169516,ok,crossover,29d8c62df1a2dfb9,0.018610081708835935,ZDT,True,0.018778157775445118,crossover_eta_02,0.5053096395305311,0.5053096395305311,ok,ZDT2,1,ZDT2_n10_m2
0.3663081414469268,0.1826383583929778,0.1826383583929778,ok,crossover,29d8c62df1a2dfb9,-0.06240559231182778,ZDT,True,0.5161242555225704,crossover_eta_02,0.12023276608115001,0.12023276608115001,ok,ZDT2,2,ZDT2_n10_m2
0.40099751746362083,0.1604131990885656,0.1604131990885656,ok,crossover,29d8c62df1a2dfb9,0.18115348066037923,ZDT,True,0.16249957904416662,crossover_eta_02,0.34156667974894483,0.34156667974894483,ok,ZDT2,3,ZDT2_n10_m2
0.2936500556151754,0.22619402043593545,0.22619402043593545,ok,crossover,29d8c62df1a2dfb9,-0.08211768405050887,ZDT,True,0.4403281943047092,crossover_eta_02,0.14407633638542658,0.14407633638542658,ok,ZDT2,4,ZDT2_n10_m2
0.3799016982856663,0.17715092964134366,0.17715092964134366,ok,crossover,29d8c62df1a2dfb9,-0.04625554619883038,ZDT,True,0.4704643834438214,crossover_eta_02,0.13089538344251328,0.13089538344251328,ok,ZDT2,5,ZDT2_n10_m2
0.07363302359316594,0.4249509524968822,0.4249509524968822,ok,crossover,29d8c62df1a2dfb9,-0.07116756505989053,ZDT,True,0.14398196410340422,crossover_eta_02,0.35378338743699167,0.35378338743699167,ok,ZDT2,6,ZDT2_n10_m2
0.23789728099073704,0.2767428987783796,0.2767428987783796,ok,crossover,29d8c62df1a2dfb9,0.002061223363192921,ZDT,True,0.23075418275783208,crossover_eta_02,0.2788041221415725,0.2788041221415725,ok,ZDT2,7,ZDT2_n10_m2
0.10730367784039613,0.3894962546474355,0.3894962546474355,ok,crossover,29d8c62df1a2dfb9,0.12630110054503646,ZDT,True,0.014548866957714311,crossover_eta_02,0.5157973551924719,0.5157973551924719,ok,ZDT2,8,ZDT2_n10_m2
0.24471794204127453,0.26790240877704125,0.26790240877704125,ok,crossover,29d8c62df1a2dfb9,-0.009332622239194066,ZDT,True,0.2557261560621174,crossover_eta_02,0.2585697865378472,0.2585697865378472,ok,ZDT2,9,ZDT2_n10_m2
0.45945239254592307,0.13694512507057255,0.13694512507057255,ok,crossover,73e8830cf37f2c32,-0.022690276889929237,ZDT,True,0.522448608864213,crossover_eta_03,0.11425484818064331,0.11425484818064331,ok,ZDT2,0,ZDT2_n10_m2
0.02867522668887942,0.48669955782169516,0.48669955782169516,ok,crossover,73e8830cf37f2c32,-0.29694330195485397,ZDT,True,0.336450799116975,crossover_eta_03,0.18975625586684117,0.18975625586684117,ok,ZDT2,1,ZDT2_n10_m2
0.3663081414469268,0.1826383583929778,0.1826383583929778,ok,crossover,73e8830cf37f2c32,0.03352993580648822,ZDT,True,0.3140785563651207,crossover_eta_03,0.216168294199466,0.216168294199466,ok,ZDT2,2,ZDT2_n10_m2
0.40099751746362083,0.1604131990885656,0.1604131990885656,ok,crossover,73e8830cf37f2c32,-0.02724609069780301,ZDT,True,0.47682400032251215,crossover_eta_03,0.1331671083907626,0.1331671083907626,ok,ZDT2,3,ZDT2_n10_m2
0.2936500556151754,0.22619402043593545,0.22619402043593545,ok,crossover,73e8830cf37f2c32,0.040398740616921947,ZDT,True,0.24276263787780095,crossover_eta_03,0.2665927610528574,0.2665927610528574,ok,ZDT2,4,ZDT2_n10_m2
0.3799016982856663,0.17715092964134366,0.17715092964134366,ok,crossover,73e8830cf37f2c32,-0.005181254196530566,ZDT,True,0.382929452633285,crossover_eta_03,0.1719696754448131,0.1719696754448131,ok,ZDT2,5,ZDT2_n10_m2
0.07363302359316594,0.4249509524968822,0.4249509524968822,ok,crossover,73e8830cf37f2c32,-0.20354615667985398,ZDT,True,0.29760710202230894,crossover_eta_03,0.2214047958170282,0.2214047958170282,ok,ZDT2,6,ZDT2_n10_m2
0.23789728099073704,0.2767428987783796,0.2767428987783796,ok,crossover,73e8830cf37f2c32,-0.059045005062971556,ZDT,True,0.313684640664345,crossover_eta_03,0.21769789371540804,0.21769789371540804,ok,ZDT2,7,ZDT2_n10_m2
0.10730367784039613,0.3894962546474355,0.3894962546474355,ok,crossover,73e8830cf37f2c32,-0.2799352766296056,ZDT,True,0.5400332481873231,crossover_eta_03,0.10956097801782988,0.10956097801782988,ok,ZDT2,8,ZDT2_n10_m2
0.24471794204127453,0.26790240877704125,0.26790240877704125,ok,crossover,73e8830cf37f2c32,-0.1433396195743847,ZDT,True,0.49301913504651346,crossover_eta_03,0.12456278920265654,0.12456278920265654,ok,ZDT2,9,ZDT2_n10_m2
0.45945239254592307,0.13694512507057255,0.13694512507057255,ok,crossover,5749b04c6367f3d6,0.017231237986022496,ZDT,True,0.399312680538085,crossover_eta_04,0.15417636305659504,0.15417636305659504,ok,ZDT2,0,ZDT2_n10_m2
0.02867522668887942,0.48669955782169516,0.48669955782169516,ok,crossover,5749b04c6367f3d6,-0.3571017970939093,ZDT,True,0.477693565381884,crossover_eta_04,0.12959776072778584,0.12959776072778584,ok,ZDT2,1,ZDT2_n10_m2
0.3663081414469268,0.1826383583929778,0.1826383583929778,ok,crossover,5749b04c6367f3d6,7.424006878811729e-05,ZDT,True,0.3506747773607365,crossover_eta_04,0.1827125984617659,0.1827125984617659,ok,ZDT2,2,ZDT2_n10_m2
0.40099751746362083,0.1604131990885656,0.1604131990885656,ok,crossover,5749b04c6367f3d6,0.02586388447321522,ZDT,True,0.36503177411426735,crossover_eta_04,0.18627708356178083,0.18627708356178083,ok,ZDT2,3,ZDT2_n10_m2
0.2936500556151754,0.22619402043593545,0.22619402043593545,ok,crossover,5749b04c6367f3d6,-0.0580231801079783,ZDT,True,0.3906043705022373,crossover_eta_04,0.16817084032795715,0.16817084032795715,ok,ZDT2,4,ZDT2_n10_m2
0.3799016982856663,0.17715092964134366,0.17715092964134366,ok,crossover,5749b04c6367f3d6,-0.053430078847176,ZDT,True,0.5007873374245041,crossover_eta_04,0.12372085079416766,0.12372085079416766,ok,ZDT2,5,ZDT2_n10_m2
0.07363302359316594,0.4249509524968822,0.4249509524968822,ok,crossover,5749b04c6367f3d6,-0.0064128363396891985,ZDT,True,0.09041992093624958,crossover_eta_04,0.418538116157193,0.418538116157193,ok,ZDT2,6,ZDT2_n10_m2
0.23789728099073704,0.2767428987783796,0.2767428987783796,ok,crossover,5749b04c6367f3d6,-0.14045350553536326,ZDT,True,0.4469673060952911,crossover_eta_04,0.13628939324301634,0.13628939324301634,ok,ZDT2,7,ZDT2_n10_m2
0.10730367784039613,0.3894962546474355,0.3894962546474355,ok,crossover,5749b04c6367f3d6,-0.189353175774117,ZDT,True,0.341629506453307,crossover_eta_04,0.20014307887331848,0.20014307887331848,ok,ZDT2,8,ZDT2_n10_m2
0.24471794204127453,0.26790240877704125,0.26790240877704125,ok,crossover,5749b04c6367f3d6,-0.1519595660233248,ZDT,True,0.4776668162688687,crossover_eta_04,0.11594284275371644,0.11594284275371644,ok,ZDT2,9,ZDT2_n10_m2
0.45945239254592307,0.13694512507057255,0.13694512507057255,ok,selection,63758274fca5e53d,0.1421275911563269,ZDT,True,0.22464803517009618,selection_tournament_01,0.27907271622689944,0.27907271622689944,ok,ZDT2,0,ZDT2_n10_m2
0.02867522668887942,0.48669955782169516,0.48669955782169516,ok,selection,63758274fca5e53d,-0.14596810881963718,ZDT,True,0.14448742964027095,selection_tournament_01,0.340731449002058,0.340731449002058,ok,ZDT2,1,ZDT2_n10_m2
0.3663081414469268,0.1826383583929778,0.1826383583929778,ok,selection,63758274fca5e53d,-0.0045157029783106095,ZDT,True,0.3755271866715506,selection_tournament_01,0.17812265541466718,0.17812265541466718,ok,ZDT2,2,ZDT2_n10_m2
0.40099751746362083,0.1604131990885656,0.1604131990885656,ok,selection,63758274fca5e53d,0.014917820492004547,ZDT,True,0.3813206966149986,selection_tournament_01,0.17533101958057015,0.17533101958057015,ok,ZDT2,3,ZDT2_n10_m2
0.2936500556151754,0.22619402043593545,0.22619402043593545,ok,selection,63758274fca5e53d,-0.10662493290095305,ZDT,True,0.5053081259942384,selection_tournament_01,0.1195690875349824,0.1195690875349824,ok,ZDT2,4,ZDT2_n10_m2
0.3799016982856663,0.17715092964134366,0.17715092964134366,ok,selection,63758274fca5e53d,0.011167330241967838,ZDT,True,0.35694939669526776,selection_tournament_01,0.1883182598833115,0.1883182598833115,ok,ZDT2,5,ZDT2_n10_m2
0.07363302359316594,0.4249509524968822,0.4249509524968822,ok,selection,63758274fca5e53d,0.002276724897564697,ZDT,True,0.07082852029556751,selection_tournament_01,0.4272276773944469,0.4272276773944469,ok,ZDT2,6,ZDT2_n10_m2
0.23789728099073704,0.2767428987783796,0.2767428987783796,ok,selection,63758274fca5e53d,-0.13554014018538865,ZDT,True,0.45471868582942593,selection_tournament_01,0.14120275859299095,0.14120275859299095,ok,ZDT2,7,ZDT2_n10_m2
0.10730367784039613,0.3894962546474355,0.3894962546474355,ok,selection,63758274fca5e53d,-0.19594712121474353,ZDT,True,0.352680103857368,selection_tournament_01,0.19354913343269195,0.19354913343269195,ok,ZDT2,8,ZDT2_n10_m2
0.24471794204127453,0.26790240877704125,0.26790240877704125,ok,selection,63758274fca5e53d,0.030602322511969426,ZDT,True,0.20967874498803257,selection_tournament_01,0.29850473128901067,0.29850473128901067,ok,ZDT2,9,ZDT2_n10_m2
0.45945239254592307,0.13694512507057255,0.13694512507057255,ok,selection,f4b31b2f58d82c3f,0.3751394152555594,ZDT,True,0.015453648425065391,selection_tournament_02,0.5120845403261319,0.5120845403261319,ok,ZDT2,0,ZDT2_n10_m2
0.02867522668887942,0.48669955782169516,0.48669955782169516,ok,selection,f4b31b2f58d82c3f,-0.23116371640368516,ZDT,True,0.25954653566898134,selection_tournament_02,0.25553584141801,0.25553584141801,ok,ZDT2,1,ZDT2_n10_m2
0.3663081414469268,0.1826383583929778,0.1826383583929778,ok,selection,f4b31b2f58d82c3f,0.3388113459656348,ZDT,True,0.012542760379093023,selection_tournament_02,0.5214497043586126,0.5214497043586126,ok,ZDT2,2,ZDT2_n10_m2
0.40099751746362083,0.1604131990885656,0.1604131990885656,ok,selection,f4b31b2f58d82c3f,0.20961508496059228,ZDT,True,0.133433656425473,selection_tournament_02,0.3700282840491579,0.3700282840491579,ok,ZDT2,3,ZDT2_n10_m2
0.2936500556151754,0.22619402043593545,0.22619402043593545,ok,selection,f4b31b2f58d82c3f,0.09445796799396766,ZDT,True,0.18509417860989635,selection_tournament_02,0.3206519884299031,0.3206519884299031,ok,ZDT2,4,ZDT2_n10_m2
0.3799016982856663,0.17715092964134366,0.17715092964134366,ok,selection,f4b31b2f58d82c3f,0.08300877033541249,ZDT,True,0.25749828602963004,selection_tournament_02,0.26015969997675614,0.26015969997675614,ok,ZDT2,5,ZDT2_n10_m2
0.07363302359316594,0.4249509524968822,0.4249509524968822,ok,selection,f4b31b2f58d82c3f,-0.02140981554943483,ZDT,True,0.09791245065314894,selection_tournament_02,0.40354113694744737,0.40354113694744737,ok,ZDT2,6,ZDT2_n10_m2
0.23789728099073704,0.2767428987783796,0.2767428987783796,ok,selection,f4b31b2f58d82c3f,0.2163522218318224,ZDT,True,0.025741089575632967,selection_tournament_02,0.493095120610202,0.493095120610202,ok,ZDT2,7,ZDT2_n10_m2
0.10730367784039613,0.3894962546474355,0.3894962546474355,ok,selection,f4b31b2f58d82c3f,0.12356218470626695,ZDT,True,0.02087528445098009,selection_tournament_02,0.5130584393537024,0.5130584393537024,ok,ZDT2,8,ZDT2_n10_m2
0.24471794204127453,0.26790240877704125,0.26790240877704125,ok,selection,f4b31b2f58d82c3f,-0.08475196489931339,ZDT,True,0.36769732332592553,selection_tournament_02,0.18315044387772786,0.18315044387772786,ok,ZDT2,9,ZDT2_n10_m2
0.45945239254592307,0.13694512507057255,0.13694512507057255,ok,selection,c3d12c431b0ebfcb,0.1338035349665011,ZDT,True,0.24748995660882586,selection_tournament_03,0.27074866003707365,0.27074866003707365,ok,ZDT2,0,ZDT2_n10_m2
0.02867522668887942,0.48669955782169516,0.48669955782169516,ok,selection,c3d12c431b0ebfcb,-0.28670540185177246,ZDT,True,0.3439375877530317,selection_tournament_03,0.1999941559699227,0.1999941559699227,ok,ZDT2,1,ZDT2_n10_m2
0.3663081414469268,0.1826383583929778,0.1826383583929778,ok,selection,c3d12c431b0ebfcb,0.24932304920579065,ZDT,True,0.07144775821368453,selection_tournament_03,0.43196140759876844,0.43196140759876844,ok,ZDT2,2,ZDT2_n10_m2
0.40099751746362083,0.1604131990885656,0.1604131990885656,ok,selection,c3d12c431b0ebfcb,-0.02765266380066253,ZDT,True,0.47742658257072834,selection_tournament_03,0.13276053528790308,0.13276053528790308,ok,ZDT2,3,ZDT2_n10_m2
0.2936500556151754,0.22619402043593545,0.22619402043593545,ok,selection,c3d12c431b0ebfcb,0.2715844330925267,ZDT,True,0.029039737880768433,selection_tournament_03,0.4977784535284622,0.4977784535284622,ok,ZDT2,4,ZDT2_n10_m2
0.3799016982856663,0.17715092964134366,0.17715092964134366,ok,selection,c3d12c431b0ebfcb,0.06964185617935784,ZDT,True,0.27725828745600384,selection_tournament_03,0.2467927858207015,0.2467927858207015,ok,ZDT2,5,ZDT2_n10_m2
0.07363302359316594,0.4249509524968822,0.4249509524968822,ok,selection,c3d12c431b0ebfcb,0.04762276859577563,ZDT,True,0.03934992171505828,selection_tournament_03,0.47257372109265783,0.47257372109265783,ok,ZDT2,6,ZDT2_n10_m2
0.23789728099073704,0.2767428987783796,0.2767428987783796,ok,selection,c3d12c431b0ebfcb,0.013364709675355968,ZDT,True,0.21662772489550775,selection_tournament_03,0.29010760845373557,0.29010760845373557,ok,ZDT2,7,ZDT2_n10_m2
0.10730367784039613,0.3894962546474355,0.3894962546474355,ok,selection,c3d12c431b0ebfcb,-0.2536751013112417,ZDT,True,0.4692360182759699,selection_tournament_03,0.1358211533361938,0.1358211533361938,ok,ZDT2,8,ZDT2_n10_m2
0.24471794204127453,0.26790240877704125,0.26790240877704125,ok,selection,c3d12c431b0ebfcb,-0.12810043234535112,ZDT,True,0.45654954815031135,selection_tournament_03,0.13980197643169012,0.13980197643169012,ok,ZDT2,9,ZDT2_n10_m2
0.02952284581881564,0.6846320815075145,1.034214812091263,ok,mutation,6650155df71160ac,-0.006763414387558786,ZDT,True,0.07681022853459715,mutation_prob_02,0.6778686671199557,1.023997903581041,ok,ZDT3,0,ZDT3_n20_m2
0.04710164824119334,0.6602944705411753,0.9974500760641695,ok,mutation,6650155df71160ac,0.043341398719057844,ZDT,True,0.017117380938325447,mutation_prob_02,0.7036358692602331,1.0629222000600291,ok,ZDT3,1,ZDT3_n20_m2
0.21430688311464166,0.608379402364158,0.9190264468921711,ok,mutation,6650155df71160ac,0.07571989222177167,ZDT,True,0.07442194772894775,mutation_prob_02,0.6840992945859297,1.0334099767046734,ok,ZDT3,2,ZDT3_n20_m2
0.11204581978510793,0.6266905640061365,0.9466875441563134,ok,mutation,6650155df71160ac,0.0690021614979065,ZDT,True,0.021186128828251882,mutation_prob_02,0.695692725504043,1.0509231758408704,ok,ZDT3,3,ZDT3_n20_m2
0.07695923512963124,0.6157784025363275,0.9302034801913904,ok,mutation,6650155df71160ac,-0.0033819224864377606,ZDT,True,0.21335471134331593,mutation_prob_02,0.6123964800498898,0.925094700712175,ok,ZDT3,4,ZDT3_n20_m2
0.06170487674308788,0.6358364488014867,0.9605034458362401,ok,mutation,6650155df71160ac,0.07025900021681142,ZDT,True,0.015803490469994456,mutation_prob_02,0.7060954490182981,1.0666376756943428,ok,ZDT3,5,ZDT3_n20_m2
0.044240336975455416,0.6694991585713744,1.0113548067343279,ok,mutation,6650155df71160ac,0.0015947648834219175,ZDT,True,0.08214418710982857,mutation_prob_02,0.6710939234547963,1.0137638809053862,ok,ZDT3,6,ZDT3_n20_m2
0.026668485162966972,0.689936203439503,1.0422272929775245,ok,mutation,6650155df71160ac,-0.04193929988627543,ZDT,True,0.05722965076367785,mutation_prob_02,0.6479969035532276,0.9788731991179197,ok,ZDT3,7,ZDT3_n20_m2
0.10140938848791754,0.6534654745388124,0.987134099048012,ok,mutation,6650155df71160ac,0.017828422320044335,ZDT,True,0.08018256766347938,mutation_prob_02,0.6712938968588568,1.014065963530623,ok,ZDT3,8,ZDT3_n20_m2
0.03988525954686413,0.6665184443277801,1.0068520980465476,ok,mutation,6650155df71160ac,0.028117445121170315,ZDT,True,0.021503255145237266,mutation_prob_02,0.6946358894489504,1.0493267044927526,ok,ZDT3,9,ZDT3_n20_m2
0.02952284581881564,0.6846320815075145,1.034214812091263,ok,mutation,29f7a865e086b60b,0.010388091262466648,ZDT,True,0.02894153376548869,mutation_prob_03,0.6950201727699812,1.0499072082602268,ok,ZDT3,0,ZDT3_n20_m2
0.04710164824119334,0.6602944705411753,0.9974500760641695,ok,mutation,29f7a865e086b60b,0.020270777037047494,ZDT,True,0.03016882628025103,mutation_prob_03,0.6805652475782228,1.0280713957927927,ok,ZDT3,1,ZDT3_n20_m2
0.21430688311464166,0.608379402364158,0.9190264468921711,ok,mutation,29f7a865e086b60b,0.06954702848363603,ZDT,True,0.07598551336745604,mutation_prob_03,0.677926430847794,1.0240851622774214,ok,ZDT3,2,ZDT3_n20_m2
0.11204581978510793,0.6266905640061365,0.9466875441563134,ok,mutation,29f7a865e086b60b,0.043923759242602944,ZDT,True,0.08118977468262943,mutation_prob_03,0.6706143232487395,1.0130393901162686,ok,ZDT3,3,ZDT3_n20_m2
0.07695923512963124,0.6157784025363275,0.9302034801913904,ok,mutation,29f7a865e086b60b,0.07562598501159401,ZDT,True,0.02286409323350922,mutation_prob_03,0.6914043875479216,1.0444451524568232,ok,ZDT3,4,ZDT3_n20_m2
0.06170487674308788,0.6358364488014867,0.9605034458362401,ok,mutation,29f7a865e086b60b,0.06231441384391723,ZDT,True,0.022476544648783913,mutation_prob_03,0.6981508626454039,1.0546364722381836,ok,ZDT3,5,ZDT3_n20_m2
0.044240336975455416,0.6694991585713744,1.0113548067343279,ok,mutation,29f7a865e086b60b,0.002084168765171146,ZDT,True,0.08253386423436805,mutation_prob_03,0.6715833273365456,1.0145031812643253,ok,ZDT3,6,ZDT3_n20_m2
0.026668485162966972,0.689936203439503,1.0422272929775245,ok,mutation,29f7a865e086b60b,0.0065768203086911114,ZDT,True,0.033532015611751585,mutation_prob_03,0.6965130237481941,1.0521623298585512,ok,ZDT3,7,ZDT3_n20_m2
0.10140938848791754,0.6534654745388124,0.987134099048012,ok,mutation,29f7a865e086b60b,0.047193412482585906,ZDT,True,0.0173955852377654,mutation_prob_03,0.7006588870213983,1.0584251289909143,ok,ZDT3,8,ZDT3_n20_m2
0.03988525954686413,0.6665184443277801,1.0068520980465476,ok,mutation,29f7a865e086b60b,-0.01110309196789172,ZDT,True,0.05522661612890047,mutation_prob_03,0.6554153523598883,0.9900796117968228,ok,ZDT3,9,ZDT3_n20_m2
0.02952284581881564,0.6846320815075145,1.034214812091263,ok,mutation,f396d175bba84edf,-0.005274827387800385,ZDT,True,0.03243785995316732,mutation_prob_04,0.6793572541197141,1.0262465839537853,ok,ZDT3,0,ZDT3_n20_m2
0.04710164824119334,0.6602944705411753,0.9974500760641695,ok,mutation,f396d175bba84edf,0.02879649974546805,ZDT,True,0.026067900283668226,mutation_prob_04,0.6890909702866433,1.04095047193748,ok,ZDT3,1,ZDT3_n20_m2
0.21430688311464166,0.608379402364158,0.9190264468921711,ok,mutation,f396d175bba84edf,0.07799772388598925,ZDT,True,0.03069506104622671,mutation_prob_04,0.6863771262501472,1.0368509011226428,ok,ZDT3,2,ZDT3_n20_m2
0.11204581978510793,0.6266905640061365,0.9466875441563134,ok,mutation,f396d175bba84edf,0.03847239191235874,ZDT,True,0.08564485037203072,mutation_prob_04,0.6651629559184953,1.004804478268909,ok,ZDT3,3,ZDT3_n20_m2
0.07695923512963124,0.6157784025363275,0.9302034801913904,ok,mutation,f396d175bba84edf,0.06532112289318293,ZDT,True,0.029068242518715835,mutation_prob_04,0.6810995254295105,1.0288784833986742,ok,ZDT3,4,ZDT3_n20_m2
0.06170487674308788,0.6358364488014867,0.9605034458362401,ok,mutation,f396d175bba84edf,0.058966881327168874,ZDT,True,0.023558835084728103,mutation_prob_04,0.6948033301286556,1.0495796427288862,ok,ZDT3,5,ZDT3_n20_m2
0.044240336975455416,0.6694991585713744,1.0113548067343279,ok,mutation,f396d175bba84edf,0.002306484485364413,ZDT,True,0.08260310976900315,mutation_prob_04,0.6718056430567388,1.0148390145052664,ok,ZDT3,6,ZDT3_n20_m2
0.026668485162966972,0.689936203439503,1.0422272929775245,ok,mutation,f396d175bba84edf,-0.007851032796621804,ZDT,True,0.029430541838009597,mutation_prob_04,0.6820851706428812,1.0303674128641038,ok,ZDT3,7,ZDT3_n20_m2
0.10140938848791754,0.6534654745388124,0.987134099048012,ok,mutation,f396d175bba84edf,0.03297907092692465,ZDT,True,0.0377483112824827,mutation_prob_04,0.6864445454657371,1.0369527455340657,ok,ZDT3,8,ZDT3_n20_m2
0.03988525954686413,0.6665184443277801,1.0068520980465476,ok,mutation,f396d175bba84edf,0.009389918320032442,ZDT,True,0.03565226608465886,mutation_prob_04,0.6759083626478125,1.021036640187081,ok,ZDT3,9,ZDT3_n20_m2
0.02952284581881564,0.6846320815075145,1.034214812091263,ok,mutation,02c7cd9d9bfd44c8,-0.02911656256791806,ZDT,True,0.09616665614033593,mutation_prob_05,0.6555155189395965,0.9902309248351807,ok,ZDT3,0,ZDT3_n20_m2
0.04710164824119334,0.6602944705411753,0.9974500760641695,ok,mutation,02c7cd9d9bfd44c8,0.00879798767597495,ZDT,True,0.03684303940150373,mutation_prob_05,0.6690924582171502,1.0107404394825101,ok,ZDT3,1,ZDT3_n20_m2
0.21430688311464166,0.608379402364158,0.9190264468921711,ok,mutation,02c7cd9d9bfd44c8,0.07262180359904968,ZDT,True,0.03276681353936315,mutation_prob_05,0.6810012059632077,1.0287299606356988,ok,ZDT3,2,ZDT3_n20_m2
0.11204581978510793,0.6266905640061365,0.9466875441563134,ok,mutation,02c7cd9d9bfd44c8,-0.030087943828896235,ZDT,True,0.22710694733863826,mutation_prob_05,0.5966026201772403,0.9012362747610847,ok,ZDT3,3,ZDT3_n20_m2
0.07695923512963124,0.6157784025363275,0.9302034801913904,ok,mutation,02c7cd9d9bfd44c8,0.026109822998063303,ZDT,True,0.06076564962626108,mutation_prob_05,0.6418882255343908,0.9696453445373014,ok,ZDT3,4,ZDT3_n20_m2
0.06170487674308788,0.6358364488014867,0.9605034458362401,ok,mutation,02c7cd9d9bfd44c8,0.026995862782272506,ZDT,True,0.04419076582182837,mutation_prob_05,0.6628323115837592,1.0012837742910983,ok,ZDT3,5,ZDT3_n20_m2
0.044240336975455416,0.6694991585713744,1.0113548067343279,ok,mutation,02c7cd9d9bfd44c8,-0.007315006036088811,ZDT,True,0.04880517125755047,mutation_prob_05,0.6621841525352856,1.000304656153592,ok,ZDT3,6,ZDT3_n20_m2
0.026668485162966972,0.689936203439503,1.0422272929775245,ok,mutation,02c7cd9d9bfd44c8,-0.025129408354215732,ZDT,True,0.04218767051466467,mutation_prob_05,0.6648067950852873,1.0042664567254553,ok,ZDT3,7,ZDT3_n20_m2
0.10140938848791754,0.6534654745388124,0.987134099048012,ok,mutation,02c7cd9d9bfd44c8,0.004906010860896148,ZDT,True,0.09488906551340097,mutation_prob_05,0.6583714853997086,0.9945451877738681,ok,ZDT3,8,ZDT3_n20_m2
0.03988525954686413,0.6665184443277801,1.0068520980465476,ok,mutation,02c7cd9d9bfd44c8,-0.019006733070968895,ZDT,True,0.09886677189135118,mutation_prob_05,0.6475117112568112,0.9781402608387761,ok,ZDT3,9,ZDT3_n20_m2
0.02952284581881564,0.6846320815075145,1.034214812091263,ok,mutation,f6055dba02dedab2,0.005172818482493513,ZDT,True,0.025140733660455262,mutation_eta_01,0.689804899990008,1.0420289441475254,ok,ZDT3,0,ZDT3_n20_m2
0.04710164824119334,0.6602944705411753,0.9974500760641695,ok,mutation,f6055dba02dedab2,0.031207869239969432,ZDT,True,0.02309239510919635,mutation_eta_01,0.6915023397811447,1.0445931204723646,ok,ZDT3,1,ZDT3_n20_m2
0.21430688311464166,0.608379402364158,0.9190264468921711,ok,mutation,f6055dba02dedab2,0.0796627577746214,ZDT,True,0.025197275241158366,mutation_eta_01,0.6880421601387794,1.0393661246372428,ok,ZDT3,2,ZDT3_n20_m2
0.11204581978510793,0.6266905640061365,0.9466875441563134,ok,mutation,f6055dba02dedab2,0.07362363296150487,ZDT,True,0.021538498050713208,mutation_eta_01,0.7003141969676414,1.0579044353675722,ok,ZDT3,3,ZDT3_n20_m2
0.07695923512963124,0.6157784025363275,0.9302034801913904,ok,mutation,f6055dba02dedab2,0.06218699760524049,ZDT,True,0.03388197430895632,mutation_eta_01,0.677965400141568,1.024144029838446,ok,ZDT3,4,ZDT3_n20_m2
0.06170487674308788,0.6358364488014867,0.9605034458362401,ok,mutation,f6055dba02dedab2,0.06541740048940514,ZDT,True,0.017944991534821278,mutation_eta_01,0.7012538492908919,1.0593238873289554,ok,ZDT3,5,ZDT3_n20_m2
0.044240336975455416,0.6694991585713744,1.0113548067343279,ok,mutation,f6055dba02dedab2,-0.012700985713099522,ZDT,True,0.04847534605819089,mutation_eta_01,0.6567981728582749,0.9921685198111031,ok,ZDT3,6,ZDT3_n20_m2
0.026668485162966972,0.689936203439503,1.0422272929775245,ok,mutation,f6055dba02dedab2,0.006345153160385419,ZDT,True,0.02162906969433352,mutation_eta_01,0.6962813565998884,1.051812370219317,ok,ZDT3,7,ZDT3_n20_m2
0.10140938848791754,0.6534654745388124,0.987134099048012,ok,mutation,f6055dba02dedab2,0.051753698429653716,ZDT,True,0.016518696805213846,mutation_eta_01,0.7052191729684661,1.0653139608193083,ok,ZDT3,8,ZDT3_n20_m2
0.03988525954686413,0.6665184443277801,1.0068520980465476,ok,mutation,f6055dba02dedab2,-0.012912162566472873,ZDT,True,0.054355816491858465,mutation_eta_01,0.6536062817613072,0.9873468044106255,ok,ZDT3,9,ZDT3_n20_m2
0.02952284581881564,0.6846320815075145,1.034214812091263,ok,mutation,4ee066b40028afee,-0.018434764307959206,ZDT,True,0.05246108875169845,mutation_eta_02,0.6661973171995553,1.0063669989085648,ok,ZDT3,0,ZDT3_n20_m2
0.04710164824119334,0.6602944705411753,0.9974500760641695,ok,mutation,4ee066b40028afee,0.037817468370647034,ZDT,True,0.020530998142011526,mutation_eta_02,0.6981119389118223,1.0545776735010228,ok,ZDT3,1,ZDT3_n20_m2
0.21430688311464166,0.608379402364158,0.9190264468921711,ok,mutation,4ee066b40028afee,0.08495643498156813,ZDT,True,0.02252124633757222,mutation_eta_02,0.6933358373457261,1.0473628275755553,ok,ZDT3,2,ZDT3_n20_m2
0.11204581978510793,0.6266905640061365,0.9466875441563134,ok,mutation,4ee066b40028afee,0.056901421456625356,ZDT,True,0.07401567466993299,mutation_eta_02,0.6835919854627619,1.0326436284372453,ok,ZDT3,3,ZDT3_n20_m2
0.07695923512963124,0.6157784025363275,0.9302034801913904,ok,mutation,4ee066b40028afee,0.07217513181179203,ZDT,True,0.026502656664266187,mutation_eta_02,0.6879535343481196,1.0392322452764744,ok,ZDT3,4,ZDT3_n20_m2
0.06170487674308788,0.6358364488014867,0.9605034458362401,ok,mutation,4ee066b40028afee,0.04906243688765721,ZDT,True,0.027026339854092824,mutation_eta_02,0.6848988856891439,1.0346178502252068,ok,ZDT3,5,ZDT3_n20_m2
0.044240336975455416,0.6694991585713744,1.0113548067343279,ok,mutation,4ee066b40028afee,0.019642794203131198,ZDT,True,0.023392905681804858,mutation_eta_02,0.6891419527745056,1.0410274867977662,ok,ZDT3,6,ZDT3_n20_m2
0.026668485162966972,0.689936203439503,1.0422272929775245,ok,mutation,4ee066b40028afee,0.016195209139994393,ZDT,True,0.017645096076633855,mutation_eta_02,0.7061314125794974,1.0666920027536377,ok,ZDT3,7,ZDT3_n20_m2
0.10140938848791754,0.6534654745388124,0.987134099048012,ok,mutation,4ee066b40028afee,0.024095214209675864,ZDT,True,0.078134179841755,mutation_eta_02,0.6775606887484883,1.0235326671391938,ok,ZDT3,8,ZDT3_n20_m2
0.03988525954686413,0.6665184443277801,1.0068520980465476,ok,mutation,4ee066b40028afee,0.03820068368084295,ZDT,True,0.017354330642721242,mutation_eta_02,0.704719128008623,1.0645585858987485,ok,ZDT3,9,ZDT3_n20_m2
0.02952284581881564,0.6846320815075145,1.034214812091263,ok,mutation,001a9cbb487032ac,-0.07703865564417023,ZDT,True,0.2138388756406627,mutation_eta_03,0.6075934258633443,0.9178391397807262,ok,ZDT3,0,ZDT3_n20_m2
0.04710164824119334,0.6602944705411753,0.9974500760641695,ok,mutation,001a9cbb487032ac,0.03894021856548957,ZDT,True,0.01952603725488673,mutation_eta_03,0.6992346891066649,1.056273715671918,ok,ZDT3,1,ZDT3_n20_m2
0.21430688311464166,0.608379402364158,0.9190264468921711,ok,mutation,001a9cbb487032ac,0.052568791482107136,ZDT,True,0.08927550978955223,mutation_eta_03,0.6609481938462651,0.9984375996456593,ok,ZDT3,2,ZDT3_n20_m2
0.11204581978510793,0.6266905640061365,0.9466875441563134,ok,mutation,001a9cbb487032ac,0.07698870667089719,ZDT,True,0.017168046661593054,mutation_eta_03,0.7036792706770337,1.0629877628481794,ok,ZDT3,3,ZDT3_n20_m2
0.07695923512963124,0.6157784025363275,0.9302034801913904,ok,mutation,001a9cbb487032ac,0.058463717600331644,ZDT,True,0.033782442155255166,mutation_eta_03,0.6742421201366592,1.0185195909103713,ok,ZDT3,4,ZDT3_n20_m2
0.06170487674308788,0.6358364488014867,0.9605034458362401,ok,mutation,001a9cbb487032ac,0.013184517576476429,ZDT,True,0.055526894118119494,mutation_eta_03,0.6490209663779631,0.9804201627652,ok,ZDT3,5,ZDT3_n20_m2
0.044240336975455416,0.6694991585713744,1.0113548067343279,ok,mutation,001a9cbb487032ac,0.014280769342637667,ZDT,True,0.027398198715132303,mutation_eta_03,0.6837799279140121,1.0329275369366473,ok,ZDT3,6,ZDT3_n20_m2
0.026668485162966972,0.689936203439503,1.0422272929775245,ok,mutation,001a9cbb487032ac,0.00839649268342113,ZDT,True,0.020043092257951502,mutation_eta_03,0.6983326961229241,1.0549111524362997,ok,ZDT3,7,ZDT3_n20_m2
0.10140938848791754,0.6534654745388124,0.987134099048012,ok,mutation,001a9cbb487032ac,0.031298723264520656,ZDT,True,0.07162616270016539,mutation_eta_03,0.6847641978033331,1.0344143888183033,ok,ZDT3,8,ZDT3_n20_m2
0.03988525954686413,0.6665184443277801,1.0068520980465476,ok,mutation,001a9cbb487032ac,0.009925535507606886,ZDT,True,0.03346978531677118,mutation_eta_03,0.676443979835387,1.021845751013118,ok,ZDT3,9,ZDT3_n20_m2
0.02952284581881564,0.6846320815075145,1.034214812091263,ok,mutation,4fe25fba0bc3a4fb,-0.11070504623623245,ZDT,True,0.101491284731174,mutation_eta_04,0.5739270352712821,0.8669822185811046,ok,ZDT3,0,ZDT3_n20_m2
0.04710164824119334,0.6602944705411753,0.9974500760641695,ok,mutation,4fe25fba0bc3a4fb,-0.06849206239926386,ZDT,True,0.08723534298400094,mutation_eta_04,0.5918024081419114,0.8939850072230743,ok,ZDT3,1,ZDT3_n20_m2
0.21430688311464166,0.608379402364158,0.9190264468921711,ok,mutation,4fe25fba0bc3a4fb,-0.0354248565672618,ZDT,True,0.2537367082509685,mutation_eta_04,0.5729545457968962,0.8655131623592598,ok,ZDT3,2,ZDT3_n20_m2
0.11204581978510793,0.6266905640061365,0.9466875441563134,ok,mutation,4fe25fba0bc3a4fb,-0.042992122832206436,ZDT,True,0.13909080345116423,mutation_eta_04,0.5836984411739301,0.8817430412075038,ok,ZDT3,3,ZDT3_n20_m2
0.07695923512963124,0.6157784025363275,0.9302034801913904,ok,mutation,4fe25fba0bc3a4fb,-0.004168063087095608,ZDT,True,0.0734333130510081,mutation_eta_04,0.6116103394492319,0.9239071457092067,ok,ZDT3,4,ZDT3_n20_m2
0.06170487674308788,0.6358364488014867,0.9605034458362401,ok,mutation,4fe25fba0bc3a4fb,0.020490360098358584,ZDT,True,0.04681624971934736,mutation_eta_04,0.6563268088998453,0.991456470813019,ok,ZDT3,5,ZDT3_n20_m2
0.044240336975455416,0.6694991585713744,1.0113548067343279,ok,mutation,4fe25fba0bc3a4fb,-0.0035984833641469205,ZDT,True,0.08667301962006028,mutation_eta_04,0.6659006752072275,1.0059188873598361,ok,ZDT3,6,ZDT3_n20_m2
0.026668485162966972,0.689936203439503,1.0422272929775245,ok,mutation,4fe25fba0bc3a4fb,-0.0482898221947935,ZDT,True,0.05681282120529298,mutation_eta_04,0.6416463812447095,0.9692800111657522,ok,ZDT3,7,ZDT3_n20_m2
0.10140938848791754,0.6534654745388124,0.987134099048012,ok,mutation,4fe25fba0bc3a4fb,-0.03115928347532826,ZDT,True,0.07018224987766856,mutation_eta_04,0.6223061910634842,0.9400644489764337,ok,ZDT3,8,ZDT3_n20_m2
0.03988525954686413,0.6665184443277801,1.0068520980465476,ok,mutation,4fe25fba0bc3a4fb,-0.09088204728660099,ZDT,True,0.10552238036469241,mutation_eta_04,0.5756363970411791,0.869564404414052,ok,ZDT3,9,ZDT3_n20_m2
0.02952284581881564,0.6846320815075145,1.034214812091263,ok,mutation,a2928b924fca1f1f,-0.11077424330870878,ZDT,True,0.16773012428260467,mutation_eta_05,0.5738578381988058,0.8668776885141658,ok,ZDT3,0,ZDT3_n20_m2
0.04710164824119334,0.6602944705411753,0.9974500760641695,ok,mutation,a2928b924fca1f1f,-0.0795992605868513,ZDT,True,0.09391309957210116,mutation_eta_05,0.580695209954324,0.8772063180603605,ok,ZDT3,1,ZDT3_n20_m2
0.21430688311464166,0.608379402364158,0.9190264468921711,ok,mutation,a2928b924fca1f1f,-0.06411631979223842,ZDT,True,0.19503689844821234,mutation_eta_05,0.5442630825719196,0.8221714361250697,ok,ZDT3,2,ZDT3_n20_m2
0.11204581978510793,0.6266905640061365,0.9466875441563134,ok,mutation,a2928b924fca1f1f,0.06463070662256731,ZDT,True,0.02269632307700787,mutation_eta_05,0.6913212706287039,1.0443195948744186,ok,ZDT3,3,ZDT3_n20_m2
0.07695923512963124,0.6157784025363275,0.9302034801913904,ok,mutation,a2928b924fca1f1f,-0.1610541749239685,ZDT,True,0.17251921651682636,mutation_eta_05,0.45472422761235903,0.6869127876361409,ok,ZDT3,4,ZDT3_n20_m2
0.06170487674308788,0.6358364488014867,0.9605034458362401,ok,mutation,a2928b924fca1f1f,-0.06624100831979873,ZDT,True,0.10574750906145189,mutation_eta_05,0.569595440481688,0.8604388508185082,ok,ZDT3,5,ZDT3_n20_m2
0.044240336975455416,0.6694991585713744,1.0113548067343279,ok,mutation,a2928b924fca1f1f,-0.01666858358539558,ZDT,True,0.051455942824658644,mutation_eta_05,0.6528305749859789,0.9861750108903486,ok,ZDT3,6,ZDT3_n20_m2
0.026668485162966972,0.689936203439503,1.0422272929775245,ok,mutation,a2928b924fca1f1f,-0.05719233643896793,ZDT,True,0.065166828178528,mutation_eta_05,0.6327438670005351,0.9558317484493679,ok,ZDT3,7,ZDT3_n20_m2
0.10140938848791754,0.6534654745388124,0.987134099048012,ok,mutation,a2928b924fca1f1f,-0.05066863417110523,ZDT,True,0.09201402063486262,mutation_eta_05,0.6027968403677072,0.9105933505443716,ok,ZDT3,8,ZDT3_n20_m2
0.03988525954686413,0.6665184443277801,1.0068520980465476,ok,mutation,a2928b924fca1f1f,-0.09881765401406994,ZDT,True,0.11915437039215158,mutation_eta_05,0.5677007903137101,0.8575767657360512,ok,ZDT3,9,ZDT3_n20_m2
0.02952284581881564,0.6846320815075145,1.034214812091263,ok,crossover,f6686af50a3ec482,-0.028937606455075593,ZDT,True,0.0980622568306057,crossover_prob_01,0.6556944750524389,0.990501258445912,ok,ZDT3,0,ZDT3_n20_m2
0.04710164824119334,0.6602944705411753,0.9974500760641695,ok,crossover,f6686af50a3ec482,-0.0721375747660441,ZDT,True,0.13516761679617909,crossover_prob_01,0.5881568957751312,0.8884780451784616,ok,ZDT3,1,ZDT3_n20_m2
0.21430688311464166,0.608379402364158,0.9190264468921711,ok,crossover,f6686af50a3ec482,-0.03763304451145566,ZDT,True,0.25512312187652,crossover_prob_01,0.5707463578527023,0.8621774427202713,ok,ZDT3,2,ZDT3_n20_m2
0.11204581978510793,0.6266905640061365,0.9466875441563134,ok,crossover,f6686af50a3ec482,-0.0686246580693034,ZDT,True,0.18506114285488387,crossover_prob_01,0.5580659059368331,0.843022174438764,ok,ZDT3,3,ZDT3_n20_m2
0.07695923512963124,0.6157784025363275,0.9302034801913904,ok,crossover,f6686af50a3ec482,-0.03376101931982478,ZDT,True,0.24471042175209998,crossover_prob_01,0.5820173832165028,0.8792036115101289,ok,ZDT3,4,ZDT3_n20_m2
0.06170487674308788,0.6358364488014867,0.9605034458362401,ok,crossover,f6686af50a3ec482,-0.042187296817903785,ZDT,True,0.22896507191443316,crossover_prob_01,0.5936491519835829,0.8967747243379796,ok,ZDT3,5,ZDT3_n20_m2
0.044240336975455416,0.6694991585713744,1.0113548067343279,ok,crossover,f6686af50a3ec482,-0.19273179284940373,ZDT,True,0.4537408164660338,crossover_prob_01,0.4767673657219707,0.7202114608267626,ok,ZDT3,6,ZDT3_n20_m2
0.026668485162966972,0.689936203439503,1.0422272929775245,ok,crossover,f6686af50a3ec482,-0.18754349511174828,ZDT,True,0.14935739799527673,crossover_prob_01,0.5023927083277547,0.7589214623058915,ok,ZDT3,7,ZDT3_n20_m2
0.10140938848791754,0.6534654745388124,0.987134099048012,ok,crossover,f6686af50a3ec482,-0.028876008045941703,ZDT,True,0.07593073090178988,crossover_prob_01,0.6245894664928707,0.9435135968223193,ok,ZDT3,8,ZDT3_n20_m2
0.03988525954686413,0.6665184443277801,1.0068520980465476,ok,crossover,f6686af50a3ec482,-0.14380193668509222,ZDT,True,0.30909792604407493,crossover_prob_01,0.5227165076426878,0.7896228782301808,ok,ZDT3,9,ZDT3_n20_m2
0.02952284581881564,0.6846320815075145,1.034214812091263,ok,crossover,ffac5f01f1c74cbd,-0.03040246355183318,ZDT,True,0.05405960660040061,crossover_prob_02,0.6542296179556814,0.9882884247970302,ok,ZDT3,0,ZDT3_n20_m2
0.04710164824119334,0.6602944705411753,0.9974500760641695,ok,crossover,ffac5f01f1c74cbd,-0.009136090127541685,ZDT,True,0.05543796036410745,crossover_prob_02,0.6511583804136336,0.9836489703466306,ok,ZDT3,1,ZDT3_n20_m2
0.21430688311464166,0.608379402364158,0.9190264468921711,ok,crossover,ffac5f01f1c74cbd,-0.032995867520206446,ZDT,True,0.2519133336967126,crossover_prob_02,0.5753835348439515,0.8691824272370331,ok,ZDT3,2,ZDT3_n20_m2
0.11204581978510793,0.6266905640061365,0.9466875441563134,ok,crossover,ffac5f01f1c74cbd,0.026317622189621415,ZDT,True,0.09716825663800828,crossover_prob_02,0.653008186195758,0.9864433128716735,ok,ZDT3,3,ZDT3_n20_m2
0.07695923512963124,0.6157784025363275,0.9302034801913904,ok,crossover,ffac5f01f1c74cbd,0.034928105061251546,ZDT,True,0.10220009553261392,crossover_prob_02,0.6507065075975791,0.9829663649412335,ok,ZDT3,4,ZDT3_n20_m2
0.06170487674308788,0.6358364488014867,0.9605034458362401,ok,crossover,ffac5f01f1c74cbd,0.025841249361283514,ZDT,True,0.09100007551458615,crossover_prob_02,0.6616776981627702,0.9995395990844725,ok,ZDT3,5,ZDT3_n20_m2
0.044240336975455416,0.6694991585713744,1.0113548067343279,ok,crossover,ffac5f01f1c74cbd,-0.05855401531313753,ZDT,True,0.12591999874239557,crossover_prob_02,0.6109451432582369,0.9229022910255658,ok,ZDT3,6,ZDT3_n20_m2
0.026668485162966972,0.689936203439503,1.0422272929775245,ok,crossover,ffac5f01f1c74cbd,-0.056326092093417435,ZDT,True,0.06508716755856385,crossover_prob_02,0.6336101113460856,0.9571403092913975,ok,ZDT3,7,ZDT3_n20_m2
0.10140938848791754,0.6534654745388124,0.987134099048012,ok,crossover,ffac5f01f1c74cbd,0.008382550985963189,ZDT,True,0.09100242253538156,crossover_prob_02,0.6618480255247756,0.9997968979833229,ok,ZDT3,8,ZDT3_n20_m2
0.03988525954686413,0.6665184443277801,1.0068520980465476,ok,crossover,ffac5f01f1c74cbd,-0.07887024410395949,ZDT,True,0.2376328614153421,crossover_prob_02,0.5876482002238206,0.8877096025532603,ok,ZDT3,9,ZDT3_n20_m2
0.02952284581881564,0.6846320815075145,1.034214812091263,ok,crossover,4b1b5d1bb05f5789,-0.08617368922035051,ZDT,True,0.1367179104859375,crossover_prob_03,0.598458392287164,0.9040396301044726,ok,ZDT3,0,ZDT3_n20_m2
0.04710164824119334,0.6602944705411753,0.9974500760641695,ok,crossover,4b1b5d1bb05f5789,-0.015296166698272495,ZDT,True,0.10671001457245435,crossover_prob_03,0.6449983038429028,0.9743434723935721,ok,ZDT3,1,ZDT3_n20_m2
0.21430688311464166,0.608379402364158,0.9190264468921711,ok,crossover,4b1b5d1bb05f5789,0.04103347100153987,ZDT,True,0.09886537253664975,crossover_prob_03,0.6494128733656979,0.9810121829503846,ok,ZDT3,2,ZDT3_n20_m2
0.11204581978510793,0.6266905640061365,0.9466875441563134,ok,crossover,4b1b5d1bb05f5789,0.05100668886656312,ZDT,True,0.0334950114184414,crossover_prob_03,0.6776972528726997,1.0237389628181057,ok,ZDT3,3,ZDT3_n20_m2
0.07695923512963124,0.6157784025363275,0.9302034801913904,ok,crossover,4b1b5d1bb05f5789,0.07497065603501585,ZDT,True,0.023341528417712445,crossover_prob_03,0.6907490585713434,1.0434552033254925,ok,ZDT3,4,ZDT3_n20_m2
0.06170487674308788,0.6358364488014867,0.9605034458362401,ok,crossover,4b1b5d1bb05f5789,0.044329273035003114,ZDT,True,0.03185309662202808,crossover_prob_03,0.6801657218364898,1.0274678666111006,ok,ZDT3,5,ZDT3_n20_m2
0.044240336975455416,0.6694991585713744,1.0113548067343279,ok,crossover,4b1b5d1bb05f5789,-0.061003811802097685,ZDT,True,0.13885380037846956,crossover_prob_03,0.6084953467692767,0.919201594134598,ok,ZDT3,6,ZDT3_n20_m2
0.026668485162966972,0.689936203439503,1.0422272929775245,ok,crossover,4b1b5d1bb05f5789,-0.050007773155887225,ZDT,True,0.10542688859401016,crossover_prob_03,0.6399284302836158,0.9666848503802726,ok,ZDT3,7,ZDT3_n20_m2
0.10140938848791754,0.6534654745388124,0.987134099048012,ok,crossover,4b1b5d1bb05f5789,0.0033848247427604727,ZDT,True,0.05073673942840791,crossover_prob_03,0.6568502992815729,0.9922472627162817,ok,ZDT3,8,ZDT3_n20_m2
0.03988525954686413,0.6665184443277801,1.0068520980465476,ok,crossover,4b1b5d1bb05f5789,0.010252811743702295,ZDT,True,0.033508410530688565,crossover_prob_03,0.6767712560714824,1.0223401390795814,ok,ZDT3,9,ZDT3_n20_m2
0.02952284581881564,0.6846320815075145,1.034214812091263,ok,crossover,88e3cae477ccfa27,0.015294768486040722,ZDT,True,0.018004485243317277,crossover_eta_01,0.6999268499935553,1.057319303602878,ok,ZDT3,0,ZDT3_n20_m2
0.04710164824119334,0.6602944705411753,0.9974500760641695,ok,crossover,88e3cae477ccfa27,0.034965680272344035,ZDT,True,0.023328898951802138,crossover_eta_01,0.6952601508135193,1.0502697224542121,ok,ZDT3,1,ZDT3_n20_m2
0.21430688311464166,0.608379402364158,0.9190264468921711,ok,crossover,88e3cae477ccfa27,0.08088806360001777,ZDT,True,0.030328013693216745,crossover_eta_01,0.6892674659641758,1.0412170887801677,ok,ZDT3,2,ZDT3_n20_m2
0.11204581978510793,0.6266905640061365,0.9466875441563134,ok,crossover,88e3cae477ccfa27,0.07030403491420723,ZDT,True,0.03407533306137652,crossover_eta_01,0.6969945989203438,1.0528898040591115,ok,ZDT3,3,ZDT3_n20_m2
0.07695923512963124,0.6157784025363275,0.9302034801913904,ok,crossover,88e3cae477ccfa27,0.04019893931371743,ZDT,True,0.051144703114206734,crossover_eta_01,0.655977341850045,0.9909285609925423,ok,ZDT3,4,ZDT3_n20_m2
0.06170487674308788,0.6358364488014867,0.9605034458362401,ok,crossover,88e3cae477ccfa27,0.06893330076550563,ZDT,True,0.017114150704079092,crossover_eta_01,0.7047697495669923,1.0646350555338873,ok,ZDT3,5,ZDT3_n20_m2
0.044240336975455416,0.6694991585713744,1.0113548067343279,ok,crossover,88e3cae477ccfa27,0.027596539209662874,ZDT,True,0.019970157436815295,crossover_eta_01,0.6970956977810373,1.0530425254141849,ok,ZDT3,6,ZDT3_n20_m2
0.026668485162966972,0.689936203439503,1.0422272929775245,ok,crossover,88e3cae477ccfa27,0.014241299144483244,ZDT,True,0.016879828828237575,crossover_eta_01,0.7041775025839863,1.0637403989456464,ok,ZDT3,7,ZDT3_n20_m2
0.10140938848791754,0.6534654745388124,0.987134099048012,ok,crossover,88e3cae477ccfa27,0.033167172607380224,ZDT,True,0.07166900309980696,crossover_eta_01,0.6866326471461927,1.0372368945673367,ok,ZDT3,8,ZDT3_n20_m2
0.03988525954686413,0.6665184443277801,1.0068520980465476,ok,crossover,88e3cae477ccfa27,0.014728696590895929,ZDT,True,0.030095253871871747,crossover_eta_01,0.681247140918676,1.029101473424285,ok,ZDT3,9,ZDT3_n20_m2
0.02952284581881564,0.6846320815075145,1.034214812091263,ok,crossover,d047a131569e2403,-0.034853192193213034,ZDT,True,0.05897230559019222,crossover_eta_02,0.6497788893143015,0.9815650917691964,ok,ZDT3,0,ZDT3_n20_m2
0.04710164824119334,0.6602944705411753,0.9974500760641695,ok,crossover,d047a131569e2403,0.04269797824531618,ZDT,True,0.017345747162135158,crossover_eta_02,0.7029924487864915,1.0619502400798875,ok,ZDT3,1,ZDT3_n20_m2
0.21430688311464166,0.608379402364158,0.9190264468921711,ok,crossover,d047a131569e2403,0.07233334231003241,ZDT,True,0.0745697956947679,crossover_eta_02,0.6807127446741904,1.02829420697198,ok,ZDT3,2,ZDT3_n20_m2
0.11204581978510793,0.6266905640061365,0.9466875441563134,ok,crossover,d047a131569e2403,0.058547878560176514,ZDT,True,0.027176708753605307,crossover_eta_02,0.685238442566313,1.0351307896000932,ok,ZDT3,3,ZDT3_n20_m2
0.07695923512963124,0.6157784025363275,0.9302034801913904,ok,crossover,d047a131569e2403,0.010503786925975422,ZDT,True,0.06864465077674503,crossover_eta_02,0.626282189462303,0.9460706478502218,ok,ZDT3,4,ZDT3_n20_m2
0.06170487674308788,0.6358364488014867,0.9605034458362401,ok,crossover,d047a131569e2403,0.015581566482837261,ZDT,True,0.09936921494629342,crossover_eta_02,0.651418015284324,0.9840411784190483,ok,ZDT3,5,ZDT3_n20_m2
0.044240336975455416,0.6694991585713744,1.0113548067343279,ok,crossover,d047a131569e2403,-0.019106722236440832,ZDT,True,0.05293903717921012,crossover_eta_02,0.6503924363349336,0.9824919244926276,ok,ZDT3,6,ZDT3_n20_m2
0.026668485162966972,0.689936203439503,1.0422272929775245,ok,crossover,d047a131569e2403,0.016156165659133692,ZDT,True,0.016291973593513667,crossover_eta_02,0.7060923690986367,1.0666330231245607,ok,ZDT3,7,ZDT3_n20_m2
0.10140938848791754,0.6534654745388124,0.987134099048012,ok,crossover,d047a131569e2403,-0.01847656991834501,ZDT,True,0.06372965470700623,crossover_eta_02,0.6349889046204674,0.9592231337246868,ok,ZDT3,8,ZDT3_n20_m2
0.03988525954686413,0.6665184443277801,1.0068520980465476,ok,crossover,d047a131569e2403,-0.04053070103678347,ZDT,True,0.0706165275009346,crossover_eta_02,0.6259877432909966,0.9456258533394853,ok,ZDT3,9,ZDT3_n20_m2
0.02952284581881564,0.6846320815075145,1.034214812091263,ok,crossover,900addccd55d0e71,0.020096655693380705,ZDT,True,0.015441205558528303,crossover_eta_03,0.7047287372008952,1.064573101679193,ok,ZDT3,0,ZDT3_n20_m2
0.04710164824119334,0.6602944705411753,0.9974500760641695,ok,crossover,900addccd55d0e71,-0.04556773968662087,ZDT,True,0.07587004038558094,crossover_eta_03,0.6147267308545544,0.9286148102179481,ok,ZDT3,1,ZDT3_n20_m2
0.21430688311464166,0.608379402364158,0.9190264468921711,ok,crossover,900addccd55d0e71,0.05356963271517223,ZDT,True,0.08712019414324575,crossover_eta_03,0.6619490350793302,0.9999494844312926,ok,ZDT3,2,ZDT3_n20_m2
0.11204581978510793,0.6266905640061365,0.9466875441563134,ok,crossover,900addccd55d0e71,0.051136646624366344,ZDT,True,0.07666663984537227,crossover_eta_03,0.6778272106305029,1.0239352788273854,ok,ZDT3,3,ZDT3_n20_m2
0.07695923512963124,0.6157784025363275,0.9302034801913904,ok,crossover,900addccd55d0e71,-0.05175571153508962,ZDT,True,0.1110011319240275,crossover_eta_03,0.5640226910012379,0.852020577394825,ok,ZDT3,4,ZDT3_n20_m2
0.06170487674308788,0.6358364488014867,0.9605034458362401,ok,crossover,900addccd55d0e71,0.040649840578778074,ZDT,True,0.03909123203673663,crossover_eta_03,0.6764862893802648,1.0219096644042471,ok,ZDT3,5,ZDT3_n20_m2
0.044240336975455416,0.6694991585713744,1.0113548067343279,ok,crossover,900addccd55d0e71,0.01235992099993144,ZDT,True,0.030876260171312928,crossover_eta_03,0.6818590795713059,1.0300258765244836,ok,ZDT3,6,ZDT3_n20_m2
0.026668485162966972,0.689936203439503,1.0422272929775245,ok,crossover,900addccd55d0e71,-0.0019301425633569957,ZDT,True,0.02410790565508421,crossover_eta_03,0.688006060876146,1.0393115925854604,ok,ZDT3,7,ZDT3_n20_m2
0.10140938848791754,0.6534654745388124,0.987134099048012,ok,crossover,900addccd55d0e71,0.029913158484757396,ZDT,True,0.07518169184554757,crossover_eta_03,0.6833786330235698,1.032321335254135,ok,ZDT3,8,ZDT3_n20_m2
0.03988525954686413,0.6665184443277801,1.0068520980465476,ok,crossover,900addccd55d0e71,-0.04834501913724032,ZDT,True,0.07306473995401298,crossover_eta_03,0.6181734251905397,0.9338214349603614,ok,ZDT3,9,ZDT3_n20_m2
0.02952284581881564,0.6846320815075145,1.034214812091263,ok,crossover,77ed2f4f281aae81,-0.08426609879891123,ZDT,True,0.2263915864316995,crossover_eta_04,0.6003659827086033,0.906921262915064,ok,ZDT3,0,ZDT3_n20_m2
0.04710164824119334,0.6602944705411753,0.9974500760641695,ok,crossover,77ed2f4f281aae81,0.008863884815926926,ZDT,True,0.03843831191513375,crossover_eta_04,0.6691583553571022,1.0108399846251552,ok,ZDT3,1,ZDT3_n20_m2
0.21430688311464166,0.608379402364158,0.9190264468921711,ok,crossover,77ed2f4f281aae81,0.029465918883518905,ZDT,True,0.11103455926942082,crossover_eta_04,0.6378453212476769,0.9635380766920967,ok,ZDT3,2,ZDT3_n20_m2
0.11204581978510793,0.6266905640061365,0.9466875441563134,ok,crossover,77ed2f4f281aae81,0.0011327806702784438,ZDT,True,0.11174200038770273,crossover_eta_04,0.627823344676415,0.9483987385039011,ok,ZDT3,3,ZDT3_n20_m2
0.07695923512963124,0.6157784025363275,0.9302034801913904,ok,crossover,77ed2f4f281aae81,0.01940468926211336,ZDT,True,0.06186490653590257,crossover_eta_04,0.6351830917984409,0.9595164755957488,ok,ZDT3,4,ZDT3_n20_m2
0.06170487674308788,0.6358364488014867,0.9605034458362401,ok,crossover,77ed2f4f281aae81,0.037144022919875175,ZDT,True,0.0808373624903702,crossover_eta_04,0.6729804717213619,1.016613727142084,ok,ZDT3,5,ZDT3_n20_m2
0.044240336975455416,0.6694991585713744,1.0113548067343279,ok,crossover,77ed2f4f281aae81,0.021785041816943074,ZDT,True,0.02378588053166126,crossover_eta_04,0.6912842003883175,1.0442635960500422,ok,ZDT3,6,ZDT3_n20_m2
0.026668485162966972,0.689936203439503,1.0422272929775245,ok,crossover,77ed2f4f281aae81,-0.03604359975456961,ZDT,True,0.0574023763412007,crossover_eta_04,0.6538926036849334,0.9877793263190185,ok,ZDT3,7,ZDT3_n20_m2
0.10140938848791754,0.6534654745388124,0.987134099048012,ok,crossover,77ed2f4f281aae81,0.009006548047316487,ZDT,True,0.045463225304197656,crossover_eta_04,0.6624720225861289,1.0007395166846442,ok,ZDT3,8,ZDT3_n20_m2
0.03988525954686413,0.6665184443277801,1.0068520980465476,ok,crossover,77ed2f4f281aae81,-0.048482272706694696,ZDT,True,0.07935720639401382,crossover_eta_04,0.6180361716210854,0.9336140977958078,ok,ZDT3,9,ZDT3_n20_m2
0.02952284581881564,0.6846320815075145,1.034214812091263,ok,selection,c27798df2f5940cc,-0.0732422857317484,ZDT,True,0.21622326887345,selection_tournament_01,0.6113897957757661,0.9235739893468737,ok,ZDT3,0,ZDT3_n20_m2
0.04710164824119334,0.6602944705411753,0.9974500760641695,ok,selection,c27798df2f5940cc,0.00028882199393109875,ZDT,True,0.0902604469983027,selection_tournament_01,0.6605832925351064,0.9978863746137844,ok,ZDT3,1,ZDT3_n20_m2
0.21430688311464166,0.608379402364158,0.9190264468921711,ok,selection,c27798df2f5940cc,0.06122815468536147,ZDT,True,0.08206719671842089,selection_tournament_01,0.6696075570495195,1.0115185549937702,ok,ZDT3,2,ZDT3_n20_m2
0.11204581978510793,0.6266905640061365,0.9466875441563134,ok,selection,c27798df2f5940cc,0.031196983525157207,ZDT,True,0.0921348016048966,selection_tournament_01,0.6578875475312937,0.9938141444512348,ok,ZDT3,3,ZDT3_n20_m2
0.07695923512963124,0.6157784025363275,0.9302034801913904,ok,selection,c27798df2f5940cc,0.04211148338545634,ZDT,True,0.05175756582772357,selection_tournament_01,0.6578898859217839,0.9938176768566633,ok,ZDT3,4,ZDT3_n20_m2
0.06170487674308788,0.6358364488014867,0.9605034458362401,ok,selection,c27798df2f5940cc,0.03999908994488144,ZDT,True,0.0788465373194562,selection_tournament_01,0.6758355387463681,1.0209266313815013,ok,ZDT3,5,ZDT3_n20_m2
0.044240336975455416,0.6694991585713744,1.0113548067343279,ok,selection,c27798df2f5940cc,0.008429444556454446,ZDT,True,0.0768859807618432,selection_tournament_01,0.6779286031278289,1.0240884437540692,ok,ZDT3,6,ZDT3_n20_m2
0.026668485162966972,0.689936203439503,1.0422272929775245,ok,selection,c27798df2f5940cc,0.010679437636794797,ZDT,True,0.01799910803654772,selection_tournament_01,0.7006156410762978,1.0583598010604918,ok,ZDT3,7,ZDT3_n20_m2
0.10140938848791754,0.6534654745388124,0.987134099048012,ok,selection,c27798df2f5940cc,0.02022030143090303,ZDT,True,0.03308779134316227,selection_tournament_01,0.6736857759697155,1.0176791696189715,ok,ZDT3,8,ZDT3_n20_m2
0.03988525954686413,0.6665184443277801,1.0068520980465476,ok,selection,c27798df2f5940cc,-0.05029654003815942,ZDT,True,0.07413077584751343,selection_tournament_01,0.6162219042896206,0.9308734401521246,ok,ZDT3,9,ZDT3_n20_m2
0.02952284581881564,0.6846320815075145,1.034214812091263,ok,selection,09ed0773325f9b48,-0.004251137427312535,ZDT,True,0.07571101520787046,selection_tournament_02,0.680380944080202,1.0277929843471092,ok,ZDT3,0,ZDT3_n20_m2
0.04710164824119334,0.6602944705411753,0.9974500760641695,ok,selection,09ed0773325f9b48,0.011237559302192723,ZDT,True,0.03617209358475306,selection_tournament_02,0.671532029843368,1.0144256905525983,ok,ZDT3,1,ZDT3_n20_m2
0.21430688311464166,0.608379402364158,0.9190264468921711,ok,selection,09ed0773325f9b48,0.06814159679232568,ZDT,True,0.03461483633039825,selection_tournament_02,0.6765209991564837,1.0219620974783905,ok,ZDT3,2,ZDT3_n20_m2
0.11204581978510793,0.6266905640061365,0.9466875441563134,ok,selection,09ed0773325f9b48,0.0377334839327681,ZDT,True,0.0867940197979679,selection_tournament_02,0.6644240479389046,1.003688273524922,ok,ZDT3,3,ZDT3_n20_m2
0.07695923512963124,0.6157784025363275,0.9302034801913904,ok,selection,09ed0773325f9b48,0.057086939961454086,ZDT,True,0.03580251626611938,selection_tournament_02,0.6728653424977816,1.0164398113243083,ok,ZDT3,4,ZDT3_n20_m2
0.06170487674308788,0.6358364488014867,0.9605034458362401,ok,selection,09ed0773325f9b48,0.018991177202295595,ZDT,True,0.09500894176204472,selection_tournament_02,0.6548276260037823,0.989191784130899,ok,ZDT3,5,ZDT3_n20_m2
0.044240336975455416,0.6694991585713744,1.0113548067343279,ok,selection,09ed0773325f9b48,0.01626284542414691,ZDT,True,0.026991920371084412,selection_tournament_02,0.6857620039955213,1.035921688828676,ok,ZDT3,6,ZDT3_n20_m2
0.026668485162966972,0.689936203439503,1.0422272929775245,ok,selection,09ed0773325f9b48,-0.006614632061500592,ZDT,True,0.032529929534868905,selection_tournament_02,0.6833215713780024,1.0322351371330676,ok,ZDT3,7,ZDT3_n20_m2
0.10140938848791754,0.6534654745388124,0.987134099048012,ok,selection,09ed0773325f9b48,0.013205326741903,ZDT,True,0.048697024904783025,selection_tournament_02,0.6666708012807154,1.0070822505937427,ok,ZDT3,8,ZDT3_n20_m2
0.03988525954686413,0.6665184443277801,1.0068520980465476,ok,selection,09ed0773325f9b48,-0.03407843576215375,ZDT,True,0.0699612596536415,selection_tournament_02,0.6324400085656263,0.9553727356413936,ok,ZDT3,9,ZDT3_n20_m2
0.02952284581881564,0.6846320815075145,1.034214812091263,ok,selection,9334c2b2791babcd,-0.006999629959819065,ZDT,True,0.07700826408972807,selection_tournament_03,0.6776324515476955,1.0236410730288708,ok,ZDT3,0,ZDT3_n20_m2
0.04710164824119334,0.6602944705411753,0.9974500760641695,ok,selection,9334c2b2791babcd,0.006099020651995524,ZDT,True,0.040206566178909595,selection_tournament_03,0.6663934911931708,1.0066633420911655,ok,ZDT3,1,ZDT3_n20_m2
0.21430688311464166,0.608379402364158,0.9190264468921711,ok,selection,9334c2b2791babcd,0.08100281881901705,ZDT,True,0.02472243616609632,selection_tournament_03,0.689382221183175,1.0413904396213853,ok,ZDT3,2,ZDT3_n20_m2
0.11204581978510793,0.6266905640061365,0.9466875441563134,ok,selection,9334c2b2791babcd,-0.014079497007918551,ZDT,True,0.21318953437776336,selection_tournament_03,0.612611066998218,0.9254188587620779,ok,ZDT3,3,ZDT3_n20_m2
0.07695923512963124,0.6157784025363275,0.9302034801913904,ok,selection,9334c2b2791babcd,0.018129661793452767,ZDT,True,0.06183716768318306,selection_tournament_03,0.6339080643297803,0.9575904012420483,ok,ZDT3,4,ZDT3_n20_m2
0.06170487674308788,0.6358364488014867,0.9605034458362401,ok,selection,9334c2b2791babcd,0.0544662496469156,ZDT,True,0.025112478991918735,selection_tournament_03,0.6903026984484023,1.0427809254715301,ok,ZDT3,5,ZDT3_n20_m2
0.044240336975455416,0.6694991585713744,1.0113548067343279,ok,selection,9334c2b2791babcd,0.021562792817413134,ZDT,True,0.06900512502538039,selection_tournament_03,0.6910619513887876,1.04392786359827,ok,ZDT3,6,ZDT3_n20_m2
0.026668485162966972,0.689936203439503,1.0422272929775245,ok,selection,9334c2b2791babcd,0.02127063605216084,ZDT,True,0.013173857114703947,selection_tournament_03,0.7112068394916639,1.0743590137395838,ok,ZDT3,7,ZDT3_n20_m2
0.10140938848791754,0.6534654745388124,0.987134099048012,ok,selection,9334c2b2791babcd,-0.026517689529571453,ZDT,True,0.06893507690336985,selection_tournament_03,0.626947785009241,0.9470761058065441,ok,ZDT3,8,ZDT3_n20_m2
0.03988525954686413,0.6665184443277801,1.0068520980465476,ok,selection,9334c2b2791babcd,0.02425878804529369,ZDT,True,0.023291062841955673,selection_tournament_03,0.6907772323730738,1.0434977630650215,ok,ZDT3,9,ZDT3_n20_m2
9.131092831898211,0.0,0.0,ok,mutation,8445001ea2c994f7,0.0,ZDT,True,6.3861640151946615,mutation_prob_01,0.0,0.0,ok,ZDT4,0,ZDT4_n10_m2
15.176775940404823,0.0,0.0,ok,mutation,8445001ea2c994f7,0.0,ZDT,True,4.5386897547769935,mutation_prob_01,0.0,0.0,ok,ZDT4,1,ZDT4_n10_m2
5.623199419242277,0.0,0.0,ok,mutation,8445001ea2c994f7,0.0,ZDT,True,5.474780892254518,mutation_prob_01,0.0,0.0,ok,ZDT4,2,ZDT4_n10_m2
8.009630679267481,0.0,0.0,ok,mutation,8445001ea2c994f7,0.0,ZDT,True,6.289394751621149,mutation_prob_01,0.0,0.0,ok,ZDT4,3,ZDT4_n10_m2
13.818036384081475,0.0,0.0,ok,mutation,8445001ea2c994f7,0.0,ZDT,True,13.788456631737512,mutation_prob_01,0.0,0.0,ok,ZDT4,4,ZDT4_n10_m2
9.464845079574937,0.0,0.0,ok,mutation,8445001ea2c994f7,0.0,ZDT,True,6.6647790920445145,mutation_prob_01,0.0,0.0,ok,ZDT4,5,ZDT4_n10_m2
7.6686924845237305,0.0,0.0,ok,mutation,8445001ea2c994f7,0.0,ZDT,True,8.357743062587751,mutation_prob_01,0.0,0.0,ok,ZDT4,6,ZDT4_n10_m2
7.5455477833762945,0.0,0.0,ok,mutation,8445001ea2c994f7,0.0,ZDT,True,10.05110604774659,mutation_prob_01,0.0,0.0,ok,ZDT4,7,ZDT4_n10_m2
14.264203503400065,0.0,0.0,ok,mutation,8445001ea2c994f7,0.0,ZDT,True,9.904417897756517,mutation_prob_01,0.0,0.0,ok,ZDT4,8,ZDT4_n10_m2
6.016406628135425,0.0,0.0,ok,mutation,8445001ea2c994f7,0.0,ZDT,True,10.305336356947535,mutation_prob_01,0.0,0.0,ok,ZDT4,9,ZDT4_n10_m2
9.131092831898211,0.0,0.0,ok,mutation,d2ef3f54632357ac,0.0,ZDT,True,19.163873082528788,mutation_prob_03,0.0,0.0,ok,ZDT4,0,ZDT4_n10_m2
15.176775940404823,0.0,0.0,ok,mutation,d2ef3f54632357ac,0.0,ZDT,True,14.773002346522329,mutation_prob_03,0.0,0.0,ok,ZDT4,1,ZDT4_n10_m2
5.623199419242277,0.0,0.0,ok,mutation,d2ef3f54632357ac,0.0,ZDT,True,11.676821392993096,mutation_prob_03,0.0,0.0,ok,ZDT4,2,ZDT4_n10_m2
8.009630679267481,0.0,0.0,ok,mutation,d2ef3f54632357ac,0.0,ZDT,True,7.853137389849598,mutation_prob_03,0.0,0.0,ok,ZDT4,3,ZDT4_n10_m2
13.818036384081475,0.0,0.0,ok,mutation,d2ef3f54632357ac,0.0,ZDT,True,17.746033455204028,mutation_prob_03,0.0,0.0,ok,ZDT4,4,ZDT4_n10_m2
9.464845079574937,0.0,0.0,ok,mutation,d2ef3f54632357ac,0.0,ZDT,True,11.237046478393362,mutation_prob_03,0.0,0.0,ok,ZDT4,5,ZDT4_n10_m2
7.6686924845237305,0.0,0.0,ok,mutation,d2ef3f54632357ac,0.0,ZDT,True,17.43056137810739,mutation_prob_03,0.0,0.0,ok,ZDT4,6,ZDT4_n10_m2
7.5455477833762945,0.0,0.0,ok,mutation,d2ef3f54632357ac,0.0,ZDT,True,19.6340923062369,mutation_prob_03,0.0,0.0,ok,ZDT4,7,ZDT4_n10_m2
14.264203503400065,0.0,0.0,ok,mutation,d2ef3f54632357ac,0.0,ZDT,True,10.929895964186228,mutation_prob_03,0.0,0.0,ok,ZDT4,8,ZDT4_n10_m2
6.016406628135425,0.0,0.0,ok,mutation,d2ef3f54632357ac,0.0,ZDT,True,7.405765883590075,mutation_prob_03,0.0,0.0,ok,ZDT4,9,ZDT4_n10_m2
9.131092831898211,0.0,0.0,ok,mutation,be170792eef06afc,0.0,ZDT,True,11.749919723302483,mutation_prob_04,0.0,0.0,ok,ZDT4,0,ZDT4_n10_m2
15.176775940404823,0.0,0.0,ok,mutation,be170792eef06afc,0.0,ZDT,True,19.324520562154817,mutation_prob_04,0.0,0.0,ok,ZDT4,1,ZDT4_n10_m2
5.623199419242277,0.0,0.0,ok,mutation,be170792eef06afc,0.0,ZDT,True,20.512077535791924,mutation_prob_04,0.0,0.0,ok,ZDT4,2,ZDT4_n10_m2
8.009630679267481,0.0,0.0,ok,mutation,be170792eef06afc,0.0,ZDT,True,21.692479008626687,mutation_prob_04,0.0,0.0,ok,ZDT4,3,ZDT4_n10_m2
13.818036384081475,0.0,0.0,ok,mutation,be170792eef06afc,0.0,ZDT,True,21.71831569720398,mutation_prob_04,0.0,0.0,ok,ZDT4,4,ZDT4_n10_m2
9.464845079574937,0.0,0.0,ok,mutation,be170792eef06afc,0.0,ZDT,True,12.985875592176228,mutation_prob_04,0.0,0.0,ok,ZDT4,5,ZDT4_n10_m2
7.6686924845237305,0.0,0.0,ok,mutation,be170792eef06afc,0.0,ZDT,True,30.164460292860593,mutation_prob_04,0.0,0.0,ok,ZDT4,6,ZDT4_n10_m2
7.5455477833762945,0.0,0.0,ok,mutation,be170792eef06afc,0.0,ZDT,True,13.97402190011874,mutation_prob_04,0.0,0.0,ok,ZDT4,7,ZDT4_n10_m2
14.264203503400065,0.0,0.0,ok,mutation,be170792eef06afc,0.0,ZDT,True,14.004862918367143,mutation_prob_04,0.0,0.0,ok,ZDT4,8,ZDT4_n10_m2
6.016406628135425,0.0,0.0,ok,mutation,be170792eef06afc,0.0,ZDT,True,13.345309970110115,mutation_prob_04,0.0,0.0,ok,ZDT4,9,ZDT4_n10_m2
9.131092831898211,0.0,0.0,ok,mutation,3072ea7b35055ed8,0.0,ZDT,True,23.702336870712244,mutation_prob_05,0.0,0.0,ok,ZDT4,0,ZDT4_n10_m2
15.176775940404823,0.0,0.0,ok,mutation,3072ea7b35055ed8,0.0,ZDT,True,29.52080265711419,mutation_prob_05,0.0,0.0,ok,ZDT4,1,ZDT4_n10_m2
5.623199419242277,0.0,0.0,ok,mutation,3072ea7b35055ed8,0.0,ZDT,True,21.630198795432566,mutation_prob_05,0.0,0.0,ok,ZDT4,2,ZDT4_n10_m2
8.009630679267481,0.0,0.0,ok,mutation,3072ea7b35055ed8,0.0,ZDT,True,28.53556463186651,mutation_prob_05,0.0,0.0,ok,ZDT4,3,ZDT4_n10_m2
13.818036384081475,0.0,0.0,ok,mutation,3072ea7b35055ed8,0.0,ZDT,True,23.857442349363488,mutation_prob_05,0.0,0.0,ok,ZDT4,4,ZDT4_n10_m2
9.464845079574937,0.0,0.0,ok,mutation,3072ea7b35055ed8,0.0,ZDT,True,21.88453368727336,mutation_prob_05,0.0,0.0,ok,ZDT4,5,ZDT4_n10_m2
7.6686924845237305,0.0,0.0,ok,mutation,3072ea7b35055ed8,0.0,ZDT,True,25.34997031465807,mutation_prob_05,0.0,0.0,ok,ZDT4,6,ZDT4_n10_m2
7.5455477833762945,0.0,0.0,ok,mutation,3072ea7b35055ed8,0.0,ZDT,True,26.30576126649986,mutation_prob_05,0.0,0.0,ok,ZDT4,7,ZDT4_n10_m2
14.264203503400065,0.0,0.0,ok,mutation,3072ea7b35055ed8,0.0,ZDT,True,17.76377208469634,mutation_prob_05,0.0,0.0,ok,ZDT4,8,ZDT4_n10_m2
6.016406628135425,0.0,0.0,ok,mutation,3072ea7b35055ed8,0.0,ZDT,True,23.26304115303448,mutation_prob_05,0.0,0.0,ok,ZDT4,9,ZDT4_n10_m2
9.131092831898211,0.0,0.0,ok,mutation,c1b787b4df5219e6,0.0,ZDT,True,12.862445470559265,mutation_eta_01,0.0,0.0,ok,ZDT4,0,ZDT4_n10_m2
15.176775940404823,0.0,0.0,ok,mutation,c1b787b4df5219e6,0.0,ZDT,True,15.831733940107254,mutation_eta_01,0.0,0.0,ok,ZDT4,1,ZDT4_n10_m2
5.623199419242277,0.0,0.0,ok,mutation,c1b787b4df5219e6,0.0,ZDT,True,11.56952572428862,mutation_eta_01,0.0,0.0,ok,ZDT4,2,ZDT4_n10_m2
8.009630679267481,0.0,0.0,ok,mutation,c1b787b4df5219e6,0.0,ZDT,True,16.01632560334572,mutation_eta_01,0.0,0.0,ok,ZDT4,3,ZDT4_n10_m2
13.818036384081475,0.0,0.0,ok,mutation,c1b787b4df5219e6,0.0,ZDT,True,13.112250738587512,mutation_eta_01,0.0,0.0,ok,ZDT4,4,ZDT4_n10_m2
9.464845079574937,0.0,0.0,ok,mutation,c1b787b4df5219e6,0.0,ZDT,True,9.555535756205177,mutation_eta_01,0.0,0.0,ok,ZDT4,5,ZDT4_n10_m2
7.6686924845237305,0.0,0.0,ok,mutation,c1b787b4df5219e6,0.0,ZDT,True,15.217998246096021,mutation_eta_01,0.0,0.0,ok,ZDT4,6,ZDT4_n10_m2
7.5455477833762945,0.0,0.0,ok,mutation,c1b787b4df5219e6,0.0,ZDT,True,9.108310619000855,mutation_eta_01,0.0,0.0,ok,ZDT4,7,ZDT4_n10_m2
14.264203503400065,0.0,0.0,ok,mutation,c1b787b4df5219e6,0.0,ZDT,True,4.194784878932041,mutation_eta_01,0.0,0.0,ok,ZDT4,8,ZDT4_n10_m2
6.016406628135425,0.0,0.0,ok,mutation,c1b787b4df5219e6,0.0,ZDT,True,5.107941506339272,mutation_eta_01,0.0,0.0,ok,ZDT4,9,ZDT4_n10_m2
9.131092831898211,0.0,0.0,ok,mutation,a7755bc7e01c2c54,0.0,ZDT,True,5.65931393198507,mutation_eta_02,0.0,0.0,ok,ZDT4,0,ZDT4_n10_m2
15.176775940404823,0.0,0.0,ok,mutation,a7755bc7e01c2c54,0.0,ZDT,True,15.510704468763812,mutation_eta_02,0.0,0.0,ok,ZDT4,1,ZDT4_n10_m2
5.623199419242277,0.0,0.0,ok,mutation,a7755bc7e01c2c54,0.0,ZDT,True,4.40139677601974,mutation_eta_02,0.0,0.0,ok,ZDT4,2,ZDT4_n10_m2
8.009630679267481,0.0,0.0,ok,mutation,a7755bc7e01c2c54,0.0,ZDT,True,12.449226788095462,mutation_eta_02,0.0,0.0,ok,ZDT4,3,ZDT4_n10_m2
13.818036384081475,0.0,0.0,ok,mutation,a7755bc7e01c2c54,0.0,ZDT,True,10.77952372897075,mutation_eta_02,0.0,0.0,ok,ZDT4,4,ZDT4_n10_m2
9.464845079574937,0.0,0.0,ok,mutation,a7755bc7e01c2c54,0.0,ZDT,True,10.10322274704189,mutation_eta_02,0.0,0.0,ok,ZDT4,5,ZDT4_n10_m2
7.6686924845237305,0.0,0.0,ok,mutation,a7755bc7e01c2c54,0.0,ZDT,True,13.63766132885226,mutation_eta_02,0.0,0.0,ok,ZDT4,6,ZDT4_n10_m2
7.5455477833762945,0.0,0.0,ok,mutation,a7755bc7e01c2c54,0.0,ZDT,True,10.052653067996086,mutation_eta_02,0.0,0.0,ok,ZDT4,7,ZDT4_n10_m2
14.264203503400065,0.0,0.0,ok,mutation,a7755bc7e01c2c54,0.0,ZDT,True,8.452879739076197,mutation_eta_02,0.0,0.0,ok,ZDT4,8,ZDT4_n10_m2
6.016406628135425,0.0,0.0,ok,mutation,a7755bc7e01c2c54,0.0,ZDT,True,7.407345091937474,mutation_eta_02,0.0,0.0,ok,ZDT4,9,ZDT4_n10_m2
9.131092831898211,0.0,0.0,ok,mutation,c42858e657a144f2,0.0,ZDT,True,8.957828266155287,mutation_eta_03,0.0,0.0,ok,ZDT4,0,ZDT4_n10_m2
15.176775940404823,0.0,0.0,ok,mutation,c42858e657a144f2,0.0,ZDT,True,13.687711081684405,mutation_eta_03,0.0,0.0,ok,ZDT4,1,ZDT4_n10_m2
5.623199419242277,0.0,0.0,ok,mutation,c42858e657a144f2,0.0,ZDT,True,6.8461239057968095,mutation_eta_03,0.0,0.0,ok,ZDT4,2,ZDT4_n10_m2
8.009630679267481,0.0,0.0,ok,mutation,c42858e657a144f2,0.0,ZDT,True,13.589304014857227,mutation_eta_03,0.0,0.0,ok,ZDT4,3,ZDT4_n10_m2
13.818036384081475,0.0,0.0,ok,mutation,c42858e657a144f2,0.0,ZDT,True,8.915662882092938,mutation_eta_03,0.0,0.0,ok,ZDT4,4,ZDT4_n10_m2
9.464845079574937,0.0,0.0,ok,mutation,c42858e657a144f2,0.0,ZDT,True,6.379775778778632,mutation_eta_03,0.0,0.0,ok,ZDT4,5,ZDT4_n10_m2
7.6686924845237305,0.0,0.0,ok,mutation,c42858e657a144f2,0.0,ZDT,True,8.17856864489361,mutation_eta_03,0.0,0.0,ok,ZDT4,6,ZDT4_n10_m2
7.5455477833762945,0.0,0.0,ok,mutation,c42858e657a144f2,0.0,ZDT,True,7.973794283646742,mutation_eta_03,0.0,0.0,ok,ZDT4,7,ZDT4_n10_m2
14.264203503400065,0.0,0.0,ok,mutation,c42858e657a144f2,0.0,ZDT,True,8.519907458557094,mutation_eta_03,0.0,0.0,ok,ZDT4,8,ZDT4_n10_m2
6.016406628135425,0.0,0.0,ok,mutation,c42858e657a144f2,0.0,ZDT,True,10.90766845355046,mutation_eta_03,0.0,0.0,ok,ZDT4,9,ZDT4_n10_m2
9.131092831898211,0.0,0.0,ok,mutation,8de65750e0affbfc,0.0,ZDT,True,9.913781966433323,mutation_eta_04,0.0,0.0,ok,ZDT4,0,ZDT4_n10_m2
15.176775940404823,0.0,0.0,ok,mutation,8de65750e0affbfc,0.0,ZDT,True,10.891066134572302,mutation_eta_04,0.0,0.0,ok,ZDT4,1,ZDT4_n10_m2
5.623199419242277,0.0,0.0,ok,mutation,8de65750e0affbfc,0.0,ZDT,True,14.574607035307533,mutation_eta_04,0.0,0.0,ok,ZDT4,2,ZDT4_n10_m2
8.009630679267481,0.0,0.0,ok,mutation,8de65750e0affbfc,0.0,ZDT,True,7.594880416435369,mutation_eta_04,0.0,0.0,ok,ZDT4,3,ZDT4_n10_m2
13.818036384081475,0.0,0.0,ok,mutation,8de65750e0affbfc,0.0,ZDT,True,10.413224868403782,mutation_eta_04,0.0,0.0,ok,ZDT4,4,ZDT4_n10_m2
9.464845079574937,0.0,0.0,ok,mutation,8de65750e0affbfc,0.0,ZDT,True,5.378561086624103,mutation_eta_04,0.0,0.0,ok,ZDT4,5,ZDT4_n10_m2
7.6686924845237305,0.0,0.0,ok,mutation,8de65750e0affbfc,0.0,ZDT,True,10.198116784833537,mutation_eta_04,0.0,0.0,ok,ZDT4,6,ZDT4_n10_m2
7.5455477833762945,0.0,0.0,ok,mutation,8de65750e0affbfc,0.0,ZDT,True,15.891132273812502,mutation_eta_04,0.0,0.0,ok,ZDT4,7,ZDT4_n10_m2
14.264203503400065,0.0,0.0,ok,mutation,8de65750e0affbfc,0.0,ZDT,True,11.52003861917441,mutation_eta_04,0.0,0.0,ok,ZDT4,8,ZDT4_n10_m2
6.016406628135425,0.0,0.0,ok,mutation,8de65750e0affbfc,0.0,ZDT,True,6.03760555307269,mutation_eta_04,0.0,0.0,ok,ZDT4,9,ZDT4_n10_m2
9.131092831898211,0.0,0.0,ok,mutation,aa629945219b807f,0.0,ZDT,True,8.91075795952852,mutation_eta_05,0.0,0.0,ok,ZDT4,0,ZDT4_n10_m2
15.176775940404823,0.0,0.0,ok,mutation,aa629945219b807f,0.0,ZDT,True,9.146815578278012,mutation_eta_05,0.0,0.0,ok,ZDT4,1,ZDT4_n10_m2
5.623199419242277,0.0,0.0,ok,mutation,aa629945219b807f,0.0,ZDT,True,12.856842153833119,mutation_eta_05,0.0,0.0,ok,ZDT4,2,ZDT4_n10_m2
8.009630679267481,0.0,0.0,ok,mutation,aa629945219b807f,0.0,ZDT,True,11.050653328687437,mutation_eta_05,0.0,0.0,ok,ZDT4,3,ZDT4_n10_m2
13.818036384081475,0.0,0.0,ok,mutation,aa629945219b807f,0.0,ZDT,True,16.853954339607952,mutation_eta_05,0.0,0.0,ok,ZDT4,4,ZDT4_n10_m2
9.464845079574937,0.0,0.0,ok,mutation,aa629945219b807f,0.0,ZDT,True,6.130994025929014,mutation_eta_05,0.0,0.0,ok,ZDT4,5,ZDT4_n10_m2
7.6686924845237305,0.0,0.0,ok,mutation,aa629945219b807f,0.0,ZDT,True,10.952522290506614,mutation_eta_05,0.0,0.0,ok,ZDT4,6,ZDT4_n10_m2
7.5455477833762945,0.0,0.0,ok,mutation,aa629945219b807f,0.0,ZDT,True,18.41240378956579,mutation_eta_05,0.0,0.0,ok,ZDT4,7,ZDT4_n10_m2
14.264203503400065,0.0,0.0,ok,mutation,aa629945219b807f,0.0,ZDT,True,13.381976610818523,mutation_eta_05,0.0,0.0,ok,ZDT4,8,ZDT4_n10_m2
6.016406628135425,0.0,0.0,ok,mutation,aa629945219b807f,0.0,ZDT,True,11.024803470540231,mutation_eta_05,0.0,0.0,ok,ZDT4,9,ZDT4_n10_m2
9.131092831898211,0.0,0.0,ok,crossover,f615efa719625810,0.0,ZDT,True,13.751709380210693,crossover_prob_01,0.0,0.0,ok,ZDT4,0,ZDT4_n10_m2
15.176775940404823,0.0,0.0,ok,crossover,f615efa719625810,0.0,ZDT,True,7.759719390931764,crossover_prob_01,0.0,0.0,ok,ZDT4,1,ZDT4_n10_m2
5.623199419242277,0.0,0.0,ok,crossover,f615efa719625810,0.0,ZDT,True,22.21020473369178,crossover_prob_01,0.0,0.0,ok,ZDT4,2,ZDT4_n10_m2
8.009630679267481,0.0,0.0,ok,crossover,f615efa719625810,0.0,ZDT,True,9.361284868382697,crossover_prob_01,0.0,0.0,ok,ZDT4,3,ZDT4_n10_m2
13.818036384081475,0.0,0.0,ok,crossover,f615efa719625810,0.0,ZDT,True,12.78255079494025,crossover_prob_01,0.0,0.0,ok,ZDT4,4,ZDT4_n10_m2
9.464845079574937,0.0,0.0,ok,crossover,f615efa719625810,0.0,ZDT,True,17.476605500537087,crossover_prob_01,0.0,0.0,ok,ZDT4,5,ZDT4_n10_m2
7.6686924845237305,0.0,0.0,ok,crossover,f615efa719625810,0.0,ZDT,True,17.51881972167706,crossover_prob_01,0.0,0.0,ok,ZDT4,6,ZDT4_n10_m2
7.5455477833762945,0.0,0.0,ok,crossover,f615efa719625810,0.0,ZDT,True,18.56980903167582,crossover_prob_01,0.0,0.0,ok,ZDT4,7,ZDT4_n10_m2
14.264203503400065,0.0,0.0,ok,crossover,f615efa719625810,0.0,ZDT,True,17.97022252616656,crossover_prob_01,0.0,0.0,ok,ZDT4,8,ZDT4_n10_m2
6.016406628135425,0.0,0.0,ok,crossover,f615efa719625810,0.0,ZDT,True,12.189861079393774,crossover_prob_01,0.0,0.0,ok,ZDT4,9,ZDT4_n10_m2
9.131092831898211,0.0,0.0,ok,crossover,fcee34877f11accb,0.0,ZDT,True,9.066552647780288,crossover_prob_02,0.0,0.0,ok,ZDT4,0,ZDT4_n10_m2
15.176775940404823,0.0,0.0,ok,crossover,fcee34877f11accb,0.0,ZDT,True,10.008106835838777,crossover_prob_02,0.0,0.0,ok,ZDT4,1,ZDT4_n10_m2
5.623199419242277,0.0,0.0,ok,crossover,fcee34877f11accb,0.0,ZDT,True,14.330565240663406,crossover_prob_02,0.0,0.0,ok,ZDT4,2,ZDT4_n10_m2
8.009630679267481,0.0,0.0,ok,crossover,fcee34877f11accb,0.0,ZDT,True,14.93053432610484,crossover_prob_02,0.0,0.0,ok,ZDT4,3,ZDT4_n10_m2
13.818036384081475,0.0,0.0,ok,crossover,fcee34877f11accb,0.0,ZDT,True,13.45493871525496,crossover_prob_02,0.0,0.0,ok,ZDT4,4,ZDT4_n10_m2
9.464845079574937,0.0,0.0,ok,crossover,fcee34877f11accb,0.0,ZDT,True,6.114363347221552,crossover_prob_02,0.0,0.0,ok,ZDT4,5,ZDT4_n10_m2
7.6686924845237305,0.0,0.0,ok,crossover,fcee34877f11accb,0.0,ZDT,True,17.7831912034206,crossover_prob_02,0.0,0.0,ok,ZDT4,6,ZDT4_n10_m2
7.5455477833762945,0.0,0.0,ok,crossover,fcee34877f11accb,0.0,ZDT,True,9.74534083156797,crossover_prob_02,0.0,0.0,ok,ZDT4,7,ZDT4_n10_m2
14.264203503400065,0.0,0.0,ok,crossover,fcee34877f11accb,0.0,ZDT,True,7.140644118520607,crossover_prob_02,0.0,0.0,ok,ZDT4,8,ZDT4_n10_m2
6.016406628135425,0.0,0.0,ok,crossover,fcee34877f11accb,0.0,ZDT,True,7.39048051191811,crossover_prob_02,0.0,0.0,ok,ZDT4,9,ZDT4_n10_m2
9.131092831898211,0.0,0.0,ok,crossover,a6bcae666d0d10fd,0.0,ZDT,True,10.402352579634456,crossover_prob_03,0.0,0.0,ok,ZDT4,0,ZDT4_n10_m2
15.176775940404823,0.0,0.0,ok,crossover,a6bcae666d0d10fd,0.0,ZDT,True,13.92047990021041,crossover_prob_03,0.0,0.0,ok,ZDT4,1,ZDT4_n10_m2
5.623199419242277,0.0,0.0,ok,crossover,a6bcae666d0d10fd,0.0,ZDT,True,14.418028821884885,crossover_prob_03,0.0,0.0,ok,ZDT4,2,ZDT4_n10_m2
8.009630679267481,0.0,0.0,ok,crossover,a6bcae666d0d10fd,0.0,ZDT,True,11.179777822126374,crossover_prob_03,0.0,0.0,ok,ZDT4,3,ZDT4_n10_m2
13.818036384081475,0.0,0.0,ok,crossover,a6bcae666d0d10fd,0.0,ZDT,True,9.469029640034812,crossover_prob_03,0.0,0.0,ok,ZDT4,4,ZDT4_n10_m2
9.464845079574937,0.0,0.0,ok,crossover,a6bcae666d0d10fd,0.0,ZDT,True,6.917922662166108,crossover_prob_03,0.0,0.0,ok,ZDT4,5,ZDT4_n10_m2
7.6686924845237305,0.0,0.0,ok,crossover,a6bcae666d0d10fd,0.0,ZDT,True,6.941432422455628,crossover_prob_03,0.0,0.0,ok,ZDT4,6,ZDT4_n10_m2
7.5455477833762945,0.0,0.0,ok,crossover,a6bcae666d0d10fd,0.0,ZDT,True,15.67291084514804,crossover_prob_03,0.0,0.0,ok,ZDT4,7,ZDT4_n10_m2
14.264203503400065,0.0,0.0,ok,crossover,a6bcae666d0d10fd,0.0,ZDT,True,8.612385429511852,crossover_prob_03,0.0,0.0,ok,ZDT4,8,ZDT4_n10_m2
6.016406628135425,0.0,0.0,ok,crossover,a6bcae666d0d10fd,0.0,ZDT,True,6.506807740624587,crossover_prob_03,0.0,0.0,ok,ZDT4,9,ZDT4_n10_m2
9.131092831898211,0.0,0.0,ok,crossover,5a1def913a0303b7,0.0,ZDT,True,10.415621388480451,crossover_eta_01,0.0,0.0,ok,ZDT4,0,ZDT4_n10_m2
15.176775940404823,0.0,0.0,ok,crossover,5a1def913a0303b7,0.0,ZDT,True,11.220332694757316,crossover_eta_01,0.0,0.0,ok,ZDT4,1,ZDT4_n10_m2
5.623199419242277,0.0,0.0,ok,crossover,5a1def913a0303b7,0.0,ZDT,True,9.30275398858005,crossover_eta_01,0.0,0.0,ok,ZDT4,2,ZDT4_n10_m2
8.009630679267481,0.0,0.0,ok,crossover,5a1def913a0303b7,0.0,ZDT,True,6.897973736614206,crossover_eta_01,0.0,0.0,ok,ZDT4,3,ZDT4_n10_m2
13.818036384081475,0.0,0.0,ok,crossover,5a1def913a0303b7,0.0,ZDT,True,12.422000845547426,crossover_eta_01,0.0,0.0,ok,ZDT4,4,ZDT4_n10_m2
9.464845079574937,0.0,0.0,ok,crossover,5a1def913a0303b7,0.0,ZDT,True,13.91839686144873,crossover_eta_01,0.0,0.0,ok,ZDT4,5,ZDT4_n10_m2
7.6686924845237305,0.0,0.0,ok,crossover,5a1def913a0303b7,0.0,ZDT,True,13.372993347097278,crossover_eta_01,0.0,0.0,ok,ZDT4,6,ZDT4_n10_m2
7.5455477833762945,0.0,0.0,ok,crossover,5a1def913a0303b7,0.0,ZDT,True,11.108888123400947,crossover_eta_01,0.0,0.0,ok,ZDT4,7,ZDT4_n10_m2
14.264203503400065,0.0,0.0,ok,crossover,5a1def913a0303b7,0.0,ZDT,True,12.966930153712257,crossover_eta_01,0.0,0.0,ok,ZDT4,8,ZDT4_n10_m2
6.016406628135425,0.0,0.0,ok,crossover,5a1def913a0303b7,0.0,ZDT,True,10.088229977640042,crossover_eta_01,0.0,0.0,ok,ZDT4,9,ZDT4_n10_m2
9.131092831898211,0.0,0.0,ok,crossover,df385deaccbf9fb7,0.0,ZDT,True,10.535812432692346,crossover_eta_02,0.0,0.0,ok,ZDT4,0,ZDT4_n10_m2
15.176775940404823,0.0,0.0,ok,crossover,df385deaccbf9fb7,0.0,ZDT,True,9.058816172992504,crossover_eta_02,0.0,0.0,ok,ZDT4,1,ZDT4_n10_m2
5.623199419242277,0.0,0.0,ok,crossover,df385deaccbf9fb7,0.0,ZDT,True,7.678915341357478,crossover_eta_02,0.0,0.0,ok,ZDT4,2,ZDT4_n10_m2
8.009630679267481,0.0,0.0,ok,crossover,df385deaccbf9fb7,0.0,ZDT,True,10.501430183147901,crossover_eta_02,0.0,0.0,ok,ZDT4,3,ZDT4_n10_m2
13.818036384081475,0.0,0.0,ok,crossover,df385deaccbf9fb7,0.0,ZDT,True,3.5732773131463835,crossover_eta_02,0.0,0.0,ok,ZDT4,4,ZDT4_n10_m2
9.464845079574937,0.0,0.0,ok,crossover,df385deaccbf9fb7,0.0,ZDT,True,6.670929492329753,crossover_eta_02,0.0,0.0,ok,ZDT4,5,ZDT4_n10_m2
7.6686924845237305,0.0,0.0,ok,crossover,df385deaccbf9fb7,0.0,ZDT,True,6.998932041583758,crossover_eta_02,0.0,0.0,ok,ZDT4,6,ZDT4_n10_m2
7.5455477833762945,0.0,0.0,ok,crossover,df385deaccbf9fb7,0.0,ZDT,True,15.859104802169544,crossover_eta_02,0.0,0.0,ok,ZDT4,7,ZDT4_n10_m2
14.264203503400065,0.0,0.0,ok,crossover,df385deaccbf9fb7,0.0,ZDT,True,8.097848436340543,crossover_eta_02,0.0,0.0,ok,ZDT4,8,ZDT4_n10_m2
6.016406628135425,0.0,0.0,ok,crossover,df385deaccbf9fb7,0.0,ZDT,True,12.669732977661237,crossover_eta_02,0.0,0.0,ok,ZDT4,9,ZDT4_n10_m2
9.131092831898211,0.0,0.0,ok,crossover,2e8373151435c2de,0.0,ZDT,True,8.186428782702068,crossover_eta_03,0.0,0.0,ok,ZDT4,0,ZDT4_n10_m2
15.176775940404823,0.0,0.0,ok,crossover,2e8373151435c2de,0.0,ZDT,True,10.102774430568234,crossover_eta_03,0.0,0.0,ok,ZDT4,1,ZDT4_n10_m2
5.623199419242277,0.0,0.0,ok,crossover,2e8373151435c2de,0.0,ZDT,True,6.597481639208983,crossover_eta_03,0.0,0.0,ok,ZDT4,2,ZDT4_n10_m2
8.009630679267481,0.0,0.0,ok,crossover,2e8373151435c2de,0.0,ZDT,True,15.5614579134626,crossover_eta_03,0.0,0.0,ok,ZDT4,3,ZDT4_n10_m2
13.818036384081475,0.0,0.0,ok,crossover,2e8373151435c2de,0.0,ZDT,True,10.902101821567385,crossover_eta_03,0.0,0.0,ok,ZDT4,4,ZDT4_n10_m2
9.464845079574937,0.0,0.0,ok,crossover,2e8373151435c2de,0.0,ZDT,True,11.05751507808309,crossover_eta_03,0.0,0.0,ok,ZDT4,5,ZDT4_n10_m2
7.6686924845237305,0.0,0.0,ok,crossover,2e8373151435c2de,0.0,ZDT,True,9.970386730402396,crossover_eta_03,0.0,0.0,ok,ZDT4,6,ZDT4_n10_m2
7.5455477833762945,0.0,0.0,ok,crossover,2e8373151435c2de,0.0,ZDT,True,7.83255367436847,crossover_eta_03,0.0,0.0,ok,ZDT4,7,ZDT4_n10_m2
14.264203503400065,0.0,0.0,ok,crossover,2e8373151435c2de,0.0,ZDT,True,3.6486619871072388,crossover_eta_03,0.0,0.0,ok,ZDT4,8,ZDT4_n10_m2
6.016406628135425,0.0,0.0,ok,crossover,2e8373151435c2de,0.0,ZDT,True,5.86049701735533,crossover_eta_03,0.0,0.0,ok,ZDT4,9,ZDT4_n10_m2
9.131092831898211,0.0,0.0,ok,crossover,79226a346637ad26,0.0,ZDT,True,8.708746298088066,crossover_eta_04,0.0,0.0,ok,ZDT4,0,ZDT4_n10_m2
15.176775940404823,0.0,0.0,ok,crossover,79226a346637ad26,0.0,ZDT,True,10.300419574183072,crossover_eta_04,0.0,0.0,ok,ZDT4,1,ZDT4_n10_m2
5.623199419242277,0.0,0.0,ok,crossover,79226a346637ad26,0.0,ZDT,True,5.472621050455293,crossover_eta_04,0.0,0.0,ok,ZDT4,2,ZDT4_n10_m2
8.009630679267481,0.0,0.0,ok,crossover,79226a346637ad26,0.0,ZDT,True,5.33964845241995,crossover_eta_04,0.0,0.0,ok,ZDT4,3,ZDT4_n10_m2
13.818036384081475,0.0,0.0,ok,crossover,79226a346637ad26,0.0,ZDT,True,7.027634016882005,crossover_eta_04,0.0,0.0,ok,ZDT4,4,ZDT4_n10_m2
9.464845079574937,0.0,0.0,ok,crossover,79226a346637ad26,0.0,ZDT,True,8.070439230789264,crossover_eta_04,0.0,0.0,ok,ZDT4,5,ZDT4_n10_m2
7.6686924845237305,0.0,0.0,ok,crossover,79226a346637ad26,0.0,ZDT,True,4.719027499514288,crossover_eta_04,0.0,0.0,ok,ZDT4,6,ZDT4_n10_m2
7.5455477833762945,0.0,0.0,ok,crossover,79226a346637ad26,0.0,ZDT,True,10.450421188147178,crossover_eta_04,0.0,0.0,ok,ZDT4,7,ZDT4_n10_m2
14.264203503400065,0.0,0.0,ok,crossover,79226a346637ad26,0.0,ZDT,True,4.328770734276628,crossover_eta_04,0.0,0.0,ok,ZDT4,8,ZDT4_n10_m2
6.016406628135425,0.0,0.0,ok,crossover,79226a346637ad26,0.0,ZDT,True,6.57985407861123,crossover_eta_04,0.0,0.0,ok,ZDT4,9,ZDT4_n10_m2
9.131092831898211,0.0,0.0,ok,selection,311d5a5356246f84,0.0,ZDT,True,10.511059535921182,selection_tournament_01,0.0,0.0,ok,ZDT4,0,ZDT4_n10_m2
15.176775940404823,0.0,0.0,ok,selection,311d5a5356246f84,0.0,ZDT,True,13.164603048141535,selection_tournament_01,0.0,0.0,ok,ZDT4,1,ZDT4_n10_m2
5.623199419242277,0.0,0.0,ok,selection,311d5a5356246f84,0.0,ZDT,True,15.143002672117957,selection_tournament_01,0.0,0.0,ok,ZDT4,2,ZDT4_n10_m2
8.009630679267481,0.0,0.0,ok,selection,311d5a5356246f84,0.0,ZDT,True,8.967649793458262,selection_tournament_01,0.0,0.0,ok,ZDT4,3,ZDT4_n10_m2
13.818036384081475,0.0,0.0,ok,selection,311d5a5356246f84,0.0,ZDT,True,9.606480559068737,selection_tournament_01,0.0,0.0,ok,ZDT4,4,ZDT4_n10_m2
9.464845079574937,0.0,0.0,ok,selection,311d5a5356246f84,0.0,ZDT,True,8.89615913464159,selection_tournament_01,0.0,0.0,ok,ZDT4,5,ZDT4_n10_m2
7.6686924845237305,0.0,0.0,ok,selection,311d5a5356246f84,0.0,ZDT,True,15.029640184852736,selection_tournament_01,0.0,0.0,ok,ZDT4,6,ZDT4_n10_m2
7.5455477833762945,0.0,0.0,ok,selection,311d5a5356246f84,0.0,ZDT,True,12.295685230995916,selection_tournament_01,0.0,0.0,ok,ZDT4,7,ZDT4_n10_m2
14.264203503400065,0.0,0.0,ok,selection,311d5a5356246f84,0.0,ZDT,True,6.745822206905015,selection_tournament_01,0.0,0.0,ok,ZDT4,8,ZDT4_n10_m2
6.016406628135425,0.0,0.0,ok,selection,311d5a5356246f84,0.0,ZDT,True,5.51269003314041,selection_tournament_01,0.0,0.0,ok,ZDT4,9,ZDT4_n10_m2
9.131092831898211,0.0,0.0,ok,selection,5e938060426f787d,0.0,ZDT,True,6.901349996234379,selection_tournament_02,0.0,0.0,ok,ZDT4,0,ZDT4_n10_m2
15.176775940404823,0.0,0.0,ok,selection,5e938060426f787d,0.0,ZDT,True,6.763713415297599,selection_tournament_02,0.0,0.0,ok,ZDT4,1,ZDT4_n10_m2
5.623199419242277,0.0,0.0,ok,selection,5e938060426f787d,0.0,ZDT,True,10.07565725865501,selection_tournament_02,0.0,0.0,ok,ZDT4,2,ZDT4_n10_m2
8.009630679267481,0.0,0.0,ok,selection,5e938060426f787d,0.0,ZDT,True,6.7770371801218525,selection_tournament_02,0.0,0.0,ok,ZDT4,3,ZDT4_n10_m2
13.818036384081475,0.0,0.0,ok,selection,5e938060426f787d,0.0,ZDT,True,7.488849633397197,selection_tournament_02,0.0,0.0,ok,ZDT4,4,ZDT4_n10_m2
9.464845079574937,0.0,0.0,ok,selection,5e938060426f787d,0.0,ZDT,True,3.4947152323706003,selection_tournament_02,0.0,0.0,ok,ZDT4,5,ZDT4_n10_m2
7.6686924845237305,0.0,0.0,ok,selection,5e938060426f787d,0.0,ZDT,True,5.053555312741028,selection_tournament_02,0.0,0.0,ok,ZDT4,6,ZDT4_n10_m2
7.5455477833762945,0.0,0.0,ok,selection,5e938060426f787d,0.0,ZDT,True,12.513597840149739,selection_tournament_02,0.0,0.0,ok,ZDT4,7,ZDT4_n10_m2
14.264203503400065,0.0,0.0,ok,selection,5e938060426f787d,0.0,ZDT,True,12.361208924544165,selection_tournament_02,0.0,0.0,ok,ZDT4,8,ZDT4_n10_m2
6.016406628135425,0.0,0.0,ok,selection,5e938060426f787d,0.0,ZDT,True,10.320527851463583,selection_tournament_02,0.0,0.0,ok,ZDT4,9,ZDT4_n10_m2
9.131092831898211,0.0,0.0,ok,selection,405af9e404b40e84,0.0,ZDT,True,4.679270379196018,selection_tournament_03,0.0,0.0,ok,ZDT4,0,ZDT4_n10_m2
15.176775940404823,0.0,0.0,ok,selection,405af9e404b40e84,0.0,ZDT,True,4.4163392530998244,selection_tournament_03,0.0,0.0,ok,ZDT4,1,ZDT4_n10_m2
5.623199419242277,0.0,0.0,ok,selection,405af9e404b40e84,0.0,ZDT,True,8.036947729578745,selection_tournament_03,0.0,0.0,ok,ZDT4,2,ZDT4_n10_m2
8.009630679267481,0.0,0.0,ok,selection,405af9e404b40e84,0.0,ZDT,True,5.647919153600762,selection_tournament_03,0.0,0.0,ok,ZDT4,3,ZDT4_n10_m2
13.818036384081475,0.0,0.0,ok,selection,405af9e404b40e84,0.0,ZDT,True,4.355892544622905,selection_tournament_03,0.0,0.0,ok,ZDT4,4,ZDT4_n10_m2
9.464845079574937,0.0,0.0,ok,selection,405af9e404b40e84,0.0,ZDT,True,5.867396174270525,selection_tournament_03,0.0,0.0,ok,ZDT4,5,ZDT4_n10_m2
7.6686924845237305,0.0,0.0,ok,selection,405af9e404b40e84,0.0,ZDT,True,11.604179382695369,selection_tournament_03,0.0,0.0,ok,ZDT4,6,ZDT4_n10_m2
7.5455477833762945,0.0,0.0,ok,selection,405af9e404b40e84,0.0,ZDT,True,3.8462766909886703,selection_tournament_03,0.0,0.0,ok,ZDT4,7,ZDT4_n10_m2
14.264203503400065,0.0,0.0,ok,selection,405af9e404b40e84,0.0,ZDT,True,6.438358054558487,selection_tournament_03,0.0,0.0,ok,ZDT4,8,ZDT4_n10_m2
6.016406628135425,0.0,0.0,ok,selection,405af9e404b40e84,0.0,ZDT,True,6.547982952457473,selection_tournament_03,0.0,0.0,ok,ZDT4,9,ZDT4_n10_m2
2.2388218590621474,0.0,0.0,ok,mutation,4b62b5b4e6b7a63d,0.0,ZDT,True,2.1689712042718217,mutation_prob_02,0.0,0.0,ok,ZDT6,0,ZDT6_n20_m2
2.530322596410342,0.0,0.0,ok,mutation,4b62b5b4e6b7a63d,0.0,ZDT,True,2.0707490131479473,mutation_prob_02,0.0,0.0,ok,ZDT6,1,ZDT6_n20_m2
2.1996457259432813,0.0,0.0,ok,mutation,4b62b5b4e6b7a63d,0.0,ZDT,True,2.2446663497099775,mutation_prob_02,0.0,0.0,ok,ZDT6,2,ZDT6_n20_m2
2.031671685894244,0.0,0.0,ok,mutation,4b62b5b4e6b7a63d,0.0,ZDT,True,1.5351416455890525,mutation_prob_02,0.0,0.0,ok,ZDT6,3,ZDT6_n20_m2
2.170956925577626,0.0,0.0,ok,mutation,4b62b5b4e6b7a63d,0.0,ZDT,True,1.8772554313337029,mutation_prob_02,0.0,0.0,ok,ZDT6,4,ZDT6_n20_m2
2.595049559469707,0.0,0.0,ok,mutation,4b62b5b4e6b7a63d,0.0,ZDT,True,1.926398348946705,mutation_prob_02,0.0,0.0,ok,ZDT6,5,ZDT6_n20_m2
2.240882026940839,0.0,0.0,ok,mutation,4b62b5b4e6b7a63d,0.0,ZDT,True,1.6503516911750185,mutation_prob_02,0.0,0.0,ok,ZDT6,6,ZDT6_n20_m2
2.2820431744921383,0.0,0.0,ok,mutation,4b62b5b4e6b7a63d,0.0,ZDT,True,2.2041832066558187,mutation_prob_02,0.0,0.0,ok,ZDT6,7,ZDT6_n20_m2
2.0523242064293443,0.0,0.0,ok,mutation,4b62b5b4e6b7a63d,0.0,ZDT,True,2.0931270328315215,mutation_prob_02,0.0,0.0,ok,ZDT6,8,ZDT6_n20_m2
3.3055436803650022,0.0,0.0,ok,mutation,4b62b5b4e6b7a63d,0.0,ZDT,True,2.2548182682056312,mutation_prob_02,0.0,0.0,ok,ZDT6,9,ZDT6_n20_m2
2.2388218590621474,0.0,0.0,ok,mutation,cd3cefd79b40a10b,0.0,ZDT,True,1.8229162326118655,mutation_prob_03,0.0,0.0,ok,ZDT6,0,ZDT6_n20_m2
2.530322596410342,0.0,0.0,ok,mutation,cd3cefd79b40a10b,0.0,ZDT,True,1.8591622944849253,mutation_prob_03,0.0,0.0,ok,ZDT6,1,ZDT6_n20_m2
2.1996457259432813,0.0,0.0,ok,mutation,cd3cefd79b40a10b,0.0,ZDT,True,1.671662913114935,mutation_prob_03,0.0,0.0,ok,ZDT6,2,ZDT6_n20_m2
2.031671685894244,0.0,0.0,ok,mutation,cd3cefd79b40a10b,0.0,ZDT,True,1.7705265345400145,mutation_prob_03,0.0,0.0,ok,ZDT6,3,ZDT6_n20_m2
2.170956925577626,0.0,0.0,ok,mutation,cd3cefd79b40a10b,0.0,ZDT,True,1.8412309474682957,mutation_prob_03,0.0,0.0,ok,ZDT6,4,ZDT6_n20_m2
2.595049559469707,0.0,0.0,ok,mutation,cd3cefd79b40a10b,0.0,ZDT,True,2.4350378962760115,mutation_prob_03,0.0,0.0,ok,ZDT6,5,ZDT6_n20_m2
2.240882026940839,0.0,0.0,ok,mutation,cd3cefd79b40a10b,0.0,ZDT,True,1.9312850494119693,mutation_prob_03,0.0,0.0,ok,ZDT6,6,ZDT6_n20_m2
2.2820431744921383,0.0,0.0,ok,mutation,cd3cefd79b40a10b,0.0,ZDT,True,1.9942764602123395,mutation_prob_03,0.0,0.0,ok,ZDT6,7,ZDT6_n20_m2
2.0523242064293443,0.0,0.0,ok,mutation,cd3cefd79b40a10b,0.0,ZDT,True,1.9343933510371798,mutation_prob_03,0.0,0.0,ok,ZDT6,8,ZDT6_n20_m2
3.3055436803650022,0.0,0.0,ok,mutation,cd3cefd79b40a10b,0.0,ZDT,True,2.1565418786919563,mutation_prob_03,0.0,0.0,ok,ZDT6,9,ZDT6_n20_m2
2.2388218590621474,0.0,0.0,ok,mutation,f749efef1be7ae5b,0.0,ZDT,True,2.1183053342074034,mutation_prob_04,0.0,0.0,ok,ZDT6,0,ZDT6_n20_m2
2.530322596410342,0.0,0.0,ok,mutation,f749efef1be7ae5b,0.0,ZDT,True,2.040795903449247,mutation_prob_04,0.0,0.0,ok,ZDT6,1,ZDT6_n20_m2
2.1996457259432813,0.0,0.0,ok,mutation,f749efef1be7ae5b,0.0,ZDT,True,2.0354294352758084,mutation_prob_04,0.0,0.0,ok,ZDT6,2,ZDT6_n20_m2
2.031671685894244,0.0,0.0,ok,mutation,f749efef1be7ae5b,0.0,ZDT,True,1.8744508339324697,mutation_prob_04,0.0,0.0,ok,ZDT6,3,ZDT6_n20_m2
2.170956925577626,0.0,0.0,ok,mutation,f749efef1be7ae5b,0.0,ZDT,True,1.6365080763539037,mutation_prob_04,0.0,0.0,ok,ZDT6,4,ZDT6_n20_m2
2.595049559469707,0.0,0.0,ok,mutation,f749efef1be7ae5b,0.0,ZDT,True,1.8015312957630958,mutation_prob_04,0.0,0.0,ok,ZDT6,5,ZDT6_n20_m2
2.240882026940839,0.0,0.0,ok,mutation,f749efef1be7ae5b,0.0,ZDT,True,1.9838103106502694,mutation_prob_04,0.0,0.0,ok,ZDT6,6,ZDT6_n20_m2
2.2820431744921383,0.0,0.0,ok,mutation,f749efef1be7ae5b,0.0,ZDT,True,1.7819602154108005,mutation_prob_04,0.0,0.0,ok,ZDT6,7,ZDT6_n20_m2
2.0523242064293443,0.0,0.0,ok,mutation,f749efef1be7ae5b,0.0,ZDT,True,1.9733880192214095,mutation_prob_04,0.0,0.0,ok,ZDT6,8,ZDT6_n20_m2
3.3055436803650022,0.0,0.0,ok,mutation,f749efef1be7ae5b,0.0,ZDT,True,1.855427238628613,mutation_prob_04,0.0,0.0,ok,ZDT6,9,ZDT6_n20_m2
2.2388218590621474,0.0,0.0,ok,mutation,9ca89be4647c4745,0.0,ZDT,True,2.2269891816425895,mutation_prob_05,0.0,0.0,ok,ZDT6,0,ZDT6_n20_m2
2.530322596410342,0.0,0.0,ok,mutation,9ca89be4647c4745,0.0,ZDT,True,2.5011639029138437,mutation_prob_05,0.0,0.0,ok,ZDT6,1,ZDT6_n20_m2
2.1996457259432813,0.0,0.0,ok,mutation,9ca89be4647c4745,0.0,ZDT,True,2.165182068550671,mutation_prob_05,0.0,0.0,ok,ZDT6,2,ZDT6_n20_m2
2.031671685894244,0.0,0.0,ok,mutation,9ca89be4647c4745,0.0,ZDT,True,2.66154614770586,mutation_prob_05,0.0,0.0,ok,ZDT6,3,ZDT6_n20_m2
2.170956925577626,0.0,0.0,ok,mutation,9ca89be4647c4745,0.0,ZDT,True,2.4808801611757456,mutation_prob_05,0.0,0.0,ok,ZDT6,4,ZDT6_n20_m2
2.595049559469707,0.0,0.0,ok,mutation,9ca89be4647c4745,0.0,ZDT,True,2.388865519108181,mutation_prob_05,0.0,0.0,ok,ZDT6,5,ZDT6_n20_m2
2.240882026940839,0.0,0.0,ok,mutation,9ca89be4647c4745,0.0,ZDT,True,2.600422544752314,mutation_prob_05,0.0,0.0,ok,ZDT6,6,ZDT6_n20_m2
2.2820431744921383,0.0,0.0,ok,mutation,9ca89be4647c4745,0.0,ZDT,True,2.4081756318724667,mutation_prob_05,0.0,0.0,ok,ZDT6,7,ZDT6_n20_m2
2.0523242064293443,0.0,0.0,ok,mutation,9ca89be4647c4745,0.0,ZDT,True,2.046692783994438,mutation_prob_05,0.0,0.0,ok,ZDT6,8,ZDT6_n20_m2
3.3055436803650022,0.0,0.0,ok,mutation,9ca89be4647c4745,0.0,ZDT,True,2.5990006048856693,mutation_prob_05,0.0,0.0,ok,ZDT6,9,ZDT6_n20_m2
2.2388218590621474,0.0,0.0,ok,mutation,05dc0f81f79dd96e,0.0,ZDT,True,2.1135030496554337,mutation_eta_01,0.0,0.0,ok,ZDT6,0,ZDT6_n20_m2
2.530322596410342,0.0,0.0,ok,mutation,05dc0f81f79dd96e,0.0,ZDT,True,2.3378820492091146,mutation_eta_01,0.0,0.0,ok,ZDT6,1,ZDT6_n20_m2
2.1996457259432813,0.0,0.0,ok,mutation,05dc0f81f79dd96e,0.0,ZDT,True,1.6741443105396896,mutation_eta_01,0.0,0.0,ok,ZDT6,2,ZDT6_n20_m2
2.031671685894244,0.0,0.0,ok,mutation,05dc0f81f79dd96e,0.0,ZDT,True,2.156946879333091,mutation_eta_01,0.0,0.0,ok,ZDT6,3,ZDT6_n20_m2
2.170956925577626,0.0,0.0,ok,mutation,05dc0f81f79dd96e,0.0,ZDT,True,2.06933449774279,mutation_eta_01,0.0,0.0,ok,ZDT6,4,ZDT6_n20_m2
2.595049559469707,0.0,0.0,ok,mutation,05dc0f81f79dd96e,0.0,ZDT,True,2.2488543492365953,mutation_eta_01,0.0,0.0,ok,ZDT6,5,ZDT6_n20_m2
2.240882026940839,0.0,0.0,ok,mutation,05dc0f81f79dd96e,0.0,ZDT,True,1.9832264252050322,mutation_eta_01,0.0,0.0,ok,ZDT6,6,ZDT6_n20_m2
2.2820431744921383,0.0,0.0,ok,mutation,05dc0f81f79dd96e,0.0,ZDT,True,2.294665226164146,mutation_eta_01,0.0,0.0,ok,ZDT6,7,ZDT6_n20_m2
2.0523242064293443,0.0,0.0,ok,mutation,05dc0f81f79dd96e,0.0,ZDT,True,2.245701296127833,mutation_eta_01,0.0,0.0,ok,ZDT6,8,ZDT6_n20_m2
3.3055436803650022,0.0,0.0,ok,mutation,05dc0f81f79dd96e,0.0,ZDT,True,2.28579838955933,mutation_eta_01,0.0,0.0,ok,ZDT6,9,ZDT6_n20_m2
2.2388218590621474,0.0,0.0,ok,mutation,7303839dadfde545,0.0,ZDT,True,2.4984544605793055,mutation_eta_02,0.0,0.0,ok,ZDT6,0,ZDT6_n20_m2
2.530322596410342,0.0,0.0,ok,mutation,7303839dadfde545,0.0,ZDT,True,2.2469804928291026,mutation_eta_02,0.0,0.0,ok,ZDT6,1,ZDT6_n20_m2
2.1996457259432813,0.0,0.0,ok,mutation,7303839dadfde545,0.0,ZDT,True,1.8932884878054483,mutation_eta_02,0.0,0.0,ok,ZDT6,2,ZDT6_n20_m2
2.031671685894244,0.0,0.0,ok,mutation,7303839dadfde545,0.0,ZDT,True,2.2442289682038847,mutation_eta_02,0.0,0.0,ok,ZDT6,3,ZDT6_n20_m2
2.170956925577626,0.0,0.0,ok,mutation,7303839dadfde545,0.0,ZDT,True,2.098537162251845,mutation_eta_02,0.0,0.0,ok,ZDT6,4,ZDT6_n20_m2
2.595049559469707,0.0,0.0,ok,mutation,7303839dadfde545,0.0,ZDT,True,1.9678207875918716,mutation_eta_02,0.0,0.0,ok,ZDT6,5,ZDT6_n20_m2
2.240882026940839,0.0,0.0,ok,mutation,7303839dadfde545,0.0,ZDT,True,2.492950939344233,mutation_eta_02,0.0,0.0,ok,ZDT6,6,ZDT6_n20_m2
2.2820431744921383,0.0,0.0,ok,mutation,7303839dadfde545,0.0,ZDT,True,2.449352103303417,mutation_eta_02,0.0,0.0,ok,ZDT6,7,ZDT6_n20_m2
2.0523242064293443,0.0,0.0,ok,mutation,7303839dadfde545,0.0,ZDT,True,1.6103888816508083,mutation_eta_02,0.0,0.0,ok,ZDT6,8,ZDT6_n20_m2
3.3055436803650022,0.0,0.0,ok,mutation,7303839dadfde545,0.0,ZDT,True,2.323567679464597,mutation_eta_02,0.0,0.0,ok,ZDT6,9,ZDT6_n20_m2
2.2388218590621474,0.0,0.0,ok,mutation,07225b4c6a6aac91,0.0,ZDT,True,1.8943375699965743,mutation_eta_03,0.0,0.0,ok,ZDT6,0,ZDT6_n20_m2
2.530322596410342,0.0,0.0,ok,mutation,07225b4c6a6aac91,0.0,ZDT,True,2.7711201032417945,mutation_eta_03,0.0,0.0,ok,ZDT6,1,ZDT6_n20_m2
2.1996457259432813,0.0,0.0,ok,mutation,07225b4c6a6aac91,0.0,ZDT,True,2.523551352623387,mutation_eta_03,0.0,0.0,ok,ZDT6,2,ZDT6_n20_m2
2.031671685894244,0.0,0.0,ok,mutation,07225b4c6a6aac91,0.0,ZDT,True,1.5759276911982214,mutation_eta_03,0.0,0.0,ok,ZDT6,3,ZDT6_n20_m2
2.170956925577626,0.0,0.0,ok,mutation,07225b4c6a6aac91,0.0,ZDT,True,2.43281357545235,mutation_eta_03,0.0,0.0,ok,ZDT6,4,ZDT6_n20_m2
2.595049559469707,0.0,0.0,ok,mutation,07225b4c6a6aac91,0.0,ZDT,True,1.9691041508409013,mutation_eta_03,0.0,0.0,ok,ZDT6,5,ZDT6_n20_m2
2.240882026940839,0.0,0.0,ok,mutation,07225b4c6a6aac91,0.0,ZDT,True,2.0209464751810953,mutation_eta_03,0.0,0.0,ok,ZDT6,6,ZDT6_n20_m2
2.2820431744921383,0.0,0.0,ok,mutation,07225b4c6a6aac91,0.0,ZDT,True,2.2526083183516463,mutation_eta_03,0.0,0.0,ok,ZDT6,7,ZDT6_n20_m2
2.0523242064293443,0.0,0.0,ok,mutation,07225b4c6a6aac91,0.0,ZDT,True,1.620437840741814,mutation_eta_03,0.0,0.0,ok,ZDT6,8,ZDT6_n20_m2
3.3055436803650022,0.0,0.0,ok,mutation,07225b4c6a6aac91,0.0,ZDT,True,2.5972160161922306,mutation_eta_03,0.0,0.0,ok,ZDT6,9,ZDT6_n20_m2
2.2388218590621474,0.0,0.0,ok,mutation,b6147bb10992df73,0.0,ZDT,True,3.2488747451733118,mutation_eta_04,0.0,0.0,ok,ZDT6,0,ZDT6_n20_m2
2.530322596410342,0.0,0.0,ok,mutation,b6147bb10992df73,0.0,ZDT,True,3.36204271652503,mutation_eta_04,0.0,0.0,ok,ZDT6,1,ZDT6_n20_m2
2.1996457259432813,0.0,0.0,ok,mutation,b6147bb10992df73,0.0,ZDT,True,3.5343312313707567,mutation_eta_04,0.0,0.0,ok,ZDT6,2,ZDT6_n20_m2
2.031671685894244,0.0,0.0,ok,mutation,b6147bb10992df73,0.0,ZDT,True,2.8167791181372457,mutation_eta_04,0.0,0.0,ok,ZDT6,3,ZDT6_n20_m2
2.170956925577626,0.0,0.0,ok,mutation,b6147bb10992df73,0.0,ZDT,True,2.718858596746886,mutation_eta_04,0.0,0.0,ok,ZDT6,4,ZDT6_n20_m2
2.595049559469707,0.0,0.0,ok,mutation,b6147bb10992df73,0.0,ZDT,True,1.9119196536474274,mutation_eta_04,0.0,0.0,ok,ZDT6,5,ZDT6_n20_m2
2.240882026940839,0.0,0.0,ok,mutation,b6147bb10992df73,0.0,ZDT,True,2.4494711295342926,mutation_eta_04,0.0,0.0,ok,ZDT6,6,ZDT6_n20_m2
2.2820431744921383,0.0,0.0,ok,mutation,b6147bb10992df73,0.0,ZDT,True,2.429750219891487,mutation_eta_04,0.0,0.0,ok,ZDT6,7,ZDT6_n20_m2
2.0523242064293443,0.0,0.0,ok,mutation,b6147bb10992df73,0.0,ZDT,True,2.2189175483120818,mutation_eta_04,0.0,0.0,ok,ZDT6,8,ZDT6_n20_m2
3.3055436803650022,0.0,0.0,ok,mutation,b6147bb10992df73,0.0,ZDT,True,3.471620913629762,mutation_eta_04,0.0,0.0,ok,ZDT6,9,ZDT6_n20_m2
2.2388218590621474,0.0,0.0,ok,mutation,850dd542c71da1e1,0.0,ZDT,True,3.1729477176130194,mutation_eta_05,0.0,0.0,ok,ZDT6,0,ZDT6_n20_m2
2.530322596410342,0.0,0.0,ok,mutation,850dd542c71da1e1,0.0,ZDT,True,4.247149192337845,mutation_eta_05,0.0,0.0,ok,ZDT6,1,ZDT6_n20_m2
2.1996457259432813,0.0,0.0,ok,mutation,850dd542c71da1e1,0.0,ZDT,True,3.645482822424386,mutation_eta_05,0.0,0.0,ok,ZDT6,2,ZDT6_n20_m2
2.031671685894244,0.0,0.0,ok,mutation,850dd542c71da1e1,0.0,ZDT,True,4.320926759664349,mutation_eta_05,0.0,0.0,ok,ZDT6,3,ZDT6_n20_m2
2.170956925577626,0.0,0.0,ok,mutation,850dd542c71da1e1,0.0,ZDT,True,3.18880576145881,mutation_eta_05,0.0,0.0,ok,ZDT6,4,ZDT6_n20_m2
2.595049559469707,0.0,0.0,ok,mutation,850dd542c71da1e1,0.0,ZDT,True,2.5382532303085594,mutation_eta_05,0.0,0.0,ok,ZDT6,5,ZDT6_n20_m2
2.240882026940839,0.0,0.0,ok,mutation,850dd542c71da1e1,0.0,ZDT,True,3.039180650147891,mutation_eta_05,0.0,0.0,ok,ZDT6,6,ZDT6_n20_m2
2.2820431744921383,0.0,0.0,ok,mutation,850dd542c71da1e1,0.0,ZDT,True,3.58495021606712,mutation_eta_05,0.0,0.0,ok,ZDT6,7,ZDT6_n20_m2
2.0523242064293443,0.0,0.0,ok,mutation,850dd542c71da1e1,0.0,ZDT,True,2.7657377551226316,mutation_eta_05,0.0,0.0,ok,ZDT6,8,ZDT6_n20_m2
3.3055436803650022,0.0,0.0,ok,mutation,850dd542c71da1e1,0.0,ZDT,True,4.280797456782944,mutation_eta_05,0.0,0.0,ok,ZDT6,9,ZDT6_n20_m2
2.2388218590621474,0.0,0.0,ok,crossover,85a7cb3f7f1dd628,0.0,ZDT,True,3.2058738533359574,crossover_prob_01,0.0,0.0,ok,ZDT6,0,ZDT6_n20_m2
2.530322596410342,0.0,0.0,ok,crossover,85a7cb3f7f1dd628,0.0,ZDT,True,3.478699039033277,crossover_prob_01,0.0,0.0,ok,ZDT6,1,ZDT6_n20_m2
2.1996457259432813,0.0,0.0,ok,crossover,85a7cb3f7f1dd628,0.0,ZDT,True,3.188795257192009,crossover_prob_01,0.0,0.0,ok,ZDT6,2,ZDT6_n20_m2
2.031671685894244,0.0,0.0,ok,crossover,85a7cb3f7f1dd628,0.0,ZDT,True,2.379396969904067,crossover_prob_01,0.0,0.0,ok,ZDT6,3,ZDT6_n20_m2
2.170956925577626,0.0,0.0,ok,crossover,85a7cb3f7f1dd628,0.0,ZDT,True,2.370215031511659,crossover_prob_01,0.0,0.0,ok,ZDT6,4,ZDT6_n20_m2
2.595049559469707,0.0,0.0,ok,crossover,85a7cb3f7f1dd628,0.0,ZDT,True,3.0994669198289944,crossover_prob_01,0.0,0.0,ok,ZDT6,5,ZDT6_n20_m2
2.240882026940839,0.0,0.0,ok,crossover,85a7cb3f7f1dd628,0.0,ZDT,True,3.3999672759614556,crossover_prob_01,0.0,0.0,ok,ZDT6,6,ZDT6_n20_m2
2.2820431744921383,0.0,0.0,ok,crossover,85a7cb3f7f1dd628,0.0,ZDT,True,3.172378965018764,crossover_prob_01,0.0,0.0,ok,ZDT6,7,ZDT6_n20_m2
2.0523242064293443,0.0,0.0,ok,crossover,85a7cb3f7f1dd628,0.0,ZDT,True,2.887690492709687,crossover_prob_01,0.0,0.0,ok,ZDT6,8,ZDT6_n20_m2
3.3055436803650022,0.0,0.0,ok,crossover,85a7cb3f7f1dd628,0.0,ZDT,True,3.2308838764939947,crossover_prob_01,0.0,0.0,ok,ZDT6,9,ZDT6_n20_m2
2.2388218590621474,0.0,0.0,ok,crossover,524fcbbf6d1b2620,0.0,ZDT,True,2.997128254233572,crossover_prob_02,0.0,0.0,ok,ZDT6,0,ZDT6_n20_m2
2.530322596410342,0.0,0.0,ok,crossover,524fcbbf6d1b2620,0.0,ZDT,True,3.3048606845028163,crossover_prob_02,0.0,0.0,ok,ZDT6,1,ZDT6_n20_m2
2.1996457259432813,0.0,0.0,ok,crossover,524fcbbf6d1b2620,0.0,ZDT,True,2.8602635327211785,crossover_prob_02,0.0,0.0,ok,ZDT6,2,ZDT6_n20_m2
2.031671685894244,0.0,0.0,ok,crossover,524fcbbf6d1b2620,0.0,ZDT,True,3.086582571054323,crossover_prob_02,0.0,0.0,ok,ZDT6,3,ZDT6_n20_m2
2.170956925577626,0.0,0.0,ok,crossover,524fcbbf6d1b2620,0.0,ZDT,True,2.612700879215123,crossover_prob_02,0.0,0.0,ok,ZDT6,4,ZDT6_n20_m2
2.595049559469707,0.0,0.0,ok,crossover,524fcbbf6d1b2620,0.0,ZDT,True,2.56574474837359,crossover_prob_02,0.0,0.0,ok,ZDT6,5,ZDT6_n20_m2
2.240882026940839,0.0,0.0,ok,crossover,524fcbbf6d1b2620,0.0,ZDT,True,2.888817642840589,crossover_prob_02,0.0,0.0,ok,ZDT6,6,ZDT6_n20_m2
2.2820431744921383,0.0,0.0,ok,crossover,524fcbbf6d1b2620,0.0,ZDT,True,2.849713221287308,crossover_prob_02,0.0,0.0,ok,ZDT6,7,ZDT6_n20_m2
2.0523242064293443,0.0,0.0,ok,crossover,524fcbbf6d1b2620,0.0,ZDT,True,2.4649432585909152,crossover_prob_02,0.0,0.0,ok,ZDT6,8,ZDT6_n20_m2
3.3055436803650022,0.0,0.0,ok,crossover,524fcbbf6d1b2620,0.0,ZDT,True,2.7818622581564214,crossover_prob_02,0.0,0.0,ok,ZDT6,9,ZDT6_n20_m2
2.2388218590621474,0.0,0.0,ok,crossover,9ff73d6f2653938b,0.0,ZDT,True,2.2812124575885484,crossover_prob_03,0.0,0.0,ok,ZDT6,0,ZDT6_n20_m2
2.530322596410342,0.0,0.0,ok,crossover,9ff73d6f2653938b,0.0,ZDT,True,2.425664105862423,crossover_prob_03,0.0,0.0,ok,ZDT6,1,ZDT6_n20_m2
2.1996457259432813,0.0,0.0,ok,crossover,9ff73d6f2653938b,0.0,ZDT,True,2.485326093346299,crossover_prob_03,0.0,0.0,ok,ZDT6,2,ZDT6_n20_m2
2.031671685894244,0.0,0.0,ok,crossover,9ff73d6f2653938b,0.0,ZDT,True,2.469074266440275,crossover_prob_03,0.0,0.0,ok,ZDT6,3,ZDT6_n20_m2
2.170956925577626,0.0,0.0,ok,crossover,9ff73d6f2653938b,0.0,ZDT,True,2.1111223167118602,crossover_prob_03,0.0,0.0,ok,ZDT6,4,ZDT6_n20_m2
2.595049559469707,0.0,0.0,ok,crossover,9ff73d6f2653938b,0.0,ZDT,True,1.503124810982741,crossover_prob_03,0.0,0.0,ok,ZDT6,5,ZDT6_n20_m2
2.240882026940839,0.0,0.0,ok,crossover,9ff73d6f2653938b,0.0,ZDT,True,2.23006616107715,crossover_prob_03,0.0,0.0,ok,ZDT6,6,ZDT6_n20_m2
2.2820431744921383,0.0,0.0,ok,crossover,9ff73d6f2653938b,0.0,ZDT,True,2.0442016920114816,crossover_prob_03,0.0,0.0,ok,ZDT6,7,ZDT6_n20_m2
2.0523242064293443,0.0,0.0,ok,crossover,9ff73d6f2653938b,0.0,ZDT,True,1.6009170322955852,crossover_prob_03,0.0,0.0,ok,ZDT6,8,ZDT6_n20_m2
3.3055436803650022,0.0,0.0,ok,crossover,9ff73d6f2653938b,0.0,ZDT,True,2.7746066567787873,crossover_prob_03,0.0,0.0,ok,ZDT6,9,ZDT6_n20_m2
2.2388218590621474,0.0,0.0,ok,crossover,2d5c3389fb64e61b,0.0,ZDT,True,2.440967119703139,crossover_eta_01,0.0,0.0,ok,ZDT6,0,ZDT6_n20_m2
2.530322596410342,0.0,0.0,ok,crossover,2d5c3389fb64e61b,0.0,ZDT,True,2.0728204697232577,crossover_eta_01,0.0,0.0,ok,ZDT6,1,ZDT6_n20_m2
2.1996457259432813,0.0,0.0,ok,crossover,2d5c3389fb64e61b,0.0,ZDT,True,2.683124300766239,crossover_eta_01,0.0,0.0,ok,ZDT6,2,ZDT6_n20_m2
2.031671685894244,0.0,0.0,ok,crossover,2d5c3389fb64e61b,0.0,ZDT,True,2.1540758929859125,crossover_eta_01,0.0,0.0,ok,ZDT6,3,ZDT6_n20_m2
2.170956925577626,0.0,0.0,ok,crossover,2d5c3389fb64e61b,0.0,ZDT,True,2.1472594927495097,crossover_eta_01,0.0,0.0,ok,ZDT6,4,ZDT6_n20_m2
2.595049559469707,0.0,0.0,ok,crossover,2d5c3389fb64e61b,0.0,ZDT,True,1.7298649778513602,crossover_eta_01,0.0,0.0,ok,ZDT6,5,ZDT6_n20_m2
2.240882026940839,0.0,0.0,ok,crossover,2d5c3389fb64e61b,0.0,ZDT,True,2.0871044584019782,crossover_eta_01,0.0,0.0,ok,ZDT6,6,ZDT6_n20_m2
2.2820431744921383,0.0,0.0,ok,crossover,2d5c3389fb64e61b,0.0,ZDT,True,2.901723032361727,crossover_eta_01,0.0,0.0,ok,ZDT6,7,ZDT6_n20_m2
2.0523242064293443,0.0,0.0,ok,crossover,2d5c3389fb64e61b,0.0,ZDT,True,2.056402195159659,crossover_eta_01,0.0,0.0,ok,ZDT6,8,ZDT6_n20_m2
3.3055436803650022,0.0,0.0,ok,crossover,2d5c3389fb64e61b,0.0,ZDT,True,2.189417747100428,crossover_eta_01,0.0,0.0,ok,ZDT6,9,ZDT6_n20_m2
2.2388218590621474,0.0,0.0,ok,crossover,67debaf5648ee0a6,0.0,ZDT,True,1.841570706654636,crossover_eta_02,0.0,0.0,ok,ZDT6,0,ZDT6_n20_m2
2.530322596410342,0.0,0.0,ok,crossover,67debaf5648ee0a6,0.0,ZDT,True,3.317784810354421,crossover_eta_02,0.0,0.0,ok,ZDT6,1,ZDT6_n20_m2
2.1996457259432813,0.0,0.0,ok,crossover,67debaf5648ee0a6,0.0,ZDT,True,2.4039871159536066,crossover_eta_02,0.0,0.0,ok,ZDT6,2,ZDT6_n20_m2
2.031671685894244,0.0,0.0,ok,crossover,67debaf5648ee0a6,0.0,ZDT,True,2.670844920777065,crossover_eta_02,0.0,0.0,ok,ZDT6,3,ZDT6_n20_m2
2.170956925577626,0.0,0.0,ok,crossover,67debaf5648ee0a6,0.0,ZDT,True,1.9277409783137365,crossover_eta_02,0.0,0.0,ok,ZDT6,4,ZDT6_n20_m2
2.595049559469707,0.0,0.0,ok,crossover,67debaf5648ee0a6,0.0,ZDT,True,1.465572191741813,crossover_eta_02,0.0,0.0,ok,ZDT6,5,ZDT6_n20_m2
2.240882026940839,0.0,0.0,ok,crossover,67debaf5648ee0a6,0.0,ZDT,True,1.9563092109287314,crossover_eta_02,0.0,0.0,ok,ZDT6,6,ZDT6_n20_m2
2.2820431744921383,0.0,0.0,ok,crossover,67debaf5648ee0a6,0.0,ZDT,True,1.9778599691796834,crossover_eta_02,0.0,0.0,ok,ZDT6,7,ZDT6_n20_m2
2.0523242064293443,0.0,0.0,ok,crossover,67debaf5648ee0a6,0.0,ZDT,True,2.0173535081648613,crossover_eta_02,0.0,0.0,ok,ZDT6,8,ZDT6_n20_m2
3.3055436803650022,0.0,0.0,ok,crossover,67debaf5648ee0a6,0.0,ZDT,True,2.8849845600532347,crossover_eta_02,0.0,0.0,ok,ZDT6,9,ZDT6_n20_m2
2.2388218590621474,0.0,0.0,ok,crossover,b207e2026b5076c1,0.0,ZDT,True,2.29000966086377,crossover_eta_03,0.0,0.0,ok,ZDT6,0,ZDT6_n20_m2
2.530322596410342,0.0,0.0,ok,crossover,b207e2026b5076c1,0.0,ZDT,True,2.6012014697592782,crossover_eta_03,0.0,0.0,ok,ZDT6,1,ZDT6_n20_m2
2.1996457259432813,0.0,0.0,ok,crossover,b207e2026b5076c1,0.0,ZDT,True,3.0459494712846387,crossover_eta_03,0.0,0.0,ok,ZDT6,2,ZDT6_n20_m2
2.031671685894244,0.0,0.0,ok,crossover,b207e2026b5076c1,0.0,ZDT,True,2.404827242083078,crossover_eta_03,0.0,0.0,ok,ZDT6,3,ZDT6_n20_m2
2.170956925577626,0.0,0.0,ok,crossover,b207e2026b5076c1,0.0,ZDT,True,3.036020819190574,crossover_eta_03,0.0,0.0,ok,ZDT6,4,ZDT6_n20_m2
2.595049559469707,0.0,0.0,ok,crossover,b207e2026b5076c1,0.0,ZDT,True,1.7001084699820472,crossover_eta_03,0.0,0.0,ok,ZDT6,5,ZDT6_n20_m2
2.240882026940839,0.0,0.0,ok,crossover,b207e2026b5076c1,0.0,ZDT,True,2.307808735671774,crossover_eta_03,0.0,0.0,ok,ZDT6,6,ZDT6_n20_m2
2.2820431744921383,0.0,0.0,ok,crossover,b207e2026b5076c1,0.0,ZDT,True,2.106042833327797,crossover_eta_03,0.0,0.0,ok,ZDT6,7,ZDT6_n20_m2
2.0523242064293443,0.0,0.0,ok,crossover,b207e2026b5076c1,0.0,ZDT,True,2.0828980508832364,crossover_eta_03,0.0,0.0,ok,ZDT6,8,ZDT6_n20_m2
3.3055436803650022,0.0,0.0,ok,crossover,b207e2026b5076c1,0.0,ZDT,True,2.3441279675691256,crossover_eta_03,0.0,0.0,ok,ZDT6,9,ZDT6_n20_m2
2.2388218590621474,0.0,0.0,ok,crossover,e8dcfb58f14de80f,0.0,ZDT,True,2.9418694350271495,crossover_eta_04,0.0,0.0,ok,ZDT6,0,ZDT6_n20_m2
2.530322596410342,0.0,0.0,ok,crossover,e8dcfb58f14de80f,0.0,ZDT,True,2.861625488359279,crossover_eta_04,0.0,0.0,ok,ZDT6,1,ZDT6_n20_m2
2.1996457259432813,0.0,0.0,ok,crossover,e8dcfb58f14de80f,0.0,ZDT,True,2.184930749867915,crossover_eta_04,0.0,0.0,ok,ZDT6,2,ZDT6_n20_m2
2.031671685894244,0.0,0.0,ok,crossover,e8dcfb58f14de80f,0.0,ZDT,True,2.34316586111815,crossover_eta_04,0.0,0.0,ok,ZDT6,3,ZDT6_n20_m2
2.170956925577626,0.0,0.0,ok,crossover,e8dcfb58f14de80f,0.0,ZDT,True,2.7567823463431456,crossover_eta_04,0.0,0.0,ok,ZDT6,4,ZDT6_n20_m2
2.595049559469707,0.0,0.0,ok,crossover,e8dcfb58f14de80f,0.0,ZDT,True,1.7088949945679877,crossover_eta_04,0.0,0.0,ok,ZDT6,5,ZDT6_n20_m2
2.240882026940839,0.0,0.0,ok,crossover,e8dcfb58f14de80f,0.0,ZDT,True,2.541677493009632,crossover_eta_04,0.0,0.0,ok,ZDT6,6,ZDT6_n20_m2
2.2820431744921383,0.0,0.0,ok,crossover,e8dcfb58f14de80f,0.0,ZDT,True,2.5070717168838743,crossover_eta_04,0.0,0.0,ok,ZDT6,7,ZDT6_n20_m2
2.0523242064293443,0.0,0.0,ok,crossover,e8dcfb58f14de80f,0.0,ZDT,True,2.331568429919295,crossover_eta_04,0.0,0.0,ok,ZDT6,8,ZDT6_n20_m2
3.3055436803650022,0.0,0.0,ok,crossover,e8dcfb58f14de80f,0.0,ZDT,True,3.0443173636002077,crossover_eta_04,0.0,0.0,ok,ZDT6,9,ZDT6_n20_m2
2.2388218590621474,0.0,0.0,ok,selection,515162668f42f78d,0.0,ZDT,True,2.592863697955494,selection_tournament_01,0.0,0.0,ok,ZDT6,0,ZDT6_n20_m2
2.530322596410342,0.0,0.0,ok,selection,515162668f42f78d,0.0,ZDT,True,1.942242613392243,selection_tournament_01,0.0,0.0,ok,ZDT6,1,ZDT6_n20_m2
2.1996457259432813,0.0,0.0,ok,selection,515162668f42f78d,0.0,ZDT,True,2.17534704320364,selection_tournament_01,0.0,0.0,ok,ZDT6,2,ZDT6_n20_m2
2.031671685894244,0.0,0.0,ok,selection,515162668f42f78d,0.0,ZDT,True,1.9612099831189092,selection_tournament_01,0.0,0.0,ok,ZDT6,3,ZDT6_n20_m2
2.170956925577626,0.0,0.0,ok,selection,515162668f42f78d,0.0,ZDT,True,2.183032227792393,selection_tournament_01,0.0,0.0,ok,ZDT6,4,ZDT6_n20_m2
2.595049559469707,0.0,0.0,ok,selection,515162668f42f78d,0.0,ZDT,True,2.3996811809796585,selection_tournament_01,0.0,0.0,ok,ZDT6,5,ZDT6_n20_m2
2.240882026940839,0.0,0.0,ok,selection,515162668f42f78d,0.0,ZDT,True,1.9857268700236568,selection_tournament_01,0.0,0.0,ok,ZDT6,6,ZDT6_n20_m2
2.2820431744921383,0.0,0.0,ok,selection,515162668f42f78d,0.0,ZDT,True,2.523865567549069,selection_tournament_01,0.0,0.0,ok,ZDT6,7,ZDT6_n20_m2
2.0523242064293443,0.0,0.0,ok,selection,515162668f42f78d,0.0,ZDT,True,2.373336591667133,selection_tournament_01,0.0,0.0,ok,ZDT6,8,ZDT6_n20_m2
3.3055436803650022,0.0,0.0,ok,selection,515162668f42f78d,0.0,ZDT,True,2.7661692339787085,selection_tournament_01,0.0,0.0,ok,ZDT6,9,ZDT6_n20_m2
2.2388218590621474,0.0,0.0,ok,selection,5ce072daeadb7311,0.0,ZDT,True,1.9490559563125203,selection_tournament_02,0.0,0.0,ok,ZDT6,0,ZDT6_n20_m2
2.530322596410342,0.0,0.0,ok,selection,5ce072daeadb7311,0.0,ZDT,True,1.9986971426187388,selection_tournament_02,0.0,0.0,ok,ZDT6,1,ZDT6_n20_m2
2.1996457259432813,0.0,0.0,ok,selection,5ce072daeadb7311,0.0,ZDT,True,2.431159809129842,selection_tournament_02,0.0,0.0,ok,ZDT6,2,ZDT6_n20_m2
2.031671685894244,0.0,0.0,ok,selection,5ce072daeadb7311,0.0,ZDT,True,1.7947360126817704,selection_tournament_02,0.0,0.0,ok,ZDT6,3,ZDT6_n20_m2
2.170956925577626,0.0,0.0,ok,selection,5ce072daeadb7311,0.0,ZDT,True,2.3177700303857445,selection_tournament_02,0.0,0.0,ok,ZDT6,4,ZDT6_n20_m2
2.595049559469707,0.0,0.0,ok,selection,5ce072daeadb7311,0.0,ZDT,True,1.6917838987432108,selection_tournament_02,0.0,0.0,ok,ZDT6,5,ZDT6_n20_m2
2.240882026940839,0.0,0.0,ok,selection,5ce072daeadb7311,0.0,ZDT,True,1.9441100657840678,selection_tournament_02,0.0,0.0,ok,ZDT6,6,ZDT6_n20_m2
2.2820431744921383,0.0,0.0,ok,selection,5ce072daeadb7311,0.0,ZDT,True,2.001336141848595,selection_tournament_02,0.0,0.0,ok,ZDT6,7,ZDT6_n20_m2
2.0523242064293443,0.0,0.0,ok,selection,5ce072daeadb7311,0.0,ZDT,True,1.8154832587530996,selection_tournament_02,0.0,0.0,ok,ZDT6,8,ZDT6_n20_m2
3.3055436803650022,0.0,0.0,ok,selection,5ce072daeadb7311,0.0,ZDT,True,3.2452909323884023,selection_tournament_02,0.0,0.0,ok,ZDT6,9,ZDT6_n20_m2
2.2388218590621474,0.0,0.0,ok,selection,64adf26112e454d5,0.0,ZDT,True,1.7167107213859496,selection_tournament_03,0.0,0.0,ok,ZDT6,0,ZDT6_n20_m2
2.530322596410342,0.0,0.0,ok,selection,64adf26112e454d5,0.0,ZDT,True,2.629358620932353,selection_tournament_03,0.0,0.0,ok,ZDT6,1,ZDT6_n20_m2
2.1996457259432813,0.0,0.0,ok,selection,64adf26112e454d5,0.0,ZDT,True,2.28218565703896,selection_tournament_03,0.0,0.0,ok,ZDT6,2,ZDT6_n20_m2
2.031671685894244,0.0,0.0,ok,selection,64adf26112e454d5,0.0,ZDT,True,1.7360940808787662,selection_tournament_03,0.0,0.0,ok,ZDT6,3,ZDT6_n20_m2
2.170956925577626,0.0,0.0,ok,selection,64adf26112e454d5,0.0,ZDT,True,2.082840821569594,selection_tournament_03,0.0,0.0,ok,ZDT6,4,ZDT6_n20_m2
2.595049559469707,0.0,0.0,ok,selection,64adf26112e454d5,0.0,ZDT,True,1.316354266857938,selection_tournament_03,0.0,0.0,ok,ZDT6,5,ZDT6_n20_m2
2.240882026940839,0.0,0.0,ok,selection,64adf26112e454d5,0.0,ZDT,True,2.326997813719546,selection_tournament_03,0.0,0.0,ok,ZDT6,6,ZDT6_n20_m2
2.2820431744921383,0.0,0.0,ok,selection,64adf26112e454d5,0.0,ZDT,True,1.853056533878355,selection_tournament_03,0.0,0.0,ok,ZDT6,7,ZDT6_n20_m2
2.0523242064293443,0.0,0.0,ok,selection,64adf26112e454d5,0.0,ZDT,True,1.3749554778537636,selection_tournament_03,0.0,0.0,ok,ZDT6,8,ZDT6_n20_m2
3.3055436803650022,0.0,0.0,ok,selection,64adf26112e454d5,0.0,ZDT,True,2.426183146572573,selection_tournament_03,0.0,0.0,ok,ZDT6,9,ZDT6_n20_m2
9.37974338539988,0.0,0.0,ok,mutation,9aa03d3d455ce412,0.0,DTLZ,True,3.2507454254517087,mutation_prob_01,0.0,0.0,ok,DTLZ1,0,DTLZ1_n7_m3
4.426189157834545,0.0,0.0,ok,mutation,9aa03d3d455ce412,0.0,DTLZ,True,3.58663902141911,mutation_prob_01,0.0,0.0,ok,DTLZ1,1,DTLZ1_n7_m3
4.3447741048058,0.0,0.0,ok,mutation,9aa03d3d455ce412,0.0,DTLZ,True,3.2891245224429677,mutation_prob_01,0.0,0.0,ok,DTLZ1,2,DTLZ1_n7_m3
7.364671090884417,0.0,0.0,ok,mutation,9aa03d3d455ce412,0.0,DTLZ,True,6.485428782413735,mutation_prob_01,0.0,0.0,ok,DTLZ1,3,DTLZ1_n7_m3
13.565376750593426,0.0,0.0,ok,mutation,9aa03d3d455ce412,0.0,DTLZ,True,5.457517017812898,mutation_prob_01,0.0,0.0,ok,DTLZ1,4,DTLZ1_n7_m3
11.553933465361204,0.0,0.0,ok,mutation,9aa03d3d455ce412,0.0,DTLZ,True,9.25284188123173,mutation_prob_01,0.0,0.0,ok,DTLZ1,5,DTLZ1_n7_m3
9.149761244205006,0.0,0.0,ok,mutation,9aa03d3d455ce412,0.0,DTLZ,True,7.2677095070563595,mutation_prob_01,0.0,0.0,ok,DTLZ1,6,DTLZ1_n7_m3
3.9555614051039605,0.0,0.0,ok,mutation,9aa03d3d455ce412,0.0,DTLZ,True,2.9319290298116103,mutation_prob_01,0.0,0.0,ok,DTLZ1,7,DTLZ1_n7_m3
6.217664345652461,0.0,0.0,ok,mutation,9aa03d3d455ce412,0.0,DTLZ,True,2.4535820589592556,mutation_prob_01,0.0,0.0,ok,DTLZ1,8,DTLZ1_n7_m3
6.148619695770808,0.0,0.0,ok,mutation,9aa03d3d455ce412,0.0,DTLZ,True,3.9016708495450234,mutation_prob_01,0.0,0.0,ok,DTLZ1,9,DTLZ1_n7_m3
9.37974338539988,0.0,0.0,ok,mutation,150d3614c8baaf97,0.0,DTLZ,True,3.293348586640044,mutation_prob_02,0.0,0.0,ok,DTLZ1,0,DTLZ1_n7_m3
4.426189157834545,0.0,0.0,ok,mutation,150d3614c8baaf97,0.0,DTLZ,True,8.451213925813493,mutation_prob_02,0.0,0.0,ok,DTLZ1,1,DTLZ1_n7_m3
4.3447741048058,0.0,0.0,ok,mutation,150d3614c8baaf97,0.0,DTLZ,True,9.782585881551114,mutation_prob_02,0.0,0.0,ok,DTLZ1,2,DTLZ1_n7_m3
7.364671090884417,0.0,0.0,ok,mutation,150d3614c8baaf97,0.0,DTLZ,True,3.042993514708893,mutation_prob_02,0.0,0.0,ok,DTLZ1,3,DTLZ1_n7_m3
13.565376750593426,0.0,0.0,ok,mutation,150d3614c8baaf97,0.0,DTLZ,True,14.794887403271908,mutation_prob_02,0.0,0.0,ok,DTLZ1,4,DTLZ1_n7_m3
11.553933465361204,0.0,0.0,ok,mutation,150d3614c8baaf97,0.0,DTLZ,True,1.6481401943362302,mutation_prob_02,0.0,0.0,ok,DTLZ1,5,DTLZ1_n7_m3
9.149761244205006,0.0,0.0,ok,mutation,150d3614c8baaf97,0.0,DTLZ,True,6.725928221070426,mutation_prob_02,0.0,0.0,ok,DTLZ1,6,DTLZ1_n7_m3
3.9555614051039605,0.0,0.0,ok,mutation,150d3614c8baaf97,0.0,DTLZ,True,10.251827941716407,mutation_prob_02,0.0,0.0,ok,DTLZ1,7,DTLZ1_n7_m3
6.217664345652461,0.0,0.0,ok,mutation,150d3614c8baaf97,0.0,DTLZ,True,5.5377544982392815,mutation_prob_02,0.0,0.0,ok,DTLZ1,8,DTLZ1_n7_m3
6.148619695770808,0.0,0.0,ok,mutation,150d3614c8baaf97,0.0,DTLZ,True,7.204784774965973,mutation_prob_02,0.0,0.0,ok,DTLZ1,9,DTLZ1_n7_m3
9.37974338539988,0.0,0.0,ok,mutation,6225f61a58e5b4dd,0.0,DTLZ,True,9.373245172568033,mutation_prob_03,0.0,0.0,ok,DTLZ1,0,DTLZ1_n7_m3
4.426189157834545,0.0,0.0,ok,mutation,6225f61a58e5b4dd,0.0,DTLZ,True,13.196359698723837,mutation_prob_03,0.0,0.0,ok,DTLZ1,1,DTLZ1_n7_m3
4.3447741048058,0.0,0.0,ok,mutation,6225f61a58e5b4dd,0.0,DTLZ,True,18.252624871835568,mutation_prob_03,0.0,0.0,ok,DTLZ1,2,DTLZ1_n7_m3
7.364671090884417,0.0,0.0,ok,mutation,6225f61a58e5b4dd,0.0,DTLZ,True,7.084685073937855,mutation_prob_03,0.0,0.0,ok,DTLZ1,3,DTLZ1_n7_m3
13.565376750593426,0.0,0.0,ok,mutation,6225f61a58e5b4dd,0.0,DTLZ,True,12.139642531488285,mutation_prob_03,0.0,0.0,ok,DTLZ1,4,DTLZ1_n7_m3
11.553933465361204,0.0,0.0,ok,mutation,6225f61a58e5b4dd,0.0,DTLZ,True,5.008022534862669,mutation_prob_03,0.0,0.0,ok,DTLZ1,5,DTLZ1_n7_m3
9.149761244205006,0.0,0.0,ok,mutation,6225f61a58e5b4dd,0.0,DTLZ,True,11.912478993999036,mutation_prob_03,0.0,0.0,ok,DTLZ1,6,DTLZ1_n7_m3
3.9555614051039605,0.0,0.0,ok,mutation,6225f61a58e5b4dd,0.0,DTLZ,True,12.741475030751216,mutation_prob_03,0.0,0.0,ok,DTLZ1,7,DTLZ1_n7_m3
6.217664345652461,0.0,0.0,ok,mutation,6225f61a58e5b4dd,0.0,DTLZ,True,12.774338835531694,mutation_prob_03,0.0,0.0,ok,DTLZ1,8,DTLZ1_n7_m3
6.148619695770808,0.0,0.0,ok,mutation,6225f61a58e5b4dd,0.0,DTLZ,True,17.076361169546704,mutation_prob_03,0.0,0.0,ok,DTLZ1,9,DTLZ1_n7_m3
9.37974338539988,0.0,0.0,ok,mutation,6da1bb404572b3f5,0.0,DTLZ,True,18.28465630808286,mutation_prob_04,0.0,0.0,ok,DTLZ1,0,DTLZ1_n7_m3
4.426189157834545,0.0,0.0,ok,mutation,6da1bb404572b3f5,0.0,DTLZ,True,12.636776801037048,mutation_prob_04,0.0,0.0,ok,DTLZ1,1,DTLZ1_n7_m3
4.3447741048058,0.0,0.0,ok,mutation,6da1bb404572b3f5,0.0,DTLZ,True,28.0104253987302,mutation_prob_04,0.0,0.0,ok,DTLZ1,2,DTLZ1_n7_m3
7.364671090884417,0.0,0.0,ok,mutation,6da1bb404572b3f5,0.0,DTLZ,True,14.803546385625445,mutation_prob_04,0.0,0.0,ok,DTLZ1,3,DTLZ1_n7_m3
13.565376750593426,0.0,0.0,ok,mutation,6da1bb404572b3f5,0.0,DTLZ,True,26.141092759161328,mutation_prob_04,0.0,0.0,ok,DTLZ1,4,DTLZ1_n7_m3
11.553933465361204,0.0,0.0,ok,mutation,6da1bb404572b3f5,0.0,DTLZ,True,19.611155403332663,mutation_prob_04,0.0,0.0,ok,DTLZ1,5,DTLZ1_n7_m3
9.149761244205006,0.0,0.0,ok,mutation,6da1bb404572b3f5,0.0,DTLZ,True,18.88186184644202,mutation_prob_04,0.0,0.0,ok,DTLZ1,6,DTLZ1_n7_m3
3.9555614051039605,0.0,0.0,ok,mutation,6da1bb404572b3f5,0.0,DTLZ,True,14.982635826940529,mutation_prob_04,0.0,0.0,ok,DTLZ1,7,DTLZ1_n7_m3
6.217664345652461,0.0,0.0,ok,mutation,6da1bb404572b3f5,0.0,DTLZ,True,18.378317904289524,mutation_prob_04,0.0,0.0,ok,DTLZ1,8,DTLZ1_n7_m3
6.148619695770808,0.0,0.0,ok,mutation,6da1bb404572b3f5,0.0,DTLZ,True,7.106778316503666,mutation_prob_04,0.0,0.0,ok,DTLZ1,9,DTLZ1_n7_m3
9.37974338539988,0.0,0.0,ok,mutation,32bdffd88c327aba,0.0,DTLZ,True,20.869346557736055,mutation_prob_05,0.0,0.0,ok,DTLZ1,0,DTLZ1_n7_m3
4.426189157834545,0.0,0.0,ok,mutation,32bdffd88c327aba,0.0,DTLZ,True,17.457521952253927,mutation_prob_05,0.0,0.0,ok,DTLZ1,1,DTLZ1_n7_m3
4.3447741048058,0.0,0.0,ok,mutation,32bdffd88c327aba,0.0,DTLZ,True,20.422518818080015,mutation_prob_05,0.0,0.0,ok,DTLZ1,2,DTLZ1_n7_m3
7.364671090884417,0.0,0.0,ok,mutation,32bdffd88c327aba,0.0,DTLZ,True,15.11951030147847,mutation_prob_05,0.0,0.0,ok,DTLZ1,3,DTLZ1_n7_m3
13.565376750593426,0.0,0.0,ok,mutation,32bdffd88c327aba,0.0,DTLZ,True,26.98117028125942,mutation_prob_05,0.0,0.0,ok,DTLZ1,4,DTLZ1_n7_m3
11.553933465361204,0.0,0.0,ok,mutation,32bdffd88c327aba,0.0,DTLZ,True,17.75143792112927,mutation_prob_05,0.0,0.0,ok,DTLZ1,5,DTLZ1_n7_m3
9.149761244205006,0.0,0.0,ok,mutation,32bdffd88c327aba,0.0,DTLZ,True,18.39659317323415,mutation_prob_05,0.0,0.0,ok,DTLZ1,6,DTLZ1_n7_m3
3.9555614051039605,0.0,0.0,ok,mutation,32bdffd88c327aba,0.0,DTLZ,True,22.724570062415996,mutation_prob_05,0.0,0.0,ok,DTLZ1,7,DTLZ1_n7_m3
6.217664345652461,0.0,0.0,ok,mutation,32bdffd88c327aba,0.0,DTLZ,True,28.444598744055718,mutation_prob_05,0.0,0.0,ok,DTLZ1,8,DTLZ1_n7_m3
6.148619695770808,0.0,0.0,ok,mutation,32bdffd88c327aba,0.0,DTLZ,True,15.110636650850063,mutation_prob_05,0.0,0.0,ok,DTLZ1,9,DTLZ1_n7_m3
9.37974338539988,0.0,0.0,ok,mutation,5880b1a930214514,0.0,DTLZ,True,12.464781335979545,mutation_eta_01,0.0,0.0,ok,DTLZ1,0,DTLZ1_n7_m3
4.426189157834545,0.0,0.0,ok,mutation,5880b1a930214514,0.0,DTLZ,True,6.142892101613401,mutation_eta_01,0.0,0.0,ok,DTLZ1,1,DTLZ1_n7_m3
4.3447741048058,0.0,0.0,ok,mutation,5880b1a930214514,0.0,DTLZ,True,5.906817327054517,mutation_eta_01,0.0,0.0,ok,DTLZ1,2,DTLZ1_n7_m3
7.364671090884417,0.0,0.0,ok,mutation,5880b1a930214514,0.0,DTLZ,True,7.180236905090887,mutation_eta_01,0.0,0.0,ok,DTLZ1,3,DTLZ1_n7_m3
13.565376750593426,0.0,0.0,ok,mutation,5880b1a930214514,0.0,DTLZ,True,5.763391370432516,mutation_eta_01,0.0,0.0,ok,DTLZ1,4,DTLZ1_n7_m3
11.553933465361204,0.0,0.0,ok,mutation,5880b1a930214514,0.0,DTLZ,True,10.930010469295024,mutation_eta_01,0.0,0.0,ok,DTLZ1,5,DTLZ1_n7_m3
9.149761244205006,0.0,0.0,ok,mutation,5880b1a930214514,0.0,DTLZ,True,8.045355295930003,mutation_eta_01,0.0,0.0,ok,DTLZ1,6,DTLZ1_n7_m3
3.9555614051039605,0.0,0.0,ok,mutation,5880b1a930214514,0.0,DTLZ,True,3.7213035072850493,mutation_eta_01,0.0,0.0,ok,DTLZ1,7,DTLZ1_n7_m3
6.217664345652461,0.0,0.0,ok,mutation,5880b1a930214514,0.0,DTLZ,True,14.010396704438673,mutation_eta_01,0.0,0.0,ok,DTLZ1,8,DTLZ1_n7_m3
6.148619695770808,0.0,0.0,ok,mutation,5880b1a930214514,0.0,DTLZ,True,12.597721662431029,mutation_eta_01,0.0,0.0,ok,DTLZ1,9,DTLZ1_n7_m3
9.37974338539988,0.0,0.0,ok,mutation,0832c289f319ca66,0.0,DTLZ,True,15.29983088541273,mutation_eta_02,0.0,0.0,ok,DTLZ1,0,DTLZ1_n7_m3
4.426189157834545,0.0,0.0,ok,mutation,0832c289f319ca66,0.0,DTLZ,True,13.782210447191105,mutation_eta_02,0.0,0.0,ok,DTLZ1,1,DTLZ1_n7_m3
4.3447741048058,0.0,0.0,ok,mutation,0832c289f319ca66,0.0,DTLZ,True,12.46864303052941,mutation_eta_02,0.0,0.0,ok,DTLZ1,2,DTLZ1_n7_m3
7.364671090884417,0.0,0.0,ok,mutation,0832c289f319ca66,0.0,DTLZ,True,6.374888194177271,mutation_eta_02,0.0,0.0,ok,DTLZ1,3,DTLZ1_n7_m3
13.565376750593426,0.0,0.0,ok,mutation,0832c289f319ca66,0.0,DTLZ,True,10.771020694221736,mutation_eta_02,0.0,0.0,ok,DTLZ1,4,DTLZ1_n7_m3
11.553933465361204,0.0,0.0,ok,mutation,0832c289f319ca66,0.0,DTLZ,True,10.695786369033533,mutation_eta_02,0.0,0.0,ok,DTLZ1,5,DTLZ1_n7_m3
9.149761244205006,0.0,0.0,ok,mutation,0832c289f319ca66,0.0,DTLZ,True,5.706234111719292,mutation_eta_02,0.0,0.0,ok,DTLZ1,6,DTLZ1_n7_m3
3.9555614051039605,0.0,0.0,ok,mutation,0832c289f319ca66,0.0,DTLZ,True,12.922177950020133,mutation_eta_02,0.0,0.0,ok,DTLZ1,7,DTLZ1_n7_m3
6.217664345652461,0.0,0.0,ok,mutation,0832c289f319ca66,0.0,DTLZ,True,6.407292840659597,mutation_eta_02,0.0,0.0,ok,DTLZ1,8,DTLZ1_n7_m3
6.148619695770808,0.0,0.0,ok,mutation,0832c289f319ca66,0.0,DTLZ,True,6.661977615962817,mutation_eta_02,0.0,0.0,ok,DTLZ1,9,DTLZ1_n7_m3
9.37974338539988,0.0,0.0,ok,mutation,69ae0a038d410a2f,0.0,DTLZ,True,7.73969647341663,mutation_eta_03,0.0,0.0,ok,DTLZ1,0,DTLZ1_n7_m3
4.426189157834545,0.0,0.0,ok,mutation,69ae0a038d410a2f,0.0,DTLZ,True,7.075035175242993,mutation_eta_03,0.0,0.0,ok,DTLZ1,1,DTLZ1_n7_m3
4.3447741048058,0.0,0.0,ok,mutation,69ae0a038d410a2f,0.0,DTLZ,True,4.176319734027496,mutation_eta_03,0.0,0.0,ok,DTLZ1,2,DTLZ1_n7_m3
7.364671090884417,0.0,0.0,ok,mutation,69ae0a038d410a2f,0.0,DTLZ,True,6.209718117302868,mutation_eta_03,0.0,0.0,ok,DTLZ1,3,DTLZ1_n7_m3
13.565376750593426,0.0,0.0,ok,mutation,69ae0a038d410a2f,0.0,DTLZ,True,13.422743919760391,mutation_eta_03,0.0,0.0,ok,DTLZ1,4,DTLZ1_n7_m3
11.553933465361204,0.0,0.0,ok,mutation,69ae0a038d410a2f,0.0,DTLZ,True,11.350582762289424,mutation_eta_03,0.0,0.0,ok,DTLZ1,5,DTLZ1_n7_m3
9.149761244205006,0.0,0.0,ok,mutation,69ae0a038d410a2f,0.0,DTLZ,True,8.239311971331151,mutation_eta_03,0.0,0.0,ok,DTLZ1,6,DTLZ1_n7_m3
3.9555614051039605,0.0,0.0,ok,mutation,69ae0a038d410a2f,0.0,DTLZ,True,5.968291708974803,mutation_eta_03,0.0,0.0,ok,DTLZ1,7,DTLZ1_n7_m3
6.217664345652461,0.0,0.0,ok,mutation,69ae0a038d410a2f,0.0,DTLZ,True,16.55247665288001,mutation_eta_03,0.0,0.0,ok,DTLZ1,8,DTLZ1_n7_m3
6.148619695770808,0.0,0.0,ok,mutation,69ae0a038d410a2f,0.0,DTLZ,True,6.936318068380586,mutation_eta_03,0.0,0.0,ok,DTLZ1,9,DTLZ1_n7_m3
9.37974338539988,0.0,0.0,ok,mutation,4ecb34179ee3e7d2,0.0,DTLZ,True,9.991661781876482,mutation_eta_04,0.0,0.0,ok,DTLZ1,0,DTLZ1_n7_m3
4.426189157834545,0.0,0.0,ok,mutation,4ecb34179ee3e7d2,0.0,DTLZ,True,5.7518365275769,mutation_eta_04,0.0,0.0,ok,DTLZ1,1,DTLZ1_n7_m3
4.3447741048058,0.0,0.0,ok,mutation,4ecb34179ee3e7d2,0.0,DTLZ,True,14.218050444334626,mutation_eta_04,0.0,0.0,ok,DTLZ1,2,DTLZ1_n7_m3
7.364671090884417,0.0,0.0,ok,mutation,4ecb34179ee3e7d2,0.0,DTLZ,True,6.9919228094581936,mutation_eta_04,0.0,0.0,ok,DTLZ1,3,DTLZ1_n7_m3
13.565376750593426,0.0,0.0,ok,mutation,4ecb34179ee3e7d2,0.0,DTLZ,True,7.263523098087482,mutation_eta_04,0.0,0.0,ok,DTLZ1,4,DTLZ1_n7_m3
11.553933465361204,0.0,0.0,ok,mutation,4ecb34179ee3e7d2,0.0,DTLZ,True,5.836292650595529,mutation_eta_04,0.0,0.0,ok,DTLZ1,5,DTLZ1_n7_m3
9.149761244205006,0.0,0.0,ok,mutation,4ecb34179ee3e7d2,0.0,DTLZ,True,8.049464610713928,mutation_eta_04,0.0,0.0,ok,DTLZ1,6,DTLZ1_n7_m3
3.9555614051039605,0.0,0.0,ok,mutation,4ecb34179ee3e7d2,0.0,DTLZ,True,6.41380382738323,mutation_eta_04,0.0,0.0,ok,DTLZ1,7,DTLZ1_n7_m3
6.217664345652461,0.0,0.0,ok,mutation,4ecb34179ee3e7d2,0.0,DTLZ,True,11.5056672291959,mutation_eta_04,0.0,0.0,ok,DTLZ1,8,DTLZ1_n7_m3
6.148619695770808,0.0,0.0,ok,mutation,4ecb34179ee3e7d2,0.0,DTLZ,True,12.116655450713111,mutation_eta_04,0.0,0.0,ok,DTLZ1,9,DTLZ1_n7_m3
9.37974338539988,0.0,0.0,ok,mutation,efa1908371a4b158,0.0,DTLZ,True,2.617753006648883,mutation_eta_05,0.0,0.0,ok,DTLZ1,0,DTLZ1_n7_m3
4.426189157834545,0.0,0.0,ok,mutation,efa1908371a4b158,0.0,DTLZ,True,10.455550322040411,mutation_eta_05,0.0,0.0,ok,DTLZ1,1,DTLZ1_n7_m3
4.3447741048058,0.0,0.0,ok,mutation,efa1908371a4b158,0.0,DTLZ,True,5.3681445745029155,mutation_eta_05,0.0,0.0,ok,DTLZ1,2,DTLZ1_n7_m3
7.364671090884417,0.0,0.0,ok,mutation,efa1908371a4b158,0.0,DTLZ,True,5.654935542180905,mutation_eta_05,0.0,0.0,ok,DTLZ1,3,DTLZ1_n7_m3
13.565376750593426,0.0,0.0,ok,mutation,efa1908371a4b158,0.0,DTLZ,True,6.575753378319835,mutation_eta_05,0.0,0.0,ok,DTLZ1,4,DTLZ1_n7_m3
11.553933465361204,0.0,0.0,ok,mutation,efa1908371a4b158,0.0,DTLZ,True,4.234514247842217,mutation_eta_05,0.0,0.0,ok,DTLZ1,5,DTLZ1_n7_m3
9.149761244205006,0.0,0.0,ok,mutation,efa1908371a4b158,0.0,DTLZ,True,9.54255511878917,mutation_eta_05,0.0,0.0,ok,DTLZ1,6,DTLZ1_n7_m3
3.9555614051039605,0.0,0.0,ok,mutation,efa1908371a4b158,0.0,DTLZ,True,3.655788721190927,mutation_eta_05,0.0,0.0,ok,DTLZ1,7,DTLZ1_n7_m3
6.217664345652461,0.0,0.0,ok,mutation,efa1908371a4b158,0.0,DTLZ,True,7.99226582629476,mutation_eta_05,0.0,0.0,ok,DTLZ1,8,DTLZ1_n7_m3
6.148619695770808,0.0,0.0,ok,mutation,efa1908371a4b158,0.0,DTLZ,True,1.978053638141852,mutation_eta_05,0.0,0.0,ok,DTLZ1,9,DTLZ1_n7_m3
9.37974338539988,0.0,0.0,ok,crossover,f1ee55e83cc7805e,0.0,DTLZ,True,10.120591116539233,crossover_prob_01,0.0,0.0,ok,DTLZ1,0,DTLZ1_n7_m3
4.426189157834545,0.0,0.0,ok,crossover,f1ee55e83cc7805e,0.0,DTLZ,True,10.294848833136625,crossover_prob_01,0.0,0.0,ok,DTLZ1,1,DTLZ1_n7_m3
4.3447741048058,0.0,0.0,ok,crossover,f1ee55e83cc7805e,0.0,DTLZ,True,11.720045461672328,crossover_prob_01,0.0,0.0,ok,DTLZ1,2,DTLZ1_n7_m3
7.364671090884417,0.0,0.0,ok,crossover,f1ee55e83cc7805e,0.0,DTLZ,True,4.159789770250547,crossover_prob_01,0.0,0.0,ok,DTLZ1,3,DTLZ1_n7_m3
13.565376750593426,0.0,0.0,ok,crossover,f1ee55e83cc7805e,0.0,DTLZ,True,13.053935710691759,crossover_prob_01,0.0,0.0,ok,DTLZ1,4,DTLZ1_n7_m3
11.553933465361204,0.0,0.0,ok,crossover,f1ee55e83cc7805e,0.0,DTLZ,True,17.003628493372624,crossover_prob_01,0.0,0.0,ok,DTLZ1,5,DTLZ1_n7_m3
9.149761244205006,0.0,0.0,ok,crossover,f1ee55e83cc7805e,0.0,DTLZ,True,11.76384618449059,crossover_prob_01,0.0,0.0,ok,DTLZ1,6,DTLZ1_n7_m3
3.9555614051039605,0.0,0.0,ok,crossover,f1ee55e83cc7805e,0.0,DTLZ,True,11.335652638362074,crossover_prob_01,0.0,0.0,ok,DTLZ1,7,DTLZ1_n7_m3
6.217664345652461,0.0,0.0,ok,crossover,f1ee55e83cc7805e,0.0,DTLZ,True,6.920041218355352,crossover_prob_01,0.0,0.0,ok,DTLZ1,8,DTLZ1_n7_m3
6.148619695770808,0.0,0.0,ok,crossover,f1ee55e83cc7805e,0.0,DTLZ,True,9.872082085294531,crossover_prob_01,0.0,0.0,ok,DTLZ1,9,DTLZ1_n7_m3
9.37974338539988,0.0,0.0,ok,crossover,d7697d0a422d4ced,0.0,DTLZ,True,4.866540387457248,crossover_prob_02,0.0,0.0,ok,DTLZ1,0,DTLZ1_n7_m3
4.426189157834545,0.0,0.0,ok,crossover,d7697d0a422d4ced,0.0,DTLZ,True,5.978209614801809,crossover_prob_02,0.0,0.0,ok,DTLZ1,1,DTLZ1_n7_m3
4.3447741048058,0.0,0.0,ok,crossover,d7697d0a422d4ced,0.0,DTLZ,True,7.1246575600624675,crossover_prob_02,0.0,0.0,ok,DTLZ1,2,DTLZ1_n7_m3
7.364671090884417,0.0,0.0,ok,crossover,d7697d0a422d4ced,0.0,DTLZ,True,5.9454466412166305,crossover_prob_02,0.0,0.0,ok,DTLZ1,3,DTLZ1_n7_m3
13.565376750593426,0.0,0.0,ok,crossover,d7697d0a422d4ced,0.0,DTLZ,True,9.346989945963857,crossover_prob_02,0.0,0.0,ok,DTLZ1,4,DTLZ1_n7_m3
11.553933465361204,0.0,0.0,ok,crossover,d7697d0a422d4ced,0.0,DTLZ,True,5.51594782655955,crossover_prob_02,0.0,0.0,ok,DTLZ1,5,DTLZ1_n7_m3
9.149761244205006,0.0,0.0,ok,crossover,d7697d0a422d4ced,0.0,DTLZ,True,10.953444611185045,crossover_prob_02,0.0,0.0,ok,DTLZ1,6,DTLZ1_n7_m3
3.9555614051039605,0.0,0.0,ok,crossover,d7697d0a422d4ced,0.0,DTLZ,True,18.765895123358597,crossover_prob_02,0.0,0.0,ok,DTLZ1,7,DTLZ1_n7_m3
6.217664345652461,0.0,0.0,ok,crossover,d7697d0a422d4ced,0.0,DTLZ,True,14.406993298208528,crossover_prob_02,0.0,0.0,ok,DTLZ1,8,DTLZ1_n7_m3
6.148619695770808,0.0,0.0,ok,crossover,d7697d0a422d4ced,0.0,DTLZ,True,9.14112806436796,crossover_prob_02,0.0,0.0,ok,DTLZ1,9,DTLZ1_n7_m3
9.37974338539988,0.0,0.0,ok,crossover,739482e5f994e7ae,0.0,DTLZ,True,8.293128651219455,crossover_prob_03,0.0,0.0,ok,DTLZ1,0,DTLZ1_n7_m3
4.426189157834545,0.0,0.0,ok,crossover,739482e5f994e7ae,0.0,DTLZ,True,5.3550937789659105,crossover_prob_03,0.0,0.0,ok,DTLZ1,1,DTLZ1_n7_m3
4.3447741048058,0.0,0.0,ok,crossover,739482e5f994e7ae,0.0,DTLZ,True,11.291796166554617,crossover_prob_03,0.0,0.0,ok,DTLZ1,2,DTLZ1_n7_m3
7.364671090884417,0.0,0.0,ok,crossover,739482e5f994e7ae,0.0,DTLZ,True,6.587245600413748,crossover_prob_03,0.0,0.0,ok,DTLZ1,3,DTLZ1_n7_m3
13.565376750593426,0.0,0.0,ok,crossover,739482e5f994e7ae,0.0,DTLZ,True,3.917135306404459,crossover_prob_03,0.0,0.0,ok,DTLZ1,4,DTLZ1_n7_m3
11.553933465361204,0.0,0.0,ok,crossover,739482e5f994e7ae,0.0,DTLZ,True,5.645256231158889,crossover_prob_03,0.0,0.0,ok,DTLZ1,5,DTLZ1_n7_m3
9.149761244205006,0.0,0.0,ok,crossover,739482e5f994e7ae,0.0,DTLZ,True,8.584019052162951,crossover_prob_03,0.0,0.0,ok,DTLZ1,6,DTLZ1_n7_m3
3.9555614051039605,0.0,0.0,ok,crossover,739482e5f994e7ae,0.0,DTLZ,True,9.877020085859753,crossover_prob_03,0.0,0.0,ok,DTLZ1,7,DTLZ1_n7_m3
6.217664345652461,0.0,0.0,ok,crossover,739482e5f994e7ae,0.0,DTLZ,True,3.496220654897585,crossover_prob_03,0.0,0.0,ok,DTLZ1,8,DTLZ1_n7_m3
6.148619695770808,0.0,0.0,ok,crossover,739482e5f994e7ae,0.0,DTLZ,True,11.41506289661949,crossover_prob_03,0.0,0.0,ok,DTLZ1,9,DTLZ1_n7_m3
9.37974338539988,0.0,0.0,ok,crossover,9c50357ab829c90d,0.0,DTLZ,True,13.691113455615765,crossover_eta_01,0.0,0.0,ok,DTLZ1,0,DTLZ1_n7_m3
4.426189157834545,0.0,0.0,ok,crossover,9c50357ab829c90d,0.0,DTLZ,True,20.952227469416446,crossover_eta_01,0.0,0.0,ok,DTLZ1,1,DTLZ1_n7_m3
4.3447741048058,0.0,0.0,ok,crossover,9c50357ab829c90d,0.0,DTLZ,True,11.349472346495904,crossover_eta_01,0.0,0.0,ok,DTLZ1,2,DTLZ1_n7_m3
7.364671090884417,0.0,0.0,ok,crossover,9c50357ab829c90d,0.0,DTLZ,True,7.7033660322184545,crossover_eta_01,0.0,0.0,ok,DTLZ1,3,DTLZ1_n7_m3
13.565376750593426,0.0,0.0,ok,crossover,9c50357ab829c90d,0.0,DTLZ,True,12.842145443075914,crossover_eta_01,0.0,0.0,ok,DTLZ1,4,DTLZ1_n7_m3
11.553933465361204,0.0,0.0,ok,crossover,9c50357ab829c90d,0.0,DTLZ,True,28.92555835496467,crossover_eta_01,0.0,0.0,ok,DTLZ1,5,DTLZ1_n7_m3
9.149761244205006,0.0,0.0,ok,crossover,9c50357ab829c90d,0.0,DTLZ,True,22.223316474174457,crossover_eta_01,0.0,0.0,ok,DTLZ1,6,DTLZ1_n7_m3
3.9555614051039605,0.0,0.0,ok,crossover,9c50357ab829c90d,0.0,DTLZ,True,6.842269228715423,crossover_eta_01,0.0,0.0,ok,DTLZ1,7,DTLZ1_n7_m3
6.217664345652461,0.0,0.0,ok,crossover,9c50357ab829c90d,0.0,DTLZ,True,9.973369476505367,crossover_eta_01,0.0,0.0,ok,DTLZ1,8,DTLZ1_n7_m3
6.148619695770808,0.0,0.0,ok,crossover,9c50357ab829c90d,0.0,DTLZ,True,9.539128113016499,crossover_eta_01,0.0,0.0,ok,DTLZ1,9,DTLZ1_n7_m3
9.37974338539988,0.0,0.0,ok,crossover,6dc35ab359543769,0.0,DTLZ,True,8.47312150239071,crossover_eta_02,0.0,0.0,ok,DTLZ1,0,DTLZ1_n7_m3
4.426189157834545,0.0,0.0,ok,crossover,6dc35ab359543769,0.0,DTLZ,True,5.97897156882011,crossover_eta_02,0.0,0.0,ok,DTLZ1,1,DTLZ1_n7_m3
4.3447741048058,0.0,0.0,ok,crossover,6dc35ab359543769,0.0,DTLZ,True,8.513839786265242,crossover_eta_02,0.0,0.0,ok,DTLZ1,2,DTLZ1_n7_m3
7.364671090884417,0.0,0.0,ok,crossover,6dc35ab359543769,0.0,DTLZ,True,5.9551199296264254,crossover_eta_02,0.0,0.0,ok,DTLZ1,3,DTLZ1_n7_m3
13.565376750593426,0.0,0.0,ok,crossover,6dc35ab359543769,0.0,DTLZ,True,18.921502881959032,crossover_eta_02,0.0,0.0,ok,DTLZ1,4,DTLZ1_n7_m3
11.553933465361204,0.0,0.0,ok,crossover,6dc35ab359543769,0.0,DTLZ,True,12.018523266547081,crossover_eta_02,0.0,0.0,ok,DTLZ1,5,DTLZ1_n7_m3
9.149761244205006,0.0,0.0,ok,crossover,6dc35ab359543769,0.0,DTLZ,True,10.344761511604853,crossover_eta_02,0.0,0.0,ok,DTLZ1,6,DTLZ1_n7_m3
3.9555614051039605,0.0,0.0,ok,crossover,6dc35ab359543769,0.0,DTLZ,True,7.480390704872216,crossover_eta_02,0.0,0.0,ok,DTLZ1,7,DTLZ1_n7_m3
6.217664345652461,0.0,0.0,ok,crossover,6dc35ab359543769,0.0,DTLZ,True,8.624125186686877,crossover_eta_02,0.0,0.0,ok,DTLZ1,8,DTLZ1_n7_m3
6.148619695770808,0.0,0.0,ok,crossover,6dc35ab359543769,0.0,DTLZ,True,12.18632485486873,crossover_eta_02,0.0,0.0,ok,DTLZ1,9,DTLZ1_n7_m3
9.37974338539988,0.0,0.0,ok,crossover,a6118041efe61613,0.0,DTLZ,True,3.057204928738764,crossover_eta_03,0.0,0.0,ok,DTLZ1,0,DTLZ1_n7_m3
4.426189157834545,0.0,0.0,ok,crossover,a6118041efe61613,0.0,DTLZ,True,3.2731435677293987,crossover_eta_03,0.0,0.0,ok,DTLZ1,1,DTLZ1_n7_m3
4.3447741048058,0.0,0.0,ok,crossover,a6118041efe61613,0.0,DTLZ,True,6.1066886539974305,crossover_eta_03,0.0,0.0,ok,DTLZ1,2,DTLZ1_n7_m3
7.364671090884417,0.0,0.0,ok,crossover,a6118041efe61613,0.0,DTLZ,True,3.9807361482577654,crossover_eta_03,0.0,0.0,ok,DTLZ1,3,DTLZ1_n7_m3
13.565376750593426,0.0,0.0,ok,crossover,a6118041efe61613,0.0,DTLZ,True,7.899931221707719,crossover_eta_03,0.0,0.0,ok,DTLZ1,4,DTLZ1_n7_m3
11.553933465361204,0.0,0.0,ok,crossover,a6118041efe61613,0.0,DTLZ,True,8.758894743030256,crossover_eta_03,0.0,0.0,ok,DTLZ1,5,DTLZ1_n7_m3
9.149761244205006,0.0,0.0,ok,crossover,a6118041efe61613,0.0,DTLZ,True,6.374861676986037,crossover_eta_03,0.0,0.0,ok,DTLZ1,6,DTLZ1_n7_m3
3.9555614051039605,0.0,0.0,ok,crossover,a6118041efe61613,0.0,DTLZ,True,14.417070787465164,crossover_eta_03,0.0,0.0,ok,DTLZ1,7,DTLZ1_n7_m3
6.217664345652461,0.0,0.0,ok,crossover,a6118041efe61613,0.0,DTLZ,True,12.161736580424455,crossover_eta_03,0.0,0.0,ok,DTLZ1,8,DTLZ1_n7_m3
6.148619695770808,0.0,0.0,ok,crossover,a6118041efe61613,0.0,DTLZ,True,9.172964783367178,crossover_eta_03,0.0,0.0,ok,DTLZ1,9,DTLZ1_n7_m3
9.37974338539988,0.0,0.0,ok,crossover,5e0db8980c2ac795,0.0,DTLZ,True,7.171912111010867,crossover_eta_04,0.0,0.0,ok,DTLZ1,0,DTLZ1_n7_m3
4.426189157834545,0.0,0.0,ok,crossover,5e0db8980c2ac795,0.0,DTLZ,True,3.7043268280183685,crossover_eta_04,0.0,0.0,ok,DTLZ1,1,DTLZ1_n7_m3
4.3447741048058,0.0,0.0,ok,crossover,5e0db8980c2ac795,0.0,DTLZ,True,9.29808284113865,crossover_eta_04,0.0,0.0,ok,DTLZ1,2,DTLZ1_n7_m3
7.364671090884417,0.0,0.0,ok,crossover,5e0db8980c2ac795,0.0,DTLZ,True,4.800083603829086,crossover_eta_04,0.0,0.0,ok,DTLZ1,3,DTLZ1_n7_m3
13.565376750593426,0.0,0.0,ok,crossover,5e0db8980c2ac795,0.0,DTLZ,True,7.295728865306436,crossover_eta_04,0.0,0.0,ok,DTLZ1,4,DTLZ1_n7_m3
11.553933465361204,0.0,0.0,ok,crossover,5e0db8980c2ac795,0.0,DTLZ,True,5.518380955821071,crossover_eta_04,0.0,0.0,ok,DTLZ1,5,DTLZ1_n7_m3
9.149761244205006,0.0,0.0,ok,crossover,5e0db8980c2ac795,0.0,DTLZ,True,9.795026464987727,crossover_eta_04,0.0,0.0,ok,DTLZ1,6,DTLZ1_n7_m3
3.9555614051039605,0.0,0.0,ok,crossover,5e0db8980c2ac795,0.0,DTLZ,True,7.034505405135059,crossover_eta_04,0.0,0.0,ok,DTLZ1,7,DTLZ1_n7_m3
6.217664345652461,0.0,0.0,ok,crossover,5e0db8980c2ac795,0.0,DTLZ,True,4.798739871299381,crossover_eta_04,0.0,0.0,ok,DTLZ1,8,DTLZ1_n7_m3
6.148619695770808,0.0,0.0,ok,crossover,5e0db8980c2ac795,0.0,DTLZ,True,6.60824886518088,crossover_eta_04,0.0,0.0,ok,DTLZ1,9,DTLZ1_n7_m3
9.37974338539988,0.0,0.0,ok,selection,25f4160cb678e587,0.0,DTLZ,True,8.065485503097054,selection_tournament_01,0.0,0.0,ok,DTLZ1,0,DTLZ1_n7_m3
4.426189157834545,0.0,0.0,ok,selection,25f4160cb678e587,0.0,DTLZ,True,6.506634742307322,selection_tournament_01,0.0,0.0,ok,DTLZ1,1,DTLZ1_n7_m3
4.3447741048058,0.0,0.0,ok,selection,25f4160cb678e587,0.0,DTLZ,True,4.9961009962748735,selection_tournament_01,0.0,0.0,ok,DTLZ1,2,DTLZ1_n7_m3
7.364671090884417,0.0,0.0,ok,selection,25f4160cb678e587,0.0,DTLZ,True,8.547800971260623,selection_tournament_01,0.0,0.0,ok,DTLZ1,3,DTLZ1_n7_m3
13.565376750593426,0.0,0.0,ok,selection,25f4160cb678e587,0.0,DTLZ,True,9.759729585014377,selection_tournament_01,0.0,0.0,ok,DTLZ1,4,DTLZ1_n7_m3
11.553933465361204,0.0,0.0,ok,selection,25f4160cb678e587,0.0,DTLZ,True,11.671144041669818,selection_tournament_01,0.0,0.0,ok,DTLZ1,5,DTLZ1_n7_m3
9.149761244205006,0.0,0.0,ok,selection,25f4160cb678e587,0.0,DTLZ,True,13.951702713793614,selection_tournament_01,0.0,0.0,ok,DTLZ1,6,DTLZ1_n7_m3
3.9555614051039605,0.0,0.0,ok,selection,25f4160cb678e587,0.0,DTLZ,True,20.405975408679122,selection_tournament_01,0.0,0.0,ok,DTLZ1,7,DTLZ1_n7_m3
6.217664345652461,0.0,0.0,ok,selection,25f4160cb678e587,0.0,DTLZ,True,6.195783938584305,selection_tournament_01,0.0,0.0,ok,DTLZ1,8,DTLZ1_n7_m3
6.148619695770808,0.0,0.0,ok,selection,25f4160cb678e587,0.0,DTLZ,True,14.830554638702052,selection_tournament_01,0.0,0.0,ok,DTLZ1,9,DTLZ1_n7_m3
9.37974338539988,0.0,0.0,ok,selection,9a98e0c74b626267,0.0,DTLZ,True,5.30947802472922,selection_tournament_02,0.0,0.0,ok,DTLZ1,0,DTLZ1_n7_m3
4.426189157834545,0.0,0.0,ok,selection,9a98e0c74b626267,0.0,DTLZ,True,8.935524846637657,selection_tournament_02,0.0,0.0,ok,DTLZ1,1,DTLZ1_n7_m3
4.3447741048058,0.0,0.0,ok,selection,9a98e0c74b626267,0.0,DTLZ,True,7.81183165167948,selection_tournament_02,0.0,0.0,ok,DTLZ1,2,DTLZ1_n7_m3
7.364671090884417,0.0,0.0,ok,selection,9a98e0c74b626267,0.0,DTLZ,True,6.021762014256184,selection_tournament_02,0.0,0.0,ok,DTLZ1,3,DTLZ1_n7_m3
13.565376750593426,0.0,0.0,ok,selection,9a98e0c74b626267,0.0,DTLZ,True,6.378965524778046,selection_tournament_02,0.0,0.0,ok,DTLZ1,4,DTLZ1_n7_m3
11.553933465361204,0.0,0.0,ok,selection,9a98e0c74b626267,0.0,DTLZ,True,8.036730487123553,selection_tournament_02,0.0,0.0,ok,DTLZ1,5,DTLZ1_n7_m3
9.149761244205006,0.0,0.0,ok,selection,9a98e0c74b626267,0.0,DTLZ,True,13.960213794942023,selection_tournament_02,0.0,0.0,ok,DTLZ1,6,DTLZ1_n7_m3
3.9555614051039605,0.0,0.0,ok,selection,9a98e0c74b626267,0.0,DTLZ,True,11.483123298868987,selection_tournament_02,0.0,0.0,ok,DTLZ1,7,DTLZ1_n7_m3
6.217664345652461,0.0,0.0,ok,selection,9a98e0c74b626267,0.0,DTLZ,True,17.618269755087056,selection_tournament_02,0.0,0.0,ok,DTLZ1,8,DTLZ1_n7_m3
6.148619695770808,0.0,0.0,ok,selection,9a98e0c74b626267,0.0,DTLZ,True,6.476324207789451,selection_tournament_02,0.0,0.0,ok,DTLZ1,9,DTLZ1_n7_m3
9.37974338539988,0.0,0.0,ok,selection,7385a823db52502b,0.0,DTLZ,True,17.372803914412792,selection_tournament_03,0.0,0.0,ok,DTLZ1,0,DTLZ1_n7_m3
4.426189157834545,0.0,0.0,ok,selection,7385a823db52502b,0.0,DTLZ,True,10.391705940432209,selection_tournament_03,0.0,0.0,ok,DTLZ1,1,DTLZ1_n7_m3
4.3447741048058,0.0,0.0,ok,selection,7385a823db52502b,0.0,DTLZ,True,9.109860721430216,selection_tournament_03,0.0,0.0,ok,DTLZ1,2,DTLZ1_n7_m3
7.364671090884417,0.0,0.0,ok,selection,7385a823db52502b,0.0,DTLZ,True,17.175174013298502,selection_tournament_03,0.0,0.0,ok,DTLZ1,3,DTLZ1_n7_m3
13.565376750593426,0.0,0.0,ok,selection,7385a823db52502b,0.0,DTLZ,True,12.019915562945176,selection_tournament_03,0.0,0.0,ok,DTLZ1,4,DTLZ1_n7_m3
11.553933465361204,0.0,0.0,ok,selection,7385a823db52502b,0.0,DTLZ,True,12.10198943220292,selection_tournament_03,0.0,0.0,ok,DTLZ1,5,DTLZ1_n7_m3
9.149761244205006,0.0,0.0,ok,selection,7385a823db52502b,0.0,DTLZ,True,16.838094526393924,selection_tournament_03,0.0,0.0,ok,DTLZ1,6,DTLZ1_n7_m3
3.9555614051039605,0.0,0.0,ok,selection,7385a823db52502b,0.0,DTLZ,True,5.51093278475687,selection_tournament_03,0.0,0.0,ok,DTLZ1,7,DTLZ1_n7_m3
6.217664345652461,0.0,0.0,ok,selection,7385a823db52502b,0.0,DTLZ,True,19.576246836526494,selection_tournament_03,0.0,0.0,ok,DTLZ1,8,DTLZ1_n7_m3
6.148619695770808,0.0,0.0,ok,selection,7385a823db52502b,0.0,DTLZ,True,19.201753194478524,selection_tournament_03,0.0,0.0,ok,DTLZ1,9,DTLZ1_n7_m3
0.11325820448526999,0.6346675274426355,0.6346675274426355,ok,mutation,d05d18d0150500f5,-0.00012165365099836567,DTLZ,True,0.1070514438101459,mutation_prob_01,0.6345458737916372,0.6345458737916372,ok,DTLZ2,0,DTLZ2_n7_m3
0.1111256819609612,0.6282231862701699,0.6282231862701699,ok,mutation,d05d18d0150500f5,0.020811879067030192,DTLZ,True,0.09724636447023262,mutation_prob_01,0.6490350653372001,0.6490350653372001,ok,DTLZ2,1,DTLZ2_n7_m3
0.11020191904746093,0.6336763261166007,0.6336763261166007,ok,mutation,d05d18d0150500f5,0.016757493409640944,DTLZ,True,0.09635005098742354,mutation_prob_01,0.6504338195262417,0.6504338195262417,ok,DTLZ2,2,DTLZ2_n7_m3
0.114599488239013,0.6250721106547008,0.6250721106547008,ok,mutation,d05d18d0150500f5,0.010335757056940897,DTLZ,True,0.10734104125251191,mutation_prob_01,0.6354078677116417,0.6354078677116417,ok,DTLZ2,3,DTLZ2_n7_m3
0.10663034610565707,0.6249266874793218,0.6249266874793218,ok,mutation,d05d18d0150500f5,0.04355283996345649,DTLZ,True,0.09175150357678377,mutation_prob_01,0.6684795274427783,0.6684795274427783,ok,DTLZ2,4,DTLZ2_n7_m3
0.09759947361495175,0.6446454681864039,0.6446454681864039,ok,mutation,d05d18d0150500f5,0.016226311901349044,DTLZ,True,0.10678303644105896,mutation_prob_01,0.6608717800877529,0.6608717800877529,ok,DTLZ2,5,DTLZ2_n7_m3
0.09967027488122486,0.621168795018176,0.621168795018176,ok,mutation,d05d18d0150500f5,0.017342713222384898,DTLZ,True,0.10619436531385543,mutation_prob_01,0.6385115082405609,0.6385115082405609,ok,DTLZ2,6,DTLZ2_n7_m3
0.09389926142653891,0.6457144066865537,0.6457144066865537,ok,mutation,d05d18d0150500f5,-0.04243128236492455,DTLZ,True,0.10218389135800555,mutation_prob_01,0.6032831243216291,0.6032831243216291,ok,DTLZ2,7,DTLZ2_n7_m3
0.10282696015459289,0.633592923460817,0.633592923460817,ok,mutation,d05d18d0150500f5,0.005285365055659352,DTLZ,True,0.096406812997143,mutation_prob_01,0.6388782885164763,0.6388782885164763,ok,DTLZ2,8,DTLZ2_n7_m3
0.10562174650981886,0.6344703472298199,0.6344703472298199,ok,mutation,d05d18d0150500f5,0.008350316132952118,DTLZ,True,0.10905726136017835,mutation_prob_01,0.642820663362772,0.642820663362772,ok,DTLZ2,9,DTLZ2_n7_m3
0.11325820448526999,0.6346675274426355,0.6346675274426355,ok,mutation,4e55027ec5f70701,0.0014439144650763014,DTLZ,True,0.0927613916118076,mutation_prob_02,0.6361114419077118,0.6361114419077118,ok,DTLZ2,0,DTLZ2_n7_m3
0.1111256819609612,0.6282231862701699,0.6282231862701699,ok,mutation,4e55027ec5f70701,-0.0006389693699193622,DTLZ,True,0.10089610651096634,mutation_prob_02,0.6275842169002506,0.6275842169002506,ok,DTLZ2,1,DTLZ2_n7_m3
0.11020191904746093,0.6336763261166007,0.6336763261166007,ok,mutation,4e55027ec5f70701,-0.0023332594307257093,DTLZ,True,0.10582137500425629,mutation_prob_02,0.631343066685875,0.631343066685875,ok,DTLZ2,2,DTLZ2_n7_m3
0.114599488239013,0.6250721106547008,0.6250721106547008,ok,mutation,4e55027ec5f70701,0.024285637528797865,DTLZ,True,0.09682363573524175,mutation_prob_02,0.6493577481834987,0.6493577481834987,ok,DTLZ2,3,DTLZ2_n7_m3
0.10663034610565707,0.6249266874793218,0.6249266874793218,ok,mutation,4e55027ec5f70701,0.025967158541083002,DTLZ,True,0.09305625869329828,mutation_prob_02,0.6508938460204048,0.6508938460204048,ok,DTLZ2,4,DTLZ2_n7_m3
0.09759947361495175,0.6446454681864039,0.6446454681864039,ok,mutation,4e55027ec5f70701,-0.032490170764668425,DTLZ,True,0.10573956842191694,mutation_prob_02,0.6121552974217355,0.6121552974217355,ok,DTLZ2,5,DTLZ2_n7_m3
0.09967027488122486,0.621168795018176,0.621168795018176,ok,mutation,4e55027ec5f70701,-0.003743988445141455,DTLZ,True,0.1016266074264429,mutation_prob_02,0.6174248065730346,0.6174248065730346,ok,DTLZ2,6,DTLZ2_n7_m3
0.09389926142653891,0.6457144066865537,0.6457144066865537,ok,mutation,4e55027ec5f70701,0.008460510971208257,DTLZ,True,0.09934357105463988,mutation_prob_02,0.6541749176577619,0.6541749176577619,ok,DTLZ2,7,DTLZ2_n7_m3
0.10282696015459289,0.633592923460817,0.633592923460817,ok,mutation,4e55027ec5f70701,-0.006755314465057949,DTLZ,True,0.10004885238926421,mutation_prob_02,0.626837608995759,0.626837608995759,ok,DTLZ2,8,DTLZ2_n7_m3
0.10562174650981886,0.6344703472298199,0.6344703472298199,ok,mutation,4e55027ec5f70701,0.008832762672822847,DTLZ,True,0.09886331065067012,mutation_prob_02,0.6433031099026427,0.6433031099026427,ok,DTLZ2,9,DTLZ2_n7_m3
0.11325820448526999,0.6346675274426355,0.6346675274426355,ok,mutation,1c241893879ebec8,-0.0018186092321965663,DTLZ,True,0.1005727198119097,mutation_prob_03,0.632848918210439,0.632848918210439,ok,DTLZ2,0,DTLZ2_n7_m3
0.1111256819609612,0.6282231862701699,0.6282231862701699,ok,mutation,1c241893879ebec8,-0.014678851794030612,DTLZ,True,0.0955999670745604,mutation_prob_03,0.6135443344761393,0.6135443344761393,ok,DTLZ2,1,DTLZ2_n7_m3
0.11020191904746093,0.6336763261166007,0.6336763261166007,ok,mutation,1c241893879ebec8,-0.00720848990424261,DTLZ,True,0.09957079820047723,mutation_prob_03,0.6264678362123581,0.6264678362123581,ok,DTLZ2,2,DTLZ2_n7_m3
0.114599488239013,0.6250721106547008,0.6250721106547008,ok,mutation,1c241893879ebec8,-0.005996610815202197,DTLZ,True,0.10474414857984694,mutation_prob_03,0.6190754998394986,0.6190754998394986,ok,DTLZ2,3,DTLZ2_n7_m3
0.10663034610565707,0.6249266874793218,0.6249266874793218,ok,mutation,1c241893879ebec8,0.021618987313004157,DTLZ,True,0.09076602333380641,mutation_prob_03,0.6465456747923259,0.6465456747923259,ok,DTLZ2,4,DTLZ2_n7_m3
0.09759947361495175,0.6446454681864039,0.6446454681864039,ok,mutation,1c241893879ebec8,-0.03158083894221053,DTLZ,True,0.1025991511917306,mutation_prob_03,0.6130646292441934,0.6130646292441934,ok,DTLZ2,5,DTLZ2_n7_m3
0.09967027488122486,0.621168795018176,0.621168795018176,ok,mutation,1c241893879ebec8,-0.01955424212385004,DTLZ,True,0.11545380239586026,mutation_prob_03,0.601614552894326,0.601614552894326,ok,DTLZ2,6,DTLZ2_n7_m3
0.09389926142653891,0.6457144066865537,0.6457144066865537,ok,mutation,1c241893879ebec8,-0.04324473889366698,DTLZ,True,0.10620712234701034,mutation_prob_03,0.6024696677928867,0.6024696677928867,ok,DTLZ2,7,DTLZ2_n7_m3
0.10282696015459289,0.633592923460817,0.633592923460817,ok,mutation,1c241893879ebec8,0.004914800510619766,DTLZ,True,0.0956486486822808,mutation_prob_03,0.6385077239714367,0.6385077239714367,ok,DTLZ2,8,DTLZ2_n7_m3
0.10562174650981886,0.6344703472298199,0.6344703472298199,ok,mutation,1c241893879ebec8,-0.04043192503080251,DTLZ,True,0.11220415755577848,mutation_prob_03,0.5940384221990174,0.5940384221990174,ok,DTLZ2,9,DTLZ2_n7_m3
0.11325820448526999,0.6346675274426355,0.6346675274426355,ok,mutation,d5f8fc8d8d3c5f0f,-0.03315376172565632,DTLZ,True,0.11876576542675692,mutation_prob_04,0.6015137657169792,0.6015137657169792,ok,DTLZ2,0,DTLZ2_n7_m3
0.1111256819609612,0.6282231862701699,0.6282231862701699,ok,mutation,d5f8fc8d8d3c5f0f,-0.015122426227484054,DTLZ,True,0.11168746224039319,mutation_prob_04,0.6131007600426859,0.6131007600426859,ok,DTLZ2,1,DTLZ2_n7_m3
0.11020191904746093,0.6336763261166007,0.6336763261166007,ok,mutation,d5f8fc8d8d3c5f0f,-0.010492952958626511,DTLZ,True,0.10354582444096021,mutation_prob_04,0.6231833731579742,0.6231833731579742,ok,DTLZ2,2,DTLZ2_n7_m3
0.114599488239013,0.6250721106547008,0.6250721106547008,ok,mutation,d5f8fc8d8d3c5f0f,-0.022715999527020747,DTLZ,True,0.11356034352036234,mutation_prob_04,0.6023561111276801,0.6023561111276801,ok,DTLZ2,3,DTLZ2_n7_m3
0.10663034610565707,0.6249266874793218,0.6249266874793218,ok,mutation,d5f8fc8d8d3c5f0f,-0.01896501601435685,DTLZ,True,0.11542986882427904,mutation_prob_04,0.6059616714649649,0.6059616714649649,ok,DTLZ2,4,DTLZ2_n7_m3
0.09759947361495175,0.6446454681864039,0.6446454681864039,ok,mutation,d5f8fc8d8d3c5f0f,-0.03727495017036575,DTLZ,True,0.11269247903246049,mutation_prob_04,0.6073705180160381,0.6073705180160381,ok,DTLZ2,5,DTLZ2_n7_m3
0.09967027488122486,0.621168795018176,0.621168795018176,ok,mutation,d5f8fc8d8d3c5f0f,0.009426289063726223,DTLZ,True,0.10436990554705351,mutation_prob_04,0.6305950840819022,0.6305950840819022,ok,DTLZ2,6,DTLZ2_n7_m3
0.09389926142653891,0.6457144066865537,0.6457144066865537,ok,mutation,d5f8fc8d8d3c5f0f,-0.04578744339130292,DTLZ,True,0.12033760147512004,mutation_prob_04,0.5999269632952507,0.5999269632952507,ok,DTLZ2,7,DTLZ2_n7_m3
0.10282696015459289,0.633592923460817,0.633592923460817,ok,mutation,d5f8fc8d8d3c5f0f,-0.01838271283460524,DTLZ,True,0.10191829702019964,mutation_prob_04,0.6152102106262117,0.6152102106262117,ok,DTLZ2,8,DTLZ2_n7_m3
0.10562174650981886,0.6344703472298199,0.6344703472298199,ok,mutation,d5f8fc8d8d3c5f0f,-0.04152811713929494,DTLZ,True,0.10841635100373193,mutation_prob_04,0.5929422300905249,0.5929422300905249,ok,DTLZ2,9,DTLZ2_n7_m3
0.11325820448526999,0.6346675274426355,0.6346675274426355,ok,mutation,212243812461bffc,-0.04903767522830693,DTLZ,True,0.11891994761938214,mutation_prob_05,0.5856298522143286,0.5856298522143286,ok,DTLZ2,0,DTLZ2_n7_m3
0.1111256819609612,0.6282231862701699,0.6282231862701699,ok,mutation,212243812461bffc,-0.047705619202269345,DTLZ,True,0.1218771583440608,mutation_prob_05,0.5805175670679006,0.5805175670679006,ok,DTLZ2,1,DTLZ2_n7_m3
0.11020191904746093,0.6336763261166007,0.6336763261166007,ok,mutation,212243812461bffc,-0.08223214577077453,DTLZ,True,0.1183528105564216,mutation_prob_05,0.5514441803458262,0.5514441803458262,ok,DTLZ2,2,DTLZ2_n7_m3
0.114599488239013,0.6250721106547008,0.6250721106547008,ok,mutation,212243812461bffc,-0.01640285186634216,DTLZ,True,0.11314250975125711,mutation_prob_05,0.6086692587883586,0.6086692587883586,ok,DTLZ2,3,DTLZ2_n7_m3
0.10663034610565707,0.6249266874793218,0.6249266874793218,ok,mutation,212243812461bffc,-0.008575518035727314,DTLZ,True,0.10303016348245823,mutation_prob_05,0.6163511694435945,0.6163511694435945,ok,DTLZ2,4,DTLZ2_n7_m3
0.09759947361495175,0.6446454681864039,0.6446454681864039,ok,mutation,212243812461bffc,-0.06725713320516646,DTLZ,True,0.12162028256217891,mutation_prob_05,0.5773883349812374,0.5773883349812374,ok,DTLZ2,5,DTLZ2_n7_m3
0.09967027488122486,0.621168795018176,0.621168795018176,ok,mutation,212243812461bffc,-0.06562799960223009,DTLZ,True,0.13495554513257405,mutation_prob_05,0.5555407954159459,0.5555407954159459,ok,DTLZ2,6,DTLZ2_n7_m3
0.09389926142653891,0.6457144066865537,0.6457144066865537,ok,mutation,212243812461bffc,-0.05690860859739155,DTLZ,True,0.11351653360035915,mutation_prob_05,0.5888057980891621,0.5888057980891621,ok,DTLZ2,7,DTLZ2_n7_m3
0.10282696015459289,0.633592923460817,0.633592923460817,ok,mutation,212243812461bffc,-0.062445714247879924,DTLZ,True,0.1179753405214811,mutation_prob_05,0.571147209212937,0.571147209212937,ok,DTLZ2,8,DTLZ2_n7_m3
0.10562174650981886,0.6344703472298199,0.6344703472298199,ok,mutation,212243812461bffc,-0.05697864070600289,DTLZ,True,0.11714274012550609,mutation_prob_05,0.577491706523817,0.577491706523817,ok,DTLZ2,9,DTLZ2_n7_m3
0.11325820448526999,0.6346675274426355,0.6346675274426355,ok,mutation,b71b6d9c78fb3a1d,-0.03253758804093965,DTLZ,True,0.10927994796362828,mutation_eta_01,0.6021299394016959,0.6021299394016959,ok,DTLZ2,0,DTLZ2_n7_m3
0.1111256819609612,0.6282231862701699,0.6282231862701699,ok,mutation,b71b6d9c78fb3a1d,-0.021780185286530696,DTLZ,True,0.10787487407050494,mutation_eta_01,0.6064430009836392,0.6064430009836392,ok,DTLZ2,1,DTLZ2_n7_m3
0.11020191904746093,0.6336763261166007,0.6336763261166007,ok,mutation,b71b6d9c78fb3a1d,-0.02087744393484736,DTLZ,True,0.11223863766638609,mutation_eta_01,0.6127988821817534,0.6127988821817534,ok,DTLZ2,2,DTLZ2_n7_m3
0.114599488239013,0.6250721106547008,0.6250721106547008,ok,mutation,b71b6d9c78fb3a1d,-0.0033487188592843387,DTLZ,True,0.09890740542712369,mutation_eta_01,0.6217233917954165,0.6217233917954165,ok,DTLZ2,3,DTLZ2_n7_m3
0.10663034610565707,0.6249266874793218,0.6249266874793218,ok,mutation,b71b6d9c78fb3a1d,-0.009592804574534042,DTLZ,True,0.1103502810059853,mutation_eta_01,0.6153338829047877,0.6153338829047877,ok,DTLZ2,4,DTLZ2_n7_m3
0.09759947361495175,0.6446454681864039,0.6446454681864039,ok,mutation,b71b6d9c78fb3a1d,-0.013800960275863305,DTLZ,True,0.10052595910056855,mutation_eta_01,0.6308445079105406,0.6308445079105406,ok,DTLZ2,5,DTLZ2_n7_m3
0.09967027488122486,0.621168795018176,0.621168795018176,ok,mutation,b71b6d9c78fb3a1d,-0.00424191195810375,DTLZ,True,0.10808488883150143,mutation_eta_01,0.6169268830600723,0.6169268830600723,ok,DTLZ2,6,DTLZ2_n7_m3
0.09389926142653891,0.6457144066865537,0.6457144066865537,ok,mutation,b71b6d9c78fb3a1d,-0.040972387906401564,DTLZ,True,0.10243749537876169,mutation_eta_01,0.6047420187801521,0.6047420187801521,ok,DTLZ2,7,DTLZ2_n7_m3
0.10282696015459289,0.633592923460817,0.633592923460817,ok,mutation,b71b6d9c78fb3a1d,-0.01467922880032535,DTLZ,True,0.11205133485537572,mutation_eta_01,0.6189136946604916,0.6189136946604916,ok,DTLZ2,8,DTLZ2_n7_m3
0.10562174650981886,0.6344703472298199,0.6344703472298199,ok,mutation,b71b6d9c78fb3a1d,-0.017937285287275007,DTLZ,True,0.11455535124619179,mutation_eta_01,0.6165330619425449,0.6165330619425449,ok,DTLZ2,9,DTLZ2_n7_m3
0.11325820448526999,0.6346675274426355,0.6346675274426355,ok,mutation,e430f017e153c302,-0.018931341632436816,DTLZ,True,0.11986620957185262,mutation_eta_02,0.6157361858101987,0.6157361858101987,ok,DTLZ2,0,DTLZ2_n7_m3
0.1111256819609612,0.6282231862701699,0.6282231862701699,ok,mutation,e430f017e153c302,-0.005937128372671241,DTLZ,True,0.11464618921530684,mutation_eta_02,0.6222860578974987,0.6222860578974987,ok,DTLZ2,1,DTLZ2_n7_m3
0.11020191904746093,0.6336763261166007,0.6336763261166007,ok,mutation,e430f017e153c302,0.01814444883924826,DTLZ,True,0.09480655155500647,mutation_eta_02,0.651820774955849,0.651820774955849,ok,DTLZ2,2,DTLZ2_n7_m3
0.114599488239013,0.6250721106547008,0.6250721106547008,ok,mutation,e430f017e153c302,-0.012594800703472409,DTLZ,True,0.10095223533087219,mutation_eta_02,0.6124773099512284,0.6124773099512284,ok,DTLZ2,3,DTLZ2_n7_m3
0.10663034610565707,0.6249266874793218,0.6249266874793218,ok,mutation,e430f017e153c302,0.02504969403888946,DTLZ,True,0.09191983917444622,mutation_eta_02,0.6499763815182112,0.6499763815182112,ok,DTLZ2,4,DTLZ2_n7_m3
0.09759947361495175,0.6446454681864039,0.6446454681864039,ok,mutation,e430f017e153c302,-0.01728508090623193,DTLZ,True,0.10751280286080406,mutation_eta_02,0.627360387280172,0.627360387280172,ok,DTLZ2,5,DTLZ2_n7_m3
0.09967027488122486,0.621168795018176,0.621168795018176,ok,mutation,e430f017e153c302,0.0032250587226270166,DTLZ,True,0.10788842234211238,mutation_eta_02,0.624393853740803,0.624393853740803,ok,DTLZ2,6,DTLZ2_n7_m3
0.09389926142653891,0.6457144066865537,0.6457144066865537,ok,mutation,e430f017e153c302,-0.07004575950979364,DTLZ,True,0.10773025721858774,mutation_eta_02,0.57566864717676,0.57566864717676,ok,DTLZ2,7,DTLZ2_n7_m3
0.10282696015459289,0.633592923460817,0.633592923460817,ok,mutation,e430f017e153c302,-0.013082612624316758,DTLZ,True,0.1078365943219741,mutation_eta_02,0.6205103108365002,0.6205103108365002,ok,DTLZ2,8,DTLZ2_n7_m3
0.10562174650981886,0.6344703472298199,0.6344703472298199,ok,mutation,e430f017e153c302,-0.028759355336120063,DTLZ,True,0.10983144309422314,mutation_eta_02,0.6057109918936998,0.6057109918936998,ok,DTLZ2,9,DTLZ2_n7_m3
0.11325820448526999,0.6346675274426355,0.6346675274426355,ok,mutation,d014a4c3d31a43ac,0.000432599737169026,DTLZ,True,0.1057850371293545,mutation_eta_03,0.6351001271798046,0.6351001271798046,ok,DTLZ2,0,DTLZ2_n7_m3
0.1111256819609612,0.6282231862701699,0.6282231862701699,ok,mutation,d014a4c3d31a43ac,0.0013650850197335362,DTLZ,True,0.10108376076534506,mutation_eta_03,0.6295882712899035,0.6295882712899035,ok,DTLZ2,1,DTLZ2_n7_m3
0.11020191904746093,0.6336763261166007,0.6336763261166007,ok,mutation,d014a4c3d31a43ac,-0.018346921027213803,DTLZ,True,0.10527515069114625,mutation_eta_03,0.6153294050893869,0.6153294050893869,ok,DTLZ2,2,DTLZ2_n7_m3
0.114599488239013,0.6250721106547008,0.6250721106547008,ok,mutation,d014a4c3d31a43ac,0.012801053847884547,DTLZ,True,0.09903163421934474,mutation_eta_03,0.6378731645025854,0.6378731645025854,ok,DTLZ2,3,DTLZ2_n7_m3
0.10663034610565707,0.6249266874793218,0.6249266874793218,ok,mutation,d014a4c3d31a43ac,-0.0019613117172923022,DTLZ,True,0.10812677610985626,mutation_eta_03,0.6229653757620295,0.6229653757620295,ok,DTLZ2,4,DTLZ2_n7_m3
0.09759947361495175,0.6446454681864039,0.6446454681864039,ok,mutation,d014a4c3d31a43ac,-0.003923193685080983,DTLZ,True,0.1025204789834011,mutation_eta_03,0.6407222745013229,0.6407222745013229,ok,DTLZ2,5,DTLZ2_n7_m3
0.09967027488122486,0.621168795018176,0.621168795018176,ok,mutation,d014a4c3d31a43ac,0.007382754537716418,DTLZ,True,0.10571089643356626,mutation_eta_03,0.6285515495558924,0.6285515495558924,ok,DTLZ2,6,DTLZ2_n7_m3
0.09389926142653891,0.6457144066865537,0.6457144066865537,ok,mutation,d014a4c3d31a43ac,-0.04127805813212482,DTLZ,True,0.11040537114859036,mutation_eta_03,0.6044363485544288,0.6044363485544288,ok,DTLZ2,7,DTLZ2_n7_m3
0.10282696015459289,0.633592923460817,0.633592923460817,ok,mutation,d014a4c3d31a43ac,-0.03723998153091079,DTLZ,True,0.10512468868643006,mutation_eta_03,0.5963529419299062,0.5963529419299062,ok,DTLZ2,8,DTLZ2_n7_m3
0.10562174650981886,0.6344703472298199,0.6344703472298199,ok,mutation,d014a4c3d31a43ac,-0.002505061462336089,DTLZ,True,0.09863941510997878,mutation_eta_03,0.6319652857674838,0.6319652857674838,ok,DTLZ2,9,DTLZ2_n7_m3
0.11325820448526999,0.6346675274426355,0.6346675274426355,ok,mutation,c9af60ae1df2e7eb,0.0354944643129822,DTLZ,True,0.09509838597804998,mutation_eta_04,0.6701619917556177,0.6701619917556177,ok,DTLZ2,0,DTLZ2_n7_m3
0.1111256819609612,0.6282231862701699,0.6282231862701699,ok,mutation,c9af60ae1df2e7eb,0.0002689437830397656,DTLZ,True,0.10380312358417453,mutation_eta_04,0.6284921300532097,0.6284921300532097,ok,DTLZ2,1,DTLZ2_n7_m3
0.11020191904746093,0.6336763261166007,0.6336763261166007,ok,mutation,c9af60ae1df2e7eb,0.015536259809711406,DTLZ,True,0.09603828565721396,mutation_eta_04,0.6492125859263121,0.6492125859263121,ok,DTLZ2,2,DTLZ2_n7_m3
0.114599488239013,0.6250721106547008,0.6250721106547008,ok,mutation,c9af60ae1df2e7eb,0.03470950258598293,DTLZ,True,0.09025660195098106,mutation_eta_04,0.6597816132406837,0.6597816132406837,ok,DTLZ2,3,DTLZ2_n7_m3
0.10663034610565707,0.6249266874793218,0.6249266874793218,ok,mutation,c9af60ae1df2e7eb,0.028030084323973026,DTLZ,True,0.1021247424183514,mutation_eta_04,0.6529567718032948,0.6529567718032948,ok,DTLZ2,4,DTLZ2_n7_m3
0.09759947361495175,0.6446454681864039,0.6446454681864039,ok,mutation,c9af60ae1df2e7eb,0.005008097920442989,DTLZ,True,0.09623054458448851,mutation_eta_04,0.6496535661068469,0.6496535661068469,ok,DTLZ2,5,DTLZ2_n7_m3
0.09967027488122486,0.621168795018176,0.621168795018176,ok,mutation,c9af60ae1df2e7eb,0.0021658316782749987,DTLZ,True,0.11297129468440965,mutation_eta_04,0.623334626696451,0.623334626696451,ok,DTLZ2,6,DTLZ2_n7_m3
0.09389926142653891,0.6457144066865537,0.6457144066865537,ok,mutation,c9af60ae1df2e7eb,0.010774264611176476,DTLZ,True,0.10227084534166578,mutation_eta_04,0.6564886712977301,0.6564886712977301,ok,DTLZ2,7,DTLZ2_n7_m3
0.10282696015459289,0.633592923460817,0.633592923460817,ok,mutation,c9af60ae1df2e7eb,-0.012718551313101067,DTLZ,True,0.12025230849203367,mutation_eta_04,0.6208743721477159,0.6208743721477159,ok,DTLZ2,8,DTLZ2_n7_m3
0.10562174650981886,0.6344703472298199,0.6344703472298199,ok,mutation,c9af60ae1df2e7eb,0.03223895467527782,DTLZ,True,0.09572987708802365,mutation_eta_04,0.6667093019050977,0.6667093019050977,ok,DTLZ2,9,DTLZ2_n7_m3
0.11325820448526999,0.6346675274426355,0.6346675274426355,ok,mutation,73745bcc5c77e254,0.00018664507297372346,DTLZ,True,0.11494623621951483,mutation_eta_05,0.6348541725156093,0.6348541725156093,ok,DTLZ2,0,DTLZ2_n7_m3
0.1111256819609612,0.6282231862701699,0.6282231862701699,ok,mutation,73745bcc5c77e254,0.011313893937162645,DTLZ,True,0.10329985649895528,mutation_eta_05,0.6395370802073326,0.6395370802073326,ok,DTLZ2,1,DTLZ2_n7_m3
0.11020191904746093,0.6336763261166007,0.6336763261166007,ok,mutation,73745bcc5c77e254,-0.025381855608022863,DTLZ,True,0.1108812213148362,mutation_eta_05,0.6082944705085779,0.6082944705085779,ok,DTLZ2,2,DTLZ2_n7_m3
0.114599488239013,0.6250721106547008,0.6250721106547008,ok,mutation,73745bcc5c77e254,0.023662023933516574,DTLZ,True,0.11283553187127705,mutation_eta_05,0.6487341345882174,0.6487341345882174,ok,DTLZ2,3,DTLZ2_n7_m3
0.10663034610565707,0.6249266874793218,0.6249266874793218,ok,mutation,73745bcc5c77e254,-0.044274554669531785,DTLZ,True,0.13210456103866877,mutation_eta_05,0.58065213280979,0.58065213280979,ok,DTLZ2,4,DTLZ2_n7_m3
0.09759947361495175,0.6446454681864039,0.6446454681864039,ok,mutation,73745bcc5c77e254,-0.017714015780200487,DTLZ,True,0.1116210902541172,mutation_eta_05,0.6269314524062034,0.6269314524062034,ok,DTLZ2,5,DTLZ2_n7_m3
0.09967027488122486,0.621168795018176,0.621168795018176,ok,mutation,73745bcc5c77e254,0.007112912478463129,DTLZ,True,0.10228185174021939,mutation_eta_05,0.6282817074966391,0.6282817074966391,ok,DTLZ2,6,DTLZ2_n7_m3
0.09389926142653891,0.6457144066865537,0.6457144066865537,ok,mutation,73745bcc5c77e254,-0.047167574696886816,DTLZ,True,0.11070790694836549,mutation_eta_05,0.5985468319896668,0.5985468319896668,ok,DTLZ2,7,DTLZ2_n7_m3
0.10282696015459289,0.633592923460817,0.633592923460817,ok,mutation,73745bcc5c77e254,-0.009621898082063374,DTLZ,True,0.1090784599767016,mutation_eta_05,0.6239710253787536,0.6239710253787536,ok,DTLZ2,8,DTLZ2_n7_m3
0.10562174650981886,0.6344703472298199,0.6344703472298199,ok,mutation,73745bcc5c77e254,0.008954038968126299,DTLZ,True,0.12343049632477147,mutation_eta_05,0.6434243861979462,0.6434243861979462,ok,DTLZ2,9,DTLZ2_n7_m3
0.11325820448526999,0.6346675274426355,0.6346675274426355,ok,crossover,58de7eb8ad456568,-0.04383169372616502,DTLZ,True,0.10770264566123365,crossover_prob_01,0.5908358337164705,0.5908358337164705,ok,DTLZ2,0,DTLZ2_n7_m3
0.1111256819609612,0.6282231862701699,0.6282231862701699,ok,crossover,58de7eb8ad456568,0.0035795878362323563,DTLZ,True,0.10809433094320453,crossover_prob_01,0.6318027741064023,0.6318027741064023,ok,DTLZ2,1,DTLZ2_n7_m3
0.11020191904746093,0.6336763261166007,0.6336763261166007,ok,crossover,58de7eb8ad456568,-0.013008626753839514,DTLZ,True,0.10104291221387764,crossover_prob_01,0.6206676993627612,0.6206676993627612,ok,DTLZ2,2,DTLZ2_n7_m3
0.114599488239013,0.6250721106547008,0.6250721106547008,ok,crossover,58de7eb8ad456568,-0.0196045465439727,DTLZ,True,0.12461341035600428,crossover_prob_01,0.6054675641107281,0.6054675641107281,ok,DTLZ2,3,DTLZ2_n7_m3
0.10663034610565707,0.6249266874793218,0.6249266874793218,ok,crossover,58de7eb8ad456568,-0.004835640906376559,DTLZ,True,0.10838264548545612,crossover_prob_01,0.6200910465729452,0.6200910465729452,ok,DTLZ2,4,DTLZ2_n7_m3
0.09759947361495175,0.6446454681864039,0.6446454681864039,ok,crossover,58de7eb8ad456568,-0.02301141804567819,DTLZ,True,0.10777717489700518,crossover_prob_01,0.6216340501407257,0.6216340501407257,ok,DTLZ2,5,DTLZ2_n7_m3
0.09967027488122486,0.621168795018176,0.621168795018176,ok,crossover,58de7eb8ad456568,0.0010846453362801656,DTLZ,True,0.1152262676059273,crossover_prob_01,0.6222534403544562,0.6222534403544562,ok,DTLZ2,6,DTLZ2_n7_m3
0.09389926142653891,0.6457144066865537,0.6457144066865537,ok,crossover,58de7eb8ad456568,-0.06679288263025762,DTLZ,True,0.11450450864876457,crossover_prob_01,0.578921524056296,0.578921524056296,ok,DTLZ2,7,DTLZ2_n7_m3
0.10282696015459289,0.633592923460817,0.633592923460817,ok,crossover,58de7eb8ad456568,-0.004542248153088013,DTLZ,True,0.11132902148681104,crossover_prob_01,0.629050675307729,0.629050675307729,ok,DTLZ2,8,DTLZ2_n7_m3
0.10562174650981886,0.6344703472298199,0.6344703472298199,ok,crossover,58de7eb8ad456568,-0.010227012033835803,DTLZ,True,0.10553747948752767,crossover_prob_01,0.6242433351959841,0.6242433351959841,ok,DTLZ2,9,DTLZ2_n7_m3
0.11325820448526999,0.6346675274426355,0.6346675274426355,ok,crossover,36511be5accd5720,0.0031435485706857724,DTLZ,True,0.10776711747022573,crossover_prob_02,0.6378110760133213,0.6378110760133213,ok,DTLZ2,0,DTLZ2_n7_m3
0.1111256819609612,0.6282231862701699,0.6282231862701699,ok,crossover,36511be5accd5720,-0.010131212209222973,DTLZ,True,0.11076562670428283,crossover_prob_02,0.618091974060947,0.618091974060947,ok,DTLZ2,1,DTLZ2_n7_m3
0.11020191904746093,0.6336763261166007,0.6336763261166007,ok,crossover,36511be5accd5720,0.002420196497674887,DTLZ,True,0.10518121001589222,crossover_prob_02,0.6360965226142756,0.6360965226142756,ok,DTLZ2,2,DTLZ2_n7_m3
0.114599488239013,0.6250721106547008,0.6250721106547008,ok,crossover,36511be5accd5720,-0.04224642995004313,DTLZ,True,0.11825512346031662,crossover_prob_02,0.5828256807046577,0.5828256807046577,ok,DTLZ2,3,DTLZ2_n7_m3
0.10663034610565707,0.6249266874793218,0.6249266874793218,ok,crossover,36511be5accd5720,0.00969430145477057,DTLZ,True,0.09543887392668064,crossover_prob_02,0.6346209889340924,0.6346209889340924,ok,DTLZ2,4,DTLZ2_n7_m3
0.09759947361495175,0.6446454681864039,0.6446454681864039,ok,crossover,36511be5accd5720,-0.035388904016335876,DTLZ,True,0.11258722800615223,crossover_prob_02,0.609256564170068,0.609256564170068,ok,DTLZ2,5,DTLZ2_n7_m3
0.09967027488122486,0.621168795018176,0.621168795018176,ok,crossover,36511be5accd5720,-0.044808625443669925,DTLZ,True,0.11747137097028151,crossover_prob_02,0.5763601695745061,0.5763601695745061,ok,DTLZ2,6,DTLZ2_n7_m3
0.09389926142653891,0.6457144066865537,0.6457144066865537,ok,crossover,36511be5accd5720,-0.010500461473578526,DTLZ,True,0.09663588951577494,crossover_prob_02,0.6352139452129751,0.6352139452129751,ok,DTLZ2,7,DTLZ2_n7_m3
0.10282696015459289,0.633592923460817,0.633592923460817,ok,crossover,36511be5accd5720,0.020886570553367068,DTLZ,True,0.09545967757824411,crossover_prob_02,0.654479494014184,0.654479494014184,ok,DTLZ2,8,DTLZ2_n7_m3
0.10562174650981886,0.6344703472298199,0.6344703472298199,ok,crossover,36511be5accd5720,-0.01951777959805412,DTLZ,True,0.09919382591947336,crossover_prob_02,0.6149525676317658,0.6149525676317658,ok,DTLZ2,9,DTLZ2_n7_m3
0.11325820448526999,0.6346675274426355,0.6346675274426355,ok,crossover,8a7cf9717b97c048,0.0021433006998472504,DTLZ,True,0.10133861892207144,crossover_prob_03,0.6368108281424828,0.6368108281424828,ok,DTLZ2,0,DTLZ2_n7_m3
0.1111256819609612,0.6282231862701699,0.6282231862701699,ok,crossover,8a7cf9717b97c048,0.01569063228355172,DTLZ,True,0.10574483264469399,crossover_prob_03,0.6439138185537217,0.6439138185537217,ok,DTLZ2,1,DTLZ2_n7_m3
0.11020191904746093,0.6336763261166007,0.6336763261166007,ok,crossover,8a7cf9717b97c048,-0.03705617849113818,DTLZ,True,0.12042890352446825,crossover_prob_03,0.5966201476254626,0.5966201476254626,ok,DTLZ2,2,DTLZ2_n7_m3
0.114599488239013,0.6250721106547008,0.6250721106547008,ok,crossover,8a7cf9717b97c048,-0.028395544377281867,DTLZ,True,0.11143786260439913,crossover_prob_03,0.5966765662774189,0.5966765662774189,ok,DTLZ2,3,DTLZ2_n7_m3
0.10663034610565707,0.6249266874793218,0.6249266874793218,ok,crossover,8a7cf9717b97c048,0.03613104446453175,DTLZ,True,0.09788063878806887,crossover_prob_03,0.6610577319438535,0.6610577319438535,ok,DTLZ2,4,DTLZ2_n7_m3
0.09759947361495175,0.6446454681864039,0.6446454681864039,ok,crossover,8a7cf9717b97c048,0.010189212759562083,DTLZ,True,0.09668675330988237,crossover_prob_03,0.654834680945966,0.654834680945966,ok,DTLZ2,5,DTLZ2_n7_m3
0.09967027488122486,0.621168795018176,0.621168795018176,ok,crossover,8a7cf9717b97c048,0.01071156015476249,DTLZ,True,0.1034742202062585,crossover_prob_03,0.6318803551729385,0.6318803551729385,ok,DTLZ2,6,DTLZ2_n7_m3
0.09389926142653891,0.6457144066865537,0.6457144066865537,ok,crossover,8a7cf9717b97c048,-0.02267030701432149,DTLZ,True,0.10422159797124936,crossover_prob_03,0.6230440996722322,0.6230440996722322,ok,DTLZ2,7,DTLZ2_n7_m3
0.10282696015459289,0.633592923460817,0.633592923460817,ok,crossover,8a7cf9717b97c048,0.025213478183650828,DTLZ,True,0.09274471759704032,crossover_prob_03,0.6588064016444678,0.6588064016444678,ok,DTLZ2,8,DTLZ2_n7_m3
0.10562174650981886,0.6344703472298199,0.6344703472298199,ok,crossover,8a7cf9717b97c048,0.021398574017267746,DTLZ,True,0.09892408877190766,crossover_prob_03,0.6558689212470876,0.6558689212470876,ok,DTLZ2,9,DTLZ2_n7_m3
0.11325820448526999,0.6346675274426355,0.6346675274426355,ok,crossover,eed6c5c362c7c561,-0.014631481594726714,DTLZ,True,0.09228718105208643,crossover_eta_01,0.6200360458479088,0.6200360458479088,ok,DTLZ2,0,DTLZ2_n7_m3
0.1111256819609612,0.6282231862701699,0.6282231862701699,ok,crossover,eed6c5c362c7c561,-0.013672174492252887,DTLZ,True,0.11743715556468691,crossover_eta_01,0.614551011777917,0.614551011777917,ok,DTLZ2,1,DTLZ2_n7_m3
0.11020191904746093,0.6336763261166007,0.6336763261166007,ok,crossover,eed6c5c362c7c561,-0.008846922066950147,DTLZ,True,0.10379819663092593,crossover_eta_01,0.6248294040496506,0.6248294040496506,ok,DTLZ2,2,DTLZ2_n7_m3
0.114599488239013,0.6250721106547008,0.6250721106547008,ok,crossover,eed6c5c362c7c561,0.009824179080122564,DTLZ,True,0.0998071587773977,crossover_eta_01,0.6348962897348234,0.6348962897348234,ok,DTLZ2,3,DTLZ2_n7_m3
0.10663034610565707,0.6249266874793218,0.6249266874793218,ok,crossover,eed6c5c362c7c561,0.014281947138600204,DTLZ,True,0.10156391121430997,crossover_eta_01,0.639208634617922,0.639208634617922,ok,DTLZ2,4,DTLZ2_n7_m3
0.09759947361495175,0.6446454681864039,0.6446454681864039,ok,crossover,eed6c5c362c7c561,-0.030042708972040866,DTLZ,True,0.10637472412921253,crossover_eta_01,0.614602759214363,0.614602759214363,ok,DTLZ2,5,DTLZ2_n7_m3
0.09967027488122486,0.621168795018176,0.621168795018176,ok,crossover,eed6c5c362c7c561,0.0004911967848619803,DTLZ,True,0.10189439879001375,crossover_eta_01,0.621659991803038,0.621659991803038,ok,DTLZ2,6,DTLZ2_n7_m3
0.09389926142653891,0.6457144066865537,0.6457144066865537,ok,crossover,eed6c5c362c7c561,-0.031617640437611616,DTLZ,True,0.11139085629032586,crossover_eta_01,0.614096766248942,0.614096766248942,ok,DTLZ2,7,DTLZ2_n7_m3
0.10282696015459289,0.633592923460817,0.633592923460817,ok,crossover,eed6c5c362c7c561,0.022802642434945897,DTLZ,True,0.09321171661439041,crossover_eta_01,0.6563955658957629,0.6563955658957629,ok,DTLZ2,8,DTLZ2_n7_m3
0.10562174650981886,0.6344703472298199,0.6344703472298199,ok,crossover,eed6c5c362c7c561,-0.0021758560365769952,DTLZ,True,0.09919527076613742,crossover_eta_01,0.6322944911932429,0.6322944911932429,ok,DTLZ2,9,DTLZ2_n7_m3
0.11325820448526999,0.6346675274426355,0.6346675274426355,ok,crossover,4388e3e7bc630d1b,0.0176477465326339,DTLZ,True,0.09674915144539176,crossover_eta_02,0.6523152739752694,0.6523152739752694,ok,DTLZ2,0,DTLZ2_n7_m3
0.1111256819609612,0.6282231862701699,0.6282231862701699,ok,crossover,4388e3e7bc630d1b,0.0033475525239032855,DTLZ,True,0.09883854911171674,crossover_eta_02,0.6315707387940732,0.6315707387940732,ok,DTLZ2,1,DTLZ2_n7_m3
0.11020191904746093,0.6336763261166007,0.6336763261166007,ok,crossover,4388e3e7bc630d1b,-0.007737106750020706,DTLZ,True,0.10280049341954929,crossover_eta_02,0.62593921936658,0.62593921936658,ok,DTLZ2,2,DTLZ2_n7_m3
0.114599488239013,0.6250721106547008,0.6250721106547008,ok,crossover,4388e3e7bc630d1b,0.006645425512096015,DTLZ,True,0.10378019705462645,crossover_eta_02,0.6317175361667968,0.6317175361667968,ok,DTLZ2,3,DTLZ2_n7_m3
0.10663034610565707,0.6249266874793218,0.6249266874793218,ok,crossover,4388e3e7bc630d1b,0.01036332000482254,DTLZ,True,0.10035412697161378,crossover_eta_02,0.6352900074841443,0.6352900074841443,ok,DTLZ2,4,DTLZ2_n7_m3
0.09759947361495175,0.6446454681864039,0.6446454681864039,ok,crossover,4388e3e7bc630d1b,-0.01273179308654282,DTLZ,True,0.11034095231953742,crossover_eta_02,0.6319136750998611,0.6319136750998611,ok,DTLZ2,5,DTLZ2_n7_m3
0.09967027488122486,0.621168795018176,0.621168795018176,ok,crossover,4388e3e7bc630d1b,0.008106808036679292,DTLZ,True,0.10498324994835594,crossover_eta_02,0.6292756030548553,0.6292756030548553,ok,DTLZ2,6,DTLZ2_n7_m3
0.09389926142653891,0.6457144066865537,0.6457144066865537,ok,crossover,4388e3e7bc630d1b,-0.0373440401373063,DTLZ,True,0.10675388745091254,crossover_eta_02,0.6083703665492474,0.6083703665492474,ok,DTLZ2,7,DTLZ2_n7_m3
0.10282696015459289,0.633592923460817,0.633592923460817,ok,crossover,4388e3e7bc630d1b,-0.033039623279199515,DTLZ,True,0.11961774223944635,crossover_eta_02,0.6005533001816175,0.6005533001816175,ok,DTLZ2,8,DTLZ2_n7_m3
0.10562174650981886,0.6344703472298199,0.6344703472298199,ok,crossover,4388e3e7bc630d1b,0.004000951978920364,DTLZ,True,0.09624645026215485,crossover_eta_02,0.6384712992087402,0.6384712992087402,ok,DTLZ2,9,DTLZ2_n7_m3
0.11325820448526999,0.6346675274426355,0.6346675274426355,ok,crossover,9f8e3a55db78f785,0.009862430544271827,DTLZ,True,0.09812652915732832,crossover_eta_03,0.6445299579869074,0.6445299579869074,ok,DTLZ2,0,DTLZ2_n7_m3
0.1111256819609612,0.6282231862701699,0.6282231862701699,ok,crossover,9f8e3a55db78f785,-0.018177774411963,DTLZ,True,0.11045693354977225,crossover_eta_03,0.6100454118582069,0.6100454118582069,ok,DTLZ2,1,DTLZ2_n7_m3
0.11020191904746093,0.6336763261166007,0.6336763261166007,ok,crossover,9f8e3a55db78f785,-0.00523612480192337,DTLZ,True,0.11033070583821417,crossover_eta_03,0.6284402013146774,0.6284402013146774,ok,DTLZ2,2,DTLZ2_n7_m3
0.114599488239013,0.6250721106547008,0.6250721106547008,ok,crossover,9f8e3a55db78f785,0.012412825392699611,DTLZ,True,0.09936438488489031,crossover_eta_03,0.6374849360474004,0.6374849360474004,ok,DTLZ2,3,DTLZ2_n7_m3
0.10663034610565707,0.6249266874793218,0.6249266874793218,ok,crossover,9f8e3a55db78f785,-0.027480829621465364,DTLZ,True,0.12415876952976107,crossover_eta_03,0.5974458578578564,0.5974458578578564,ok,DTLZ2,4,DTLZ2_n7_m3
0.09759947361495175,0.6446454681864039,0.6446454681864039,ok,crossover,9f8e3a55db78f785,-0.02544649386720288,DTLZ,True,0.1064931527611729,crossover_eta_03,0.619198974319201,0.619198974319201,ok,DTLZ2,5,DTLZ2_n7_m3
0.09967027488122486,0.621168795018176,0.621168795018176,ok,crossover,9f8e3a55db78f785,0.019442522435562215,DTLZ,True,0.09933257197989595,crossover_eta_03,0.6406113174537382,0.6406113174537382,ok,DTLZ2,6,DTLZ2_n7_m3
0.09389926142653891,0.6457144066865537,0.6457144066865537,ok,crossover,9f8e3a55db78f785,-0.02279362619301528,DTLZ,True,0.10705744793830868,crossover_eta_03,0.6229207804935384,0.6229207804935384,ok,DTLZ2,7,DTLZ2_n7_m3
0.10282696015459289,0.633592923460817,0.633592923460817,ok,crossover,9f8e3a55db78f785,-0.0024238249073115226,DTLZ,True,0.09764067445200697,crossover_eta_03,0.6311690985535054,0.6311690985535054,ok,DTLZ2,8,DTLZ2_n7_m3
0.10562174650981886,0.6344703472298199,0.6344703472298199,ok,crossover,9f8e3a55db78f785,0.004426730700015202,DTLZ,True,0.10926639842961279,crossover_eta_03,0.6388970779298351,0.6388970779298351,ok,DTLZ2,9,DTLZ2_n7_m3
0.11325820448526999,0.6346675274426355,0.6346675274426355,ok,crossover,936e2f115b846ca2,0.007071633689895829,DTLZ,True,0.09986804030922514,crossover_eta_04,0.6417391611325314,0.6417391611325314,ok,DTLZ2,0,DTLZ2_n7_m3
0.1111256819609612,0.6282231862701699,0.6282231862701699,ok,crossover,936e2f115b846ca2,0.018930925398003784,DTLZ,True,0.09989805796086619,crossover_eta_04,0.6471541116681737,0.6471541116681737,ok,DTLZ2,1,DTLZ2_n7_m3
0.11020191904746093,0.6336763261166007,0.6336763261166007,ok,crossover,936e2f115b846ca2,0.03635484093888053,DTLZ,True,0.09536974597154695,crossover_eta_04,0.6700311670554813,0.6700311670554813,ok,DTLZ2,2,DTLZ2_n7_m3
0.114599488239013,0.6250721106547008,0.6250721106547008,ok,crossover,936e2f115b846ca2,0.03471439235973117,DTLZ,True,0.10518920662473713,crossover_eta_04,0.659786503014432,0.659786503014432,ok,DTLZ2,3,DTLZ2_n7_m3
0.10663034610565707,0.6249266874793218,0.6249266874793218,ok,crossover,936e2f115b846ca2,0.02756427762038749,DTLZ,True,0.10100318581691803,crossover_eta_04,0.6524909650997093,0.6524909650997093,ok,DTLZ2,4,DTLZ2_n7_m3
0.09759947361495175,0.6446454681864039,0.6446454681864039,ok,crossover,936e2f115b846ca2,-0.026199888472593802,DTLZ,True,0.10223018181479619,crossover_eta_04,0.6184455797138101,0.6184455797138101,ok,DTLZ2,5,DTLZ2_n7_m3
0.09967027488122486,0.621168795018176,0.621168795018176,ok,crossover,936e2f115b846ca2,0.015607301599935286,DTLZ,True,0.09573260176057674,crossover_eta_04,0.6367760966181113,0.6367760966181113,ok,DTLZ2,6,DTLZ2_n7_m3
0.09389926142653891,0.6457144066865537,0.6457144066865537,ok,crossover,936e2f115b846ca2,0.015953339214360263,DTLZ,True,0.09488578516601393,crossover_eta_04,0.6616677459009139,0.6616677459009139,ok,DTLZ2,7,DTLZ2_n7_m3
0.10282696015459289,0.633592923460817,0.633592923460817,ok,crossover,936e2f115b846ca2,-0.005973247334256637,DTLZ,True,0.09659307899273234,crossover_eta_04,0.6276196761265603,0.6276196761265603,ok,DTLZ2,8,DTLZ2_n7_m3
0.10562174650981886,0.6344703472298199,0.6344703472298199,ok,crossover,936e2f115b846ca2,0.015146300781589517,DTLZ,True,0.09864360422762661,crossover_eta_04,0.6496166480114094,0.6496166480114094,ok,DTLZ2,9,DTLZ2_n7_m3
0.11325820448526999,0.6346675274426355,0.6346675274426355,ok,selection,0a0207ffe032c8c5,-0.01592914040840787,DTLZ,True,0.10839231450282434,selection_tournament_01,0.6187383870342277,0.6187383870342277,ok,DTLZ2,0,DTLZ2_n7_m3
0.1111256819609612,0.6282231862701699,0.6282231862701699,ok,selection,0a0207ffe032c8c5,0.0014501542636957687,DTLZ,True,0.10469275629434445,selection_tournament_01,0.6296733405338657,0.6296733405338657,ok,DTLZ2,1,DTLZ2_n7_m3
0.11020191904746093,0.6336763261166007,0.6336763261166007,ok,selection,0a0207ffe032c8c5,-0.024821650082375468,DTLZ,True,0.10528385394296992,selection_tournament_01,0.6088546760342253,0.6088546760342253,ok,DTLZ2,2,DTLZ2_n7_m3
0.114599488239013,0.6250721106547008,0.6250721106547008,ok,selection,0a0207ffe032c8c5,0.015217828067095152,DTLZ,True,0.09444903189491946,selection_tournament_01,0.640289938721796,0.640289938721796,ok,DTLZ2,3,DTLZ2_n7_m3
0.10663034610565707,0.6249266874793218,0.6249266874793218,ok,selection,0a0207ffe032c8c5,-0.012994324775028376,DTLZ,True,0.10727256146742935,selection_tournament_01,0.6119323627042934,0.6119323627042934,ok,DTLZ2,4,DTLZ2_n7_m3
0.09759947361495175,0.6446454681864039,0.6446454681864039,ok,selection,0a0207ffe032c8c5,-0.03129145601238725,DTLZ,True,0.10618858535885478,selection_tournament_01,0.6133540121740166,0.6133540121740166,ok,DTLZ2,5,DTLZ2_n7_m3
0.09967027488122486,0.621168795018176,0.621168795018176,ok,selection,0a0207ffe032c8c5,0.011239296475651583,DTLZ,True,0.09665657270573222,selection_tournament_01,0.6324080914938276,0.6324080914938276,ok,DTLZ2,6,DTLZ2_n7_m3
0.09389926142653891,0.6457144066865537,0.6457144066865537,ok,selection,0a0207ffe032c8c5,-0.011105359246404323,DTLZ,True,0.10553598592111778,selection_tournament_01,0.6346090474401493,0.6346090474401493,ok,DTLZ2,7,DTLZ2_n7_m3
0.10282696015459289,0.633592923460817,0.633592923460817,ok,selection,0a0207ffe032c8c5,-0.008600168845983802,DTLZ,True,0.11438299938917938,selection_tournament_01,0.6249927546148332,0.6249927546148332,ok,DTLZ2,8,DTLZ2_n7_m3
0.10562174650981886,0.6344703472298199,0.6344703472298199,ok,selection,0a0207ffe032c8c5,-0.008874575323375211,DTLZ,True,0.10998361770455004,selection_tournament_01,0.6255957719064447,0.6255957719064447,ok,DTLZ2,9,DTLZ2_n7_m3
0.11325820448526999,0.6346675274426355,0.6346675274426355,ok,selection,65efe6073c9cdf9e,0.022807014557216232,DTLZ,True,0.09807458163450748,selection_tournament_02,0.6574745419998518,0.6574745419998518,ok,DTLZ2,0,DTLZ2_n7_m3
0.1111256819609612,0.6282231862701699,0.6282231862701699,ok,selection,65efe6073c9cdf9e,-0.00789677325457483,DTLZ,True,0.10841820827306886,selection_tournament_02,0.6203264130155951,0.6203264130155951,ok,DTLZ2,1,DTLZ2_n7_m3
0.11020191904746093,0.6336763261166007,0.6336763261166007,ok,selection,65efe6073c9cdf9e,-0.006426680965539777,DTLZ,True,0.1098569417899337,selection_tournament_02,0.627249645151061,0.627249645151061,ok,DTLZ2,2,DTLZ2_n7_m3
0.114599488239013,0.6250721106547008,0.6250721106547008,ok,selection,65efe6073c9cdf9e,0.011468202816699025,DTLZ,True,0.11548588934842828,selection_tournament_02,0.6365403134713998,0.6365403134713998,ok,DTLZ2,3,DTLZ2_n7_m3
0.10663034610565707,0.6249266874793218,0.6249266874793218,ok,selection,65efe6073c9cdf9e,0.023790539748649753,DTLZ,True,0.10127750529211269,selection_tournament_02,0.6487172272279715,0.6487172272279715,ok,DTLZ2,4,DTLZ2_n7_m3
0.09759947361495175,0.6446454681864039,0.6446454681864039,ok,selection,65efe6073c9cdf9e,-0.024335561841180575,DTLZ,True,0.10876262418106333,selection_tournament_02,0.6203099063452233,0.6203099063452233,ok,DTLZ2,5,DTLZ2_n7_m3
0.09967027488122486,0.621168795018176,0.621168795018176,ok,selection,65efe6073c9cdf9e,0.030251888958310436,DTLZ,True,0.09447151243739943,selection_tournament_02,0.6514206839764864,0.6514206839764864,ok,DTLZ2,6,DTLZ2_n7_m3
0.09389926142653891,0.6457144066865537,0.6457144066865537,ok,selection,65efe6073c9cdf9e,-0.021898977450146018,DTLZ,True,0.10029626677247133,selection_tournament_02,0.6238154292364076,0.6238154292364076,ok,DTLZ2,7,DTLZ2_n7_m3
0.10282696015459289,0.633592923460817,0.633592923460817,ok,selection,65efe6073c9cdf9e,-0.013482730146972322,DTLZ,True,0.0988463812457929,selection_tournament_02,0.6201101933138446,0.6201101933138446,ok,DTLZ2,8,DTLZ2_n7_m3
0.10562174650981886,0.6344703472298199,0.6344703472298199,ok,selection,65efe6073c9cdf9e,0.00038912211202324354,DTLZ,True,0.10679533943542696,selection_tournament_02,0.6348594693418431,0.6348594693418431,ok,DTLZ2,9,DTLZ2_n7_m3
0.11325820448526999,0.6346675274426355,0.6346675274426355,ok,selection,1c7ac0441591e6ba,-0.016002046716690255,DTLZ,True,0.12417045884634843,selection_tournament_03,0.6186654807259453,0.6186654807259453,ok,DTLZ2,0,DTLZ2_n7_m3
0.1111256819609612,0.6282231862701699,0.6282231862701699,ok,selection,1c7ac0441591e6ba,-0.006058727833255229,DTLZ,True,0.11053675516598653,selection_tournament_03,0.6221644584369147,0.6221644584369147,ok,DTLZ2,1,DTLZ2_n7_m3
0.11020191904746093,0.6336763261166007,0.6336763261166007,ok,selection,1c7ac0441591e6ba,-0.029259191122461448,DTLZ,True,0.11186248180420053,selection_tournament_03,0.6044171349941393,0.6044171349941393,ok,DTLZ2,2,DTLZ2_n7_m3
0.114599488239013,0.6250721106547008,0.6250721106547008,ok,selection,1c7ac0441591e6ba,0.012760478215859128,DTLZ,True,0.10585446591160078,selection_tournament_03,0.6378325888705599,0.6378325888705599,ok,DTLZ2,3,DTLZ2_n7_m3
0.10663034610565707,0.6249266874793218,0.6249266874793218,ok,selection,1c7ac0441591e6ba,-0.025009288530942198,DTLZ,True,0.10786997269680282,selection_tournament_03,0.5999173989483796,0.5999173989483796,ok,DTLZ2,4,DTLZ2_n7_m3
0.09759947361495175,0.6446454681864039,0.6446454681864039,ok,selection,1c7ac0441591e6ba,-0.019807295676957937,DTLZ,True,0.09712834140942811,selection_tournament_03,0.624838172509446,0.624838172509446,ok,DTLZ2,5,DTLZ2_n7_m3
0.09967027488122486,0.621168795018176,0.621168795018176,ok,selection,1c7ac0441591e6ba,0.007673687125973716,DTLZ,True,0.11284884217414276,selection_tournament_03,0.6288424821441497,0.6288424821441497,ok,DTLZ2,6,DTLZ2_n7_m3
0.09389926142653891,0.6457144066865537,0.6457144066865537,ok,selection,1c7ac0441591e6ba,-0.03977137101148809,DTLZ,True,0.11026844732518223,selection_tournament_03,0.6059430356750656,0.6059430356750656,ok,DTLZ2,7,DTLZ2_n7_m3
0.10282696015459289,0.633592923460817,0.633592923460817,ok,selection,1c7ac0441591e6ba,-0.028821337071394115,DTLZ,True,0.10477071727695567,selection_tournament_03,0.6047715863894229,0.6047715863894229,ok,DTLZ2,8,DTLZ2_n7_m3
0.10562174650981886,0.6344703472298199,0.6344703472298199,ok,selection,1c7ac0441591e6ba,0.021201077295295967,DTLZ,True,0.10421407803724919,selection_tournament_03,0.6556714245251158,0.6556714245251158,ok,DTLZ2,9,DTLZ2_n7_m3
